matrix_id,tf_name,position,nucleotide,count,pwm_score
MA0265.3,ABF1,1,A,69.0,-0.6237
MA0265.3,ABF1,1,C,72.0,-0.563
MA0265.3,ABF1,1,G,10.0,-3.3159
MA0265.3,ABF1,1,T,276.0,1.3638
MA0265.3,ABF1,2,A,5.0,-4.2128
MA0265.3,ABF1,2,C,421.0,1.9716
MA0265.3,ABF1,2,G,1.0,-5.9009
MA0265.3,ABF1,2,T,0.0,-7.0708
MA0265.3,ABF1,3,A,4.0,-4.4858
MA0265.3,ABF1,3,C,0.0,-7.0708
MA0265.3,ABF1,3,G,418.0,1.9613
MA0265.3,ABF1,3,T,5.0,-4.2128
MA0265.3,ABF1,4,A,5.0,-4.2128
MA0265.3,ABF1,4,C,0.0,-7.0708
MA0265.3,ABF1,4,G,3.0,-4.8229
MA0265.3,ABF1,4,T,419.0,1.9647
MA0265.3,ABF1,5,A,188.0,0.8119
MA0265.3,ABF1,5,C,66.0,-0.6871
MA0265.3,ABF1,5,G,95.0,-0.1669
MA0265.3,ABF1,5,T,78.0,-0.4487
MA0265.3,ABF1,6,A,87.0,-0.2927
MA0265.3,ABF1,6,C,91.0,-0.2284
MA0265.3,ABF1,6,G,65.0,-0.7088
MA0265.3,ABF1,6,T,184.0,0.781
MA0265.3,ABF1,7,A,228.0,1.0891
MA0265.3,ABF1,7,C,38.0,-1.4709
MA0265.3,ABF1,7,G,72.0,-0.563
MA0265.3,ABF1,7,T,89.0,-0.2602
MA0265.3,ABF1,8,A,155.0,0.5347
MA0265.3,ABF1,8,C,48.0,-1.1401
MA0265.3,ABF1,8,G,64.0,-0.7309
MA0265.3,ABF1,8,T,160.0,0.5803
MA0265.3,ABF1,9,A,291.0,1.44
MA0265.3,ABF1,9,C,48.0,-1.1401
MA0265.3,ABF1,9,G,54.0,-0.9728
MA0265.3,ABF1,9,T,34.0,-1.6278
MA0265.3,ABF1,10,A,126.0,0.2375
MA0265.3,ABF1,10,C,1.0,-5.9009
MA0265.3,ABF1,10,G,297.0,1.4693
MA0265.3,ABF1,10,T,3.0,-4.8229
MA0265.3,ABF1,11,A,4.0,-4.4858
MA0265.3,ABF1,11,C,41.0,-1.3634
MA0265.3,ABF1,11,G,6.0,-3.9833
MA0265.3,ABF1,11,T,376.0,1.8088
MA0265.3,ABF1,12,A,1.0,-5.9009
MA0265.3,ABF1,12,C,2.0,-5.2634
MA0265.3,ABF1,12,G,420.0,1.9681
MA0265.3,ABF1,12,T,4.0,-4.4858
MA0265.3,ABF1,13,A,419.0,1.9647
MA0265.3,ABF1,13,C,3.0,-4.8229
MA0265.3,ABF1,13,G,1.0,-5.9009
MA0265.3,ABF1,13,T,4.0,-4.4858
MA0265.3,ABF1,14,A,3.0,-4.8229
MA0265.3,ABF1,14,C,169.0,0.6588
MA0265.3,ABF1,14,G,15.0,-2.767
MA0265.3,ABF1,14,T,240.0,1.1628
MA0266.2,ABF2,1,A,9.0,-1.3965
MA0266.2,ABF2,1,C,9.0,-1.3965
MA0266.2,ABF2,1,G,2.0,-3.2039
MA0266.2,ABF2,1,T,80.0,1.647
MA0266.2,ABF2,2,A,0.0,-5.0112
MA0266.2,ABF2,2,C,100.0,1.9661
MA0266.2,ABF2,2,G,0.0,-5.0112
MA0266.2,ABF2,2,T,0.0,-5.0112
MA0266.2,ABF2,3,A,0.0,-5.0112
MA0266.2,ABF2,3,C,0.0,-5.0112
MA0266.2,ABF2,3,G,0.0,-5.0112
MA0266.2,ABF2,3,T,100.0,1.9661
MA0266.2,ABF2,4,A,100.0,1.9661
MA0266.2,ABF2,4,C,0.0,-5.0112
MA0266.2,ABF2,4,G,0.0,-5.0112
MA0266.2,ABF2,4,T,0.0,-5.0112
MA0266.2,ABF2,5,A,0.0,-5.0112
MA0266.2,ABF2,5,C,0.0,-5.0112
MA0266.2,ABF2,5,G,100.0,1.9661
MA0266.2,ABF2,5,T,0.0,-5.0112
MA0266.2,ABF2,6,A,95.0,1.8787
MA0266.2,ABF2,6,C,2.0,-3.2178
MA0266.2,ABF2,6,G,2.0,-3.2178
MA0266.2,ABF2,6,T,2.0,-3.2178
MA2707.1,ACA1,1,A,1.0,-1.6881
MA2707.1,ACA1,1,C,5.0,0.0
MA2707.1,ACA1,1,G,0.0,-2.858
MA2707.1,ACA1,1,T,14.0,1.3515
MA2707.1,ACA1,2,A,1.0,-1.6881
MA2707.1,ACA1,2,C,2.0,-1.0506
MA2707.1,ACA1,2,G,10.0,0.8969
MA2707.1,ACA1,2,T,7.0,0.4274
MA2707.1,ACA1,3,A,20.0,1.8425
MA2707.1,ACA1,3,C,0.0,-2.858
MA2707.1,ACA1,3,G,0.0,-2.858
MA2707.1,ACA1,3,T,0.0,-2.858
MA2707.1,ACA1,4,A,0.0,-2.858
MA2707.1,ACA1,4,C,20.0,1.8425
MA2707.1,ACA1,4,G,0.0,-2.858
MA2707.1,ACA1,4,T,0.0,-2.858
MA2707.1,ACA1,5,A,0.0,-2.858
MA2707.1,ACA1,5,C,0.0,-2.858
MA2707.1,ACA1,5,G,20.0,1.8425
MA2707.1,ACA1,5,T,0.0,-2.858
MA2707.1,ACA1,6,A,0.0,-2.858
MA2707.1,ACA1,6,C,0.0,-2.858
MA2707.1,ACA1,6,G,0.0,-2.858
MA2707.1,ACA1,6,T,20.0,1.8425
MA2707.1,ACA1,7,A,0.0,-2.858
MA2707.1,ACA1,7,C,20.0,1.8425
MA2707.1,ACA1,7,G,0.0,-2.858
MA2707.1,ACA1,7,T,0.0,-2.858
MA2707.1,ACA1,8,A,19.0,1.7714
MA2707.1,ACA1,8,C,0.0,-2.858
MA2707.1,ACA1,8,G,0.0,-2.858
MA2707.1,ACA1,8,T,1.0,-1.6881
MA0267.2,ACE2,1,A,1.0,-3.8413
MA0267.2,ACE2,1,C,92.0,1.8468
MA0267.2,ACE2,1,G,6.0,-1.9238
MA0267.2,ACE2,1,T,1.0,-3.8413
MA0267.2,ACE2,2,A,0.0,-5.0112
MA0267.2,ACE2,2,C,100.0,1.9661
MA0267.2,ACE2,2,G,0.0,-5.0112
MA0267.2,ACE2,2,T,0.0,-5.0112
MA0267.2,ACE2,3,A,90.0,1.8153
MA0267.2,ACE2,3,C,10.0,-1.2563
MA0267.2,ACE2,3,G,0.0,-5.0112
MA0267.2,ACE2,3,T,0.0,-5.0112
MA0267.2,ACE2,4,A,0.0,-5.0112
MA0267.2,ACE2,4,C,0.0,-5.0112
MA0267.2,ACE2,4,G,100.0,1.9661
MA0267.2,ACE2,4,T,0.0,-5.0112
MA0267.2,ACE2,5,A,0.0,-5.0112
MA0267.2,ACE2,5,C,100.0,1.9661
MA0267.2,ACE2,5,G,0.0,-5.0112
MA0267.2,ACE2,5,T,0.0,-5.0112
MA0268.2,ADR1,1,A,0.0,-5.0112
MA0268.2,ADR1,1,C,100.0,1.9661
MA0268.2,ADR1,1,G,0.0,-5.0112
MA0268.2,ADR1,1,T,0.0,-5.0112
MA0268.2,ADR1,2,A,0.0,-5.0112
MA0268.2,ADR1,2,C,85.0,1.7336
MA0268.2,ADR1,2,G,0.0,-5.0112
MA0268.2,ADR1,2,T,15.0,-0.7074
MA0268.2,ADR1,3,A,0.0,-5.0112
MA0268.2,ADR1,3,C,100.0,1.9661
MA0268.2,ADR1,3,G,0.0,-5.0112
MA0268.2,ADR1,3,T,0.0,-5.0112
MA0268.2,ADR1,4,A,0.0,-5.0112
MA0268.2,ADR1,4,C,100.0,1.9661
MA0268.2,ADR1,4,G,0.0,-5.0112
MA0268.2,ADR1,4,T,0.0,-5.0112
MA0268.2,ADR1,5,A,64.0,1.3286
MA0268.2,ADR1,5,C,6.0,-1.9238
MA0268.2,ADR1,5,G,20.0,-0.3108
MA0268.2,ADR1,5,T,10.0,-1.2563
MA0268.2,ADR1,6,A,34.0,0.4317
MA0268.2,ADR1,6,C,51.0,1.0056
MA0268.2,ADR1,6,G,6.0,-1.9238
MA0268.2,ADR1,6,T,9.0,-1.3965
MA0269.2,AFT1,1,A,136.0,-0.8701
MA0269.2,AFT1,1,C,78.0,-1.6659
MA0269.2,AFT1,1,G,142.0,-0.8082
MA0269.2,AFT1,1,T,641.0,1.3599
MA0269.2,AFT1,2,A,716.0,1.5179
MA0269.2,AFT1,2,C,25.0,-3.2782
MA0269.2,AFT1,2,G,31.0,-2.9766
MA0269.2,AFT1,2,T,226.0,-0.1422
MA0269.2,AFT1,3,A,145.0,-0.7811
MA0269.2,AFT1,3,C,31.0,-2.978
MA0269.2,AFT1,3,G,288.0,0.205
MA0269.2,AFT1,3,T,535.0,1.0966
MA0269.2,AFT1,4,A,34.0,-2.8465
MA0269.2,AFT1,4,C,47.0,-2.3886
MA0269.2,AFT1,4,G,39.0,-2.6528
MA0269.2,AFT1,4,T,878.0,1.8119
MA0269.2,AFT1,5,A,160.0,-0.6384
MA0269.2,AFT1,5,C,10.0,-4.5346
MA0269.2,AFT1,5,G,812.0,1.6992
MA0269.2,AFT1,5,T,16.0,-3.8971
MA0269.2,AFT1,6,A,10.0,-4.5331
MA0269.2,AFT1,6,C,966.0,1.951
MA0269.2,AFT1,6,G,11.0,-4.4054
MA0269.2,AFT1,6,T,10.0,-4.5331
MA0269.2,AFT1,7,A,961.0,1.9406
MA0269.2,AFT1,7,C,9.0,-4.6762
MA0269.2,AFT1,7,G,15.0,-3.9871
MA0269.2,AFT1,7,T,14.0,-4.0814
MA0269.2,AFT1,8,A,8.0,-4.8315
MA0269.2,AFT1,8,C,972.0,1.957
MA0269.2,AFT1,8,G,9.0,-4.6762
MA0269.2,AFT1,8,T,10.0,-4.536
MA0269.2,AFT1,9,A,25.0,-3.2782
MA0269.2,AFT1,9,C,955.0,1.9331
MA0269.2,AFT1,9,G,2.0,-6.4821
MA0269.2,AFT1,9,T,16.0,-3.8971
MA0269.2,AFT1,10,A,19.0,-3.6586
MA0269.2,AFT1,10,C,740.0,1.5669
MA0269.2,AFT1,10,G,13.0,-4.1795
MA0269.2,AFT1,10,T,225.0,-0.1472
MA0270.2,AFT2,1,A,70.0,1.4564
MA0270.2,AFT2,1,C,0.0,-5.0112
MA0270.2,AFT2,1,G,30.0,0.2556
MA0270.2,AFT2,1,T,0.0,-5.0112
MA0270.2,AFT2,2,A,0.0,-5.0112
MA0270.2,AFT2,2,C,100.0,1.9661
MA0270.2,AFT2,2,G,0.0,-5.0112
MA0270.2,AFT2,2,T,0.0,-5.0112
MA0270.2,AFT2,3,A,100.0,1.9661
MA0270.2,AFT2,3,C,0.0,-5.0112
MA0270.2,AFT2,3,G,0.0,-5.0112
MA0270.2,AFT2,3,T,0.0,-5.0112
MA0270.2,AFT2,4,A,0.0,-5.0112
MA0270.2,AFT2,4,C,100.0,1.9661
MA0270.2,AFT2,4,G,0.0,-5.0112
MA0270.2,AFT2,4,T,0.0,-5.0112
MA0270.2,AFT2,5,A,0.0,-5.0112
MA0270.2,AFT2,5,C,100.0,1.9661
MA0270.2,AFT2,5,G,0.0,-5.0112
MA0270.2,AFT2,5,T,0.0,-5.0112
MA0270.2,AFT2,6,A,0.0,-5.0112
MA0270.2,AFT2,6,C,100.0,1.9661
MA0270.2,AFT2,6,G,0.0,-5.0112
MA0270.2,AFT2,6,T,0.0,-5.0112
MA0271.1,ARG80,1,A,89.0,1.1559
MA0271.1,ARG80,1,C,0.0,-5.6546
MA0271.1,ARG80,1,G,0.0,-5.6546
MA0271.1,ARG80,1,T,69.0,0.7924
MA0271.1,ARG80,2,A,0.0,-6.5708
MA0271.1,ARG80,2,C,0.0,-6.5708
MA0271.1,ARG80,2,G,301.0,1.9886
MA0271.1,ARG80,2,T,0.0,-6.5708
MA0271.1,ARG80,3,A,161.0,1.9788
MA0271.1,ARG80,3,C,0.0,-5.6812
MA0271.1,ARG80,3,G,0.0,-5.6812
MA0271.1,ARG80,3,T,0.0,-5.6812
MA0271.1,ARG80,4,A,0.0,-6.5708
MA0271.1,ARG80,4,C,301.0,1.9886
MA0271.1,ARG80,4,G,0.0,-6.5708
MA0271.1,ARG80,4,T,0.0,-6.5708
MA0271.1,ARG80,5,A,44.0,-0.1234
MA0271.1,ARG80,5,C,0.0,-5.9307
MA0271.1,ARG80,5,G,79.0,0.7095
MA0271.1,ARG80,5,T,69.0,0.5163
MA0271.1,ARG80,6,A,0.0,-6.4471
MA0271.1,ARG80,6,C,256.0,1.8793
MA0271.1,ARG80,6,G,0.0,-6.4471
MA0271.1,ARG80,6,T,20.0,-1.7466
MA0272.2,ARG81,1,A,6.0,-2.6199
MA0272.2,ARG81,1,C,0.0,-5.7074
MA0272.2,ARG81,1,G,4.0,-3.1224
MA0272.2,ARG81,1,T,154.0,1.8888
MA0272.2,ARG81,2,A,20.0,-1.656
MA0272.2,ARG81,2,C,0.0,-6.3565
MA0272.2,ARG81,2,G,239.0,1.8712
MA0272.2,ARG81,2,T,0.0,-6.3565
MA0272.2,ARG81,3,A,169.0,1.9798
MA0272.2,ARG81,3,C,0.0,-5.7499
MA0272.2,ARG81,3,G,0.0,-5.7499
MA0272.2,ARG81,3,T,0.0,-5.7499
MA0272.2,ARG81,4,A,0.0,-6.4263
MA0272.2,ARG81,4,C,271.0,1.9821
MA0272.2,ARG81,4,G,0.0,-6.4263
MA0272.2,ARG81,4,T,1.0,-5.2563
MA0272.2,ARG81,5,A,1.0,-4.546
MA0272.2,ARG81,5,C,0.0,-5.716
MA0272.2,ARG81,5,G,0.0,-5.716
MA0272.2,ARG81,5,T,164.0,1.9705
MA0272.2,ARG81,6,A,0.0,-6.4625
MA0272.2,ARG81,6,C,279.0,1.9877
MA0272.2,ARG81,6,G,0.0,-6.4625
MA0272.2,ARG81,6,T,0.0,-6.4625
MA0272.2,ARG81,7,A,59.0,0.3383
MA0272.2,ARG81,7,C,59.0,0.3383
MA0272.2,ARG81,7,G,4.0,-3.3007
MA0272.2,ARG81,7,T,64.0,0.4542
MA0273.2,ARO80,1,A,40.0,-2.6185
MA0273.2,ARO80,1,C,744.0,1.5718
MA0273.2,ARO80,1,G,30.0,-3.0241
MA0273.2,ARO80,1,T,185.0,-0.4313
MA0273.2,ARO80,2,A,5.0,-5.43
MA0273.2,ARO80,2,C,231.0,-0.1093
MA0273.2,ARO80,2,G,8.0,-4.8286
MA0273.2,ARO80,2,T,753.0,1.592
MA0273.2,ARO80,3,A,5.0,-5.4315
MA0273.2,ARO80,3,C,987.0,1.9806
MA0273.2,ARO80,3,G,1.0,-7.1195
MA0273.2,ARO80,3,T,5.0,-5.4315
MA0273.2,ARO80,4,A,1.0,-7.121
MA0273.2,ARO80,4,C,22.0,-3.458
MA0273.2,ARO80,4,G,975.0,1.9615
MA0273.2,ARO80,4,T,1.0,-7.121
MA0273.2,ARO80,5,A,1.0,-7.1195
MA0273.2,ARO80,5,C,5.0,-5.4315
MA0273.2,ARO80,5,G,990.0,1.9849
MA0273.2,ARO80,5,T,2.0,-6.4821
MA0273.2,ARO80,6,A,15.0,-3.9857
MA0273.2,ARO80,6,C,359.0,0.5235
MA0273.2,ARO80,6,G,295.0,0.241
MA0273.2,ARO80,6,T,329.0,0.3979
MA0273.2,ARO80,7,A,670.0,1.4222
MA0273.2,ARO80,7,C,4.0,-5.7045
MA0273.2,ARO80,7,G,6.0,-5.202
MA0273.2,ARO80,7,T,318.0,0.349
MA0273.2,ARO80,8,A,690.0,1.4632
MA0273.2,ARO80,8,C,68.0,-1.8646
MA0273.2,ARO80,8,G,60.0,-2.043
MA0273.2,ARO80,8,T,181.0,-0.4627
MA0274.1,ARR1,1,A,160.0,1.9786
MA0274.1,ARR1,1,C,0.0,-5.6724
MA0274.1,ARR1,1,G,0.0,-5.6724
MA0274.1,ARR1,1,T,0.0,-5.6724
MA0274.1,ARR1,2,A,24.0,-1.0416
MA0274.1,ARR1,2,C,75.0,0.5703
MA0274.1,ARR1,2,G,29.0,-0.7766
MA0274.1,ARR1,2,T,73.0,0.5317
MA0274.1,ARR1,3,A,30.0,-0.6265
MA0274.1,ARR1,3,C,70.0,0.5743
MA0274.1,ARR1,3,G,0.0,-5.8933
MA0274.1,ARR1,3,T,87.0,0.8848
MA0274.1,ARR1,4,A,0.0,-5.6812
MA0274.1,ARR1,4,C,0.0,-5.6812
MA0274.1,ARR1,4,G,0.0,-5.6812
MA0274.1,ARR1,4,T,161.0,1.9788
MA0274.1,ARR1,5,A,73.0,0.3156
MA0274.1,ARR1,5,C,0.0,-6.2119
MA0274.1,ARR1,5,G,161.0,1.4481
MA0274.1,ARR1,5,T,0.0,-6.2119
MA0274.1,ARR1,6,A,129.0,1.4872
MA0274.1,ARR1,6,C,41.0,-0.1475
MA0274.1,ARR1,6,G,12.0,-1.8549
MA0274.1,ARR1,6,T,0.0,-5.8549
MA0274.1,ARR1,7,A,137.0,1.6785
MA0274.1,ARR1,7,C,0.0,-5.7499
MA0274.1,ARR1,7,G,29.0,-0.5307
MA0274.1,ARR1,7,T,3.0,-3.5019
MA0274.1,ARR1,8,A,11.0,-1.8247
MA0274.1,ARR1,8,C,0.0,-5.7074
MA0274.1,ARR1,8,G,24.0,-0.7532
MA0274.1,ARR1,8,T,129.0,1.6347
MA0275.1,ASG1,1,A,0.0,-5.0112
MA0275.1,ASG1,1,C,76.0,1.5737
MA0275.1,ASG1,1,G,0.0,-5.0112
MA0275.1,ASG1,1,T,24.0,-0.057
MA0275.1,ASG1,2,A,0.0,-5.0112
MA0275.1,ASG1,2,C,100.0,1.9661
MA0275.1,ASG1,2,G,0.0,-5.0112
MA0275.1,ASG1,2,T,0.0,-5.0112
MA0275.1,ASG1,3,A,0.0,-5.0112
MA0275.1,ASG1,3,C,0.0,-5.0112
MA0275.1,ASG1,3,G,100.0,1.9661
MA0275.1,ASG1,3,T,0.0,-5.0112
MA0275.1,ASG1,4,A,0.0,-5.0112
MA0275.1,ASG1,4,C,0.0,-5.0112
MA0275.1,ASG1,4,G,100.0,1.9661
MA0275.1,ASG1,4,T,0.0,-5.0112
MA0275.1,ASG1,5,A,72.0,1.5106
MA0275.1,ASG1,5,C,11.0,-1.1145
MA0275.1,ASG1,5,G,16.0,-0.6049
MA0275.1,ASG1,5,T,0.0,-4.9972
MA0275.1,ASG1,6,A,53.0,1.0602
MA0275.1,ASG1,6,C,0.0,-5.0112
MA0275.1,ASG1,6,G,0.0,-5.0112
MA0275.1,ASG1,6,T,47.0,0.8896
MA0276.1,ASH1,1,A,0.0,-6.3783
MA0276.1,ASH1,1,C,220.0,1.7302
MA0276.1,ASH1,1,G,8.0,-2.9189
MA0276.1,ASH1,1,T,35.0,-0.8945
MA0276.1,ASH1,2,A,0.0,-6.5372
MA0276.1,ASH1,2,C,291.0,1.9735
MA0276.1,ASH1,2,G,0.0,-6.5372
MA0276.1,ASH1,2,T,3.0,-4.2893
MA0276.1,ASH1,3,A,61.0,0.1154
MA0276.1,ASH1,3,C,21.0,-1.3879
MA0276.1,ASH1,3,G,133.0,1.2298
MA0276.1,ASH1,3,T,10.0,-2.4012
MA0276.1,ASH1,4,A,58.0,0.0436
MA0276.1,ASH1,4,C,54.0,-0.0581
MA0276.1,ASH1,4,G,101.0,0.8354
MA0276.1,ASH1,4,T,12.0,-2.1561
MA0276.1,ASH1,5,A,130.0,1.4828
MA0276.1,ASH1,5,C,0.0,-5.8704
MA0276.1,ASH1,5,G,54.0,0.2277
MA0276.1,ASH1,5,T,0.0,-5.8704
MA0276.1,ASH1,6,A,0.0,-5.7245
MA0276.1,ASH1,6,C,11.0,-1.8419
MA0276.1,ASH1,6,G,8.0,-2.2651
MA0276.1,ASH1,6,T,147.0,1.8049
MA0276.1,ASH1,7,A,33.0,-0.7615
MA0276.1,ASH1,7,C,150.0,1.396
MA0276.1,ASH1,7,G,8.0,-2.703
MA0276.1,ASH1,7,T,35.0,-0.6786
MA0276.1,ASH1,8,A,80.0,0.6838
MA0276.1,ASH1,8,C,0.0,-5.9744
MA0276.1,ASH1,8,G,92.0,0.8836
MA0276.1,ASH1,8,T,26.0,-0.9083
MA0276.1,ASH1,9,A,0.0,-6.4471
MA0276.1,ASH1,9,C,8.0,-2.9877
MA0276.1,ASH1,9,G,249.0,1.8395
MA0276.1,ASH1,9,T,19.0,-1.8177
MA0276.1,ASH1,10,A,0.0,-6.4367
MA0276.1,ASH1,10,C,0.0,-6.4367
MA0276.1,ASH1,10,G,256.0,1.8897
MA0276.1,ASH1,10,T,18.0,-1.8821
MA0277.1,AZF1,1,A,63.0,1.2785
MA0277.1,AZF1,1,C,13.0,-0.9304
MA0277.1,AZF1,1,G,13.0,-0.9304
MA0277.1,AZF1,1,T,13.0,-0.9304
MA0277.1,AZF1,2,A,100.0,1.9661
MA0277.1,AZF1,2,C,0.0,-5.0112
MA0277.1,AZF1,2,G,0.0,-5.0112
MA0277.1,AZF1,2,T,0.0,-5.0112
MA0277.1,AZF1,3,A,100.0,1.9661
MA0277.1,AZF1,3,C,0.0,-5.0112
MA0277.1,AZF1,3,G,0.0,-5.0112
MA0277.1,AZF1,3,T,0.0,-5.0112
MA0277.1,AZF1,4,A,88.0,1.7693
MA0277.1,AZF1,4,C,13.0,-0.9166
MA0277.1,AZF1,4,G,0.0,-5.0251
MA0277.1,AZF1,4,T,0.0,-5.0251
MA0277.1,AZF1,5,A,75.0,1.5548
MA0277.1,AZF1,5,C,0.0,-5.0112
MA0277.1,AZF1,5,G,25.0,0.0
MA0277.1,AZF1,5,T,0.0,-5.0112
MA0277.1,AZF1,6,A,0.0,-5.0112
MA0277.1,AZF1,6,C,0.0,-5.0112
MA0277.1,AZF1,6,G,100.0,1.9661
MA0277.1,AZF1,6,T,0.0,-5.0112
MA0277.1,AZF1,7,A,78.0,1.6108
MA0277.1,AZF1,7,C,16.0,-0.6189
MA0277.1,AZF1,7,G,3.0,-2.7633
MA0277.1,AZF1,7,T,3.0,-2.7633
MA0277.1,AZF1,8,A,81.0,1.6788
MA0277.1,AZF1,8,C,6.0,-1.9097
MA0277.1,AZF1,8,G,6.0,-1.9097
MA0277.1,AZF1,8,T,6.0,-1.9097
MA0277.1,AZF1,9,A,63.0,1.2785
MA0277.1,AZF1,9,C,13.0,-0.9304
MA0277.1,AZF1,9,G,13.0,-0.9304
MA0277.1,AZF1,9,T,13.0,-0.9304
MA0278.2,BAS1,1,A,455.0,0.8647
MA0278.2,BAS1,1,C,51.0,-2.2726
MA0278.2,BAS1,1,G,370.0,0.567
MA0278.2,BAS1,1,T,122.0,-1.0273
MA0278.2,BAS1,2,A,248.0,-0.0087
MA0278.2,BAS1,2,C,34.0,-2.8465
MA0278.2,BAS1,2,G,670.0,1.4222
MA0278.2,BAS1,2,T,46.0,-2.4191
MA0278.2,BAS1,3,A,98.0,-1.3411
MA0278.2,BAS1,3,C,724.0,1.5339
MA0278.2,BAS1,3,G,143.0,-0.7996
MA0278.2,BAS1,3,T,33.0,-2.8886
MA0278.2,BAS1,4,A,52.0,-2.2436
MA0278.2,BAS1,4,C,918.0,1.8775
MA0278.2,BAS1,4,G,7.0,-5.0026
MA0278.2,BAS1,4,T,20.0,-3.5876
MA0278.2,BAS1,5,A,348.0,0.4787
MA0278.2,BAS1,5,C,346.0,0.4704
MA0278.2,BAS1,5,G,280.0,0.1659
MA0278.2,BAS1,5,T,24.0,-3.3352
MA0278.2,BAS1,6,A,12.0,-4.2894
MA0278.2,BAS1,6,C,3.0,-6.0415
MA0278.2,BAS1,6,G,977.0,1.9659
MA0278.2,BAS1,6,T,6.0,-5.202
MA0278.2,BAS1,7,A,966.0,1.9496
MA0278.2,BAS1,7,C,5.0,-5.4315
MA0278.2,BAS1,7,G,23.0,-3.3946
MA0278.2,BAS1,7,T,4.0,-5.7045
MA0278.2,BAS1,8,A,26.0,-3.2234
MA0278.2,BAS1,8,C,6.0,-5.202
MA0278.2,BAS1,8,G,962.0,1.9436
MA0278.2,BAS1,8,T,4.0,-5.7045
MA0278.2,BAS1,9,A,9.0,-4.6747
MA0278.2,BAS1,9,C,10.0,-4.5346
MA0278.2,BAS1,9,G,4.0,-5.7045
MA0278.2,BAS1,9,T,975.0,1.9629
MA0278.2,BAS1,10,A,47.0,-2.39
MA0278.2,BAS1,10,C,930.0,1.8934
MA0278.2,BAS1,10,G,7.0,-5.0055
MA0278.2,BAS1,10,T,15.0,-3.9871
MA0278.2,BAS1,11,A,892.0,1.8332
MA0278.2,BAS1,11,C,42.0,-2.5494
MA0278.2,BAS1,11,G,16.0,-3.8986
MA0278.2,BAS1,11,T,49.0,-2.3309
MA0278.2,BAS1,12,A,487.0,0.9626
MA0278.2,BAS1,12,C,123.0,-1.0156
MA0278.2,BAS1,12,G,320.0,0.358
MA0278.2,BAS1,12,T,68.0,-1.8632
MA0279.3,CAD1,1,A,12.0,-0.817
MA0279.3,CAD1,1,C,14.0,-0.6075
MA0279.3,CAD1,1,G,11.0,-0.9343
MA0279.3,CAD1,1,T,50.0,1.1717
MA0279.3,CAD1,2,A,5.0,-1.959
MA0279.3,CAD1,2,C,5.0,-1.959
MA0279.3,CAD1,2,G,68.0,1.6093
MA0279.3,CAD1,2,T,9.0,-1.2023
MA0279.3,CAD1,3,A,26.0,0.2491
MA0279.3,CAD1,3,C,58.0,1.3827
MA0279.3,CAD1,3,G,3.0,-2.5691
MA0279.3,CAD1,3,T,0.0,-4.817
MA0279.3,CAD1,4,A,1.0,-3.6471
MA0279.3,CAD1,4,C,1.0,-3.6471
MA0279.3,CAD1,4,G,0.0,-4.817
MA0279.3,CAD1,4,T,85.0,1.9279
MA0279.3,CAD1,5,A,1.0,-3.6471
MA0279.3,CAD1,5,C,0.0,-4.817
MA0279.3,CAD1,5,G,18.0,-0.2624
MA0279.3,CAD1,5,T,68.0,1.6093
MA0279.3,CAD1,6,A,85.0,1.9279
MA0279.3,CAD1,6,C,0.0,-4.817
MA0279.3,CAD1,6,G,1.0,-3.6471
MA0279.3,CAD1,6,T,1.0,-3.6471
MA0279.3,CAD1,7,A,6.0,-1.7295
MA0279.3,CAD1,7,C,64.0,1.5229
MA0279.3,CAD1,7,G,11.0,-0.9343
MA0279.3,CAD1,7,T,6.0,-1.7295
MA0279.3,CAD1,8,A,10.0,-1.0621
MA0279.3,CAD1,8,C,0.0,-4.817
MA0279.3,CAD1,8,G,3.0,-2.5691
MA0279.3,CAD1,8,T,74.0,1.7299
MA0279.3,CAD1,9,A,82.0,1.8765
MA0279.3,CAD1,9,C,3.0,-2.5691
MA0279.3,CAD1,9,G,0.0,-4.817
MA0279.3,CAD1,9,T,2.0,-3.0096
MA0279.3,CAD1,10,A,85.0,1.9279
MA0279.3,CAD1,10,C,0.0,-4.817
MA0279.3,CAD1,10,G,1.0,-3.6471
MA0279.3,CAD1,10,T,1.0,-3.6471
MA0279.3,CAD1,11,A,5.0,-1.959
MA0279.3,CAD1,11,C,1.0,-3.6471
MA0279.3,CAD1,11,G,14.0,-0.6075
MA0279.3,CAD1,11,T,67.0,1.5882
MA0280.2,CAT8,1,A,0.0,-5.0112
MA0280.2,CAT8,1,C,100.0,1.9661
MA0280.2,CAT8,1,G,0.0,-5.0112
MA0280.2,CAT8,1,T,0.0,-5.0112
MA0280.2,CAT8,2,A,0.0,-5.0112
MA0280.2,CAT8,2,C,100.0,1.9661
MA0280.2,CAT8,2,G,0.0,-5.0112
MA0280.2,CAT8,2,T,0.0,-5.0112
MA0280.2,CAT8,3,A,0.0,-5.0112
MA0280.2,CAT8,3,C,0.0,-5.0112
MA0280.2,CAT8,3,G,100.0,1.9661
MA0280.2,CAT8,3,T,0.0,-5.0112
MA0280.2,CAT8,4,A,0.0,-5.0112
MA0280.2,CAT8,4,C,0.0,-5.0112
MA0280.2,CAT8,4,G,100.0,1.9661
MA0280.2,CAT8,4,T,0.0,-5.0112
MA0280.2,CAT8,5,A,66.0,1.3725
MA0280.2,CAT8,5,C,13.0,-0.9027
MA0280.2,CAT8,5,G,21.0,-0.243
MA0280.2,CAT8,5,T,0.0,-5.0112
MA0281.3,CBF1,1,A,137.0,1.0885
MA0281.3,CBF1,1,C,14.0,-2.1304
MA0281.3,CBF1,1,G,73.0,0.1876
MA0281.3,CBF1,1,T,32.0,-0.9823
MA0281.3,CBF1,2,A,12.0,-2.3399
MA0281.3,CBF1,2,C,20.0,-1.6394
MA0281.3,CBF1,2,G,55.0,-0.2157
MA0281.3,CBF1,2,T,169.0,1.3898
MA0281.3,CBF1,3,A,1.0,-5.1699
MA0281.3,CBF1,3,C,254.0,1.9753
MA0281.3,CBF1,3,G,1.0,-5.1699
MA0281.3,CBF1,3,T,0.0,-6.3399
MA0281.3,CBF1,4,A,253.0,1.9696
MA0281.3,CBF1,4,C,0.0,-6.3399
MA0281.3,CBF1,4,G,2.0,-4.5325
MA0281.3,CBF1,4,T,1.0,-5.1699
MA0281.3,CBF1,5,A,1.0,-5.1699
MA0281.3,CBF1,5,C,243.0,1.9116
MA0281.3,CBF1,5,G,2.0,-4.5325
MA0281.3,CBF1,5,T,10.0,-2.585
MA0281.3,CBF1,6,A,7.0,-3.0544
MA0281.3,CBF1,6,C,0.0,-6.3399
MA0281.3,CBF1,6,G,249.0,1.9467
MA0281.3,CBF1,6,T,0.0,-6.3399
MA0281.3,CBF1,7,A,0.0,-6.3399
MA0281.3,CBF1,7,C,0.0,-6.3399
MA0281.3,CBF1,7,G,0.0,-6.3399
MA0281.3,CBF1,7,T,256.0,1.9866
MA0281.3,CBF1,8,A,0.0,-6.3399
MA0281.3,CBF1,8,C,1.0,-5.1699
MA0281.3,CBF1,8,G,255.0,1.981
MA0281.3,CBF1,8,T,0.0,-6.3399
MA0281.3,CBF1,9,A,215.0,1.7356
MA0281.3,CBF1,9,C,24.0,-1.3857
MA0281.3,CBF1,9,G,11.0,-2.4572
MA0281.3,CBF1,9,T,6.0,-3.2524
MA0281.3,CBF1,10,A,17.0,-1.8641
MA0281.3,CBF1,10,C,146.0,1.1798
MA0281.3,CBF1,10,G,9.0,-2.7251
MA0281.3,CBF1,10,T,84.0,0.3881
MA0282.2,CEP3,1,A,4.0,-2.4263
MA0282.2,CEP3,1,C,56.0,1.1385
MA0282.2,CEP3,1,G,4.0,-2.4263
MA0282.2,CEP3,1,T,36.0,0.5123
MA0282.2,CEP3,2,A,0.0,-5.0112
MA0282.2,CEP3,2,C,0.0,-5.0112
MA0282.2,CEP3,2,G,0.0,-5.0112
MA0282.2,CEP3,2,T,100.0,1.9661
MA0282.2,CEP3,3,A,0.0,-5.0112
MA0282.2,CEP3,3,C,100.0,1.9661
MA0282.2,CEP3,3,G,0.0,-5.0112
MA0282.2,CEP3,3,T,0.0,-5.0112
MA0282.2,CEP3,4,A,0.0,-5.0112
MA0282.2,CEP3,4,C,0.0,-5.0112
MA0282.2,CEP3,4,G,100.0,1.9661
MA0282.2,CEP3,4,T,0.0,-5.0112
MA0282.2,CEP3,5,A,0.0,-5.0112
MA0282.2,CEP3,5,C,0.0,-5.0112
MA0282.2,CEP3,5,G,100.0,1.9661
MA0282.2,CEP3,5,T,0.0,-5.0112
MA0282.2,CEP3,6,A,91.0,1.8311
MA0282.2,CEP3,6,C,1.0,-3.8413
MA0282.2,CEP3,6,G,1.0,-3.8413
MA0282.2,CEP3,6,T,7.0,-1.7258
MA0282.2,CEP3,7,A,92.0,1.8328
MA0282.2,CEP3,7,C,3.0,-2.7772
MA0282.2,CEP3,7,G,3.0,-2.7772
MA0282.2,CEP3,7,T,3.0,-2.7772
MA0283.1,CHA4,1,A,22.0,-0.1783
MA0283.1,CHA4,1,C,5.0,-2.1532
MA0283.1,CHA4,1,G,68.0,1.415
MA0283.1,CHA4,1,T,5.0,-2.1532
MA0283.1,CHA4,2,A,0.0,-5.0112
MA0283.1,CHA4,2,C,0.0,-5.0112
MA0283.1,CHA4,2,G,100.0,1.9661
MA0283.1,CHA4,2,T,0.0,-5.0112
MA0283.1,CHA4,3,A,0.0,-5.0112
MA0283.1,CHA4,3,C,100.0,1.9661
MA0283.1,CHA4,3,G,0.0,-5.0112
MA0283.1,CHA4,3,T,0.0,-5.0112
MA0283.1,CHA4,4,A,0.0,-5.0112
MA0283.1,CHA4,4,C,0.0,-5.0112
MA0283.1,CHA4,4,G,100.0,1.9661
MA0283.1,CHA4,4,T,0.0,-5.0112
MA0283.1,CHA4,5,A,0.0,-5.0112
MA0283.1,CHA4,5,C,0.0,-5.0112
MA0283.1,CHA4,5,G,100.0,1.9661
MA0283.1,CHA4,5,T,0.0,-5.0112
MA0283.1,CHA4,6,A,71.0,1.4907
MA0283.1,CHA4,6,C,0.0,-4.9972
MA0283.1,CHA4,6,G,28.0,0.1727
MA0283.1,CHA4,6,T,0.0,-4.9972
MA0283.1,CHA4,7,A,22.0,-0.1783
MA0283.1,CHA4,7,C,1.0,-3.8413
MA0283.1,CHA4,7,G,76.0,1.5737
MA0283.1,CHA4,7,T,1.0,-3.8413
MA0283.1,CHA4,8,A,48.0,0.9336
MA0283.1,CHA4,8,C,10.0,-1.2423
MA0283.1,CHA4,8,G,10.0,-1.2423
MA0283.1,CHA4,8,T,31.0,0.3157
MA0284.3,CIN5,1,A,240.0,1.4679
MA0284.3,CIN5,1,C,46.0,-0.8953
MA0284.3,CIN5,1,G,25.0,-1.7545
MA0284.3,CIN5,1,T,34.0,-1.3228
MA0284.3,CIN5,2,A,3.0,-4.5178
MA0284.3,CIN5,2,C,5.0,-3.9077
MA0284.3,CIN5,2,G,5.0,-3.9077
MA0284.3,CIN5,2,T,332.0,1.9347
MA0284.3,CIN5,3,A,3.0,-4.5178
MA0284.3,CIN5,3,C,2.0,-4.9583
MA0284.3,CIN5,3,G,13.0,-2.6572
MA0284.3,CIN5,3,T,327.0,1.9129
MA0284.3,CIN5,4,A,334.0,1.9434
MA0284.3,CIN5,4,C,1.0,-5.5958
MA0284.3,CIN5,4,G,3.0,-4.5178
MA0284.3,CIN5,4,T,7.0,-3.4803
MA0284.3,CIN5,5,A,4.0,-4.1807
MA0284.3,CIN5,5,C,273.0,1.6532
MA0284.3,CIN5,5,G,10.0,-3.0108
MA0284.3,CIN5,5,T,58.0,-0.566
MA0284.3,CIN5,6,A,223.0,1.3623
MA0284.3,CIN5,6,C,17.0,-2.29
MA0284.3,CIN5,6,G,88.0,0.0287
MA0284.3,CIN5,6,T,17.0,-2.29
MA0284.3,CIN5,7,A,1.0,-5.5958
MA0284.3,CIN5,7,C,1.0,-5.5958
MA0284.3,CIN5,7,G,1.0,-5.5958
MA0284.3,CIN5,7,T,342.0,1.9775
MA0284.3,CIN5,8,A,321.0,1.8862
MA0284.3,CIN5,8,C,19.0,-2.1363
MA0284.3,CIN5,8,G,3.0,-4.5178
MA0284.3,CIN5,8,T,2.0,-4.9583
MA0284.3,CIN5,9,A,329.0,1.9217
MA0284.3,CIN5,9,C,3.0,-4.5178
MA0284.3,CIN5,9,G,1.0,-5.5958
MA0284.3,CIN5,9,T,12.0,-2.7657
MA0284.3,CIN5,10,A,25.0,-1.7545
MA0284.3,CIN5,10,C,18.0,-2.2111
MA0284.3,CIN5,10,G,58.0,-0.566
MA0284.3,CIN5,10,T,244.0,1.4917
MA0285.2,CRZ1,1,A,63.0,1.2923
MA0285.2,CRZ1,1,C,36.0,0.4984
MA0285.2,CRZ1,1,G,1.0,-3.8552
MA0285.2,CRZ1,1,T,1.0,-3.8552
MA0285.2,CRZ1,2,A,0.0,-5.0112
MA0285.2,CRZ1,2,C,0.0,-5.0112
MA0285.2,CRZ1,2,G,100.0,1.9661
MA0285.2,CRZ1,2,T,0.0,-5.0112
MA0285.2,CRZ1,3,A,0.0,-5.0112
MA0285.2,CRZ1,3,C,100.0,1.9661
MA0285.2,CRZ1,3,G,0.0,-5.0112
MA0285.2,CRZ1,3,T,0.0,-5.0112
MA0285.2,CRZ1,4,A,0.0,-4.9972
MA0285.2,CRZ1,4,C,99.0,1.9657
MA0285.2,CRZ1,4,G,0.0,-4.9972
MA0285.2,CRZ1,4,T,0.0,-4.9972
MA0285.2,CRZ1,5,A,42.0,0.7302
MA0285.2,CRZ1,5,C,30.0,0.2556
MA0285.2,CRZ1,5,G,7.0,-1.7258
MA0285.2,CRZ1,5,T,21.0,-0.243
MA0285.2,CRZ1,6,A,7.0,-1.7118
MA0285.2,CRZ1,6,C,76.0,1.5878
MA0285.2,CRZ1,6,G,8.0,-1.5377
MA0285.2,CRZ1,6,T,8.0,-1.5377
MA0286.2,CST6,1,A,1.0,-3.8273
MA0286.2,CST6,1,C,1.0,-3.8273
MA0286.2,CST6,1,G,1.0,-3.8273
MA0286.2,CST6,1,T,96.0,1.9217
MA0286.2,CST6,2,A,1.0,-3.8413
MA0286.2,CST6,2,C,1.0,-3.8413
MA0286.2,CST6,2,G,91.0,1.8311
MA0286.2,CST6,2,T,7.0,-1.7258
MA0286.2,CST6,3,A,100.0,1.9661
MA0286.2,CST6,3,C,0.0,-5.0112
MA0286.2,CST6,3,G,0.0,-5.0112
MA0286.2,CST6,3,T,0.0,-5.0112
MA0286.2,CST6,4,A,0.0,-5.0112
MA0286.2,CST6,4,C,100.0,1.9661
MA0286.2,CST6,4,G,0.0,-5.0112
MA0286.2,CST6,4,T,0.0,-5.0112
MA0286.2,CST6,5,A,5.0,-2.1532
MA0286.2,CST6,5,C,0.0,-5.0112
MA0286.2,CST6,5,G,95.0,1.8927
MA0286.2,CST6,5,T,0.0,-5.0112
MA0286.2,CST6,6,A,0.0,-5.0112
MA0286.2,CST6,6,C,0.0,-5.0112
MA0286.2,CST6,6,G,0.0,-5.0112
MA0286.2,CST6,6,T,100.0,1.9661
MA0287.1,CUP2,1,A,0.0,-1.9307
MA0287.1,CUP2,1,C,7.0,1.3547
MA0287.1,CUP2,1,G,0.0,-1.9307
MA0287.1,CUP2,1,T,2.0,-0.1234
MA0287.1,CUP2,2,A,9.0,1.684
MA0287.1,CUP2,2,C,0.0,-1.9307
MA0287.1,CUP2,2,G,0.0,-1.9307
MA0287.1,CUP2,2,T,0.0,-1.9307
MA0287.1,CUP2,3,A,0.0,-1.9307
MA0287.1,CUP2,3,C,0.0,-1.9307
MA0287.1,CUP2,3,G,9.0,1.684
MA0287.1,CUP2,3,T,0.0,-1.9307
MA0287.1,CUP2,4,A,2.0,-0.1234
MA0287.1,CUP2,4,C,7.0,1.3547
MA0287.1,CUP2,4,G,0.0,-1.9307
MA0287.1,CUP2,4,T,0.0,-1.9307
MA0287.1,CUP2,5,A,6.0,1.1567
MA0287.1,CUP2,5,C,0.0,-1.9307
MA0287.1,CUP2,5,G,3.0,0.3172
MA0287.1,CUP2,5,T,0.0,-1.9307
MA0287.1,CUP2,6,A,4.0,0.6542
MA0287.1,CUP2,6,C,1.0,-0.7608
MA0287.1,CUP2,6,G,4.0,0.6542
MA0287.1,CUP2,6,T,0.0,-1.9307
MA0287.1,CUP2,7,A,9.0,1.684
MA0287.1,CUP2,7,C,0.0,-1.9307
MA0287.1,CUP2,7,G,0.0,-1.9307
MA0287.1,CUP2,7,T,0.0,-1.9307
MA0287.1,CUP2,8,A,9.0,1.684
MA0287.1,CUP2,8,C,0.0,-1.9307
MA0287.1,CUP2,8,G,0.0,-1.9307
MA0287.1,CUP2,8,T,0.0,-1.9307
MA0287.1,CUP2,9,A,7.0,1.3547
MA0287.1,CUP2,9,C,0.0,-1.9307
MA0287.1,CUP2,9,G,2.0,-0.1234
MA0287.1,CUP2,9,T,0.0,-1.9307
MA0287.1,CUP2,10,A,4.0,0.6542
MA0287.1,CUP2,10,C,0.0,-1.9307
MA0287.1,CUP2,10,G,0.0,-1.9307
MA0287.1,CUP2,10,T,5.0,0.9272
MA0287.1,CUP2,11,A,2.0,-0.1234
MA0287.1,CUP2,11,C,0.0,-1.9307
MA0287.1,CUP2,11,G,7.0,1.3547
MA0287.1,CUP2,11,T,0.0,-1.9307
MA0288.1,CUP9,1,A,7.0,-1.7118
MA0288.1,CUP9,1,C,10.0,-1.2423
MA0288.1,CUP9,1,G,3.0,-2.7493
MA0288.1,CUP9,1,T,79.0,1.6431
MA0288.1,CUP9,2,A,0.0,-5.0112
MA0288.1,CUP9,2,C,0.0,-5.0112
MA0288.1,CUP9,2,G,100.0,1.9661
MA0288.1,CUP9,2,T,0.0,-5.0112
MA0288.1,CUP9,3,A,84.0,1.7167
MA0288.1,CUP9,3,C,0.0,-5.0112
MA0288.1,CUP9,3,G,9.0,-1.3965
MA0288.1,CUP9,3,T,7.0,-1.7258
MA0288.1,CUP9,4,A,1.0,-3.8413
MA0288.1,CUP9,4,C,99.0,1.9517
MA0288.1,CUP9,4,G,0.0,-5.0112
MA0288.1,CUP9,4,T,0.0,-5.0112
MA0288.1,CUP9,5,A,91.0,1.8311
MA0288.1,CUP9,5,C,0.0,-5.0112
MA0288.1,CUP9,5,G,9.0,-1.3965
MA0288.1,CUP9,5,T,0.0,-5.0112
MA0288.1,CUP9,6,A,0.0,-5.0112
MA0288.1,CUP9,6,C,64.0,1.3286
MA0288.1,CUP9,6,G,9.0,-1.3965
MA0288.1,CUP9,6,T,27.0,0.1077
MA0288.1,CUP9,7,A,75.0,1.5548
MA0288.1,CUP9,7,C,15.0,-0.7074
MA0288.1,CUP9,7,G,0.0,-5.0112
MA0288.1,CUP9,7,T,10.0,-1.2563
MA0288.1,CUP9,8,A,40.0,0.6612
MA0288.1,CUP9,8,C,0.0,-5.0112
MA0288.1,CUP9,8,G,0.0,-5.0112
MA0288.1,CUP9,8,T,60.0,1.2367
MA0288.1,CUP9,9,A,39.0,0.6254
MA0288.1,CUP9,9,C,13.0,-0.9027
MA0288.1,CUP9,9,G,3.0,-2.7633
MA0288.1,CUP9,9,T,45.0,0.828
MA0289.1,DAL80,1,A,11.0,-1.1425
MA0289.1,DAL80,1,C,67.0,1.38
MA0289.1,DAL80,1,G,6.0,-1.9377
MA0289.1,DAL80,1,T,17.0,-0.5494
MA0289.1,DAL80,2,A,0.0,-5.0112
MA0289.1,DAL80,2,C,0.0,-5.0112
MA0289.1,DAL80,2,G,100.0,1.9661
MA0289.1,DAL80,2,T,0.0,-5.0112
MA0289.1,DAL80,3,A,100.0,1.9661
MA0289.1,DAL80,3,C,0.0,-5.0112
MA0289.1,DAL80,3,G,0.0,-5.0112
MA0289.1,DAL80,3,T,0.0,-5.0112
MA0289.1,DAL80,4,A,0.0,-5.0112
MA0289.1,DAL80,4,C,0.0,-5.0112
MA0289.1,DAL80,4,G,0.0,-5.0112
MA0289.1,DAL80,4,T,100.0,1.9661
MA0289.1,DAL80,5,A,100.0,1.9661
MA0289.1,DAL80,5,C,0.0,-5.0112
MA0289.1,DAL80,5,G,0.0,-5.0112
MA0289.1,DAL80,5,T,0.0,-5.0112
MA0289.1,DAL80,6,A,90.0,1.8294
MA0289.1,DAL80,6,C,1.0,-3.8273
MA0289.1,DAL80,6,G,1.0,-3.8273
MA0289.1,DAL80,6,T,7.0,-1.7118
MA0289.1,DAL80,7,A,3.0,-2.7633
MA0289.1,DAL80,7,C,19.0,-0.3819
MA0289.1,DAL80,7,G,75.0,1.5548
MA0289.1,DAL80,7,T,3.0,-2.7633
MA0290.1,DAL81,1,A,203.0,1.9831
MA0290.1,DAL81,1,C,0.0,-6.0098
MA0290.1,DAL81,1,G,0.0,-6.0098
MA0290.1,DAL81,1,T,0.0,-6.0098
MA0290.1,DAL81,2,A,203.0,1.9831
MA0290.1,DAL81,2,C,0.0,-6.0098
MA0290.1,DAL81,2,G,0.0,-6.0098
MA0290.1,DAL81,2,T,0.0,-6.0098
MA0290.1,DAL81,3,A,203.0,1.9831
MA0290.1,DAL81,3,C,0.0,-6.0098
MA0290.1,DAL81,3,G,0.0,-6.0098
MA0290.1,DAL81,3,T,0.0,-6.0098
MA0290.1,DAL81,4,A,203.0,1.9831
MA0290.1,DAL81,4,C,0.0,-6.0098
MA0290.1,DAL81,4,G,0.0,-6.0098
MA0290.1,DAL81,4,T,0.0,-6.0098
MA0290.1,DAL81,5,A,0.0,-6.0098
MA0290.1,DAL81,5,C,0.0,-6.0098
MA0290.1,DAL81,5,G,203.0,1.9831
MA0290.1,DAL81,5,T,0.0,-6.0098
MA0290.1,DAL81,6,A,0.0,-6.0098
MA0290.1,DAL81,6,C,203.0,1.9831
MA0290.1,DAL81,6,G,0.0,-6.0098
MA0290.1,DAL81,6,T,0.0,-6.0098
MA0290.1,DAL81,7,A,0.0,-6.0098
MA0290.1,DAL81,7,C,203.0,1.9831
MA0290.1,DAL81,7,G,0.0,-6.0098
MA0290.1,DAL81,7,T,0.0,-6.0098
MA0290.1,DAL81,8,A,0.0,-6.0098
MA0290.1,DAL81,8,C,0.0,-6.0098
MA0290.1,DAL81,8,G,203.0,1.9831
MA0290.1,DAL81,8,T,0.0,-6.0098
MA0290.1,DAL81,9,A,0.0,-6.0098
MA0290.1,DAL81,9,C,203.0,1.9831
MA0290.1,DAL81,9,G,0.0,-6.0098
MA0290.1,DAL81,9,T,0.0,-6.0098
MA0290.1,DAL81,10,A,0.0,-6.0098
MA0290.1,DAL81,10,C,0.0,-6.0098
MA0290.1,DAL81,10,G,203.0,1.9831
MA0290.1,DAL81,10,T,0.0,-6.0098
MA0290.1,DAL81,11,A,0.0,-6.0098
MA0290.1,DAL81,11,C,0.0,-6.0098
MA0290.1,DAL81,11,G,203.0,1.9831
MA0290.1,DAL81,11,T,0.0,-6.0098
MA0290.1,DAL81,12,A,0.0,-6.0098
MA0290.1,DAL81,12,C,0.0,-6.0098
MA0290.1,DAL81,12,G,203.0,1.9831
MA0290.1,DAL81,12,T,0.0,-6.0098
MA0290.1,DAL81,13,A,0.0,-6.0098
MA0290.1,DAL81,13,C,203.0,1.9831
MA0290.1,DAL81,13,G,0.0,-6.0098
MA0290.1,DAL81,13,T,0.0,-6.0098
MA0290.1,DAL81,14,A,0.0,-6.0098
MA0290.1,DAL81,14,C,0.0,-6.0098
MA0290.1,DAL81,14,G,203.0,1.9831
MA0290.1,DAL81,14,T,0.0,-6.0098
MA0290.1,DAL81,15,A,0.0,-6.0098
MA0290.1,DAL81,15,C,0.0,-6.0098
MA0290.1,DAL81,15,G,203.0,1.9831
MA0290.1,DAL81,15,T,0.0,-6.0098
MA0290.1,DAL81,16,A,0.0,-6.0098
MA0290.1,DAL81,16,C,0.0,-6.0098
MA0290.1,DAL81,16,G,203.0,1.9831
MA0290.1,DAL81,16,T,0.0,-6.0098
MA0290.1,DAL81,17,A,203.0,1.9831
MA0290.1,DAL81,17,C,0.0,-6.0098
MA0290.1,DAL81,17,G,0.0,-6.0098
MA0290.1,DAL81,17,T,0.0,-6.0098
MA0290.1,DAL81,18,A,0.0,-6.0098
MA0290.1,DAL81,18,C,0.0,-6.0098
MA0290.1,DAL81,18,G,0.0,-6.0098
MA0290.1,DAL81,18,T,203.0,1.9831
MA0290.1,DAL81,19,A,0.0,-6.0098
MA0290.1,DAL81,19,C,0.0,-6.0098
MA0290.1,DAL81,19,G,0.0,-6.0098
MA0290.1,DAL81,19,T,203.0,1.9831
MA0291.1,DAL82,1,A,56.0,1.1668
MA0291.1,DAL82,1,C,14.0,-0.7735
MA0291.1,DAL82,1,G,14.0,-0.7735
MA0291.1,DAL82,1,T,14.0,-0.7735
MA0291.1,DAL82,2,A,53.0,1.0463
MA0291.1,DAL82,2,C,11.0,-1.1425
MA0291.1,DAL82,2,G,5.0,-2.1672
MA0291.1,DAL82,2,T,32.0,0.3324
MA0291.1,DAL82,3,A,39.0,0.6254
MA0291.1,DAL82,3,C,3.0,-2.7633
MA0291.1,DAL82,3,G,3.0,-2.7633
MA0291.1,DAL82,3,T,55.0,1.1129
MA0291.1,DAL82,4,A,26.0,0.0549
MA0291.1,DAL82,4,C,11.0,-1.1286
MA0291.1,DAL82,4,G,42.0,0.7302
MA0291.1,DAL82,4,T,21.0,-0.243
MA0291.1,DAL82,5,A,0.0,-5.0112
MA0291.1,DAL82,5,C,26.0,0.0549
MA0291.1,DAL82,5,G,0.0,-5.0112
MA0291.1,DAL82,5,T,74.0,1.5357
MA0291.1,DAL82,6,A,0.0,-5.0112
MA0291.1,DAL82,6,C,0.0,-5.0112
MA0291.1,DAL82,6,G,100.0,1.9661
MA0291.1,DAL82,6,T,0.0,-5.0112
MA0291.1,DAL82,7,A,0.0,-5.0112
MA0291.1,DAL82,7,C,100.0,1.9661
MA0291.1,DAL82,7,G,0.0,-5.0112
MA0291.1,DAL82,7,T,0.0,-5.0112
MA0291.1,DAL82,8,A,0.0,-5.0112
MA0291.1,DAL82,8,C,0.0,-5.0112
MA0291.1,DAL82,8,G,100.0,1.9661
MA0291.1,DAL82,8,T,0.0,-5.0112
MA0291.1,DAL82,9,A,11.0,-1.1425
MA0291.1,DAL82,9,C,68.0,1.4011
MA0291.1,DAL82,9,G,11.0,-1.1425
MA0291.1,DAL82,9,T,11.0,-1.1425
MA0351.2,DOT6,1,A,516.0,1.0459
MA0351.2,DOT6,1,C,59.0,-2.0654
MA0351.2,DOT6,1,G,138.0,-0.8507
MA0351.2,DOT6,1,T,285.0,0.1913
MA0351.2,DOT6,2,A,79.0,-1.6492
MA0351.2,DOT6,2,C,420.0,0.7495
MA0351.2,DOT6,2,G,392.0,0.6501
MA0351.2,DOT6,2,T,107.0,-1.2153
MA0351.2,DOT6,3,A,29.0,-3.0717
MA0351.2,DOT6,3,C,770.0,1.6213
MA0351.2,DOT6,3,G,197.0,-0.3411
MA0351.2,DOT6,3,T,3.0,-6.043
MA0351.2,DOT6,4,A,6.0,-5.2034
MA0351.2,DOT6,4,C,52.0,-2.2465
MA0351.2,DOT6,4,G,83.0,-1.5801
MA0351.2,DOT6,4,T,858.0,1.7772
MA0351.2,DOT6,5,A,1.0,-7.1181
MA0351.2,DOT6,5,C,990.0,1.9864
MA0351.2,DOT6,5,G,4.0,-5.703
MA0351.2,DOT6,5,T,2.0,-6.4806
MA0351.2,DOT6,6,A,972.0,1.9585
MA0351.2,DOT6,6,C,0.0,-8.2894
MA0351.2,DOT6,6,G,1.0,-7.1195
MA0351.2,DOT6,6,T,25.0,-3.2782
MA0351.2,DOT6,7,A,1.0,-7.1181
MA0351.2,DOT6,7,C,0.0,-8.288
MA0351.2,DOT6,7,G,27.0,-3.1691
MA0351.2,DOT6,7,T,969.0,1.9555
MA0351.2,DOT6,8,A,0.0,-8.288
MA0351.2,DOT6,8,C,968.0,1.954
MA0351.2,DOT6,8,G,1.0,-7.1181
MA0351.2,DOT6,8,T,28.0,-3.1181
MA0351.2,DOT6,9,A,36.0,-2.7673
MA0351.2,DOT6,9,C,9.0,-4.6762
MA0351.2,DOT6,9,G,876.0,1.8071
MA0351.2,DOT6,9,T,78.0,-1.6688
MA0351.2,DOT6,10,A,223.0,-0.16
MA0351.2,DOT6,10,C,575.0,1.2034
MA0351.2,DOT6,10,G,177.0,-0.492
MA0351.2,DOT6,10,T,22.0,-3.4551
MA0292.2,ECM22,1,A,14.0,-0.7877
MA0292.2,ECM22,1,C,7.0,-1.7118
MA0292.2,ECM22,1,G,7.0,-1.7118
MA0292.2,ECM22,1,T,71.0,1.4907
MA0292.2,ECM22,2,A,0.0,-5.0112
MA0292.2,ECM22,2,C,100.0,1.9661
MA0292.2,ECM22,2,G,0.0,-5.0112
MA0292.2,ECM22,2,T,0.0,-5.0112
MA0292.2,ECM22,3,A,0.0,-5.0112
MA0292.2,ECM22,3,C,100.0,1.9661
MA0292.2,ECM22,3,G,0.0,-5.0112
MA0292.2,ECM22,3,T,0.0,-5.0112
MA0292.2,ECM22,4,A,0.0,-5.0112
MA0292.2,ECM22,4,C,14.0,-0.8018
MA0292.2,ECM22,4,G,86.0,1.7503
MA0292.2,ECM22,4,T,0.0,-5.0112
MA0292.2,ECM22,5,A,0.0,-5.0112
MA0292.2,ECM22,5,C,0.0,-5.0112
MA0292.2,ECM22,5,G,86.0,1.7503
MA0292.2,ECM22,5,T,14.0,-0.8018
MA0292.2,ECM22,6,A,93.0,1.8622
MA0292.2,ECM22,6,C,0.0,-5.0112
MA0292.2,ECM22,6,G,7.0,-1.7258
MA0292.2,ECM22,6,T,0.0,-5.0112
MA0293.2,ECM23,1,A,72.0,1.4966
MA0293.2,ECM23,1,C,11.0,-1.1286
MA0293.2,ECM23,1,G,10.0,-1.2563
MA0293.2,ECM23,1,T,7.0,-1.7258
MA0293.2,ECM23,2,A,10.0,-1.2563
MA0293.2,ECM23,2,C,2.0,-3.2039
MA0293.2,ECM23,2,G,86.0,1.7503
MA0293.2,ECM23,2,T,2.0,-3.2039
MA0293.2,ECM23,3,A,100.0,1.9661
MA0293.2,ECM23,3,C,0.0,-5.0112
MA0293.2,ECM23,3,G,0.0,-5.0112
MA0293.2,ECM23,3,T,0.0,-5.0112
MA0293.2,ECM23,4,A,3.0,-2.7633
MA0293.2,ECM23,4,C,0.0,-5.0112
MA0293.2,ECM23,4,G,0.0,-5.0112
MA0293.2,ECM23,4,T,97.0,1.9225
MA0293.2,ECM23,5,A,1.0,-3.8552
MA0293.2,ECM23,5,C,90.0,1.8014
MA0293.2,ECM23,5,G,3.0,-2.7772
MA0293.2,ECM23,5,T,7.0,-1.7397
MA0294.2,EDS1,1,A,0.0,-5.0112
MA0294.2,EDS1,1,C,0.0,-5.0112
MA0294.2,EDS1,1,G,100.0,1.9661
MA0294.2,EDS1,1,T,0.0,-5.0112
MA0294.2,EDS1,2,A,0.0,-5.0112
MA0294.2,EDS1,2,C,0.0,-5.0112
MA0294.2,EDS1,2,G,100.0,1.9661
MA0294.2,EDS1,2,T,0.0,-5.0112
MA0294.2,EDS1,3,A,100.0,1.9661
MA0294.2,EDS1,3,C,0.0,-5.0112
MA0294.2,EDS1,3,G,0.0,-5.0112
MA0294.2,EDS1,3,T,0.0,-5.0112
MA0294.2,EDS1,4,A,76.0,1.5737
MA0294.2,EDS1,4,C,0.0,-5.0112
MA0294.2,EDS1,4,G,0.0,-5.0112
MA0294.2,EDS1,4,T,24.0,-0.057
MA0294.2,EDS1,5,A,48.0,0.9056
MA0294.2,EDS1,5,C,24.0,-0.0709
MA0294.2,EDS1,5,G,10.0,-1.2703
MA0294.2,EDS1,5,T,19.0,-0.3958
MA0294.2,EDS1,6,A,100.0,1.9661
MA0294.2,EDS1,6,C,0.0,-5.0112
MA0294.2,EDS1,6,G,0.0,-5.0112
MA0294.2,EDS1,6,T,0.0,-5.0112
MA0294.2,EDS1,7,A,82.0,1.6963
MA0294.2,EDS1,7,C,1.0,-3.8273
MA0294.2,EDS1,7,G,1.0,-3.8273
MA0294.2,EDS1,7,T,15.0,-0.6934
MA0420.2,ERT1,1,A,6.0,-1.9238
MA0420.2,ERT1,1,C,47.0,0.8896
MA0420.2,ERT1,1,G,6.0,-1.9238
MA0420.2,ERT1,1,T,41.0,0.6961
MA0420.2,ERT1,2,A,0.0,-5.0112
MA0420.2,ERT1,2,C,100.0,1.9661
MA0420.2,ERT1,2,G,0.0,-5.0112
MA0420.2,ERT1,2,T,0.0,-5.0112
MA0420.2,ERT1,3,A,0.0,-5.0112
MA0420.2,ERT1,3,C,0.0,-5.0112
MA0420.2,ERT1,3,G,100.0,1.9661
MA0420.2,ERT1,3,T,0.0,-5.0112
MA0420.2,ERT1,4,A,0.0,-5.0112
MA0420.2,ERT1,4,C,0.0,-5.0112
MA0420.2,ERT1,4,G,100.0,1.9661
MA0420.2,ERT1,4,T,0.0,-5.0112
MA0420.2,ERT1,5,A,100.0,1.9661
MA0420.2,ERT1,5,C,0.0,-5.0112
MA0420.2,ERT1,5,G,0.0,-5.0112
MA0420.2,ERT1,5,T,0.0,-5.0112
MA0420.2,ERT1,6,A,100.0,1.9661
MA0420.2,ERT1,6,C,0.0,-5.0112
MA0420.2,ERT1,6,G,0.0,-5.0112
MA0420.2,ERT1,6,T,0.0,-5.0112
MA0420.2,ERT1,7,A,4.0,-2.4122
MA0420.2,ERT1,7,C,63.0,1.3202
MA0420.2,ERT1,7,G,4.0,-2.4122
MA0420.2,ERT1,7,T,28.0,0.1727
MA0295.2,FHL1,1,A,0.0,-5.0112
MA0295.2,FHL1,1,C,10.0,-1.2563
MA0295.2,FHL1,1,G,90.0,1.8153
MA0295.2,FHL1,1,T,0.0,-5.0112
MA0295.2,FHL1,2,A,100.0,1.9661
MA0295.2,FHL1,2,C,0.0,-5.0112
MA0295.2,FHL1,2,G,0.0,-5.0112
MA0295.2,FHL1,2,T,0.0,-5.0112
MA0295.2,FHL1,3,A,0.0,-5.0112
MA0295.2,FHL1,3,C,100.0,1.9661
MA0295.2,FHL1,3,G,0.0,-5.0112
MA0295.2,FHL1,3,T,0.0,-5.0112
MA0295.2,FHL1,4,A,0.0,-5.0112
MA0295.2,FHL1,4,C,0.0,-5.0112
MA0295.2,FHL1,4,G,100.0,1.9661
MA0295.2,FHL1,4,T,0.0,-5.0112
MA0295.2,FHL1,5,A,0.0,-5.0112
MA0295.2,FHL1,5,C,100.0,1.9661
MA0295.2,FHL1,5,G,0.0,-5.0112
MA0295.2,FHL1,5,T,0.0,-5.0112
MA0295.2,FHL1,6,A,90.0,1.8153
MA0295.2,FHL1,6,C,0.0,-5.0112
MA0295.2,FHL1,6,G,0.0,-5.0112
MA0295.2,FHL1,6,T,10.0,-1.2563
MA0296.2,FKH1,1,A,520.0,1.0556
MA0296.2,FKH1,1,C,84.0,-1.563
MA0296.2,FKH1,1,G,98.0,-1.3425
MA0296.2,FKH1,1,T,297.0,0.2492
MA0296.2,FKH1,2,A,526.0,1.0736
MA0296.2,FKH1,2,C,76.0,-1.7045
MA0296.2,FKH1,2,G,129.0,-0.9474
MA0296.2,FKH1,2,T,267.0,0.0975
MA0296.2,FKH1,3,A,365.0,0.546
MA0296.2,FKH1,3,C,73.0,-1.7634
MA0296.2,FKH1,3,G,150.0,-0.7325
MA0296.2,FKH1,3,T,411.0,0.7168
MA0296.2,FKH1,4,A,119.0,-1.063
MA0296.2,FKH1,4,C,146.0,-0.7698
MA0296.2,FKH1,4,G,133.0,-0.9036
MA0296.2,FKH1,4,T,600.0,1.2632
MA0296.2,FKH1,5,A,146.0,-0.7698
MA0296.2,FKH1,5,C,4.0,-5.7045
MA0296.2,FKH1,5,G,847.0,1.7601
MA0296.2,FKH1,5,T,1.0,-7.1195
MA0296.2,FKH1,6,A,7.0,-5.0026
MA0296.2,FKH1,6,C,3.0,-6.0401
MA0296.2,FKH1,6,G,0.0,-8.288
MA0296.2,FKH1,6,T,987.0,1.982
MA0296.2,FKH1,7,A,959.0,1.9405
MA0296.2,FKH1,7,C,37.0,-2.7258
MA0296.2,FKH1,7,G,0.0,-8.288
MA0296.2,FKH1,7,T,1.0,-7.1181
MA0296.2,FKH1,8,A,977.0,1.9659
MA0296.2,FKH1,8,C,11.0,-4.4068
MA0296.2,FKH1,8,G,1.0,-7.1195
MA0296.2,FKH1,8,T,9.0,-4.6747
MA0296.2,FKH1,9,A,990.0,1.9849
MA0296.2,FKH1,9,C,1.0,-7.1195
MA0296.2,FKH1,9,G,2.0,-6.4821
MA0296.2,FKH1,9,T,5.0,-5.4315
MA0296.2,FKH1,10,A,1.0,-7.1195
MA0296.2,FKH1,10,C,925.0,1.887
MA0296.2,FKH1,10,G,1.0,-7.1195
MA0296.2,FKH1,10,T,71.0,-1.8016
MA0296.2,FKH1,11,A,990.0,1.9849
MA0296.2,FKH1,11,C,1.0,-7.1195
MA0296.2,FKH1,11,G,3.0,-6.0415
MA0296.2,FKH1,11,T,4.0,-5.7045
MA0296.2,FKH1,12,A,874.0,1.8053
MA0296.2,FKH1,12,C,39.0,-2.6528
MA0296.2,FKH1,12,G,16.0,-3.8971
MA0296.2,FKH1,12,T,69.0,-1.8424
MA0296.2,FKH1,13,A,671.0,1.4244
MA0296.2,FKH1,13,C,49.0,-2.3294
MA0296.2,FKH1,13,G,70.0,-1.8218
MA0296.2,FKH1,13,T,208.0,-0.2615
MA0297.1,FKH2,1,A,13.0,-0.9166
MA0297.1,FKH2,1,C,0.0,-5.0251
MA0297.1,FKH2,1,G,88.0,1.7693
MA0297.1,FKH2,1,T,0.0,-5.0251
MA0297.1,FKH2,2,A,0.0,-5.0112
MA0297.1,FKH2,2,C,0.0,-5.0112
MA0297.1,FKH2,2,G,0.0,-5.0112
MA0297.1,FKH2,2,T,100.0,1.9661
MA0297.1,FKH2,3,A,100.0,1.9661
MA0297.1,FKH2,3,C,0.0,-5.0112
MA0297.1,FKH2,3,G,0.0,-5.0112
MA0297.1,FKH2,3,T,0.0,-5.0112
MA0297.1,FKH2,4,A,100.0,1.9661
MA0297.1,FKH2,4,C,0.0,-5.0112
MA0297.1,FKH2,4,G,0.0,-5.0112
MA0297.1,FKH2,4,T,0.0,-5.0112
MA0297.1,FKH2,5,A,100.0,1.9661
MA0297.1,FKH2,5,C,0.0,-5.0112
MA0297.1,FKH2,5,G,0.0,-5.0112
MA0297.1,FKH2,5,T,0.0,-5.0112
MA0297.1,FKH2,6,A,0.0,-5.0112
MA0297.1,FKH2,6,C,100.0,1.9661
MA0297.1,FKH2,6,G,0.0,-5.0112
MA0297.1,FKH2,6,T,0.0,-5.0112
MA0297.1,FKH2,7,A,100.0,1.9661
MA0297.1,FKH2,7,C,0.0,-5.0112
MA0297.1,FKH2,7,G,0.0,-5.0112
MA0297.1,FKH2,7,T,0.0,-5.0112
MA2701.1,FZF1,1,A,2.0,-4.0475
MA2701.1,FZF1,1,C,178.0,1.9493
MA2701.1,FZF1,1,G,2.0,-4.0475
MA2701.1,FZF1,1,T,0.0,-5.8549
MA2701.1,FZF1,2,A,0.0,-5.8549
MA2701.1,FZF1,2,C,2.0,-4.0475
MA2701.1,FZF1,2,G,4.0,-3.2699
MA2701.1,FZF1,2,T,176.0,1.933
MA2701.1,FZF1,3,A,174.0,1.9166
MA2701.1,FZF1,3,C,7.0,-2.5695
MA2701.1,FZF1,3,G,1.0,-4.6849
MA2701.1,FZF1,3,T,0.0,-5.8549
MA2701.1,FZF1,4,A,3.0,-3.6069
MA2701.1,FZF1,4,C,1.0,-4.6849
MA2701.1,FZF1,4,G,1.0,-4.6849
MA2701.1,FZF1,4,T,177.0,1.9412
MA2701.1,FZF1,5,A,4.0,-3.2699
MA2701.1,FZF1,5,C,176.0,1.933
MA2701.1,FZF1,5,G,1.0,-4.6849
MA2701.1,FZF1,5,T,1.0,-4.6849
MA2701.1,FZF1,6,A,162.0,1.814
MA2701.1,FZF1,6,C,4.0,-3.2699
MA2701.1,FZF1,6,G,5.0,-2.9969
MA2701.1,FZF1,6,T,11.0,-1.9722
MA2701.1,FZF1,7,A,96.0,1.064
MA2701.1,FZF1,7,C,28.0,-0.6849
MA2701.1,FZF1,7,G,16.0,-1.4626
MA2701.1,FZF1,7,T,42.0,-0.1134
MA0299.1,GAL4,1,A,0.0,-9.7639
MA0299.1,GAL4,1,C,2779.0,1.9988
MA0299.1,GAL4,1,G,0.0,-9.7639
MA0299.1,GAL4,1,T,0.0,-9.7639
MA0299.1,GAL4,2,A,0.0,-9.7639
MA0299.1,GAL4,2,C,0.0,-9.7639
MA0299.1,GAL4,2,G,2779.0,1.9988
MA0299.1,GAL4,2,T,0.0,-9.7639
MA0299.1,GAL4,3,A,0.0,-9.7789
MA0299.1,GAL4,3,C,438.0,-0.6796
MA0299.1,GAL4,3,G,2273.0,1.6939
MA0299.1,GAL4,3,T,97.0,-2.8452
MA0299.1,GAL4,4,A,778.0,0.0163
MA0299.1,GAL4,4,C,655.0,-0.2317
MA0299.1,GAL4,4,G,927.0,0.2689
MA0299.1,GAL4,4,T,717.0,-0.1014
MA0299.1,GAL4,5,A,292.0,-1.3955
MA0299.1,GAL4,5,C,1137.0,0.5628
MA0299.1,GAL4,5,G,1151.0,0.5804
MA0299.1,GAL4,5,T,498.0,-0.627
MA0299.1,GAL4,6,A,1019.0,0.3393
MA0299.1,GAL4,6,C,810.0,0.0085
MA0299.1,GAL4,6,G,1002.0,0.3151
MA0299.1,GAL4,6,T,390.0,-1.0444
MA0299.1,GAL4,7,A,2339.0,1.6519
MA0299.1,GAL4,7,C,0.0,-9.8622
MA0299.1,GAL4,7,G,538.0,-0.4666
MA0299.1,GAL4,7,T,98.0,-2.9138
MA0299.1,GAL4,8,A,567.0,-0.3377
MA0299.1,GAL4,8,C,1296.0,0.8538
MA0299.1,GAL4,8,G,810.0,0.1763
MA0299.1,GAL4,8,T,194.0,-1.8811
MA0299.1,GAL4,9,A,1913.0,1.3572
MA0299.1,GAL4,9,C,335.0,-1.1536
MA0299.1,GAL4,9,G,0.0,-9.867
MA0299.1,GAL4,9,T,737.0,-0.018
MA0299.1,GAL4,10,A,659.0,-0.279
MA0299.1,GAL4,10,C,592.0,-0.4334
MA0299.1,GAL4,10,G,1744.0,1.124
MA0299.1,GAL4,10,T,204.0,-1.9668
MA0299.1,GAL4,11,A,96.0,-3.0225
MA0299.1,GAL4,11,C,767.0,-0.0348
MA0299.1,GAL4,11,G,494.0,-0.6687
MA0299.1,GAL4,11,T,1786.0,1.1838
MA0299.1,GAL4,12,A,1170.0,0.5498
MA0299.1,GAL4,12,C,517.0,-0.6272
MA0299.1,GAL4,12,G,1105.0,0.4674
MA0299.1,GAL4,12,T,404.0,-0.9824
MA0299.1,GAL4,13,A,0.0,-9.8694
MA0299.1,GAL4,13,C,1437.0,0.9422
MA0299.1,GAL4,13,G,729.0,-0.0361
MA0299.1,GAL4,13,T,824.0,0.1404
MA0299.1,GAL4,14,A,235.0,-1.6933
MA0299.1,GAL4,14,C,392.0,-0.957
MA0299.1,GAL4,14,G,419.0,-0.8611
MA0299.1,GAL4,14,T,2001.0,1.3924
MA0299.1,GAL4,15,A,0.0,-9.7639
MA0299.1,GAL4,15,C,2779.0,1.9988
MA0299.1,GAL4,15,G,0.0,-9.7639
MA0299.1,GAL4,15,T,0.0,-9.7639
MA0300.2,GAT1,1,A,0.0,-5.0112
MA0300.2,GAT1,1,C,0.0,-5.0112
MA0300.2,GAT1,1,G,100.0,1.9661
MA0300.2,GAT1,1,T,0.0,-5.0112
MA0300.2,GAT1,2,A,100.0,1.9661
MA0300.2,GAT1,2,C,0.0,-5.0112
MA0300.2,GAT1,2,G,0.0,-5.0112
MA0300.2,GAT1,2,T,0.0,-5.0112
MA0300.2,GAT1,3,A,0.0,-5.0112
MA0300.2,GAT1,3,C,0.0,-5.0112
MA0300.2,GAT1,3,G,0.0,-5.0112
MA0300.2,GAT1,3,T,100.0,1.9661
MA0300.2,GAT1,4,A,100.0,1.9661
MA0300.2,GAT1,4,C,0.0,-5.0112
MA0300.2,GAT1,4,G,0.0,-5.0112
MA0300.2,GAT1,4,T,0.0,-5.0112
MA0300.2,GAT1,5,A,100.0,1.9661
MA0300.2,GAT1,5,C,0.0,-5.0112
MA0300.2,GAT1,5,G,0.0,-5.0112
MA0300.2,GAT1,5,T,0.0,-5.0112
MA0300.2,GAT1,6,A,3.0,-2.7493
MA0300.2,GAT1,6,C,9.0,-1.3825
MA0300.2,GAT1,6,G,84.0,1.7307
MA0300.2,GAT1,6,T,3.0,-2.7493
MA0301.2,GAT3,1,A,65.0,1.3507
MA0301.2,GAT3,1,C,9.0,-1.3965
MA0301.2,GAT3,1,G,20.0,-0.3108
MA0301.2,GAT3,1,T,6.0,-1.9238
MA0301.2,GAT3,2,A,8.0,-1.5377
MA0301.2,GAT3,2,C,2.0,-3.1898
MA0301.2,GAT3,2,G,88.0,1.7972
MA0301.2,GAT3,2,T,1.0,-3.8273
MA0301.2,GAT3,3,A,92.0,1.8468
MA0301.2,GAT3,3,C,0.0,-5.0112
MA0301.2,GAT3,3,G,0.0,-5.0112
MA0301.2,GAT3,3,T,8.0,-1.5518
MA0301.2,GAT3,4,A,12.0,-1.0112
MA0301.2,GAT3,4,C,0.0,-5.0112
MA0301.2,GAT3,4,G,1.0,-3.8413
MA0301.2,GAT3,4,T,87.0,1.7668
MA0301.2,GAT3,5,A,3.0,-2.7633
MA0301.2,GAT3,5,C,94.0,1.8775
MA0301.2,GAT3,5,G,1.0,-3.8413
MA0301.2,GAT3,5,T,2.0,-3.2039
MA0301.2,GAT3,6,A,6.0,-1.9238
MA0301.2,GAT3,6,C,27.0,0.1077
MA0301.2,GAT3,6,G,4.0,-2.4263
MA0301.2,GAT3,6,T,63.0,1.3062
MA0302.2,GAT4,1,A,80.0,1.647
MA0302.2,GAT4,1,C,4.0,-2.4263
MA0302.2,GAT4,1,G,12.0,-1.0112
MA0302.2,GAT4,1,T,4.0,-2.4263
MA0302.2,GAT4,2,A,3.0,-2.7493
MA0302.2,GAT4,2,C,0.0,-4.9972
MA0302.2,GAT4,2,G,96.0,1.9217
MA0302.2,GAT4,2,T,0.0,-4.9972
MA0302.2,GAT4,3,A,98.0,1.9371
MA0302.2,GAT4,3,C,0.0,-5.0112
MA0302.2,GAT4,3,G,0.0,-5.0112
MA0302.2,GAT4,3,T,2.0,-3.2039
MA0302.2,GAT4,4,A,0.0,-4.9972
MA0302.2,GAT4,4,C,0.0,-4.9972
MA0302.2,GAT4,4,G,0.0,-4.9972
MA0302.2,GAT4,4,T,99.0,1.9657
MA0302.2,GAT4,5,A,0.0,-4.9972
MA0302.2,GAT4,5,C,99.0,1.9657
MA0302.2,GAT4,5,G,0.0,-4.9972
MA0302.2,GAT4,5,T,0.0,-4.9972
MA0302.2,GAT4,6,A,5.0,-2.1532
MA0302.2,GAT4,6,C,28.0,0.1587
MA0302.2,GAT4,6,G,3.0,-2.7633
MA0302.2,GAT4,6,T,64.0,1.3286
MA0303.3,GCN4,1,A,0.0,-4.8642
MA0303.3,GCN4,1,C,0.0,-4.8642
MA0303.3,GCN4,1,G,0.0,-4.8642
MA0303.3,GCN4,1,T,90.0,1.9624
MA0303.3,GCN4,2,A,1.0,-3.6943
MA0303.3,GCN4,2,C,0.0,-4.8642
MA0303.3,GCN4,2,G,84.0,1.8637
MA0303.3,GCN4,2,T,5.0,-2.0062
MA0303.3,GCN4,3,A,87.0,1.9139
MA0303.3,GCN4,3,C,0.0,-4.8642
MA0303.3,GCN4,3,G,2.0,-3.0568
MA0303.3,GCN4,3,T,1.0,-3.6943
MA0303.3,GCN4,4,A,0.0,-4.8642
MA0303.3,GCN4,4,C,62.0,1.4304
MA0303.3,GCN4,4,G,28.0,0.3057
MA0303.3,GCN4,4,T,0.0,-4.8642
MA0303.3,GCN4,5,A,1.0,-3.6943
MA0303.3,GCN4,5,C,0.0,-4.8642
MA0303.3,GCN4,5,G,2.0,-3.0568
MA0303.3,GCN4,5,T,87.0,1.9139
MA0303.3,GCN4,6,A,7.0,-1.5788
MA0303.3,GCN4,6,C,78.0,1.7579
MA0303.3,GCN4,6,G,5.0,-2.0062
MA0303.3,GCN4,6,T,0.0,-4.8642
MA0303.3,GCN4,7,A,82.0,1.8293
MA0303.3,GCN4,7,C,3.0,-2.6163
MA0303.3,GCN4,7,G,2.0,-3.0568
MA0303.3,GCN4,7,T,3.0,-2.6163
MA0303.3,GCN4,8,A,6.0,-1.7767
MA0303.3,GCN4,8,C,20.0,-0.1637
MA0303.3,GCN4,8,G,13.0,-0.7557
MA0303.3,GCN4,8,T,51.0,1.1526
MA0304.1,GCR1,1,A,719.0,0.1185
MA0304.1,GCR1,1,C,31.0,-4.382
MA0304.1,GCR1,1,G,77.0,-3.0913
MA0304.1,GCR1,1,T,1822.0,1.459
MA0304.1,GCR1,2,A,0.0,-9.5882
MA0304.1,GCR1,2,C,142.0,-2.1085
MA0304.1,GCR1,2,G,2318.0,1.9128
MA0304.1,GCR1,2,T,0.0,-9.5882
MA0304.1,GCR1,3,A,0.0,-9.5882
MA0304.1,GCR1,3,C,22.0,-4.7554
MA0304.1,GCR1,3,G,2438.0,1.9856
MA0304.1,GCR1,3,T,0.0,-9.5882
MA0304.1,GCR1,4,A,2460.0,1.9986
MA0304.1,GCR1,4,C,0.0,-9.5882
MA0304.1,GCR1,4,G,0.0,-9.5882
MA0304.1,GCR1,4,T,0.0,-9.5882
MA0304.1,GCR1,5,A,2157.0,1.8084
MA0304.1,GCR1,5,C,10.0,-5.8339
MA0304.1,GCR1,5,G,0.0,-9.5888
MA0304.1,GCR1,5,T,294.0,-1.0633
MA0304.1,GCR1,6,A,9.0,-5.9788
MA0304.1,GCR1,6,C,13.0,-5.485
MA0304.1,GCR1,6,G,2326.0,1.9126
MA0304.1,GCR1,6,T,121.0,-2.3432
MA0304.1,GCR1,7,A,553.0,-0.174
MA0304.1,GCR1,7,C,1703.0,1.4473
MA0304.1,GCR1,7,G,0.0,-9.6092
MA0304.1,GCR1,7,T,240.0,-1.3756
MA0304.1,GCR1,8,A,0.0,-9.6669
MA0304.1,GCR1,8,C,1932.0,1.5715
MA0304.1,GCR1,8,G,15.0,-5.3631
MA0304.1,GCR1,8,T,651.0,0.0033
MA0305.2,GCR2,1,A,33.0,-0.7926
MA0305.2,GCR2,1,C,33.0,-0.7926
MA0305.2,GCR2,1,G,149.0,1.3553
MA0305.2,GCR2,1,T,16.0,-1.8012
MA0305.2,GCR2,2,A,0.0,-6.4625
MA0305.2,GCR2,2,C,279.0,1.9877
MA0305.2,GCR2,2,G,0.0,-6.4625
MA0305.2,GCR2,2,T,0.0,-6.4625
MA0305.2,GCR2,3,A,11.0,-1.8247
MA0305.2,GCR2,3,C,0.0,-5.7074
MA0305.2,GCR2,3,G,1.0,-4.5374
MA0305.2,GCR2,3,T,152.0,1.8701
MA0305.2,GCR2,4,A,0.0,-5.7499
MA0305.2,GCR2,4,C,0.0,-5.7499
MA0305.2,GCR2,4,G,0.0,-5.7499
MA0305.2,GCR2,4,T,169.0,1.9798
MA0305.2,GCR2,5,A,0.0,-6.4051
MA0305.2,GCR2,5,C,260.0,1.9436
MA0305.2,GCR2,5,G,0.0,-6.4051
MA0305.2,GCR2,5,T,8.0,-2.9457
MA0305.2,GCR2,6,A,0.0,-6.4157
MA0305.2,GCR2,6,C,269.0,1.9819
MA0305.2,GCR2,6,G,1.0,-5.2458
MA0305.2,GCR2,6,T,0.0,-6.4157
MA0306.2,GIS1,1,A,0.0,-5.0112
MA0306.2,GIS1,1,C,97.0,1.9225
MA0306.2,GIS1,1,G,0.0,-5.0112
MA0306.2,GIS1,1,T,3.0,-2.7633
MA0306.2,GIS1,2,A,0.0,-5.0112
MA0306.2,GIS1,2,C,100.0,1.9661
MA0306.2,GIS1,2,G,0.0,-5.0112
MA0306.2,GIS1,2,T,0.0,-5.0112
MA0306.2,GIS1,3,A,0.0,-5.0112
MA0306.2,GIS1,3,C,100.0,1.9661
MA0306.2,GIS1,3,G,0.0,-5.0112
MA0306.2,GIS1,3,T,0.0,-5.0112
MA0306.2,GIS1,4,A,0.0,-5.0112
MA0306.2,GIS1,4,C,87.0,1.7668
MA0306.2,GIS1,4,G,0.0,-5.0112
MA0306.2,GIS1,4,T,13.0,-0.9027
MA0306.2,GIS1,5,A,0.0,-5.0112
MA0306.2,GIS1,5,C,0.0,-5.0112
MA0306.2,GIS1,5,G,0.0,-5.0112
MA0306.2,GIS1,5,T,100.0,1.9661
MA0306.2,GIS1,6,A,49.0,0.9488
MA0306.2,GIS1,6,C,4.0,-2.4263
MA0306.2,GIS1,6,G,15.0,-0.7074
MA0306.2,GIS1,6,T,32.0,0.3463
MA0307.1,GLN3,1,A,0.0,-5.0112
MA0307.1,GLN3,1,C,0.0,-5.0112
MA0307.1,GLN3,1,G,100.0,1.9661
MA0307.1,GLN3,1,T,0.0,-5.0112
MA0307.1,GLN3,2,A,100.0,1.9661
MA0307.1,GLN3,2,C,0.0,-5.0112
MA0307.1,GLN3,2,G,0.0,-5.0112
MA0307.1,GLN3,2,T,0.0,-5.0112
MA0307.1,GLN3,3,A,0.0,-5.0112
MA0307.1,GLN3,3,C,0.0,-5.0112
MA0307.1,GLN3,3,G,0.0,-5.0112
MA0307.1,GLN3,3,T,100.0,1.9661
MA0307.1,GLN3,4,A,74.0,1.5357
MA0307.1,GLN3,4,C,0.0,-5.0112
MA0307.1,GLN3,4,G,0.0,-5.0112
MA0307.1,GLN3,4,T,26.0,0.0549
MA0307.1,GLN3,5,A,61.0,1.2602
MA0307.1,GLN3,5,C,0.0,-5.0112
MA0307.1,GLN3,5,G,27.0,0.1077
MA0307.1,GLN3,5,T,12.0,-1.0112
MA0308.2,GSM1,1,A,566.0,1.1792
MA0308.2,GSM1,1,C,22.0,-3.4566
MA0308.2,GSM1,1,G,17.0,-3.8137
MA0308.2,GSM1,1,T,393.0,0.6538
MA0308.2,GSM1,2,A,849.0,1.7635
MA0308.2,GSM1,2,C,9.0,-4.6747
MA0308.2,GSM1,2,G,20.0,-3.589
MA0308.2,GSM1,2,T,120.0,-1.051
MA0308.2,GSM1,3,A,400.0,0.6792
MA0308.2,GSM1,3,C,164.0,-0.6029
MA0308.2,GSM1,3,G,182.0,-0.4534
MA0308.2,GSM1,3,T,252.0,0.0143
MA0308.2,GSM1,4,A,3.0,-6.0415
MA0308.2,GSM1,4,C,916.0,1.8729
MA0308.2,GSM1,4,G,10.0,-4.5346
MA0308.2,GSM1,4,T,69.0,-1.8424
MA0308.2,GSM1,5,A,4.0,-5.703
MA0308.2,GSM1,5,C,177.0,-0.492
MA0308.2,GSM1,5,G,38.0,-2.6881
MA0308.2,GSM1,5,T,778.0,1.639
MA0308.2,GSM1,6,A,3.0,-6.0415
MA0308.2,GSM1,6,C,985.0,1.9776
MA0308.2,GSM1,6,G,1.0,-7.1195
MA0308.2,GSM1,6,T,9.0,-4.6747
MA0308.2,GSM1,7,A,0.0,-8.288
MA0308.2,GSM1,7,C,972.0,1.9599
MA0308.2,GSM1,7,G,25.0,-3.2768
MA0308.2,GSM1,7,T,0.0,-8.288
MA0308.2,GSM1,8,A,0.0,-8.2894
MA0308.2,GSM1,8,C,30.0,-3.0227
MA0308.2,GSM1,8,G,967.0,1.9511
MA0308.2,GSM1,8,T,1.0,-7.1195
MA0308.2,GSM1,9,A,136.0,-0.8716
MA0308.2,GSM1,9,C,4.0,-5.7045
MA0308.2,GSM1,9,G,849.0,1.7635
MA0308.2,GSM1,9,T,9.0,-4.6747
MA0308.2,GSM1,10,A,708.0,1.5032
MA0308.2,GSM1,10,C,60.0,-2.0401
MA0308.2,GSM1,10,G,197.0,-0.3382
MA0308.2,GSM1,10,T,32.0,-2.9304
MA0309.2,GZF3,1,A,18.0,-0.4566
MA0309.2,GZF3,1,C,39.0,0.6254
MA0309.2,GZF3,1,G,2.0,-3.2039
MA0309.2,GZF3,1,T,41.0,0.6961
MA0309.2,GZF3,2,A,0.0,-5.0112
MA0309.2,GZF3,2,C,0.0,-5.0112
MA0309.2,GZF3,2,G,100.0,1.9661
MA0309.2,GZF3,2,T,0.0,-5.0112
MA0309.2,GZF3,3,A,100.0,1.9661
MA0309.2,GZF3,3,C,0.0,-5.0112
MA0309.2,GZF3,3,G,0.0,-5.0112
MA0309.2,GZF3,3,T,0.0,-5.0112
MA0309.2,GZF3,4,A,0.0,-5.0112
MA0309.2,GZF3,4,C,0.0,-5.0112
MA0309.2,GZF3,4,G,0.0,-5.0112
MA0309.2,GZF3,4,T,100.0,1.9661
MA0309.2,GZF3,5,A,100.0,1.9661
MA0309.2,GZF3,5,C,0.0,-5.0112
MA0309.2,GZF3,5,G,0.0,-5.0112
MA0309.2,GZF3,5,T,0.0,-5.0112
MA0309.2,GZF3,6,A,73.0,1.5162
MA0309.2,GZF3,6,C,9.0,-1.3965
MA0309.2,GZF3,6,G,0.0,-5.0112
MA0309.2,GZF3,6,T,18.0,-0.4566
MA0309.2,GZF3,7,A,4.0,-2.4402
MA0309.2,GZF3,7,C,38.0,0.5748
MA0309.2,GZF3,7,G,59.0,1.1989
MA0309.2,GZF3,7,T,0.0,-5.0251
MA0310.2,HAC1,1,A,24.0,-0.0709
MA0310.2,HAC1,1,C,6.0,-1.9377
MA0310.2,HAC1,1,G,56.0,1.1246
MA0310.2,HAC1,1,T,15.0,-0.7214
MA0310.2,HAC1,2,A,68.0,1.415
MA0310.2,HAC1,2,C,32.0,0.3463
MA0310.2,HAC1,2,G,0.0,-5.0112
MA0310.2,HAC1,2,T,0.0,-5.0112
MA0310.2,HAC1,3,A,0.0,-5.0112
MA0310.2,HAC1,3,C,100.0,1.9661
MA0310.2,HAC1,3,G,0.0,-5.0112
MA0310.2,HAC1,3,T,0.0,-5.0112
MA0310.2,HAC1,4,A,100.0,1.9661
MA0310.2,HAC1,4,C,0.0,-5.0112
MA0310.2,HAC1,4,G,0.0,-5.0112
MA0310.2,HAC1,4,T,0.0,-5.0112
MA0310.2,HAC1,5,A,0.0,-5.0112
MA0310.2,HAC1,5,C,100.0,1.9661
MA0310.2,HAC1,5,G,0.0,-5.0112
MA0310.2,HAC1,5,T,0.0,-5.0112
MA0310.2,HAC1,6,A,0.0,-5.0112
MA0310.2,HAC1,6,C,0.0,-5.0112
MA0310.2,HAC1,6,G,100.0,1.9661
MA0310.2,HAC1,6,T,0.0,-5.0112
MA0310.2,HAC1,7,A,0.0,-5.0112
MA0310.2,HAC1,7,C,0.0,-5.0112
MA0310.2,HAC1,7,G,0.0,-5.0112
MA0310.2,HAC1,7,T,100.0,1.9661
MA0311.1,HAL9,1,A,0.0,-4.9972
MA0311.1,HAL9,1,C,99.0,1.9657
MA0311.1,HAL9,1,G,0.0,-4.9972
MA0311.1,HAL9,1,T,0.0,-4.9972
MA0311.1,HAL9,2,A,0.0,-4.9972
MA0311.1,HAL9,2,C,0.0,-4.9972
MA0311.1,HAL9,2,G,99.0,1.9657
MA0311.1,HAL9,2,T,0.0,-4.9972
MA0311.1,HAL9,3,A,0.0,-4.9972
MA0311.1,HAL9,3,C,0.0,-4.9972
MA0311.1,HAL9,3,G,99.0,1.9657
MA0311.1,HAL9,3,T,0.0,-4.9972
MA0311.1,HAL9,4,A,99.0,1.9657
MA0311.1,HAL9,4,C,0.0,-4.9972
MA0311.1,HAL9,4,G,0.0,-4.9972
MA0311.1,HAL9,4,T,0.0,-4.9972
MA0311.1,HAL9,5,A,62.0,1.2974
MA0311.1,HAL9,5,C,0.0,-4.9972
MA0311.1,HAL9,5,G,37.0,0.5651
MA0311.1,HAL9,5,T,0.0,-4.9972
MA0312.3,HAP1,1,A,1.0,-3.0395
MA0312.3,HAP1,1,C,55.0,1.9147
MA0312.3,HAP1,1,G,0.0,-4.2095
MA0312.3,HAP1,1,T,0.0,-4.2095
MA0312.3,HAP1,2,A,0.0,-4.2095
MA0312.3,HAP1,2,C,56.0,1.9403
MA0312.3,HAP1,2,G,0.0,-4.2095
MA0312.3,HAP1,2,T,0.0,-4.2095
MA0312.3,HAP1,3,A,0.0,-4.2095
MA0312.3,HAP1,3,C,0.0,-4.2095
MA0312.3,HAP1,3,G,56.0,1.9403
MA0312.3,HAP1,3,T,0.0,-4.2095
MA0312.3,HAP1,4,A,56.0,1.9403
MA0312.3,HAP1,4,C,0.0,-4.2095
MA0312.3,HAP1,4,G,0.0,-4.2095
MA0312.3,HAP1,4,T,0.0,-4.2095
MA0312.3,HAP1,5,A,0.0,-4.2095
MA0312.3,HAP1,5,C,0.0,-4.2095
MA0312.3,HAP1,5,G,0.0,-4.2095
MA0312.3,HAP1,5,T,56.0,1.9403
MA0312.3,HAP1,6,A,56.0,1.9403
MA0312.3,HAP1,6,C,0.0,-4.2095
MA0312.3,HAP1,6,G,0.0,-4.2095
MA0312.3,HAP1,6,T,0.0,-4.2095
MA0312.3,HAP1,7,A,27.0,0.9095
MA0312.3,HAP1,7,C,7.0,-0.9241
MA0312.3,HAP1,7,G,4.0,-1.6245
MA0312.3,HAP1,7,T,18.0,0.3451
MA0312.3,HAP1,8,A,31.0,1.1034
MA0312.3,HAP1,8,C,9.0,-0.5947
MA0312.3,HAP1,8,G,6.0,-1.122
MA0312.3,HAP1,8,T,10.0,-0.4546
MA0313.1,HAP2,1,A,0.0,-10.2667
MA0313.1,HAP2,1,C,0.0,-10.2667
MA0313.1,HAP2,1,G,0.0,-10.2667
MA0313.1,HAP2,1,T,3939.0,1.9991
MA0313.1,HAP2,2,A,0.0,-10.266
MA0313.1,HAP2,2,C,0.0,-10.266
MA0313.1,HAP2,2,G,40.0,-4.5936
MA0313.1,HAP2,2,T,3897.0,1.9844
MA0313.1,HAP2,3,A,22.0,-5.4357
MA0313.1,HAP2,3,C,0.0,-10.2685
MA0313.1,HAP2,3,G,3922.0,1.9911
MA0313.1,HAP2,3,T,0.0,-10.2685
MA0313.1,HAP2,4,A,0.0,-10.2667
MA0313.1,HAP2,4,C,0.0,-10.2667
MA0313.1,HAP2,4,G,3932.0,1.9966
MA0313.1,HAP2,4,T,7.0,-6.9813
MA0313.1,HAP2,5,A,675.0,-0.6613
MA0313.1,HAP2,5,C,1619.0,0.5998
MA0313.1,HAP2,5,G,131.0,-3.0196
MA0313.1,HAP2,5,T,1847.0,0.7898
MA0314.3,HAP3,1,A,4.0,-2.6221
MA0314.3,HAP3,1,C,17.0,-0.7313
MA0314.3,HAP3,1,G,0.0,-5.207
MA0314.3,HAP3,1,T,94.0,1.6817
MA0314.3,HAP3,2,A,2.0,-3.3997
MA0314.3,HAP3,2,C,20.0,-0.5066
MA0314.3,HAP3,2,G,84.0,1.5209
MA0314.3,HAP3,2,T,9.0,-1.5923
MA0314.3,HAP3,3,A,111.0,1.9197
MA0314.3,HAP3,3,C,1.0,-4.0371
MA0314.3,HAP3,3,G,0.0,-5.207
MA0314.3,HAP3,3,T,3.0,-2.9591
MA0314.3,HAP3,4,A,0.0,-5.207
MA0314.3,HAP3,4,C,0.0,-5.207
MA0314.3,HAP3,4,G,0.0,-5.207
MA0314.3,HAP3,4,T,115.0,1.9704
MA0314.3,HAP3,5,A,0.0,-5.207
MA0314.3,HAP3,5,C,2.0,-3.3997
MA0314.3,HAP3,5,G,0.0,-5.207
MA0314.3,HAP3,5,T,113.0,1.9453
MA0314.3,HAP3,6,A,0.0,-5.207
MA0314.3,HAP3,6,C,1.0,-4.0371
MA0314.3,HAP3,6,G,114.0,1.9579
MA0314.3,HAP3,6,T,0.0,-5.207
MA0314.3,HAP3,7,A,0.0,-5.207
MA0314.3,HAP3,7,C,0.0,-5.207
MA0314.3,HAP3,7,G,115.0,1.9704
MA0314.3,HAP3,7,T,0.0,-5.207
MA0314.3,HAP3,8,A,6.0,-2.1196
MA0314.3,HAP3,8,C,67.0,1.1981
MA0314.3,HAP3,8,G,4.0,-2.6221
MA0314.3,HAP3,8,T,38.0,0.3929
MA0314.3,HAP3,9,A,5.0,-2.349
MA0314.3,HAP3,9,C,42.0,0.5345
MA0314.3,HAP3,9,G,18.0,-0.6524
MA0314.3,HAP3,9,T,50.0,0.7817
MA0316.2,HAP5,1,A,200.0,-2.4279
MA0316.2,HAP5,1,C,1914.0,0.8254
MA0316.2,HAP5,1,G,2108.0,0.9647
MA0316.2,HAP5,1,T,97.0,-3.4658
MA0316.2,HAP5,2,A,113.0,-3.3204
MA0316.2,HAP5,2,C,1513.0,0.4132
MA0316.2,HAP5,2,G,2485.0,1.1287
MA0316.2,HAP5,2,T,433.0,-1.3899
MA0316.2,HAP5,3,A,826.0,-0.4679
MA0316.2,HAP5,3,C,1137.0,-0.0073
MA0316.2,HAP5,3,G,2155.0,0.9147
MA0316.2,HAP5,3,T,453.0,-1.3334
MA0316.2,HAP5,4,A,1817.0,0.6255
MA0316.2,HAP5,4,C,1451.0,0.3011
MA0316.2,HAP5,4,G,440.0,-1.4185
MA0316.2,HAP5,4,T,1002.0,-0.2327
MA0316.2,HAP5,5,A,127.0,-3.1151
MA0316.2,HAP5,5,C,637.0,-0.7959
MA0316.2,HAP5,5,G,1273.0,0.2021
MA0316.2,HAP5,5,T,2389.0,1.1098
MA0316.2,HAP5,6,A,98.0,-3.5414
MA0316.2,HAP5,6,C,3199.0,1.476
MA0316.2,HAP5,6,G,677.0,-0.7631
MA0316.2,HAP5,6,T,624.0,-0.8805
MA0316.2,HAP5,7,A,0.0,-10.4305
MA0316.2,HAP5,7,C,700.0,-0.6557
MA0316.2,HAP5,7,G,0.0,-10.4305
MA0316.2,HAP5,7,T,3713.0,1.7501
MA0316.2,HAP5,8,A,537.0,-1.0792
MA0316.2,HAP5,8,C,1308.0,0.2039
MA0316.2,HAP5,8,G,1904.0,0.7453
MA0316.2,HAP5,8,T,793.0,-0.5175
MA0316.2,HAP5,9,A,4156.0,1.9992
MA0316.2,HAP5,9,C,0.0,-10.344
MA0316.2,HAP5,9,G,0.0,-10.344
MA0316.2,HAP5,9,T,0.0,-10.344
MA0316.2,HAP5,10,A,0.0,-10.344
MA0316.2,HAP5,10,C,0.0,-10.344
MA0316.2,HAP5,10,G,0.0,-10.344
MA0316.2,HAP5,10,T,4156.0,1.9992
MA0316.2,HAP5,11,A,0.0,-10.344
MA0316.2,HAP5,11,C,0.0,-10.344
MA0316.2,HAP5,11,G,234.0,-2.1468
MA0316.2,HAP5,11,T,3922.0,1.9156
MA0316.2,HAP5,12,A,387.0,-1.4295
MA0316.2,HAP5,12,C,0.0,-10.3506
MA0316.2,HAP5,12,G,3788.0,1.8589
MA0316.2,HAP5,12,T,0.0,-10.3506
MA0316.2,HAP5,13,A,361.0,-1.5529
MA0316.2,HAP5,13,C,497.0,-1.0925
MA0316.2,HAP5,13,G,3123.0,1.5571
MA0316.2,HAP5,13,T,262.0,-2.0141
MA0316.2,HAP5,14,A,0.0,-10.4708
MA0316.2,HAP5,14,C,1730.0,0.6084
MA0316.2,HAP5,14,G,0.0,-10.4708
MA0316.2,HAP5,14,T,2808.0,1.3069
MA0317.2,HCM1,1,A,27.0,0.1077
MA0317.2,HCM1,1,C,8.0,-1.5518
MA0317.2,HCM1,1,G,4.0,-2.4263
MA0317.2,HCM1,1,T,61.0,1.2602
MA0317.2,HCM1,2,A,67.0,1.38
MA0317.2,HCM1,2,C,32.0,0.3324
MA0317.2,HCM1,2,G,1.0,-3.8552
MA0317.2,HCM1,2,T,1.0,-3.8552
MA0317.2,HCM1,3,A,95.0,1.8927
MA0317.2,HCM1,3,C,5.0,-2.1532
MA0317.2,HCM1,3,G,0.0,-5.0112
MA0317.2,HCM1,3,T,0.0,-5.0112
MA0317.2,HCM1,4,A,100.0,1.9661
MA0317.2,HCM1,4,C,0.0,-5.0112
MA0317.2,HCM1,4,G,0.0,-5.0112
MA0317.2,HCM1,4,T,0.0,-5.0112
MA0317.2,HCM1,5,A,1.0,-3.8413
MA0317.2,HCM1,5,C,86.0,1.7503
MA0317.2,HCM1,5,G,0.0,-5.0112
MA0317.2,HCM1,5,T,13.0,-0.9027
MA0317.2,HCM1,6,A,95.0,1.8787
MA0317.2,HCM1,6,C,2.0,-3.2178
MA0317.2,HCM1,6,G,2.0,-3.2178
MA0317.2,HCM1,6,T,2.0,-3.2178
MA0317.2,HCM1,7,A,57.0,1.1777
MA0317.2,HCM1,7,C,17.0,-0.5214
MA0317.2,HCM1,7,G,11.0,-1.1145
MA0317.2,HCM1,7,T,14.0,-0.7877
MA0327.1,HMRA1,1,A,101.0,0.9887
MA0327.1,HMRA1,1,C,0.0,-6.0028
MA0327.1,HMRA1,1,G,101.0,0.9887
MA0327.1,HMRA1,1,T,0.0,-6.0028
MA0327.1,HMRA1,2,A,0.0,-6.0098
MA0327.1,HMRA1,2,C,203.0,1.9831
MA0327.1,HMRA1,2,G,0.0,-6.0098
MA0327.1,HMRA1,2,T,0.0,-6.0098
MA0327.1,HMRA1,3,A,203.0,1.9831
MA0327.1,HMRA1,3,C,0.0,-6.0098
MA0327.1,HMRA1,3,G,0.0,-6.0098
MA0327.1,HMRA1,3,T,0.0,-6.0098
MA0327.1,HMRA1,4,A,0.0,-6.0098
MA0327.1,HMRA1,4,C,203.0,1.9831
MA0327.1,HMRA1,4,G,0.0,-6.0098
MA0327.1,HMRA1,4,T,0.0,-6.0098
MA0327.1,HMRA1,5,A,203.0,1.9831
MA0327.1,HMRA1,5,C,0.0,-6.0098
MA0327.1,HMRA1,5,G,0.0,-6.0098
MA0327.1,HMRA1,5,T,0.0,-6.0098
MA0327.1,HMRA1,6,A,203.0,1.9831
MA0327.1,HMRA1,6,C,0.0,-6.0098
MA0327.1,HMRA1,6,G,0.0,-6.0098
MA0327.1,HMRA1,6,T,0.0,-6.0098
MA0327.1,HMRA1,7,A,0.0,-6.0098
MA0327.1,HMRA1,7,C,0.0,-6.0098
MA0327.1,HMRA1,7,G,0.0,-6.0098
MA0327.1,HMRA1,7,T,203.0,1.9831
MA0318.1,HMRA2,1,A,6.0,-1.9238
MA0318.1,HMRA2,1,C,67.0,1.3939
MA0318.1,HMRA2,1,G,6.0,-1.9238
MA0318.1,HMRA2,1,T,21.0,-0.243
MA0318.1,HMRA2,2,A,54.0,1.0868
MA0318.1,HMRA2,2,C,0.0,-5.0112
MA0318.1,HMRA2,2,G,46.0,0.8591
MA0318.1,HMRA2,2,T,0.0,-5.0112
MA0318.1,HMRA2,3,A,4.0,-2.4263
MA0318.1,HMRA2,3,C,0.0,-5.0112
MA0318.1,HMRA2,3,G,0.0,-5.0112
MA0318.1,HMRA2,3,T,96.0,1.9076
MA0318.1,HMRA2,4,A,0.0,-5.0112
MA0318.1,HMRA2,4,C,0.0,-5.0112
MA0318.1,HMRA2,4,G,100.0,1.9661
MA0318.1,HMRA2,4,T,0.0,-5.0112
MA0318.1,HMRA2,5,A,0.0,-5.0112
MA0318.1,HMRA2,5,C,0.0,-5.0112
MA0318.1,HMRA2,5,G,0.0,-5.0112
MA0318.1,HMRA2,5,T,100.0,1.9661
MA0318.1,HMRA2,6,A,93.0,1.8622
MA0318.1,HMRA2,6,C,0.0,-5.0112
MA0318.1,HMRA2,6,G,0.0,-5.0112
MA0318.1,HMRA2,6,T,7.0,-1.7258
MA0318.1,HMRA2,7,A,88.0,1.7693
MA0318.1,HMRA2,7,C,2.0,-3.2178
MA0318.1,HMRA2,7,G,2.0,-3.2178
MA0318.1,HMRA2,7,T,9.0,-1.4104
MA0318.1,HMRA2,8,A,40.0,0.6612
MA0318.1,HMRA2,8,C,8.0,-1.5518
MA0318.1,HMRA2,8,G,8.0,-1.5518
MA0318.1,HMRA2,8,T,44.0,0.7961
MA0319.2,HSF1,1,A,69.0,1.4219
MA0319.2,HSF1,1,C,13.0,-0.9166
MA0319.2,HSF1,1,G,13.0,-0.9166
MA0319.2,HSF1,1,T,6.0,-1.9377
MA0319.2,HSF1,2,A,2.0,-3.2178
MA0319.2,HSF1,2,C,2.0,-3.2178
MA0319.2,HSF1,2,G,2.0,-3.2178
MA0319.2,HSF1,2,T,95.0,1.8787
MA0319.2,HSF1,3,A,19.0,-0.3819
MA0319.2,HSF1,3,C,0.0,-5.0112
MA0319.2,HSF1,3,G,81.0,1.6647
MA0319.2,HSF1,3,T,0.0,-5.0112
MA0319.2,HSF1,4,A,0.0,-5.0112
MA0319.2,HSF1,4,C,0.0,-5.0112
MA0319.2,HSF1,4,G,100.0,1.9661
MA0319.2,HSF1,4,T,0.0,-5.0112
MA0319.2,HSF1,5,A,100.0,1.9661
MA0319.2,HSF1,5,C,0.0,-5.0112
MA0319.2,HSF1,5,G,0.0,-5.0112
MA0319.2,HSF1,5,T,0.0,-5.0112
MA0319.2,HSF1,6,A,100.0,1.9661
MA0319.2,HSF1,6,C,0.0,-5.0112
MA0319.2,HSF1,6,G,0.0,-5.0112
MA0319.2,HSF1,6,T,0.0,-5.0112
MA0319.2,HSF1,7,A,6.0,-1.9238
MA0319.2,HSF1,7,C,56.0,1.1385
MA0319.2,HSF1,7,G,19.0,-0.3819
MA0319.2,HSF1,7,T,19.0,-0.3819
MA0320.1,IME1,1,A,0.0,-6.5708
MA0320.1,IME1,1,C,301.0,1.9886
MA0320.1,IME1,1,G,0.0,-6.5708
MA0320.1,IME1,1,T,0.0,-6.5708
MA0320.1,IME1,2,A,0.0,-6.5324
MA0320.1,IME1,2,C,232.0,1.6525
MA0320.1,IME1,2,G,61.0,-0.2609
MA0320.1,IME1,2,T,0.0,-6.5324
MA0320.1,IME1,3,A,0.0,-6.5708
MA0320.1,IME1,3,C,0.0,-6.5708
MA0320.1,IME1,3,G,301.0,1.9886
MA0320.1,IME1,3,T,0.0,-6.5708
MA0320.1,IME1,4,A,0.0,-6.5708
MA0320.1,IME1,4,C,301.0,1.9886
MA0320.1,IME1,4,G,0.0,-6.5708
MA0320.1,IME1,4,T,0.0,-6.5708
MA0320.1,IME1,5,A,0.0,-6.4625
MA0320.1,IME1,5,C,189.0,1.4278
MA0320.1,IME1,5,G,75.0,0.1036
MA0320.1,IME1,5,T,15.0,-2.1587
MA0320.1,IME1,6,A,0.0,-6.5708
MA0320.1,IME1,6,C,0.0,-6.5708
MA0320.1,IME1,6,G,301.0,1.9886
MA0320.1,IME1,6,T,0.0,-6.5708
MA0320.1,IME1,7,A,161.0,1.9788
MA0320.1,IME1,7,C,0.0,-5.6812
MA0320.1,IME1,7,G,0.0,-5.6812
MA0320.1,IME1,7,T,0.0,-5.6812
MA0320.1,IME1,8,A,16.0,-2.0854
MA0320.1,IME1,8,C,0.0,-6.4778
MA0320.1,IME1,8,G,266.0,1.9038
MA0320.1,IME1,8,T,0.0,-6.4778
MA0321.1,INO2,1,A,18.0,-1.7458
MA0321.1,INO2,1,C,29.0,-1.0812
MA0321.1,INO2,1,G,198.0,1.6567
MA0321.1,INO2,1,T,4.0,-3.7154
MA0321.1,INO2,2,A,0.0,-6.4419
MA0321.1,INO2,2,C,275.0,1.9875
MA0321.1,INO2,2,G,0.0,-6.4419
MA0321.1,INO2,2,T,0.0,-6.4419
MA0321.1,INO2,3,A,155.0,1.881
MA0321.1,INO2,3,C,7.0,-2.4391
MA0321.1,INO2,3,G,0.0,-5.7245
MA0321.1,INO2,3,T,4.0,-3.1396
MA0321.1,INO2,4,A,0.0,-5.7993
MA0321.1,INO2,4,C,25.0,-0.7881
MA0321.1,INO2,4,G,0.0,-5.7993
MA0321.1,INO2,4,T,150.0,1.7591
MA0321.1,INO2,5,A,7.0,-3.1037
MA0321.1,INO2,5,C,0.0,-6.3891
MA0321.1,INO2,5,G,258.0,1.9485
MA0321.1,INO2,5,T,0.0,-6.3891
MA0321.1,INO2,6,A,8.0,-2.2651
MA0321.1,INO2,6,C,0.0,-5.7245
MA0321.1,INO2,6,G,11.0,-1.8419
MA0321.1,INO2,6,T,147.0,1.8049
MA0321.1,INO2,7,A,0.0,-6.4419
MA0321.1,INO2,7,C,34.0,-0.999
MA0321.1,INO2,7,G,241.0,1.7977
MA0321.1,INO2,7,T,0.0,-6.4419
MA0321.1,INO2,8,A,141.0,1.6304
MA0321.1,INO2,8,C,16.0,-1.4469
MA0321.1,INO2,8,G,23.0,-0.9444
MA0321.1,INO2,8,T,0.0,-5.8392
MA0321.1,INO2,9,A,134.0,1.6806
MA0321.1,INO2,9,C,2.0,-3.9086
MA0321.1,INO2,9,G,5.0,-2.858
MA0321.1,INO2,9,T,24.0,-0.7618
MA0322.1,INO4,1,A,29.0,-1.0406
MA0322.1,INO4,1,C,46.0,-0.3894
MA0322.1,INO4,1,G,162.0,1.4091
MA0322.1,INO4,1,T,5.0,-3.4018
MA0322.1,INO4,2,A,0.0,-6.3343
MA0322.1,INO4,2,C,236.0,1.8752
MA0322.1,INO4,2,G,0.0,-6.3343
MA0322.1,INO4,2,T,19.0,-1.7049
MA0322.1,INO4,3,A,138.0,1.6889
MA0322.1,INO4,3,C,14.0,-1.5404
MA0322.1,INO4,3,G,0.0,-5.7499
MA0322.1,INO4,3,T,17.0,-1.2741
MA0322.1,INO4,4,A,0.0,-5.7415
MA0322.1,INO4,4,C,0.0,-5.7415
MA0322.1,INO4,4,G,0.0,-5.7415
MA0322.1,INO4,4,T,168.0,1.9796
MA0322.1,INO4,5,A,10.0,-2.6396
MA0322.1,INO4,5,C,0.0,-6.3945
MA0322.1,INO4,5,G,256.0,1.932
MA0322.1,INO4,5,T,0.0,-6.3945
MA0322.1,INO4,6,A,0.0,-5.733
MA0322.1,INO4,6,C,0.0,-5.733
MA0322.1,INO4,6,G,0.0,-5.733
MA0322.1,INO4,6,T,167.0,1.9795
MA0322.1,INO4,7,A,17.0,-1.8752
MA0322.1,INO4,7,C,0.0,-6.3509
MA0322.1,INO4,7,G,241.0,1.8887
MA0322.1,INO4,7,T,0.0,-6.3509
MA0322.1,INO4,8,A,146.0,1.7123
MA0322.1,INO4,8,C,7.0,-2.522
MA0322.1,INO4,8,G,23.0,-0.9125
MA0322.1,INO4,8,T,0.0,-5.8074
MA0322.1,INO4,9,A,142.0,1.6805
MA0322.1,INO4,9,C,7.0,-2.5139
MA0322.1,INO4,9,G,26.0,-0.7332
MA0322.1,INO4,9,T,0.0,-5.7993
MA0323.1,IXR1,1,A,161.0,1.9788
MA0323.1,IXR1,1,C,0.0,-5.6812
MA0323.1,IXR1,1,G,0.0,-5.6812
MA0323.1,IXR1,1,T,0.0,-5.6812
MA0323.1,IXR1,2,A,121.0,1.5957
MA0323.1,IXR1,2,C,0.0,-5.6546
MA0323.1,IXR1,2,G,0.0,-5.6546
MA0323.1,IXR1,2,T,37.0,-0.0924
MA0323.1,IXR1,3,A,68.0,0.3819
MA0323.1,IXR1,3,C,0.0,-6.0444
MA0323.1,IXR1,3,G,112.0,1.0952
MA0323.1,IXR1,3,T,28.0,-0.8745
MA0323.1,IXR1,4,A,28.0,-1.2029
MA0323.1,IXR1,4,C,228.0,1.787
MA0323.1,IXR1,4,G,0.0,-6.3729
MA0323.1,IXR1,4,T,6.0,-3.2854
MA0323.1,IXR1,5,A,59.0,-0.0591
MA0323.1,IXR1,5,C,187.0,1.5919
MA0323.1,IXR1,5,G,0.0,-6.2831
MA0323.1,IXR1,5,T,0.0,-6.2831
MA0323.1,IXR1,6,A,59.0,-0.0591
MA0323.1,IXR1,6,C,0.0,-6.2831
MA0323.1,IXR1,6,G,187.0,1.5919
MA0323.1,IXR1,6,T,0.0,-6.2831
MA0323.1,IXR1,7,A,28.0,-1.042
MA0323.1,IXR1,7,C,0.0,-6.2119
MA0323.1,IXR1,7,G,169.0,1.5177
MA0323.1,IXR1,7,T,37.0,-0.6496
MA0323.1,IXR1,8,A,121.0,1.3196
MA0323.1,IXR1,8,C,0.0,-5.9307
MA0323.1,IXR1,8,G,71.0,0.5571
MA0323.1,IXR1,8,T,0.0,-5.9307
MA0323.1,IXR1,9,A,121.0,1.5957
MA0323.1,IXR1,9,C,0.0,-5.6546
MA0323.1,IXR1,9,G,0.0,-5.6546
MA0323.1,IXR1,9,T,37.0,-0.0924
MA0323.1,IXR1,10,A,0.0,-6.5708
MA0323.1,IXR1,10,C,0.0,-6.5708
MA0323.1,IXR1,10,G,301.0,1.9886
MA0323.1,IXR1,10,T,0.0,-6.5708
MA0323.1,IXR1,11,A,0.0,-6.5708
MA0323.1,IXR1,11,C,301.0,1.9886
MA0323.1,IXR1,11,G,0.0,-6.5708
MA0323.1,IXR1,11,T,0.0,-6.5708
MA0323.1,IXR1,12,A,28.0,-1.2563
MA0323.1,IXR1,12,C,0.0,-6.4263
MA0323.1,IXR1,12,G,244.0,1.8311
MA0323.1,IXR1,12,T,0.0,-6.4263
MA0323.1,IXR1,13,A,6.0,-3.4351
MA0323.1,IXR1,13,C,0.0,-6.5226
MA0323.1,IXR1,13,G,285.0,1.9582
MA0323.1,IXR1,13,T,0.0,-6.5226
MA0323.1,IXR1,14,A,0.0,-6.0647
MA0323.1,IXR1,14,C,0.0,-6.0647
MA0323.1,IXR1,14,G,112.0,1.0748
MA0323.1,IXR1,14,T,99.0,0.8982
MA0323.1,IXR1,15,A,0.0,-6.4263
MA0323.1,IXR1,15,C,0.0,-6.4263
MA0323.1,IXR1,15,G,244.0,1.8311
MA0323.1,IXR1,15,T,28.0,-1.2563
MA0324.1,LEU3,1,A,0.0,-5.0112
MA0324.1,LEU3,1,C,100.0,1.9661
MA0324.1,LEU3,1,G,0.0,-5.0112
MA0324.1,LEU3,1,T,0.0,-5.0112
MA0324.1,LEU3,2,A,0.0,-5.0112
MA0324.1,LEU3,2,C,100.0,1.9661
MA0324.1,LEU3,2,G,0.0,-5.0112
MA0324.1,LEU3,2,T,0.0,-5.0112
MA0324.1,LEU3,3,A,0.0,-4.9972
MA0324.1,LEU3,3,C,0.0,-4.9972
MA0324.1,LEU3,3,G,56.0,1.1526
MA0324.1,LEU3,3,T,43.0,0.7776
MA0324.1,LEU3,4,A,20.0,-0.3108
MA0324.1,LEU3,4,C,0.0,-5.0112
MA0324.1,LEU3,4,G,35.0,0.4726
MA0324.1,LEU3,4,T,45.0,0.828
MA0324.1,LEU3,5,A,26.0,0.0409
MA0324.1,LEU3,5,C,34.0,0.4178
MA0324.1,LEU3,5,G,0.0,-5.0251
MA0324.1,LEU3,5,T,41.0,0.6822
MA0324.1,LEU3,6,A,47.0,0.8896
MA0324.1,LEU3,6,C,12.0,-1.0112
MA0324.1,LEU3,6,G,16.0,-0.6189
MA0324.1,LEU3,6,T,25.0,0.0
MA0324.1,LEU3,7,A,0.0,-5.0112
MA0324.1,LEU3,7,C,61.0,1.2602
MA0324.1,LEU3,7,G,39.0,0.6254
MA0324.1,LEU3,7,T,0.0,-5.0112
MA0324.1,LEU3,8,A,0.0,-5.0112
MA0324.1,LEU3,8,C,100.0,1.9661
MA0324.1,LEU3,8,G,0.0,-5.0112
MA0324.1,LEU3,8,T,0.0,-5.0112
MA0324.1,LEU3,9,A,0.0,-5.0112
MA0324.1,LEU3,9,C,0.0,-5.0112
MA0324.1,LEU3,9,G,100.0,1.9661
MA0324.1,LEU3,9,T,0.0,-5.0112
MA0324.1,LEU3,10,A,0.0,-5.0112
MA0324.1,LEU3,10,C,32.0,0.3463
MA0324.1,LEU3,10,G,68.0,1.415
MA0324.1,LEU3,10,T,0.0,-5.0112
MA0325.2,LYS14,1,A,4.0,-2.4263
MA0325.2,LYS14,1,C,82.0,1.6823
MA0325.2,LYS14,1,G,10.0,-1.2563
MA0325.2,LYS14,1,T,4.0,-2.4263
MA0325.2,LYS14,2,A,0.0,-5.0112
MA0325.2,LYS14,2,C,0.0,-5.0112
MA0325.2,LYS14,2,G,100.0,1.9661
MA0325.2,LYS14,2,T,0.0,-5.0112
MA0325.2,LYS14,3,A,0.0,-5.0112
MA0325.2,LYS14,3,C,0.0,-5.0112
MA0325.2,LYS14,3,G,100.0,1.9661
MA0325.2,LYS14,3,T,0.0,-5.0112
MA0325.2,LYS14,4,A,100.0,1.9661
MA0325.2,LYS14,4,C,0.0,-5.0112
MA0325.2,LYS14,4,G,0.0,-5.0112
MA0325.2,LYS14,4,T,0.0,-5.0112
MA0325.2,LYS14,5,A,100.0,1.9661
MA0325.2,LYS14,5,C,0.0,-5.0112
MA0325.2,LYS14,5,G,0.0,-5.0112
MA0325.2,LYS14,5,T,0.0,-5.0112
MA0325.2,LYS14,6,A,6.0,-1.9238
MA0325.2,LYS14,6,C,0.0,-5.0112
MA0325.2,LYS14,6,G,0.0,-5.0112
MA0325.2,LYS14,6,T,94.0,1.8775
MA0325.2,LYS14,7,A,13.0,-0.9166
MA0325.2,LYS14,7,C,13.0,-0.9166
MA0325.2,LYS14,7,G,7.0,-1.7397
MA0325.2,LYS14,7,T,68.0,1.4011
MA0326.1,MAC1,1,A,108.0,-2.002
MA0326.1,MAC1,1,C,0.0,-9.0895
MA0326.1,MAC1,1,G,0.0,-9.0895
MA0326.1,MAC1,1,T,1632.0,1.9056
MA0326.1,MAC1,2,A,89.0,-2.2945
MA0326.1,MAC1,2,C,0.0,-9.1051
MA0326.1,MAC1,2,G,219.0,-1.0031
MA0326.1,MAC1,2,T,1451.0,1.7205
MA0326.1,MAC1,3,A,0.0,-9.0678
MA0326.1,MAC1,3,C,0.0,-9.0678
MA0326.1,MAC1,3,G,0.0,-9.0678
MA0326.1,MAC1,3,T,1714.0,1.998
MA0326.1,MAC1,4,A,115.0,-1.8904
MA0326.1,MAC1,4,C,0.0,-9.0678
MA0326.1,MAC1,4,G,1599.0,1.8978
MA0326.1,MAC1,4,T,0.0,-9.0678
MA0326.1,MAC1,5,A,0.0,-9.0678
MA0326.1,MAC1,5,C,1714.0,1.998
MA0326.1,MAC1,5,G,0.0,-9.0678
MA0326.1,MAC1,5,T,0.0,-9.0678
MA0326.1,MAC1,6,A,0.0,-9.0678
MA0326.1,MAC1,6,C,0.0,-9.0678
MA0326.1,MAC1,6,G,0.0,-9.0678
MA0326.1,MAC1,6,T,1714.0,1.998
MA0326.1,MAC1,7,A,0.0,-9.0678
MA0326.1,MAC1,7,C,1714.0,1.998
MA0326.1,MAC1,7,G,0.0,-9.0678
MA0326.1,MAC1,7,T,0.0,-9.0678
MA0326.1,MAC1,8,A,958.0,1.1492
MA0326.1,MAC1,8,C,0.0,-9.0778
MA0326.1,MAC1,8,G,655.0,0.6012
MA0326.1,MAC1,8,T,113.0,-1.9255
MA0328.1,MATALPHA2,1,A,0.0,-2.1497
MA0328.1,MATALPHA2,1,C,10.0,1.6051
MA0328.1,MATALPHA2,1,G,0.0,-2.1497
MA0328.1,MATALPHA2,1,T,1.0,-0.9798
MA0328.1,MATALPHA2,2,A,9.0,1.465
MA0328.1,MATALPHA2,2,C,0.0,-2.1497
MA0328.1,MATALPHA2,2,G,2.0,-0.3424
MA0328.1,MATALPHA2,2,T,0.0,-2.1497
MA0328.1,MATALPHA2,3,A,0.0,-2.1497
MA0328.1,MATALPHA2,3,C,0.0,-2.1497
MA0328.1,MATALPHA2,3,G,0.0,-2.1497
MA0328.1,MATALPHA2,3,T,11.0,1.7329
MA0328.1,MATALPHA2,4,A,0.0,-2.1497
MA0328.1,MATALPHA2,4,C,0.0,-2.1497
MA0328.1,MATALPHA2,4,G,11.0,1.7329
MA0328.1,MATALPHA2,4,T,0.0,-2.1497
MA0328.1,MATALPHA2,5,A,0.0,-2.1497
MA0328.1,MATALPHA2,5,C,0.0,-2.1497
MA0328.1,MATALPHA2,5,G,0.0,-2.1497
MA0328.1,MATALPHA2,5,T,11.0,1.7329
MA0328.1,MATALPHA2,6,A,10.0,1.6051
MA0328.1,MATALPHA2,6,C,0.0,-2.1497
MA0328.1,MATALPHA2,6,G,0.0,-2.1497
MA0328.1,MATALPHA2,6,T,1.0,-0.9798
MA0328.1,MATALPHA2,7,A,9.0,1.465
MA0328.1,MATALPHA2,7,C,1.0,-0.9798
MA0328.1,MATALPHA2,7,G,0.0,-2.1497
MA0328.1,MATALPHA2,7,T,1.0,-0.9798
MA0328.1,MATALPHA2,8,A,4.0,0.4352
MA0328.1,MATALPHA2,8,C,0.0,-2.1497
MA0328.1,MATALPHA2,8,G,0.0,-2.1497
MA0328.1,MATALPHA2,8,T,7.0,1.1357
MA0328.1,MATALPHA2,9,A,0.0,-2.1497
MA0328.1,MATALPHA2,9,C,0.0,-2.1497
MA0328.1,MATALPHA2,9,G,0.0,-2.1497
MA0328.1,MATALPHA2,9,T,11.0,1.7329
MA0329.2,MBP1,1,A,55.0,1.1129
MA0329.2,MBP1,1,C,10.0,-1.2563
MA0329.2,MBP1,1,G,18.0,-0.4566
MA0329.2,MBP1,1,T,17.0,-0.5355
MA0329.2,MBP1,2,A,0.0,-5.0112
MA0329.2,MBP1,2,C,100.0,1.9661
MA0329.2,MBP1,2,G,0.0,-5.0112
MA0329.2,MBP1,2,T,0.0,-5.0112
MA0329.2,MBP1,3,A,15.0,-0.7074
MA0329.2,MBP1,3,C,0.0,-5.0112
MA0329.2,MBP1,3,G,85.0,1.7336
MA0329.2,MBP1,3,T,0.0,-5.0112
MA0329.2,MBP1,4,A,0.0,-5.0112
MA0329.2,MBP1,4,C,88.0,1.7832
MA0329.2,MBP1,4,G,0.0,-5.0112
MA0329.2,MBP1,4,T,12.0,-1.0112
MA0329.2,MBP1,5,A,0.0,-5.0112
MA0329.2,MBP1,5,C,2.0,-3.2039
MA0329.2,MBP1,5,G,98.0,1.9371
MA0329.2,MBP1,5,T,0.0,-5.0112
MA0330.1,MBP1::SWI6,1,A,15153.0,1.4335
MA0330.1,MBP1::SWI6,1,C,0.0,-12.7759
MA0330.1,MBP1::SWI6,1,G,405.0,-3.7893
MA0330.1,MBP1::SWI6,1,T,6881.0,0.2946
MA0330.1,MBP1::SWI6,2,A,82.0,-6.0737
MA0330.1,MBP1::SWI6,2,C,21942.0,1.9762
MA0330.1,MBP1::SWI6,2,G,101.0,-5.7756
MA0330.1,MBP1::SWI6,2,T,179.0,-4.955
MA0330.1,MBP1::SWI6,3,A,45.0,-6.9233
MA0330.1,MBP1::SWI6,3,C,182.0,-4.9265
MA0330.1,MBP1::SWI6,3,G,21983.0,1.9835
MA0330.1,MBP1::SWI6,3,T,23.0,-7.8677
MA0330.1,MBP1::SWI6,4,A,31.0,-7.458
MA0330.1,MBP1::SWI6,4,C,19078.0,1.7707
MA0330.1,MBP1::SWI6,4,G,188.0,-4.8883
MA0330.1,MBP1::SWI6,4,T,3065.0,-0.8669
MA0330.1,MBP1::SWI6,5,A,59.0,-6.5393
MA0330.1,MBP1::SWI6,5,C,182.0,-4.9272
MA0330.1,MBP1::SWI6,5,G,21982.0,1.9828
MA0330.1,MBP1::SWI6,5,T,21.0,-7.9951
MA0330.1,MBP1::SWI6,6,A,726.0,-2.959
MA0330.1,MBP1::SWI6,6,C,1491.0,-1.9216
MA0330.1,MBP1::SWI6,6,G,1506.0,-1.9072
MA0330.1,MBP1::SWI6,6,T,18880.0,1.7402
MA0330.1,MBP1::SWI6,7,A,365.0,-4.0234
MA0330.1,MBP1::SWI6,7,C,9107.0,0.6146
MA0330.1,MBP1::SWI6,7,G,882.0,-2.7524
MA0330.1,MBP1::SWI6,7,T,13437.0,1.1757
MA0331.1,MCM1,1,A,1692.0,-1.0297
MA0331.1,MCM1,1,C,11356.0,1.7164
MA0331.1,MCM1,1,G,405.0,-3.0903
MA0331.1,MCM1,1,T,368.0,-3.2282
MA0331.1,MCM1,2,A,97.0,-5.1411
MA0331.1,MCM1,2,C,12733.0,1.8836
MA0331.1,MCM1,2,G,0.0,-12.0747
MA0331.1,MCM1,2,T,971.0,-1.8283
MA0331.1,MCM1,3,A,3002.0,-0.4347
MA0331.1,MCM1,3,C,5897.0,0.5392
MA0331.1,MCM1,3,G,3023.0,-0.4246
MA0331.1,MCM1,3,T,4309.0,0.0867
MA0331.1,MCM1,4,A,6037.0,0.6517
MA0331.1,MCM1,4,C,2220.0,-0.7913
MA0331.1,MCM1,4,G,3432.0,-0.163
MA0331.1,MCM1,4,T,3681.0,-0.0619
MA0331.1,MCM1,5,A,7789.0,1.155
MA0331.1,MCM1,5,C,195.0,-4.1591
MA0331.1,MCM1,5,G,642.0,-2.4441
MA0331.1,MCM1,5,T,5363.0,0.6167
MA0331.1,MCM1,6,A,936.0,-1.8768
MA0331.1,MCM1,6,C,237.0,-3.8548
MA0331.1,MCM1,6,G,0.0,-12.0704
MA0331.1,MCM1,6,T,12586.0,1.8712
MA0331.1,MCM1,7,A,1175.0,-1.6437
MA0331.1,MCM1,7,C,3860.0,0.0715
MA0331.1,MCM1,7,G,542.0,-2.7589
MA0331.1,MCM1,7,T,9116.0,1.3112
MA0331.1,MCM1,8,A,6619.0,0.7539
MA0331.1,MCM1,8,C,1176.0,-1.738
MA0331.1,MCM1,8,G,5947.0,0.5995
MA0331.1,MCM1,8,T,1957.0,-1.0037
MA0331.1,MCM1,9,A,612.0,-2.4878
MA0331.1,MCM1,9,C,32.0,-6.7114
MA0331.1,MCM1,9,G,13102.0,1.9305
MA0331.1,MCM1,9,T,0.0,-12.069
MA0331.1,MCM1,10,A,117.0,-4.8534
MA0331.1,MCM1,10,C,134.0,-4.6589
MA0331.1,MCM1,10,G,13351.0,1.9712
MA0331.1,MCM1,10,T,16.0,-7.6632
MA0331.1,MCM1,11,A,10592.0,1.5893
MA0331.1,MCM1,11,C,966.0,-1.8644
MA0331.1,MCM1,11,G,319.0,-3.4605
MA0331.1,MCM1,11,T,2201.0,-0.677
MA0331.1,MCM1,12,A,12477.0,1.8647
MA0331.1,MCM1,12,C,399.0,-3.0992
MA0331.1,MCM1,12,G,350.0,-3.2878
MA0331.1,MCM1,12,T,475.0,-2.8481
MA0332.1,MET28,1,A,0.0,-6.0098
MA0332.1,MET28,1,C,203.0,1.9831
MA0332.1,MET28,1,G,0.0,-6.0098
MA0332.1,MET28,1,T,0.0,-6.0098
MA0332.1,MET28,2,A,0.0,-6.0098
MA0332.1,MET28,2,C,0.0,-6.0098
MA0332.1,MET28,2,G,0.0,-6.0098
MA0332.1,MET28,2,T,203.0,1.9831
MA0332.1,MET28,3,A,0.0,-6.0098
MA0332.1,MET28,3,C,0.0,-6.0098
MA0332.1,MET28,3,G,203.0,1.9831
MA0332.1,MET28,3,T,0.0,-6.0098
MA0332.1,MET28,4,A,0.0,-6.0098
MA0332.1,MET28,4,C,0.0,-6.0098
MA0332.1,MET28,4,G,0.0,-6.0098
MA0332.1,MET28,4,T,203.0,1.9831
MA0332.1,MET28,5,A,0.0,-6.0098
MA0332.1,MET28,5,C,0.0,-6.0098
MA0332.1,MET28,5,G,203.0,1.9831
MA0332.1,MET28,5,T,0.0,-6.0098
MA0332.1,MET28,6,A,0.0,-6.0098
MA0332.1,MET28,6,C,0.0,-6.0098
MA0332.1,MET28,6,G,203.0,1.9831
MA0332.1,MET28,6,T,0.0,-6.0098
MA0333.2,MET31,1,A,0.0,-5.0112
MA0333.2,MET31,1,C,0.0,-5.0112
MA0333.2,MET31,1,G,100.0,1.9661
MA0333.2,MET31,1,T,0.0,-5.0112
MA0333.2,MET31,2,A,0.0,-5.0112
MA0333.2,MET31,2,C,0.0,-5.0112
MA0333.2,MET31,2,G,0.0,-5.0112
MA0333.2,MET31,2,T,100.0,1.9661
MA0333.2,MET31,3,A,0.0,-5.0112
MA0333.2,MET31,3,C,0.0,-5.0112
MA0333.2,MET31,3,G,100.0,1.9661
MA0333.2,MET31,3,T,0.0,-5.0112
MA0333.2,MET31,4,A,0.0,-5.0112
MA0333.2,MET31,4,C,0.0,-5.0112
MA0333.2,MET31,4,G,100.0,1.9661
MA0333.2,MET31,4,T,0.0,-5.0112
MA0333.2,MET31,5,A,0.0,-5.0112
MA0333.2,MET31,5,C,100.0,1.9661
MA0333.2,MET31,5,G,0.0,-5.0112
MA0333.2,MET31,5,T,0.0,-5.0112
MA0333.2,MET31,6,A,10.0,-1.2423
MA0333.2,MET31,6,C,0.0,-4.9972
MA0333.2,MET31,6,G,69.0,1.4499
MA0333.2,MET31,6,T,20.0,-0.2967
MA0334.2,MET32,1,A,11.0,-1.1286
MA0334.2,MET32,1,C,5.0,-2.1532
MA0334.2,MET32,1,G,77.0,1.5924
MA0334.2,MET32,1,T,7.0,-1.7258
MA0334.2,MET32,2,A,0.0,-4.9972
MA0334.2,MET32,2,C,99.0,1.9657
MA0334.2,MET32,2,G,0.0,-4.9972
MA0334.2,MET32,2,T,0.0,-4.9972
MA0334.2,MET32,3,A,0.0,-5.0112
MA0334.2,MET32,3,C,100.0,1.9661
MA0334.2,MET32,3,G,0.0,-5.0112
MA0334.2,MET32,3,T,0.0,-5.0112
MA0334.2,MET32,4,A,93.0,1.8763
MA0334.2,MET32,4,C,3.0,-2.7493
MA0334.2,MET32,4,G,0.0,-4.9972
MA0334.2,MET32,4,T,3.0,-2.7493
MA0334.2,MET32,5,A,0.0,-5.0112
MA0334.2,MET32,5,C,99.0,1.9517
MA0334.2,MET32,5,G,0.0,-5.0112
MA0334.2,MET32,5,T,1.0,-3.8413
MA0334.2,MET32,6,A,64.0,1.3286
MA0334.2,MET32,6,C,15.0,-0.7074
MA0334.2,MET32,6,G,12.0,-1.0112
MA0334.2,MET32,6,T,9.0,-1.3965
MA0336.2,MGA1,1,A,787.0,1.6527
MA0336.2,MGA1,1,C,3.0,-6.043
MA0336.2,MGA1,1,G,198.0,-0.3338
MA0336.2,MGA1,1,T,11.0,-4.4082
MA0336.2,MGA1,2,A,192.0,-0.378
MA0336.2,MGA1,2,C,110.0,-1.1771
MA0336.2,MGA1,2,G,166.0,-0.587
MA0336.2,MGA1,2,T,531.0,1.0858
MA0336.2,MGA1,3,A,701.0,1.4874
MA0336.2,MGA1,3,C,197.0,-0.3396
MA0336.2,MGA1,3,G,98.0,-1.3411
MA0336.2,MGA1,3,T,2.0,-6.4821
MA0336.2,MGA1,4,A,5.0,-5.4315
MA0336.2,MGA1,4,C,2.0,-6.4821
MA0336.2,MGA1,4,G,989.0,1.9835
MA0336.2,MGA1,4,T,2.0,-6.4821
MA0336.2,MGA1,5,A,990.0,1.9864
MA0336.2,MGA1,5,C,2.0,-6.4806
MA0336.2,MGA1,5,G,3.0,-6.0401
MA0336.2,MGA1,5,T,2.0,-6.4806
MA0336.2,MGA1,6,A,990.0,1.9835
MA0336.2,MGA1,6,C,2.0,-6.4835
MA0336.2,MGA1,6,G,2.0,-6.4835
MA0336.2,MGA1,6,T,5.0,-5.4329
MA0336.2,MGA1,7,A,12.0,-4.2894
MA0336.2,MGA1,7,C,815.0,1.7046
MA0336.2,MGA1,7,G,15.0,-3.9857
MA0336.2,MGA1,7,T,156.0,-0.6747
MA0336.2,MGA1,8,A,844.0,1.7564
MA0336.2,MGA1,8,C,39.0,-2.6514
MA0336.2,MGA1,8,G,82.0,-1.5945
MA0336.2,MGA1,8,T,32.0,-2.9304
MA0336.2,MGA1,9,A,68.0,-1.8632
MA0336.2,MGA1,9,C,505.0,1.0149
MA0336.2,MGA1,9,G,70.0,-1.8218
MA0336.2,MGA1,9,T,355.0,0.5074
MA0337.2,MIG1,1,A,1.0,-3.8413
MA0337.2,MIG1,1,C,97.0,1.9225
MA0337.2,MIG1,1,G,1.0,-3.8413
MA0337.2,MIG1,1,T,1.0,-3.8413
MA0337.2,MIG1,2,A,0.0,-5.0112
MA0337.2,MIG1,2,C,100.0,1.9661
MA0337.2,MIG1,2,G,0.0,-5.0112
MA0337.2,MIG1,2,T,0.0,-5.0112
MA0337.2,MIG1,3,A,0.0,-5.0112
MA0337.2,MIG1,3,C,100.0,1.9661
MA0337.2,MIG1,3,G,0.0,-5.0112
MA0337.2,MIG1,3,T,0.0,-5.0112
MA0337.2,MIG1,4,A,0.0,-5.0112
MA0337.2,MIG1,4,C,100.0,1.9661
MA0337.2,MIG1,4,G,0.0,-5.0112
MA0337.2,MIG1,4,T,0.0,-5.0112
MA0337.2,MIG1,5,A,46.0,0.8591
MA0337.2,MIG1,5,C,3.0,-2.7633
MA0337.2,MIG1,5,G,50.0,0.9775
MA0337.2,MIG1,5,T,1.0,-3.8413
MA0337.2,MIG1,6,A,5.0,-2.1392
MA0337.2,MIG1,6,C,57.0,1.1777
MA0337.2,MIG1,6,G,30.0,0.2696
MA0337.2,MIG1,6,T,7.0,-1.7118
MA0338.2,MIG2,1,A,1.0,-3.8413
MA0338.2,MIG2,1,C,96.0,1.9076
MA0338.2,MIG2,1,G,2.0,-3.2039
MA0338.2,MIG2,1,T,1.0,-3.8413
MA0338.2,MIG2,2,A,0.0,-5.0112
MA0338.2,MIG2,2,C,100.0,1.9661
MA0338.2,MIG2,2,G,0.0,-5.0112
MA0338.2,MIG2,2,T,0.0,-5.0112
MA0338.2,MIG2,3,A,0.0,-5.0112
MA0338.2,MIG2,3,C,100.0,1.9661
MA0338.2,MIG2,3,G,0.0,-5.0112
MA0338.2,MIG2,3,T,0.0,-5.0112
MA0338.2,MIG2,4,A,0.0,-5.0112
MA0338.2,MIG2,4,C,100.0,1.9661
MA0338.2,MIG2,4,G,0.0,-5.0112
MA0338.2,MIG2,4,T,0.0,-5.0112
MA0338.2,MIG2,5,A,36.0,0.5123
MA0338.2,MIG2,5,C,11.0,-1.1286
MA0338.2,MIG2,5,G,52.0,1.0332
MA0338.2,MIG2,5,T,1.0,-3.8413
MA0338.2,MIG2,6,A,5.0,-2.1672
MA0338.2,MIG2,6,C,77.0,1.5785
MA0338.2,MIG2,6,G,13.0,-0.9166
MA0338.2,MIG2,6,T,6.0,-1.9377
MA0339.2,MIG3,1,A,1.0,-3.8552
MA0339.2,MIG3,1,C,98.0,1.9232
MA0339.2,MIG3,1,G,1.0,-3.8552
MA0339.2,MIG3,1,T,1.0,-3.8552
MA0339.2,MIG3,2,A,0.0,-5.0112
MA0339.2,MIG3,2,C,94.0,1.8775
MA0339.2,MIG3,2,G,0.0,-5.0112
MA0339.2,MIG3,2,T,6.0,-1.9238
MA0339.2,MIG3,3,A,0.0,-5.0112
MA0339.2,MIG3,3,C,100.0,1.9661
MA0339.2,MIG3,3,G,0.0,-5.0112
MA0339.2,MIG3,3,T,0.0,-5.0112
MA0339.2,MIG3,4,A,0.0,-5.0112
MA0339.2,MIG3,4,C,100.0,1.9661
MA0339.2,MIG3,4,G,0.0,-5.0112
MA0339.2,MIG3,4,T,0.0,-5.0112
MA0339.2,MIG3,5,A,41.0,0.7102
MA0339.2,MIG3,5,C,2.0,-3.1898
MA0339.2,MIG3,5,G,55.0,1.1269
MA0339.2,MIG3,5,T,1.0,-3.8273
MA0339.2,MIG3,6,A,5.0,-2.1532
MA0339.2,MIG3,6,C,69.0,1.4359
MA0339.2,MIG3,6,G,17.0,-0.5355
MA0339.2,MIG3,6,T,9.0,-1.3965
MA0379.1,MOT2,1,A,93.0,1.8622
MA0379.1,MOT2,1,C,2.0,-3.2039
MA0379.1,MOT2,1,G,0.0,-5.0112
MA0379.1,MOT2,1,T,5.0,-2.1532
MA0379.1,MOT2,2,A,0.0,-4.9972
MA0379.1,MOT2,2,C,0.0,-4.9972
MA0379.1,MOT2,2,G,0.0,-4.9972
MA0379.1,MOT2,2,T,99.0,1.9657
MA0379.1,MOT2,3,A,99.0,1.9657
MA0379.1,MOT2,3,C,0.0,-4.9972
MA0379.1,MOT2,3,G,0.0,-4.9972
MA0379.1,MOT2,3,T,0.0,-4.9972
MA0379.1,MOT2,4,A,0.0,-4.9972
MA0379.1,MOT2,4,C,0.0,-4.9972
MA0379.1,MOT2,4,G,0.0,-4.9972
MA0379.1,MOT2,4,T,99.0,1.9657
MA0379.1,MOT2,5,A,99.0,1.9657
MA0379.1,MOT2,5,C,0.0,-4.9972
MA0379.1,MOT2,5,G,0.0,-4.9972
MA0379.1,MOT2,5,T,0.0,-4.9972
MA0340.1,MOT3,1,A,67.0,0.4094
MA0340.1,MOT3,1,C,67.0,0.4094
MA0340.1,MOT3,1,G,0.0,-5.9958
MA0340.1,MOT3,1,T,67.0,0.4094
MA0340.1,MOT3,2,A,203.0,1.9831
MA0340.1,MOT3,2,C,0.0,-6.0098
MA0340.1,MOT3,2,G,0.0,-6.0098
MA0340.1,MOT3,2,T,0.0,-6.0098
MA0340.1,MOT3,3,A,0.0,-6.0098
MA0340.1,MOT3,3,C,0.0,-6.0098
MA0340.1,MOT3,3,G,203.0,1.9831
MA0340.1,MOT3,3,T,0.0,-6.0098
MA0340.1,MOT3,4,A,0.0,-6.0098
MA0340.1,MOT3,4,C,0.0,-6.0098
MA0340.1,MOT3,4,G,203.0,1.9831
MA0340.1,MOT3,4,T,0.0,-6.0098
MA0340.1,MOT3,5,A,0.0,-6.0028
MA0340.1,MOT3,5,C,101.0,0.9887
MA0340.1,MOT3,5,G,0.0,-6.0028
MA0340.1,MOT3,5,T,101.0,0.9887
MA0340.1,MOT3,6,A,203.0,1.9831
MA0340.1,MOT3,6,C,0.0,-6.0098
MA0340.1,MOT3,6,G,0.0,-6.0098
MA0340.1,MOT3,6,T,0.0,-6.0098
MA0341.1,MSN2,1,A,60.0,1.2507
MA0341.1,MSN2,1,C,7.0,-1.7118
MA0341.1,MSN2,1,G,32.0,0.3604
MA0341.1,MSN2,1,T,0.0,-4.9972
MA0341.1,MSN2,2,A,0.0,-5.0112
MA0341.1,MSN2,2,C,0.0,-5.0112
MA0341.1,MSN2,2,G,100.0,1.9661
MA0341.1,MSN2,2,T,0.0,-5.0112
MA0341.1,MSN2,3,A,0.0,-5.0112
MA0341.1,MSN2,3,C,0.0,-5.0112
MA0341.1,MSN2,3,G,100.0,1.9661
MA0341.1,MSN2,3,T,0.0,-5.0112
MA0341.1,MSN2,4,A,0.0,-5.0112
MA0341.1,MSN2,4,C,0.0,-5.0112
MA0341.1,MSN2,4,G,100.0,1.9661
MA0341.1,MSN2,4,T,0.0,-5.0112
MA0341.1,MSN2,5,A,0.0,-5.0112
MA0341.1,MSN2,5,C,0.0,-5.0112
MA0341.1,MSN2,5,G,100.0,1.9661
MA0341.1,MSN2,5,T,0.0,-5.0112
MA0342.1,MSN4,1,A,83.0,1.7136
MA0342.1,MSN4,1,C,0.0,-4.9972
MA0342.1,MSN4,1,G,16.0,-0.6049
MA0342.1,MSN4,1,T,0.0,-4.9972
MA0342.1,MSN4,2,A,0.0,-4.9972
MA0342.1,MSN4,2,C,0.0,-4.9972
MA0342.1,MSN4,2,G,99.0,1.9657
MA0342.1,MSN4,2,T,0.0,-4.9972
MA0342.1,MSN4,3,A,0.0,-4.9972
MA0342.1,MSN4,3,C,0.0,-4.9972
MA0342.1,MSN4,3,G,99.0,1.9657
MA0342.1,MSN4,3,T,0.0,-4.9972
MA0342.1,MSN4,4,A,0.0,-4.9972
MA0342.1,MSN4,4,C,0.0,-4.9972
MA0342.1,MSN4,4,G,99.0,1.9657
MA0342.1,MSN4,4,T,0.0,-4.9972
MA0342.1,MSN4,5,A,0.0,-5.0112
MA0342.1,MSN4,5,C,0.0,-5.0112
MA0342.1,MSN4,5,G,99.0,1.9517
MA0342.1,MSN4,5,T,1.0,-3.8413
MA0343.2,NDT80,1,A,188.0,-0.4082
MA0343.2,NDT80,1,C,20.0,-3.5904
MA0343.2,NDT80,1,G,675.0,1.4315
MA0343.2,NDT80,1,T,116.0,-1.1011
MA0343.2,NDT80,2,A,444.0,0.8295
MA0343.2,NDT80,2,C,483.0,0.9508
MA0343.2,NDT80,2,G,41.0,-2.5821
MA0343.2,NDT80,2,T,30.0,-3.0227
MA0343.2,NDT80,3,A,12.0,-4.2894
MA0343.2,NDT80,3,C,948.0,1.9224
MA0343.2,NDT80,3,G,4.0,-5.7045
MA0343.2,NDT80,3,T,34.0,-2.8465
MA0343.2,NDT80,4,A,940.0,1.9102
MA0343.2,NDT80,4,C,7.0,-5.004
MA0343.2,NDT80,4,G,45.0,-2.4502
MA0343.2,NDT80,4,T,6.0,-5.202
MA0343.2,NDT80,5,A,18.0,-3.7334
MA0343.2,NDT80,5,C,967.0,1.9525
MA0343.2,NDT80,5,G,6.0,-5.2005
MA0343.2,NDT80,5,T,6.0,-5.2005
MA0343.2,NDT80,6,A,965.0,1.9481
MA0343.2,NDT80,6,C,4.0,-5.7045
MA0343.2,NDT80,6,G,9.0,-4.6747
MA0343.2,NDT80,6,T,20.0,-3.589
MA0343.2,NDT80,7,A,970.0,1.9555
MA0343.2,NDT80,7,C,5.0,-5.4315
MA0343.2,NDT80,7,G,15.0,-3.9857
MA0343.2,NDT80,7,T,8.0,-4.83
MA0343.2,NDT80,8,A,945.0,1.9164
MA0343.2,NDT80,8,C,3.0,-6.043
MA0343.2,NDT80,8,G,14.0,-4.0814
MA0343.2,NDT80,8,T,37.0,-2.7286
MA0343.2,NDT80,9,A,713.0,1.5133
MA0343.2,NDT80,9,C,24.0,-3.3338
MA0343.2,NDT80,9,G,236.0,-0.0785
MA0343.2,NDT80,9,T,24.0,-3.3338
MA0344.1,NHP10,1,A,20.0,-0.3108
MA0344.1,NHP10,1,C,10.0,-1.2563
MA0344.1,NHP10,1,G,60.0,1.2367
MA0344.1,NHP10,1,T,10.0,-1.2563
MA0344.1,NHP10,2,A,8.0,-1.5795
MA0344.1,NHP10,2,C,78.0,1.5831
MA0344.1,NHP10,2,G,8.0,-1.5795
MA0344.1,NHP10,2,T,8.0,-1.5795
MA0344.1,NHP10,3,A,0.0,-5.0112
MA0344.1,NHP10,3,C,100.0,1.9661
MA0344.1,NHP10,3,G,0.0,-5.0112
MA0344.1,NHP10,3,T,0.0,-5.0112
MA0344.1,NHP10,4,A,0.0,-5.0112
MA0344.1,NHP10,4,C,0.0,-5.0112
MA0344.1,NHP10,4,G,100.0,1.9661
MA0344.1,NHP10,4,T,0.0,-5.0112
MA0344.1,NHP10,5,A,0.0,-5.0112
MA0344.1,NHP10,5,C,0.0,-5.0112
MA0344.1,NHP10,5,G,100.0,1.9661
MA0344.1,NHP10,5,T,0.0,-5.0112
MA0344.1,NHP10,6,A,0.0,-5.0112
MA0344.1,NHP10,6,C,0.0,-5.0112
MA0344.1,NHP10,6,G,100.0,1.9661
MA0344.1,NHP10,6,T,0.0,-5.0112
MA0344.1,NHP10,7,A,0.0,-5.0112
MA0344.1,NHP10,7,C,0.0,-5.0112
MA0344.1,NHP10,7,G,100.0,1.9661
MA0344.1,NHP10,7,T,0.0,-5.0112
MA0344.1,NHP10,8,A,68.0,1.3873
MA0344.1,NHP10,8,C,8.0,-1.5795
MA0344.1,NHP10,8,G,18.0,-0.4843
MA0344.1,NHP10,8,T,8.0,-1.5795
MA0347.3,NRG1,1,A,27.0,1.1189
MA0347.3,NRG1,1,C,17.0,0.4757
MA0347.3,NRG1,1,G,1.0,-2.8301
MA0347.3,NRG1,1,T,3.0,-1.7521
MA0347.3,NRG1,2,A,45.0,1.8392
MA0347.3,NRG1,2,C,2.0,-2.1926
MA0347.3,NRG1,2,G,1.0,-2.8301
MA0347.3,NRG1,2,T,0.0,-4.0
MA0347.3,NRG1,3,A,0.0,-4.0
MA0347.3,NRG1,3,C,0.0,-4.0
MA0347.3,NRG1,3,G,48.0,1.9307
MA0347.3,NRG1,3,T,0.0,-4.0
MA0347.3,NRG1,4,A,0.0,-4.0
MA0347.3,NRG1,4,C,0.0,-4.0
MA0347.3,NRG1,4,G,48.0,1.9307
MA0347.3,NRG1,4,T,0.0,-4.0
MA0347.3,NRG1,5,A,0.0,-4.0
MA0347.3,NRG1,5,C,0.0,-4.0
MA0347.3,NRG1,5,G,48.0,1.9307
MA0347.3,NRG1,5,T,0.0,-4.0
MA0347.3,NRG1,6,A,7.0,-0.7146
MA0347.3,NRG1,6,C,4.0,-1.415
MA0347.3,NRG1,6,G,1.0,-2.8301
MA0347.3,NRG1,6,T,36.0,1.5236
MA0347.3,NRG1,7,A,0.0,-4.0
MA0347.3,NRG1,7,C,43.0,1.7748
MA0347.3,NRG1,7,G,1.0,-2.8301
MA0347.3,NRG1,7,T,4.0,-1.415
MA0347.3,NRG1,8,A,0.0,-4.0
MA0347.3,NRG1,8,C,43.0,1.7748
MA0347.3,NRG1,8,G,2.0,-2.1926
MA0347.3,NRG1,8,T,3.0,-1.7521
MA0421.1,NSI1,1,A,174.0,-1.4484
MA0421.1,NSI1,1,C,0.0,-9.2199
MA0421.1,NSI1,1,G,274.0,-0.7958
MA0421.1,NSI1,1,T,1457.0,1.6116
MA0421.1,NSI1,2,A,0.0,-9.1832
MA0421.1,NSI1,2,C,0.0,-9.1832
MA0421.1,NSI1,2,G,40.0,-3.5107
MA0421.1,NSI1,2,T,1817.0,1.9667
MA0421.1,NSI1,3,A,0.0,-9.2063
MA0421.1,NSI1,3,C,103.0,-2.1867
MA0421.1,NSI1,3,G,0.0,-9.2063
MA0421.1,NSI1,3,T,1784.0,1.9172
MA0421.1,NSI1,4,A,1832.0,1.9981
MA0421.1,NSI1,4,C,0.0,-9.1636
MA0421.1,NSI1,4,G,0.0,-9.1636
MA0421.1,NSI1,4,T,0.0,-9.1636
MA0421.1,NSI1,5,A,0.0,-9.1636
MA0421.1,NSI1,5,C,1832.0,1.9981
MA0421.1,NSI1,5,G,0.0,-9.1636
MA0421.1,NSI1,5,T,0.0,-9.1636
MA0421.1,NSI1,6,A,0.0,-9.1636
MA0421.1,NSI1,6,C,1832.0,1.9981
MA0421.1,NSI1,6,G,0.0,-9.1636
MA0421.1,NSI1,6,T,0.0,-9.1636
MA0421.1,NSI1,7,A,118.0,-1.9689
MA0421.1,NSI1,7,C,1739.0,1.9035
MA0421.1,NSI1,7,G,0.0,-9.1832
MA0421.1,NSI1,7,T,0.0,-9.1832
MA0421.1,NSI1,8,A,0.0,-9.1636
MA0421.1,NSI1,8,C,0.0,-9.1636
MA0421.1,NSI1,8,G,1832.0,1.9981
MA0421.1,NSI1,8,T,0.0,-9.1636
MA0421.1,NSI1,9,A,49.0,-3.2044
MA0421.1,NSI1,9,C,0.0,-9.1644
MA0421.1,NSI1,9,G,1784.0,1.959
MA0421.1,NSI1,9,T,0.0,-9.1644
MA0421.1,NSI1,10,A,779.0,0.6188
MA0421.1,NSI1,10,C,841.0,0.7292
MA0421.1,NSI1,10,G,117.0,-2.1079
MA0421.1,NSI1,10,T,291.0,-0.7993
MA0348.2,OAF1,1,A,0.0,-5.0112
MA0348.2,OAF1,1,C,100.0,1.9661
MA0348.2,OAF1,1,G,0.0,-5.0112
MA0348.2,OAF1,1,T,0.0,-5.0112
MA0348.2,OAF1,2,A,0.0,-5.0112
MA0348.2,OAF1,2,C,0.0,-5.0112
MA0348.2,OAF1,2,G,100.0,1.9661
MA0348.2,OAF1,2,T,0.0,-5.0112
MA0348.2,OAF1,3,A,0.0,-5.0112
MA0348.2,OAF1,3,C,0.0,-5.0112
MA0348.2,OAF1,3,G,100.0,1.9661
MA0348.2,OAF1,3,T,0.0,-5.0112
MA0348.2,OAF1,4,A,56.0,1.1526
MA0348.2,OAF1,4,C,0.0,-4.9972
MA0348.2,OAF1,4,G,43.0,0.7776
MA0348.2,OAF1,4,T,0.0,-4.9972
MA0348.2,OAF1,5,A,7.0,-1.7258
MA0348.2,OAF1,5,C,0.0,-5.0112
MA0348.2,OAF1,5,G,86.0,1.7503
MA0348.2,OAF1,5,T,7.0,-1.7258
MA0348.2,OAF1,6,A,68.0,1.4011
MA0348.2,OAF1,6,C,4.0,-2.4402
MA0348.2,OAF1,6,G,4.0,-2.4402
MA0348.2,OAF1,6,T,25.0,-0.0139
MA0348.2,OAF1,7,A,14.0,-0.7877
MA0348.2,OAF1,7,C,7.0,-1.7118
MA0348.2,OAF1,7,G,7.0,-1.7118
MA0348.2,OAF1,7,T,71.0,1.4907
MA0348.2,OAF1,8,A,56.0,1.1668
MA0348.2,OAF1,8,C,14.0,-0.7735
MA0348.2,OAF1,8,G,14.0,-0.7735
MA0348.2,OAF1,8,T,14.0,-0.7735
MA0349.2,OPI1,1,A,0.0,-6.4625
MA0349.2,OPI1,1,C,0.0,-6.4625
MA0349.2,OPI1,1,G,279.0,1.9877
MA0349.2,OPI1,1,T,0.0,-6.4625
MA0349.2,OPI1,2,A,166.0,1.9624
MA0349.2,OPI1,2,C,2.0,-3.9341
MA0349.2,OPI1,2,G,0.0,-5.7415
MA0349.2,OPI1,2,T,0.0,-5.7415
MA0349.2,OPI1,3,A,169.0,1.9798
MA0349.2,OPI1,3,C,0.0,-5.7499
MA0349.2,OPI1,3,G,0.0,-5.7499
MA0349.2,OPI1,3,T,0.0,-5.7499
MA0349.2,OPI1,4,A,0.0,-6.4051
MA0349.2,OPI1,4,C,268.0,1.9872
MA0349.2,OPI1,4,G,0.0,-6.4051
MA0349.2,OPI1,4,T,0.0,-6.4051
MA0349.2,OPI1,5,A,0.0,-6.4315
MA0349.2,OPI1,5,C,273.0,1.9874
MA0349.2,OPI1,5,G,0.0,-6.4315
MA0349.2,OPI1,5,T,0.0,-6.4315
MA0352.3,PDR1,1,A,18.0,-0.969
MA0352.3,PDR1,1,C,16.0,-1.1312
MA0352.3,PDR1,1,G,6.0,-2.4361
MA0352.3,PDR1,1,T,104.0,1.5099
MA0352.3,PDR1,2,A,2.0,-3.7162
MA0352.3,PDR1,2,C,9.0,-1.9089
MA0352.3,PDR1,2,G,0.0,-5.5236
MA0352.3,PDR1,2,T,133.0,1.8623
MA0352.3,PDR1,3,A,1.0,-4.3536
MA0352.3,PDR1,3,C,140.0,1.9359
MA0352.3,PDR1,3,G,0.0,-5.5236
MA0352.3,PDR1,3,T,3.0,-3.2756
MA0352.3,PDR1,4,A,7.0,-2.2382
MA0352.3,PDR1,4,C,130.0,1.8296
MA0352.3,PDR1,4,G,3.0,-3.2756
MA0352.3,PDR1,4,T,4.0,-2.9386
MA0352.3,PDR1,5,A,72.0,0.9842
MA0352.3,PDR1,5,C,1.0,-4.3536
MA0352.3,PDR1,5,G,70.0,0.944
MA0352.3,PDR1,5,T,1.0,-4.3536
MA0352.3,PDR1,6,A,0.0,-5.5236
MA0352.3,PDR1,6,C,132.0,1.8515
MA0352.3,PDR1,6,G,0.0,-5.5236
MA0352.3,PDR1,6,T,12.0,-1.5236
MA0352.3,PDR1,7,A,2.0,-3.7162
MA0352.3,PDR1,7,C,1.0,-4.3536
MA0352.3,PDR1,7,G,138.0,1.9152
MA0352.3,PDR1,7,T,3.0,-3.2756
MA0352.3,PDR1,8,A,1.0,-4.3536
MA0352.3,PDR1,8,C,1.0,-4.3536
MA0352.3,PDR1,8,G,142.0,1.9562
MA0352.3,PDR1,8,T,0.0,-5.5236
MA0352.3,PDR1,9,A,132.0,1.8515
MA0352.3,PDR1,9,C,1.0,-4.3536
MA0352.3,PDR1,9,G,7.0,-2.2382
MA0352.3,PDR1,9,T,4.0,-2.9386
MA0352.3,PDR1,10,A,105.0,1.5236
MA0352.3,PDR1,10,C,8.0,-2.0641
MA0352.3,PDR1,10,G,19.0,-0.8942
MA0352.3,PDR1,10,T,12.0,-1.5236
MA0353.1,PDR3,1,A,0.0,-6.0098
MA0353.1,PDR3,1,C,0.0,-6.0098
MA0353.1,PDR3,1,G,0.0,-6.0098
MA0353.1,PDR3,1,T,203.0,1.9831
MA0353.1,PDR3,2,A,0.0,-6.0098
MA0353.1,PDR3,2,C,203.0,1.9831
MA0353.1,PDR3,2,G,0.0,-6.0098
MA0353.1,PDR3,2,T,0.0,-6.0098
MA0353.1,PDR3,3,A,0.0,-6.0098
MA0353.1,PDR3,3,C,203.0,1.9831
MA0353.1,PDR3,3,G,0.0,-6.0098
MA0353.1,PDR3,3,T,0.0,-6.0098
MA0353.1,PDR3,4,A,0.0,-6.0098
MA0353.1,PDR3,4,C,0.0,-6.0098
MA0353.1,PDR3,4,G,203.0,1.9831
MA0353.1,PDR3,4,T,0.0,-6.0098
MA0353.1,PDR3,5,A,0.0,-6.0098
MA0353.1,PDR3,5,C,203.0,1.9831
MA0353.1,PDR3,5,G,0.0,-6.0098
MA0353.1,PDR3,5,T,0.0,-6.0098
MA0353.1,PDR3,6,A,0.0,-6.0098
MA0353.1,PDR3,6,C,0.0,-6.0098
MA0353.1,PDR3,6,G,203.0,1.9831
MA0353.1,PDR3,6,T,0.0,-6.0098
MA0353.1,PDR3,7,A,0.0,-6.0098
MA0353.1,PDR3,7,C,0.0,-6.0098
MA0353.1,PDR3,7,G,203.0,1.9831
MA0353.1,PDR3,7,T,0.0,-6.0098
MA0353.1,PDR3,8,A,203.0,1.9831
MA0353.1,PDR3,8,C,0.0,-6.0098
MA0353.1,PDR3,8,G,0.0,-6.0098
MA0353.1,PDR3,8,T,0.0,-6.0098
MA0354.2,PDR8,1,A,0.0,-5.0112
MA0354.2,PDR8,1,C,100.0,1.9661
MA0354.2,PDR8,1,G,0.0,-5.0112
MA0354.2,PDR8,1,T,0.0,-5.0112
MA0354.2,PDR8,2,A,0.0,-5.0112
MA0354.2,PDR8,2,C,0.0,-5.0112
MA0354.2,PDR8,2,G,100.0,1.9661
MA0354.2,PDR8,2,T,0.0,-5.0112
MA0354.2,PDR8,3,A,0.0,-5.0112
MA0354.2,PDR8,3,C,0.0,-5.0112
MA0354.2,PDR8,3,G,100.0,1.9661
MA0354.2,PDR8,3,T,0.0,-5.0112
MA0354.2,PDR8,4,A,100.0,1.9661
MA0354.2,PDR8,4,C,0.0,-5.0112
MA0354.2,PDR8,4,G,0.0,-5.0112
MA0354.2,PDR8,4,T,0.0,-5.0112
MA0354.2,PDR8,5,A,8.0,-1.5657
MA0354.2,PDR8,5,C,8.0,-1.5657
MA0354.2,PDR8,5,G,85.0,1.7197
MA0354.2,PDR8,5,T,0.0,-5.0251
MA0354.2,PDR8,6,A,100.0,1.9661
MA0354.2,PDR8,6,C,0.0,-5.0112
MA0354.2,PDR8,6,G,0.0,-5.0112
MA0354.2,PDR8,6,T,0.0,-5.0112
MA0354.2,PDR8,7,A,13.0,-0.9027
MA0354.2,PDR8,7,C,6.0,-1.9238
MA0354.2,PDR8,7,G,6.0,-1.9238
MA0354.2,PDR8,7,T,75.0,1.5548
MA0355.2,PHD1,1,A,9.0,-1.3825
MA0355.2,PHD1,1,C,43.0,0.7776
MA0355.2,PHD1,1,G,39.0,0.6394
MA0355.2,PHD1,1,T,8.0,-1.5377
MA0355.2,PHD1,2,A,37.0,0.5651
MA0355.2,PHD1,2,C,44.0,0.8102
MA0355.2,PHD1,2,G,15.0,-0.6934
MA0355.2,PHD1,2,T,3.0,-2.7493
MA0355.2,PHD1,3,A,0.0,-4.9972
MA0355.2,PHD1,3,C,10.0,-1.2423
MA0355.2,PHD1,3,G,0.0,-4.9972
MA0355.2,PHD1,3,T,89.0,1.8134
MA0355.2,PHD1,4,A,0.0,-4.9972
MA0355.2,PHD1,4,C,0.0,-4.9972
MA0355.2,PHD1,4,G,99.0,1.9657
MA0355.2,PHD1,4,T,0.0,-4.9972
MA0355.2,PHD1,5,A,0.0,-5.0112
MA0355.2,PHD1,5,C,99.0,1.9517
MA0355.2,PHD1,5,G,0.0,-5.0112
MA0355.2,PHD1,5,T,1.0,-3.8413
MA0355.2,PHD1,6,A,91.0,1.8311
MA0355.2,PHD1,6,C,1.0,-3.8413
MA0355.2,PHD1,6,G,7.0,-1.7258
MA0355.2,PHD1,6,T,1.0,-3.8413
MA0356.1,PHO2,1,A,52.0,1.0193
MA0356.1,PHO2,1,C,0.0,-5.0251
MA0356.1,PHO2,1,G,8.0,-1.5657
MA0356.1,PHO2,1,T,41.0,0.6822
MA0356.1,PHO2,2,A,12.0,-1.0112
MA0356.1,PHO2,2,C,0.0,-5.0112
MA0356.1,PHO2,2,G,0.0,-5.0112
MA0356.1,PHO2,2,T,88.0,1.7832
MA0356.1,PHO2,3,A,100.0,1.9661
MA0356.1,PHO2,3,C,0.0,-5.0112
MA0356.1,PHO2,3,G,0.0,-5.0112
MA0356.1,PHO2,3,T,0.0,-5.0112
MA0356.1,PHO2,4,A,56.0,1.1385
MA0356.1,PHO2,4,C,0.0,-5.0112
MA0356.1,PHO2,4,G,0.0,-5.0112
MA0356.1,PHO2,4,T,44.0,0.7961
MA0356.1,PHO2,5,A,23.0,-0.1164
MA0356.1,PHO2,5,C,0.0,-5.0112
MA0356.1,PHO2,5,G,0.0,-5.0112
MA0356.1,PHO2,5,T,77.0,1.5924
MA0356.1,PHO2,6,A,63.0,1.3062
MA0356.1,PHO2,6,C,0.0,-5.0112
MA0356.1,PHO2,6,G,0.0,-5.0112
MA0356.1,PHO2,6,T,37.0,0.551
MA0357.1,PHO4,1,A,94.0,-1.4007
MA0357.1,PHO4,1,C,393.0,0.6538
MA0357.1,PHO4,1,G,507.0,1.0206
MA0357.1,PHO4,1,T,4.0,-5.7045
MA0357.1,PHO4,2,A,97.0,-1.3558
MA0357.1,PHO4,2,C,900.0,1.8475
MA0357.1,PHO4,2,G,0.0,-8.2894
MA0357.1,PHO4,2,T,1.0,-7.1195
MA0357.1,PHO4,3,A,967.0,1.9511
MA0357.1,PHO4,3,C,1.0,-7.1195
MA0357.1,PHO4,3,G,28.0,-3.1195
MA0357.1,PHO4,3,T,2.0,-6.4821
MA0357.1,PHO4,4,A,0.0,-8.288
MA0357.1,PHO4,4,C,911.0,1.8665
MA0357.1,PHO4,4,G,1.0,-7.1181
MA0357.1,PHO4,4,T,85.0,-1.5432
MA0357.1,PHO4,5,A,85.0,-1.5432
MA0357.1,PHO4,5,C,1.0,-7.1181
MA0357.1,PHO4,5,G,911.0,1.8665
MA0357.1,PHO4,5,T,0.0,-8.288
MA0357.1,PHO4,6,A,2.0,-6.4821
MA0357.1,PHO4,6,C,28.0,-3.1195
MA0357.1,PHO4,6,G,1.0,-7.1195
MA0357.1,PHO4,6,T,967.0,1.9511
MA0357.1,PHO4,7,A,1.0,-7.1195
MA0357.1,PHO4,7,C,0.0,-8.2894
MA0357.1,PHO4,7,G,900.0,1.8475
MA0357.1,PHO4,7,T,97.0,-1.3558
MA0357.1,PHO4,8,A,4.0,-5.7045
MA0357.1,PHO4,8,C,507.0,1.0206
MA0357.1,PHO4,8,G,393.0,0.6538
MA0357.1,PHO4,8,T,94.0,-1.4007
MA2702.1,PIP2,1,A,7.0,-0.8995
MA2702.1,PIP2,1,C,11.0,-0.3022
MA2702.1,PIP2,1,G,3.0,-1.9369
MA2702.1,PIP2,1,T,34.0,1.2581
MA2702.1,PIP2,2,A,4.0,-1.5999
MA2702.1,PIP2,2,C,6.0,-1.0974
MA2702.1,PIP2,2,G,2.0,-2.3775
MA2702.1,PIP2,2,T,43.0,1.5899
MA2702.1,PIP2,3,A,3.0,-1.9369
MA2702.1,PIP2,3,C,44.0,1.6225
MA2702.1,PIP2,3,G,4.0,-1.5999
MA2702.1,PIP2,3,T,4.0,-1.5999
MA2702.1,PIP2,4,A,3.0,-1.9369
MA2702.1,PIP2,4,C,47.0,1.716
MA2702.1,PIP2,4,G,4.0,-1.5999
MA2702.1,PIP2,4,T,1.0,-3.015
MA2702.1,PIP2,5,A,3.0,-1.9369
MA2702.1,PIP2,5,C,3.0,-1.9369
MA2702.1,PIP2,5,G,49.0,1.7751
MA2702.1,PIP2,5,T,0.0,-4.1849
MA2702.1,PIP2,6,A,0.0,-4.1849
MA2702.1,PIP2,6,C,46.0,1.6855
MA2702.1,PIP2,6,G,2.0,-2.3775
MA2702.1,PIP2,6,T,7.0,-0.8995
MA2702.1,PIP2,7,A,1.0,-3.015
MA2702.1,PIP2,7,C,1.0,-3.015
MA2702.1,PIP2,7,G,53.0,1.8866
MA2702.1,PIP2,7,T,0.0,-4.1849
MA2702.1,PIP2,8,A,0.0,-4.1849
MA2702.1,PIP2,8,C,2.0,-2.3775
MA2702.1,PIP2,8,G,52.0,1.8595
MA2702.1,PIP2,8,T,1.0,-3.015
MA2702.1,PIP2,9,A,51.0,1.8319
MA2702.1,PIP2,9,C,2.0,-2.3775
MA2702.1,PIP2,9,G,2.0,-2.3775
MA2702.1,PIP2,9,T,0.0,-4.1849
MA2702.1,PIP2,10,A,35.0,1.2989
MA2702.1,PIP2,10,C,1.0,-3.015
MA2702.1,PIP2,10,G,12.0,-0.1849
MA2702.1,PIP2,10,T,7.0,-0.8995
MA2702.1,PIP2,11,A,38.0,1.415
MA2702.1,PIP2,11,C,5.0,-1.3269
MA2702.1,PIP2,11,G,5.0,-1.3269
MA2702.1,PIP2,11,T,7.0,-0.8995
MA2702.1,PIP2,12,A,12.0,-0.1849
MA2702.1,PIP2,12,C,3.0,-1.9369
MA2702.1,PIP2,12,G,2.0,-2.3775
MA2702.1,PIP2,12,T,38.0,1.415
MA2702.1,PIP2,13,A,48.0,1.7459
MA2702.1,PIP2,13,C,3.0,-1.9369
MA2702.1,PIP2,13,G,0.0,-4.1849
MA2702.1,PIP2,13,T,4.0,-1.5999
MA2702.1,PIP2,14,A,38.0,1.415
MA2702.1,PIP2,14,C,6.0,-1.0974
MA2702.1,PIP2,14,G,7.0,-0.8995
MA2702.1,PIP2,14,T,4.0,-1.5999
MA2702.1,PIP2,15,A,32.0,1.1727
MA2702.1,PIP2,15,C,6.0,-1.0974
MA2702.1,PIP2,15,G,11.0,-0.3022
MA2702.1,PIP2,15,T,6.0,-1.0974
MA2703.1,PPR1,1,A,36.0,-0.7065
MA2703.1,PPR1,1,C,24.0,-1.2758
MA2703.1,PPR1,1,G,23.0,-1.3352
MA2703.1,PPR1,1,T,154.0,1.3662
MA2703.1,PPR1,2,A,11.0,-2.3474
MA2703.1,PPR1,2,C,210.0,1.8116
MA2703.1,PPR1,2,G,6.0,-3.1426
MA2703.1,PPR1,2,T,10.0,-2.4751
MA2703.1,PPR1,3,A,5.0,-3.372
MA2703.1,PPR1,3,C,4.0,-3.6451
MA2703.1,PPR1,3,G,219.0,1.872
MA2703.1,PPR1,3,T,9.0,-2.6153
MA2703.1,PPR1,4,A,7.0,-2.9446
MA2703.1,PPR1,4,C,7.0,-2.9446
MA2703.1,PPR1,4,G,219.0,1.872
MA2703.1,PPR1,4,T,4.0,-3.6451
MA2703.1,PPR1,5,A,148.0,1.3091
MA2703.1,PPR1,5,C,33.0,-0.8291
MA2703.1,PPR1,5,G,29.0,-1.0109
MA2703.1,PPR1,5,T,27.0,-1.1111
MA2703.1,PPR1,6,A,89.0,0.5806
MA2703.1,PPR1,6,C,50.0,-0.2413
MA2703.1,PPR1,6,G,59.0,-0.006
MA2703.1,PPR1,6,T,39.0,-0.5934
MA2703.1,PPR1,7,A,70.0,0.2376
MA2703.1,PPR1,7,C,46.0,-0.3597
MA2703.1,PPR1,7,G,54.0,-0.132
MA2703.1,PPR1,7,T,67.0,0.1751
MA2703.1,PPR1,8,A,67.0,0.1751
MA2703.1,PPR1,8,C,53.0,-0.1586
MA2703.1,PPR1,8,G,46.0,-0.3597
MA2703.1,PPR1,8,T,71.0,0.2578
MA2703.1,PPR1,9,A,39.0,-0.5934
MA2703.1,PPR1,9,C,60.0,0.0179
MA2703.1,PPR1,9,G,49.0,-0.27
MA2703.1,PPR1,9,T,89.0,0.5806
MA2703.1,PPR1,10,A,27.0,-1.1111
MA2703.1,PPR1,10,C,29.0,-1.0109
MA2703.1,PPR1,10,G,33.0,-0.8291
MA2703.1,PPR1,10,T,148.0,1.3091
MA2703.1,PPR1,11,A,4.0,-3.6451
MA2703.1,PPR1,11,C,219.0,1.872
MA2703.1,PPR1,11,G,7.0,-2.9446
MA2703.1,PPR1,11,T,7.0,-2.9446
MA2703.1,PPR1,12,A,9.0,-2.6153
MA2703.1,PPR1,12,C,218.0,1.8654
MA2703.1,PPR1,12,G,5.0,-3.372
MA2703.1,PPR1,12,T,5.0,-3.372
MA2703.1,PPR1,13,A,10.0,-2.4751
MA2703.1,PPR1,13,C,7.0,-2.9446
MA2703.1,PPR1,13,G,209.0,1.8048
MA2703.1,PPR1,13,T,11.0,-2.3474
MA2703.1,PPR1,14,A,154.0,1.3662
MA2703.1,PPR1,14,C,23.0,-1.3352
MA2703.1,PPR1,14,G,24.0,-1.2758
MA2703.1,PPR1,14,T,36.0,-0.7065
MA0358.2,PUT3,1,A,9.0,-1.3825
MA0358.2,PUT3,1,C,72.0,1.5106
MA0358.2,PUT3,1,G,9.0,-1.3825
MA0358.2,PUT3,1,T,9.0,-1.3825
MA0358.2,PUT3,2,A,2.0,-3.2039
MA0358.2,PUT3,2,C,90.0,1.8153
MA0358.2,PUT3,2,G,2.0,-3.2039
MA0358.2,PUT3,2,T,6.0,-1.9238
MA0358.2,PUT3,3,A,0.0,-5.0112
MA0358.2,PUT3,3,C,100.0,1.9661
MA0358.2,PUT3,3,G,0.0,-5.0112
MA0358.2,PUT3,3,T,0.0,-5.0112
MA0358.2,PUT3,4,A,0.0,-5.0112
MA0358.2,PUT3,4,C,0.0,-5.0112
MA0358.2,PUT3,4,G,100.0,1.9661
MA0358.2,PUT3,4,T,0.0,-5.0112
MA0358.2,PUT3,5,A,0.0,-5.0112
MA0358.2,PUT3,5,C,0.0,-5.0112
MA0358.2,PUT3,5,G,100.0,1.9661
MA0358.2,PUT3,5,T,0.0,-5.0112
MA0358.2,PUT3,6,A,0.0,-5.0112
MA0358.2,PUT3,6,C,0.0,-5.0112
MA0358.2,PUT3,6,G,100.0,1.9661
MA0358.2,PUT3,6,T,0.0,-5.0112
MA0359.3,RAP1,1,A,200.0,1.2436
MA0359.3,RAP1,1,C,10.0,-2.973
MA0359.3,RAP1,1,G,105.0,0.3192
MA0359.3,RAP1,1,T,21.0,-1.9597
MA0359.3,RAP1,2,A,3.0,-4.48
MA0359.3,RAP1,2,C,4.0,-4.143
MA0359.3,RAP1,2,G,39.0,-1.0913
MA0359.3,RAP1,2,T,290.0,1.7779
MA0359.3,RAP1,3,A,4.0,-4.143
MA0359.3,RAP1,3,C,5.0,-3.8699
MA0359.3,RAP1,3,G,317.0,1.906
MA0359.3,RAP1,3,T,10.0,-2.973
MA0359.3,RAP1,4,A,13.0,-2.6194
MA0359.3,RAP1,4,C,27.0,-1.609
MA0359.3,RAP1,4,G,4.0,-4.143
MA0359.3,RAP1,4,T,292.0,1.7878
MA0359.3,RAP1,5,A,214.0,1.3409
MA0359.3,RAP1,5,C,36.0,-1.2044
MA0359.3,RAP1,5,G,51.0,-0.7111
MA0359.3,RAP1,5,T,35.0,-1.2441
MA0359.3,RAP1,6,A,9.0,-3.1132
MA0359.3,RAP1,6,C,54.0,-0.6299
MA0359.3,RAP1,6,G,0.0,-6.7279
MA0359.3,RAP1,6,T,273.0,1.691
MA0359.3,RAP1,7,A,6.0,-3.6405
MA0359.3,RAP1,7,C,0.0,-6.7279
MA0359.3,RAP1,7,G,327.0,1.9507
MA0359.3,RAP1,7,T,3.0,-4.48
MA0359.3,RAP1,8,A,0.0,-6.7279
MA0359.3,RAP1,8,C,0.0,-6.7279
MA0359.3,RAP1,8,G,318.0,1.9105
MA0359.3,RAP1,8,T,18.0,-2.1733
MA0359.3,RAP1,9,A,48.0,-0.7972
MA0359.3,RAP1,9,C,5.0,-3.8699
MA0359.3,RAP1,9,G,281.0,1.7325
MA0359.3,RAP1,9,T,2.0,-4.9206
MA0359.3,RAP1,10,A,1.0,-5.558
MA0359.3,RAP1,10,C,5.0,-3.8699
MA0359.3,RAP1,10,G,2.0,-4.9206
MA0359.3,RAP1,10,T,328.0,1.9551
MA0359.3,RAP1,11,A,3.0,-4.48
MA0359.3,RAP1,11,C,18.0,-2.1733
MA0359.3,RAP1,11,G,264.0,1.6428
MA0359.3,RAP1,11,T,51.0,-0.7111
MA0359.3,RAP1,12,A,27.0,-1.609
MA0359.3,RAP1,12,C,48.0,-0.7972
MA0359.3,RAP1,12,G,24.0,-1.7737
MA0359.3,RAP1,12,T,237.0,1.4876
MA0360.2,RDR1,1,A,25.0,-0.0139
MA0360.2,RDR1,1,C,11.0,-1.1425
MA0360.2,RDR1,1,G,11.0,-1.1425
MA0360.2,RDR1,1,T,54.0,1.0729
MA0360.2,RDR1,2,A,0.0,-5.0112
MA0360.2,RDR1,2,C,0.0,-5.0112
MA0360.2,RDR1,2,G,100.0,1.9661
MA0360.2,RDR1,2,T,0.0,-5.0112
MA0360.2,RDR1,3,A,0.0,-5.0112
MA0360.2,RDR1,3,C,100.0,1.9661
MA0360.2,RDR1,3,G,0.0,-5.0112
MA0360.2,RDR1,3,T,0.0,-5.0112
MA0360.2,RDR1,4,A,0.0,-5.0112
MA0360.2,RDR1,4,C,0.0,-5.0112
MA0360.2,RDR1,4,G,100.0,1.9661
MA0360.2,RDR1,4,T,0.0,-5.0112
MA0360.2,RDR1,5,A,0.0,-5.0112
MA0360.2,RDR1,5,C,0.0,-5.0112
MA0360.2,RDR1,5,G,100.0,1.9661
MA0360.2,RDR1,5,T,0.0,-5.0112
MA0360.2,RDR1,6,A,100.0,1.9661
MA0360.2,RDR1,6,C,0.0,-5.0112
MA0360.2,RDR1,6,G,0.0,-5.0112
MA0360.2,RDR1,6,T,0.0,-5.0112
MA0360.2,RDR1,7,A,86.0,1.7503
MA0360.2,RDR1,7,C,0.0,-5.0112
MA0360.2,RDR1,7,G,0.0,-5.0112
MA0360.2,RDR1,7,T,14.0,-0.8018
MA0361.2,RDS1,1,A,1.0,-3.8413
MA0361.2,RDS1,1,C,91.0,1.8311
MA0361.2,RDS1,1,G,1.0,-3.8413
MA0361.2,RDS1,1,T,7.0,-1.7258
MA0361.2,RDS1,2,A,0.0,-5.0112
MA0361.2,RDS1,2,C,11.0,-1.1286
MA0361.2,RDS1,2,G,89.0,1.7993
MA0361.2,RDS1,2,T,0.0,-5.0112
MA0361.2,RDS1,3,A,0.0,-5.0112
MA0361.2,RDS1,3,C,0.0,-5.0112
MA0361.2,RDS1,3,G,100.0,1.9661
MA0361.2,RDS1,3,T,0.0,-5.0112
MA0361.2,RDS1,4,A,0.0,-5.0112
MA0361.2,RDS1,4,C,84.0,1.7167
MA0361.2,RDS1,4,G,16.0,-0.6189
MA0361.2,RDS1,4,T,0.0,-5.0112
MA0361.2,RDS1,5,A,0.0,-5.0112
MA0361.2,RDS1,5,C,95.0,1.8927
MA0361.2,RDS1,5,G,5.0,-2.1532
MA0361.2,RDS1,5,T,0.0,-5.0112
MA0361.2,RDS1,6,A,0.0,-5.0112
MA0361.2,RDS1,6,C,11.0,-1.1286
MA0361.2,RDS1,6,G,89.0,1.7993
MA0361.2,RDS1,6,T,0.0,-5.0112
MA0362.2,RDS2,1,A,0.0,-5.0112
MA0362.2,RDS2,1,C,0.0,-5.0112
MA0362.2,RDS2,1,G,0.0,-5.0112
MA0362.2,RDS2,1,T,100.0,1.9661
MA0362.2,RDS2,2,A,0.0,-5.0112
MA0362.2,RDS2,2,C,100.0,1.9661
MA0362.2,RDS2,2,G,0.0,-5.0112
MA0362.2,RDS2,2,T,0.0,-5.0112
MA0362.2,RDS2,3,A,0.0,-5.0112
MA0362.2,RDS2,3,C,0.0,-5.0112
MA0362.2,RDS2,3,G,100.0,1.9661
MA0362.2,RDS2,3,T,0.0,-5.0112
MA0362.2,RDS2,4,A,0.0,-5.0112
MA0362.2,RDS2,4,C,0.0,-5.0112
MA0362.2,RDS2,4,G,100.0,1.9661
MA0362.2,RDS2,4,T,0.0,-5.0112
MA0362.2,RDS2,5,A,12.0,-1.0112
MA0362.2,RDS2,5,C,1.0,-3.8413
MA0362.2,RDS2,5,G,86.0,1.7503
MA0362.2,RDS2,5,T,1.0,-3.8413
MA0362.2,RDS2,6,A,17.0,-0.5494
MA0362.2,RDS2,6,C,7.0,-1.7397
MA0362.2,RDS2,6,G,70.0,1.4425
MA0362.2,RDS2,6,T,7.0,-1.7397
MA0363.3,REB1,1,A,281.0,0.6993
MA0363.3,REB1,1,C,79.0,-1.1209
MA0363.3,REB1,1,G,281.0,0.6993
MA0363.3,REB1,1,T,50.0,-1.7725
MA0363.3,REB1,2,A,8.0,-4.3017
MA0363.3,REB1,2,C,20.0,-3.0607
MA0363.3,REB1,2,G,5.0,-4.9032
MA0363.3,REB1,2,T,658.0,1.9245
MA0363.3,REB1,3,A,28.0,-2.5912
MA0363.3,REB1,3,C,28.0,-2.5912
MA0363.3,REB1,3,G,7.0,-4.4757
MA0363.3,REB1,3,T,628.0,1.8572
MA0363.3,REB1,4,A,679.0,1.9698
MA0363.3,REB1,4,C,1.0,-6.5912
MA0363.3,REB1,4,G,3.0,-5.5132
MA0363.3,REB1,4,T,8.0,-4.3017
MA0363.3,REB1,5,A,2.0,-5.9538
MA0363.3,REB1,5,C,684.0,1.9803
MA0363.3,REB1,5,G,2.0,-5.9538
MA0363.3,REB1,5,T,3.0,-5.5132
MA0363.3,REB1,6,A,4.0,-5.1762
MA0363.3,REB1,6,C,681.0,1.974
MA0363.3,REB1,6,G,5.0,-4.9032
MA0363.3,REB1,6,T,1.0,-6.5912
MA0363.3,REB1,7,A,3.0,-5.5132
MA0363.3,REB1,7,C,681.0,1.974
MA0363.3,REB1,7,G,3.0,-5.5132
MA0363.3,REB1,7,T,4.0,-5.1762
MA0363.3,REB1,8,A,11.0,-3.8785
MA0363.3,REB1,8,C,5.0,-4.9032
MA0363.3,REB1,8,G,578.0,1.7377
MA0363.3,REB1,8,T,97.0,-0.8274
MA0363.3,REB1,9,A,104.0,-0.7277
MA0363.3,REB1,9,C,133.0,-0.3753
MA0363.3,REB1,9,G,377.0,1.1223
MA0363.3,REB1,9,T,77.0,-1.1575
MA0364.1,REI1,1,A,0.0,-5.0112
MA0364.1,REI1,1,C,95.0,1.8927
MA0364.1,REI1,1,G,0.0,-5.0112
MA0364.1,REI1,1,T,5.0,-2.1532
MA0364.1,REI1,2,A,5.0,-2.1532
MA0364.1,REI1,2,C,95.0,1.8927
MA0364.1,REI1,2,G,0.0,-5.0112
MA0364.1,REI1,2,T,0.0,-5.0112
MA0364.1,REI1,3,A,0.0,-5.0112
MA0364.1,REI1,3,C,100.0,1.9661
MA0364.1,REI1,3,G,0.0,-5.0112
MA0364.1,REI1,3,T,0.0,-5.0112
MA0364.1,REI1,4,A,0.0,-5.0112
MA0364.1,REI1,4,C,100.0,1.9661
MA0364.1,REI1,4,G,0.0,-5.0112
MA0364.1,REI1,4,T,0.0,-5.0112
MA0364.1,REI1,5,A,0.0,-5.0112
MA0364.1,REI1,5,C,0.0,-5.0112
MA0364.1,REI1,5,G,0.0,-5.0112
MA0364.1,REI1,5,T,100.0,1.9661
MA0364.1,REI1,6,A,0.0,-5.0112
MA0364.1,REI1,6,C,0.0,-5.0112
MA0364.1,REI1,6,G,95.0,1.8927
MA0364.1,REI1,6,T,5.0,-2.1532
MA0364.1,REI1,7,A,56.0,1.1385
MA0364.1,REI1,7,C,8.0,-1.5518
MA0364.1,REI1,7,G,23.0,-0.1164
MA0364.1,REI1,7,T,13.0,-0.9027
MA0365.2,RFX1,1,A,0.0,-5.0112
MA0365.2,RFX1,1,C,0.0,-5.0112
MA0365.2,RFX1,1,G,100.0,1.9661
MA0365.2,RFX1,1,T,0.0,-5.0112
MA0365.2,RFX1,2,A,0.0,-5.0112
MA0365.2,RFX1,2,C,0.0,-5.0112
MA0365.2,RFX1,2,G,0.0,-5.0112
MA0365.2,RFX1,2,T,100.0,1.9661
MA0365.2,RFX1,3,A,0.0,-5.0112
MA0365.2,RFX1,3,C,0.0,-5.0112
MA0365.2,RFX1,3,G,0.0,-5.0112
MA0365.2,RFX1,3,T,100.0,1.9661
MA0365.2,RFX1,4,A,31.0,0.3017
MA0365.2,RFX1,4,C,0.0,-5.0112
MA0365.2,RFX1,4,G,69.0,1.4359
MA0365.2,RFX1,4,T,0.0,-5.0112
MA0365.2,RFX1,5,A,0.0,-5.0112
MA0365.2,RFX1,5,C,100.0,1.9661
MA0365.2,RFX1,5,G,0.0,-5.0112
MA0365.2,RFX1,5,T,0.0,-5.0112
MA0365.2,RFX1,6,A,2.0,-3.2039
MA0365.2,RFX1,6,C,48.0,0.9195
MA0365.2,RFX1,6,G,2.0,-3.2039
MA0365.2,RFX1,6,T,48.0,0.9195
MA0365.2,RFX1,7,A,88.0,1.7832
MA0365.2,RFX1,7,C,4.0,-2.4263
MA0365.2,RFX1,7,G,4.0,-2.4263
MA0365.2,RFX1,7,T,4.0,-2.4263
MA0366.1,RGM1,1,A,100.0,1.9661
MA0366.1,RGM1,1,C,0.0,-5.0112
MA0366.1,RGM1,1,G,0.0,-5.0112
MA0366.1,RGM1,1,T,0.0,-5.0112
MA0366.1,RGM1,2,A,0.0,-5.0112
MA0366.1,RGM1,2,C,0.0,-5.0112
MA0366.1,RGM1,2,G,100.0,1.9661
MA0366.1,RGM1,2,T,0.0,-5.0112
MA0366.1,RGM1,3,A,0.0,-5.0112
MA0366.1,RGM1,3,C,0.0,-5.0112
MA0366.1,RGM1,3,G,100.0,1.9661
MA0366.1,RGM1,3,T,0.0,-5.0112
MA0366.1,RGM1,4,A,0.0,-5.0112
MA0366.1,RGM1,4,C,0.0,-5.0112
MA0366.1,RGM1,4,G,100.0,1.9661
MA0366.1,RGM1,4,T,0.0,-5.0112
MA0366.1,RGM1,5,A,11.0,-1.1286
MA0366.1,RGM1,5,C,12.0,-1.0112
MA0366.1,RGM1,5,G,77.0,1.5924
MA0366.1,RGM1,5,T,0.0,-5.0112
MA0367.2,RGT1,1,A,37.0,0.551
MA0367.2,RGT1,1,C,0.0,-5.0112
MA0367.2,RGT1,1,G,0.0,-5.0112
MA0367.2,RGT1,1,T,63.0,1.3062
MA0367.2,RGT1,2,A,22.0,-0.1922
MA0367.2,RGT1,2,C,2.0,-3.2178
MA0367.2,RGT1,2,G,0.0,-5.0251
MA0367.2,RGT1,2,T,77.0,1.5785
MA0367.2,RGT1,3,A,27.0,0.1077
MA0367.2,RGT1,3,C,15.0,-0.7074
MA0367.2,RGT1,3,G,17.0,-0.5355
MA0367.2,RGT1,3,T,41.0,0.6961
MA0367.2,RGT1,4,A,30.0,0.2556
MA0367.2,RGT1,4,C,18.0,-0.4566
MA0367.2,RGT1,4,G,4.0,-2.4263
MA0367.2,RGT1,4,T,48.0,0.9195
MA0367.2,RGT1,5,A,0.0,-5.0112
MA0367.2,RGT1,5,C,12.0,-1.0112
MA0367.2,RGT1,5,G,0.0,-5.0112
MA0367.2,RGT1,5,T,88.0,1.7832
MA0367.2,RGT1,6,A,0.0,-5.0112
MA0367.2,RGT1,6,C,100.0,1.9661
MA0367.2,RGT1,6,G,0.0,-5.0112
MA0367.2,RGT1,6,T,0.0,-5.0112
MA0367.2,RGT1,7,A,0.0,-5.0112
MA0367.2,RGT1,7,C,100.0,1.9661
MA0367.2,RGT1,7,G,0.0,-5.0112
MA0367.2,RGT1,7,T,0.0,-5.0112
MA0367.2,RGT1,8,A,4.0,-2.4402
MA0367.2,RGT1,8,C,0.0,-5.0251
MA0367.2,RGT1,8,G,89.0,1.7854
MA0367.2,RGT1,8,T,8.0,-1.5657
MA0368.1,RIM101,1,A,9.0,-1.3965
MA0368.1,RIM101,1,C,43.0,0.7636
MA0368.1,RIM101,1,G,9.0,-1.3965
MA0368.1,RIM101,1,T,39.0,0.6254
MA0368.1,RIM101,2,A,0.0,-5.0112
MA0368.1,RIM101,2,C,0.0,-5.0112
MA0368.1,RIM101,2,G,100.0,1.9661
MA0368.1,RIM101,2,T,0.0,-5.0112
MA0368.1,RIM101,3,A,0.0,-5.0112
MA0368.1,RIM101,3,C,100.0,1.9661
MA0368.1,RIM101,3,G,0.0,-5.0112
MA0368.1,RIM101,3,T,0.0,-5.0112
MA0368.1,RIM101,4,A,0.0,-5.0112
MA0368.1,RIM101,4,C,100.0,1.9661
MA0368.1,RIM101,4,G,0.0,-5.0112
MA0368.1,RIM101,4,T,0.0,-5.0112
MA0368.1,RIM101,5,A,100.0,1.9661
MA0368.1,RIM101,5,C,0.0,-5.0112
MA0368.1,RIM101,5,G,0.0,-5.0112
MA0368.1,RIM101,5,T,0.0,-5.0112
MA0368.1,RIM101,6,A,100.0,1.9661
MA0368.1,RIM101,6,C,0.0,-5.0112
MA0368.1,RIM101,6,G,0.0,-5.0112
MA0368.1,RIM101,6,T,0.0,-5.0112
MA0368.1,RIM101,7,A,0.0,-5.0112
MA0368.1,RIM101,7,C,0.0,-5.0112
MA0368.1,RIM101,7,G,100.0,1.9661
MA0368.1,RIM101,7,T,0.0,-5.0112
MA0369.2,RLM1,1,A,11.0,0.0625
MA0369.2,RLM1,1,C,0.0,-3.8202
MA0369.2,RLM1,1,G,1.0,-2.6503
MA0369.2,RLM1,1,T,30.0,1.4466
MA0369.2,RLM1,2,A,0.0,-3.8202
MA0369.2,RLM1,2,C,0.0,-3.8202
MA0369.2,RLM1,2,G,5.0,-0.9622
MA0369.2,RLM1,2,T,37.0,1.7421
MA0369.2,RLM1,3,A,0.0,-3.8202
MA0369.2,RLM1,3,C,42.0,1.9213
MA0369.2,RLM1,3,G,0.0,-3.8202
MA0369.2,RLM1,3,T,0.0,-3.8202
MA0369.2,RLM1,4,A,0.0,-3.8202
MA0369.2,RLM1,4,C,0.0,-3.8202
MA0369.2,RLM1,4,G,0.0,-3.8202
MA0369.2,RLM1,4,T,42.0,1.9213
MA0369.2,RLM1,5,A,42.0,1.9213
MA0369.2,RLM1,5,C,0.0,-3.8202
MA0369.2,RLM1,5,G,0.0,-3.8202
MA0369.2,RLM1,5,T,0.0,-3.8202
MA0369.2,RLM1,6,A,16.0,0.5721
MA0369.2,RLM1,6,C,0.0,-3.8202
MA0369.2,RLM1,6,G,0.0,-3.8202
MA0369.2,RLM1,6,T,26.0,1.2459
MA0369.2,RLM1,7,A,22.0,1.0127
MA0369.2,RLM1,7,C,0.0,-3.8202
MA0369.2,RLM1,7,G,0.0,-3.8202
MA0369.2,RLM1,7,T,20.0,0.8803
MA0369.2,RLM1,8,A,23.0,1.0746
MA0369.2,RLM1,8,C,0.0,-3.8202
MA0369.2,RLM1,8,G,0.0,-3.8202
MA0369.2,RLM1,8,T,19.0,0.8092
MA0369.2,RLM1,9,A,32.0,1.5374
MA0369.2,RLM1,9,C,0.0,-3.8202
MA0369.2,RLM1,9,G,0.0,-3.8202
MA0369.2,RLM1,9,T,10.0,-0.0653
MA0369.2,RLM1,10,A,0.0,-3.8202
MA0369.2,RLM1,10,C,0.0,-3.8202
MA0369.2,RLM1,10,G,0.0,-3.8202
MA0369.2,RLM1,10,T,42.0,1.9213
MA0369.2,RLM1,11,A,42.0,1.9213
MA0369.2,RLM1,11,C,0.0,-3.8202
MA0369.2,RLM1,11,G,0.0,-3.8202
MA0369.2,RLM1,11,T,0.0,-3.8202
MA0369.2,RLM1,12,A,0.0,-3.8202
MA0369.2,RLM1,12,C,0.0,-3.8202
MA0369.2,RLM1,12,G,42.0,1.9213
MA0369.2,RLM1,12,T,0.0,-3.8202
MA0369.2,RLM1,13,A,27.0,1.2988
MA0369.2,RLM1,13,C,14.0,0.3893
MA0369.2,RLM1,13,G,0.0,-3.8202
MA0369.2,RLM1,13,T,1.0,-2.6503
MA0369.2,RLM1,14,A,4.0,-1.2029
MA0369.2,RLM1,14,C,15.0,0.5159
MA0369.2,RLM1,14,G,2.0,-1.9805
MA0369.2,RLM1,14,T,20.0,0.9125
MA0370.1,RME1,1,A,0.0,-5.8626
MA0370.1,RME1,1,C,52.0,0.1818
MA0370.1,RME1,1,G,0.0,-5.8626
MA0370.1,RME1,1,T,131.0,1.5015
MA0370.1,RME1,2,A,16.0,-1.6925
MA0370.1,RME1,2,C,96.0,0.8341
MA0370.1,RME1,2,G,33.0,-0.6839
MA0370.1,RME1,2,T,69.0,0.3623
MA0370.1,RME1,3,A,16.0,-1.7511
MA0370.1,RME1,3,C,100.0,0.8339
MA0370.1,RME1,3,G,49.0,-0.1834
MA0370.1,RME1,3,T,58.0,0.0563
MA0370.1,RME1,4,A,160.0,1.9786
MA0370.1,RME1,4,C,0.0,-5.6724
MA0370.1,RME1,4,G,0.0,-5.6724
MA0370.1,RME1,4,T,0.0,-5.6724
MA0370.1,RME1,5,A,119.0,1.4849
MA0370.1,RME1,5,C,0.0,-5.7415
MA0370.1,RME1,5,G,27.0,-0.6225
MA0370.1,RME1,5,T,22.0,-0.9086
MA0370.1,RME1,6,A,139.0,1.6909
MA0370.1,RME1,6,C,29.0,-0.5391
MA0370.1,RME1,6,G,0.0,-5.7582
MA0370.1,RME1,6,T,2.0,-3.9509
MA0370.1,RME1,7,A,27.0,-1.3021
MA0370.1,RME1,7,C,0.0,-6.421
MA0370.1,RME1,7,G,244.0,1.8364
MA0370.1,RME1,7,T,0.0,-6.421
MA0370.1,RME1,8,A,34.0,-0.9354
MA0370.1,RME1,8,C,0.0,-6.3783
MA0370.1,RME1,8,G,229.0,1.7879
MA0370.1,RME1,8,T,0.0,-6.3783
MA0370.1,RME1,9,A,92.0,0.9571
MA0370.1,RME1,9,C,39.0,-0.2642
MA0370.1,RME1,9,G,35.0,-0.4171
MA0370.1,RME1,9,T,22.0,-1.068
MA0370.1,RME1,10,A,126.0,1.6096
MA0370.1,RME1,10,C,0.0,-5.6987
MA0370.1,RME1,10,G,19.0,-1.0693
MA0370.1,RME1,10,T,18.0,-1.1441
MA0371.1,ROX1,1,A,0.0,-1.8074
MA0371.1,ROX1,1,C,4.0,0.7776
MA0371.1,ROX1,1,G,0.0,-1.8074
MA0371.1,ROX1,1,T,4.0,0.7776
MA0371.1,ROX1,2,A,0.0,-1.8074
MA0371.1,ROX1,2,C,6.0,1.2801
MA0371.1,ROX1,2,G,0.0,-1.8074
MA0371.1,ROX1,2,T,2.0,0.0
MA0371.1,ROX1,3,A,2.0,0.0
MA0371.1,ROX1,3,C,4.0,0.7776
MA0371.1,ROX1,3,G,0.0,-1.8074
MA0371.1,ROX1,3,T,2.0,0.0
MA0371.1,ROX1,4,A,7.0,1.478
MA0371.1,ROX1,4,C,1.0,-0.6374
MA0371.1,ROX1,4,G,0.0,-1.8074
MA0371.1,ROX1,4,T,0.0,-1.8074
MA0371.1,ROX1,5,A,0.0,-1.8074
MA0371.1,ROX1,5,C,0.0,-1.8074
MA0371.1,ROX1,5,G,0.0,-1.8074
MA0371.1,ROX1,5,T,8.0,1.6521
MA0371.1,ROX1,6,A,0.0,-1.8074
MA0371.1,ROX1,6,C,0.0,-1.8074
MA0371.1,ROX1,6,G,1.0,-0.6374
MA0371.1,ROX1,6,T,7.0,1.478
MA0371.1,ROX1,7,A,0.0,-1.8074
MA0371.1,ROX1,7,C,0.0,-1.8074
MA0371.1,ROX1,7,G,8.0,1.6521
MA0371.1,ROX1,7,T,0.0,-1.8074
MA0371.1,ROX1,8,A,0.0,-1.8074
MA0371.1,ROX1,8,C,0.0,-1.8074
MA0371.1,ROX1,8,G,0.0,-1.8074
MA0371.1,ROX1,8,T,8.0,1.6521
MA0371.1,ROX1,9,A,0.0,-1.8074
MA0371.1,ROX1,9,C,0.0,-1.8074
MA0371.1,ROX1,9,G,0.0,-1.8074
MA0371.1,ROX1,9,T,8.0,1.6521
MA0371.1,ROX1,10,A,0.0,-1.8074
MA0371.1,ROX1,10,C,5.0,1.0506
MA0371.1,ROX1,10,G,1.0,-0.6374
MA0371.1,ROX1,10,T,2.0,0.0
MA0371.1,ROX1,11,A,1.0,-0.6374
MA0371.1,ROX1,11,C,0.0,-1.8074
MA0371.1,ROX1,11,G,1.0,-0.6374
MA0371.1,ROX1,11,T,6.0,1.2801
MA0371.1,ROX1,12,A,0.0,-1.8074
MA0371.1,ROX1,12,C,5.0,1.0506
MA0371.1,ROX1,12,G,2.0,0.0
MA0371.1,ROX1,12,T,1.0,-0.6374
MA0372.2,RPH1,1,A,0.0,-5.0112
MA0372.2,RPH1,1,C,100.0,1.9661
MA0372.2,RPH1,1,G,0.0,-5.0112
MA0372.2,RPH1,1,T,0.0,-5.0112
MA0372.2,RPH1,2,A,0.0,-5.0112
MA0372.2,RPH1,2,C,100.0,1.9661
MA0372.2,RPH1,2,G,0.0,-5.0112
MA0372.2,RPH1,2,T,0.0,-5.0112
MA0372.2,RPH1,3,A,0.0,-5.0112
MA0372.2,RPH1,3,C,100.0,1.9661
MA0372.2,RPH1,3,G,0.0,-5.0112
MA0372.2,RPH1,3,T,0.0,-5.0112
MA0372.2,RPH1,4,A,0.0,-5.0112
MA0372.2,RPH1,4,C,100.0,1.9661
MA0372.2,RPH1,4,G,0.0,-5.0112
MA0372.2,RPH1,4,T,0.0,-5.0112
MA0372.2,RPH1,5,A,0.0,-5.0112
MA0372.2,RPH1,5,C,0.0,-5.0112
MA0372.2,RPH1,5,G,0.0,-5.0112
MA0372.2,RPH1,5,T,100.0,1.9661
MA0372.2,RPH1,6,A,63.0,1.3202
MA0372.2,RPH1,6,C,1.0,-3.8273
MA0372.2,RPH1,6,G,7.0,-1.7118
MA0372.2,RPH1,6,T,28.0,0.1727
MA0372.2,RPH1,7,A,74.0,1.5218
MA0372.2,RPH1,7,C,7.0,-1.7397
MA0372.2,RPH1,7,G,7.0,-1.7397
MA0372.2,RPH1,7,T,13.0,-0.9166
MA0373.1,RPN4,1,A,23.0,-0.1024
MA0373.1,RPN4,1,C,0.0,-4.9972
MA0373.1,RPN4,1,G,67.0,1.408
MA0373.1,RPN4,1,T,9.0,-1.3825
MA0373.1,RPN4,2,A,0.0,-5.0112
MA0373.1,RPN4,2,C,0.0,-5.0112
MA0373.1,RPN4,2,G,100.0,1.9661
MA0373.1,RPN4,2,T,0.0,-5.0112
MA0373.1,RPN4,3,A,0.0,-5.0112
MA0373.1,RPN4,3,C,0.0,-5.0112
MA0373.1,RPN4,3,G,12.0,-1.0112
MA0373.1,RPN4,3,T,88.0,1.7832
MA0373.1,RPN4,4,A,0.0,-5.0112
MA0373.1,RPN4,4,C,0.0,-5.0112
MA0373.1,RPN4,4,G,100.0,1.9661
MA0373.1,RPN4,4,T,0.0,-5.0112
MA0373.1,RPN4,5,A,0.0,-5.0112
MA0373.1,RPN4,5,C,0.0,-5.0112
MA0373.1,RPN4,5,G,100.0,1.9661
MA0373.1,RPN4,5,T,0.0,-5.0112
MA0373.1,RPN4,6,A,0.0,-5.0112
MA0373.1,RPN4,6,C,100.0,1.9661
MA0373.1,RPN4,6,G,0.0,-5.0112
MA0373.1,RPN4,6,T,0.0,-5.0112
MA0373.1,RPN4,7,A,13.0,-0.9027
MA0373.1,RPN4,7,C,0.0,-5.0112
MA0373.1,RPN4,7,G,87.0,1.7668
MA0373.1,RPN4,7,T,0.0,-5.0112
MA0374.2,RSC3,1,A,0.0,-5.0112
MA0374.2,RSC3,1,C,91.0,1.8311
MA0374.2,RSC3,1,G,5.0,-2.1532
MA0374.2,RSC3,1,T,4.0,-2.4263
MA0374.2,RSC3,2,A,0.0,-4.9972
MA0374.2,RSC3,2,C,0.0,-4.9972
MA0374.2,RSC3,2,G,99.0,1.9657
MA0374.2,RSC3,2,T,0.0,-4.9972
MA0374.2,RSC3,3,A,0.0,-4.9972
MA0374.2,RSC3,3,C,99.0,1.9657
MA0374.2,RSC3,3,G,0.0,-4.9972
MA0374.2,RSC3,3,T,0.0,-4.9972
MA0374.2,RSC3,4,A,0.0,-4.9972
MA0374.2,RSC3,4,C,0.0,-4.9972
MA0374.2,RSC3,4,G,99.0,1.9657
MA0374.2,RSC3,4,T,0.0,-4.9972
MA0374.2,RSC3,5,A,6.0,-1.9097
MA0374.2,RSC3,5,C,55.0,1.1269
MA0374.2,RSC3,5,G,18.0,-0.4426
MA0374.2,RSC3,5,T,20.0,-0.2967
MA0375.2,RSC30,1,A,15.0,-0.6934
MA0375.2,RSC30,1,C,38.0,0.6027
MA0375.2,RSC30,1,G,46.0,0.8732
MA0375.2,RSC30,1,T,0.0,-4.9972
MA0375.2,RSC30,2,A,0.0,-5.0112
MA0375.2,RSC30,2,C,92.0,1.8468
MA0375.2,RSC30,2,G,8.0,-1.5518
MA0375.2,RSC30,2,T,0.0,-5.0112
MA0375.2,RSC30,3,A,0.0,-5.0112
MA0375.2,RSC30,3,C,8.0,-1.5518
MA0375.2,RSC30,3,G,92.0,1.8468
MA0375.2,RSC30,3,T,0.0,-5.0112
MA0375.2,RSC30,4,A,0.0,-5.0112
MA0375.2,RSC30,4,C,92.0,1.8468
MA0375.2,RSC30,4,G,8.0,-1.5518
MA0375.2,RSC30,4,T,0.0,-5.0112
MA0375.2,RSC30,5,A,0.0,-5.0112
MA0375.2,RSC30,5,C,0.0,-5.0112
MA0375.2,RSC30,5,G,100.0,1.9661
MA0375.2,RSC30,5,T,0.0,-5.0112
MA0375.2,RSC30,6,A,0.0,-5.0112
MA0375.2,RSC30,6,C,85.0,1.7336
MA0375.2,RSC30,6,G,15.0,-0.7074
MA0375.2,RSC30,6,T,0.0,-5.0112
MA0375.2,RSC30,7,A,0.0,-5.0112
MA0375.2,RSC30,7,C,31.0,0.3017
MA0375.2,RSC30,7,G,69.0,1.4359
MA0375.2,RSC30,7,T,0.0,-5.0112
MA2704.1,RTG1,1,A,142.0,1.5639
MA2704.1,RTG1,1,C,9.0,-2.3012
MA2704.1,RTG1,1,G,4.0,-3.3309
MA2704.1,RTG1,1,T,35.0,-0.4321
MA2704.1,RTG1,2,A,173.0,1.8473
MA2704.1,RTG1,2,C,5.0,-3.0579
MA2704.1,RTG1,2,G,8.0,-2.4564
MA2704.1,RTG1,2,T,4.0,-3.3309
MA2704.1,RTG1,3,A,4.0,-3.3309
MA2704.1,RTG1,3,C,5.0,-3.0579
MA2704.1,RTG1,3,G,3.0,-3.668
MA2704.1,RTG1,3,T,178.0,1.8883
MA2704.1,RTG1,4,A,7.0,-2.6305
MA2704.1,RTG1,4,C,12.0,-1.9159
MA2704.1,RTG1,4,G,167.0,1.7966
MA2704.1,RTG1,4,T,4.0,-3.3309
MA2704.1,RTG1,5,A,180.0,1.9043
MA2704.1,RTG1,5,C,0.0,-5.9159
MA2704.1,RTG1,5,G,2.0,-4.1085
MA2704.1,RTG1,5,T,8.0,-2.4564
MA2704.1,RTG1,6,A,0.0,-5.9159
MA2704.1,RTG1,6,C,180.0,1.9043
MA2704.1,RTG1,6,G,6.0,-2.8284
MA2704.1,RTG1,6,T,4.0,-3.3309
MA2704.1,RTG1,7,A,143.0,1.574
MA2704.1,RTG1,7,C,15.0,-1.6121
MA2704.1,RTG1,7,G,12.0,-1.9159
MA2704.1,RTG1,7,T,20.0,-1.2154
MA0376.2,RTG3,1,A,34.0,-2.8465
MA0376.2,RTG3,1,C,27.0,-3.1705
MA0376.2,RTG3,1,G,662.0,1.4049
MA0376.2,RTG3,1,T,275.0,0.14
MA0376.2,RTG3,2,A,19.0,-3.6601
MA0376.2,RTG3,2,C,953.0,1.93
MA0376.2,RTG3,2,G,19.0,-3.6601
MA0376.2,RTG3,2,T,7.0,-5.004
MA0376.2,RTG3,3,A,905.0,1.8555
MA0376.2,RTG3,3,C,5.0,-5.4315
MA0376.2,RTG3,3,G,81.0,-1.6135
MA0376.2,RTG3,3,T,7.0,-5.004
MA0376.2,RTG3,4,A,5.0,-5.4315
MA0376.2,RTG3,4,C,949.0,1.924
MA0376.2,RTG3,4,G,16.0,-3.8971
MA0376.2,RTG3,4,T,28.0,-3.1195
MA0376.2,RTG3,5,A,28.0,-3.1195
MA0376.2,RTG3,5,C,16.0,-3.8971
MA0376.2,RTG3,5,G,949.0,1.924
MA0376.2,RTG3,5,T,5.0,-5.4315
MA0376.2,RTG3,6,A,7.0,-5.004
MA0376.2,RTG3,6,C,81.0,-1.6135
MA0376.2,RTG3,6,G,5.0,-5.4315
MA0376.2,RTG3,6,T,905.0,1.8555
MA0376.2,RTG3,7,A,7.0,-5.004
MA0376.2,RTG3,7,C,19.0,-3.6601
MA0376.2,RTG3,7,G,953.0,1.93
MA0376.2,RTG3,7,T,19.0,-3.6601
MA0376.2,RTG3,8,A,275.0,0.14
MA0376.2,RTG3,8,C,662.0,1.4049
MA0376.2,RTG3,8,G,27.0,-3.1705
MA0376.2,RTG3,8,T,34.0,-2.8465
MA2705.1,SDD4,1,A,24.0,-1.8803
MA2705.1,SDD4,1,C,296.0,1.7008
MA2705.1,SDD4,1,G,14.0,-2.625
MA2705.1,SDD4,1,T,28.0,-1.6645
MA2705.1,SDD4,2,A,9.0,-3.2198
MA2705.1,SDD4,2,C,335.0,1.8789
MA2705.1,SDD4,2,G,1.0,-5.6645
MA2705.1,SDD4,2,T,17.0,-2.3587
MA2705.1,SDD4,3,A,12.0,-2.8345
MA2705.1,SDD4,3,C,340.0,1.9002
MA2705.1,SDD4,3,G,6.0,-3.747
MA2705.1,SDD4,3,T,4.0,-4.2495
MA2705.1,SDD4,4,A,2.0,-5.0271
MA2705.1,SDD4,4,C,357.0,1.9705
MA2705.1,SDD4,4,G,2.0,-5.0271
MA2705.1,SDD4,4,T,1.0,-5.6645
MA2705.1,SDD4,5,A,338.0,1.8917
MA2705.1,SDD4,5,C,8.0,-3.375
MA2705.1,SDD4,5,G,14.0,-2.625
MA2705.1,SDD4,5,T,2.0,-5.0271
MA2705.1,SDD4,6,A,1.0,-5.6645
MA2705.1,SDD4,6,C,353.0,1.9542
MA2705.1,SDD4,6,G,1.0,-5.6645
MA2705.1,SDD4,6,T,7.0,-3.5491
MA2705.1,SDD4,7,A,44.0,-1.0271
MA2705.1,SDD4,7,C,53.0,-0.763
MA2705.1,SDD4,7,G,230.0,1.338
MA2705.1,SDD4,7,T,35.0,-1.3507
MA0377.2,SFL1,1,A,727.0,1.5384
MA0377.2,SFL1,1,C,30.0,-3.0241
MA0377.2,SFL1,1,G,124.0,-1.0055
MA0377.2,SFL1,1,T,118.0,-1.0766
MA0377.2,SFL1,2,A,127.0,-0.9712
MA0377.2,SFL1,2,C,178.0,-0.4868
MA0377.2,SFL1,2,G,108.0,-1.2034
MA0377.2,SFL1,2,T,586.0,1.2278
MA0377.2,SFL1,3,A,506.0,1.0163
MA0377.2,SFL1,3,C,261.0,0.0634
MA0377.2,SFL1,3,G,226.0,-0.1437
MA0377.2,SFL1,3,T,6.0,-5.2034
MA0377.2,SFL1,4,A,18.0,-3.7349
MA0377.2,SFL1,4,C,10.0,-4.5346
MA0377.2,SFL1,4,G,960.0,1.9406
MA0377.2,SFL1,4,T,10.0,-4.5346
MA0377.2,SFL1,5,A,956.0,1.9346
MA0377.2,SFL1,5,C,16.0,-3.8971
MA0377.2,SFL1,5,G,5.0,-5.4315
MA0377.2,SFL1,5,T,21.0,-3.5213
MA0377.2,SFL1,6,A,959.0,1.9391
MA0377.2,SFL1,6,C,9.0,-4.6747
MA0377.2,SFL1,6,G,21.0,-3.5213
MA0377.2,SFL1,6,T,9.0,-4.6747
MA0377.2,SFL1,7,A,22.0,-3.4566
MA0377.2,SFL1,7,C,47.0,-2.3886
MA0377.2,SFL1,7,G,806.0,1.6886
MA0377.2,SFL1,7,T,123.0,-1.0156
MA0377.2,SFL1,8,A,616.0,1.2997
MA0377.2,SFL1,8,C,129.0,-0.9488
MA0377.2,SFL1,8,G,218.0,-0.1955
MA0377.2,SFL1,8,T,36.0,-2.7673
MA0377.2,SFL1,9,A,596.0,1.2536
MA0377.2,SFL1,9,C,134.0,-0.8928
MA0377.2,SFL1,9,G,36.0,-2.7659
MA0377.2,SFL1,9,T,232.0,-0.1046
MA0377.2,SFL1,10,A,535.0,1.098
MA0377.2,SFL1,10,C,221.0,-0.1744
MA0377.2,SFL1,10,G,48.0,-2.3587
MA0377.2,SFL1,10,T,194.0,-0.3617
MA0378.2,SFP1,1,A,533.0,1.0912
MA0378.2,SFP1,1,C,42.0,-2.5494
MA0378.2,SFP1,1,G,342.0,0.4523
MA0378.2,SFP1,1,T,82.0,-1.5974
MA0378.2,SFP1,2,A,782.0,1.6435
MA0378.2,SFP1,2,C,73.0,-1.7634
MA0378.2,SFP1,2,G,71.0,-1.803
MA0378.2,SFP1,2,T,73.0,-1.7634
MA0378.2,SFP1,3,A,898.0,1.8443
MA0378.2,SFP1,3,C,36.0,-2.7659
MA0378.2,SFP1,3,G,46.0,-2.4191
MA0378.2,SFP1,3,T,18.0,-3.7349
MA0378.2,SFP1,4,A,904.0,1.8539
MA0378.2,SFP1,4,C,9.0,-4.6747
MA0378.2,SFP1,4,G,50.0,-2.3008
MA0378.2,SFP1,4,T,35.0,-2.8056
MA0378.2,SFP1,5,A,855.0,1.7751
MA0378.2,SFP1,5,C,14.0,-4.0785
MA0378.2,SFP1,5,G,42.0,-2.5465
MA0378.2,SFP1,5,T,86.0,-1.5264
MA0378.2,SFP1,6,A,541.0,1.1127
MA0378.2,SFP1,6,C,34.0,-2.8479
MA0378.2,SFP1,6,G,16.0,-3.8986
MA0378.2,SFP1,6,T,408.0,0.7063
MA0378.2,SFP1,7,A,86.0,-1.5264
MA0378.2,SFP1,7,C,42.0,-2.5465
MA0378.2,SFP1,7,G,14.0,-4.0785
MA0378.2,SFP1,7,T,855.0,1.7751
MA0378.2,SFP1,8,A,35.0,-2.8056
MA0378.2,SFP1,8,C,50.0,-2.3008
MA0378.2,SFP1,8,G,9.0,-4.6747
MA0378.2,SFP1,8,T,904.0,1.8539
MA0378.2,SFP1,9,A,18.0,-3.7349
MA0378.2,SFP1,9,C,46.0,-2.4191
MA0378.2,SFP1,9,G,36.0,-2.7659
MA0378.2,SFP1,9,T,898.0,1.8443
MA0378.2,SFP1,10,A,73.0,-1.7634
MA0378.2,SFP1,10,C,71.0,-1.803
MA0378.2,SFP1,10,G,73.0,-1.7634
MA0378.2,SFP1,10,T,782.0,1.6435
MA0380.2,SIP4,1,A,0.0,-5.0112
MA0380.2,SIP4,1,C,27.0,0.1077
MA0380.2,SIP4,1,G,0.0,-5.0112
MA0380.2,SIP4,1,T,73.0,1.5162
MA0380.2,SIP4,2,A,0.0,-5.0112
MA0380.2,SIP4,2,C,99.0,1.9517
MA0380.2,SIP4,2,G,0.0,-5.0112
MA0380.2,SIP4,2,T,1.0,-3.8413
MA0380.2,SIP4,3,A,0.0,-5.0112
MA0380.2,SIP4,3,C,100.0,1.9661
MA0380.2,SIP4,3,G,0.0,-5.0112
MA0380.2,SIP4,3,T,0.0,-5.0112
MA0380.2,SIP4,4,A,0.0,-5.0112
MA0380.2,SIP4,4,C,0.0,-5.0112
MA0380.2,SIP4,4,G,100.0,1.9661
MA0380.2,SIP4,4,T,0.0,-5.0112
MA0380.2,SIP4,5,A,23.0,-0.1164
MA0380.2,SIP4,5,C,0.0,-5.0112
MA0380.2,SIP4,5,G,63.0,1.3062
MA0380.2,SIP4,5,T,14.0,-0.8018
MA0380.2,SIP4,6,A,57.0,1.1919
MA0380.2,SIP4,6,C,16.0,-0.5907
MA0380.2,SIP4,6,G,25.0,0.0282
MA0380.2,SIP4,6,T,0.0,-4.983
MA0381.2,SKN7,1,A,0.0,-5.0112
MA0381.2,SKN7,1,C,0.0,-5.0112
MA0381.2,SKN7,1,G,100.0,1.9661
MA0381.2,SKN7,1,T,0.0,-5.0112
MA0381.2,SKN7,2,A,0.0,-5.0112
MA0381.2,SKN7,2,C,0.0,-5.0112
MA0381.2,SKN7,2,G,100.0,1.9661
MA0381.2,SKN7,2,T,0.0,-5.0112
MA0381.2,SKN7,3,A,0.0,-5.0112
MA0381.2,SKN7,3,C,100.0,1.9661
MA0381.2,SKN7,3,G,0.0,-5.0112
MA0381.2,SKN7,3,T,0.0,-5.0112
MA0381.2,SKN7,4,A,0.0,-5.0112
MA0381.2,SKN7,4,C,84.0,1.7167
MA0381.2,SKN7,4,G,16.0,-0.6189
MA0381.2,SKN7,4,T,0.0,-5.0112
MA0381.2,SKN7,5,A,49.0,0.9349
MA0381.2,SKN7,5,C,15.0,-0.7214
MA0381.2,SKN7,5,G,37.0,0.5371
MA0381.2,SKN7,5,T,0.0,-5.0251
MA0382.3,SKO1,1,A,244.0,1.8576
MA0382.3,SKO1,1,C,6.0,-3.3123
MA0382.3,SKO1,1,G,12.0,-2.3998
MA0382.3,SKO1,1,T,5.0,-3.5418
MA0382.3,SKO1,2,A,3.0,-4.1519
MA0382.3,SKO1,2,C,3.0,-4.1519
MA0382.3,SKO1,2,G,0.0,-6.3998
MA0382.3,SKO1,2,T,261.0,1.9544
MA0382.3,SKO1,3,A,3.0,-4.1519
MA0382.3,SKO1,3,C,0.0,-6.3998
MA0382.3,SKO1,3,G,209.0,1.635
MA0382.3,SKO1,3,T,55.0,-0.2757
MA0382.3,SKO1,4,A,264.0,1.9709
MA0382.3,SKO1,4,C,1.0,-5.2299
MA0382.3,SKO1,4,G,2.0,-4.5925
MA0382.3,SKO1,4,T,0.0,-6.3998
MA0382.3,SKO1,5,A,0.0,-6.3998
MA0382.3,SKO1,5,C,256.0,1.9266
MA0382.3,SKO1,5,G,0.0,-6.3998
MA0382.3,SKO1,5,T,11.0,-2.5172
MA0382.3,SKO1,6,A,2.0,-4.5925
MA0382.3,SKO1,6,C,0.0,-6.3998
MA0382.3,SKO1,6,G,263.0,1.9654
MA0382.3,SKO1,6,T,2.0,-4.5925
MA0382.3,SKO1,7,A,9.0,-2.7851
MA0382.3,SKO1,7,C,8.0,-2.9404
MA0382.3,SKO1,7,G,2.0,-4.5925
MA0382.3,SKO1,7,T,248.0,1.881
MA0382.3,SKO1,8,A,186.0,1.4675
MA0382.3,SKO1,8,C,67.0,0.0053
MA0382.3,SKO1,8,G,5.0,-3.5418
MA0382.3,SKO1,8,T,9.0,-2.7851
MA0382.3,SKO1,9,A,186.0,1.4675
MA0382.3,SKO1,9,C,8.0,-2.9404
MA0382.3,SKO1,9,G,24.0,-1.4456
MA0382.3,SKO1,9,T,49.0,-0.4398
MA0382.3,SKO1,10,A,47.0,-0.4989
MA0382.3,SKO1,10,C,20.0,-1.6994
MA0382.3,SKO1,10,G,40.0,-0.7274
MA0382.3,SKO1,10,T,160.0,1.2512
MA2706.1,SMP1,1,A,8.0,-1.0364
MA2706.1,SMP1,1,C,33.0,0.905
MA2706.1,SMP1,1,G,4.0,-1.9109
MA2706.1,SMP1,1,T,24.0,0.4583
MA2706.1,SMP1,2,A,7.0,-1.2105
MA2706.1,SMP1,2,C,6.0,-1.4084
MA2706.1,SMP1,2,G,3.0,-2.2479
MA2706.1,SMP1,2,T,53.0,1.5756
MA2706.1,SMP1,3,A,7.0,-1.2105
MA2706.1,SMP1,3,C,0.0,-4.4959
MA2706.1,SMP1,3,G,7.0,-1.2105
MA2706.1,SMP1,3,T,55.0,1.6283
MA2706.1,SMP1,4,A,2.0,-2.6885
MA2706.1,SMP1,4,C,65.0,1.8661
MA2706.1,SMP1,4,G,0.0,-4.4959
MA2706.1,SMP1,4,T,2.0,-2.6885
MA2706.1,SMP1,5,A,2.0,-2.6885
MA2706.1,SMP1,5,C,2.0,-2.6885
MA2706.1,SMP1,5,G,0.0,-4.4959
MA2706.1,SMP1,5,T,65.0,1.8661
MA2706.1,SMP1,6,A,53.0,1.5756
MA2706.1,SMP1,6,C,2.0,-2.6885
MA2706.1,SMP1,6,G,0.0,-4.4959
MA2706.1,SMP1,6,T,14.0,-0.2864
MA2706.1,SMP1,7,A,6.0,-1.4084
MA2706.1,SMP1,7,C,2.0,-2.6885
MA2706.1,SMP1,7,G,0.0,-4.4959
MA2706.1,SMP1,7,T,61.0,1.7756
MA2706.1,SMP1,8,A,11.0,-0.6132
MA2706.1,SMP1,8,C,2.0,-2.6885
MA2706.1,SMP1,8,G,1.0,-3.3259
MA2706.1,SMP1,8,T,55.0,1.6283
MA2706.1,SMP1,9,A,7.0,-1.2105
MA2706.1,SMP1,9,C,2.0,-2.6885
MA2706.1,SMP1,9,G,1.0,-3.3259
MA2706.1,SMP1,9,T,59.0,1.7281
MA2706.1,SMP1,10,A,18.0,0.0587
MA2706.1,SMP1,10,C,0.0,-4.4959
MA2706.1,SMP1,10,G,0.0,-4.4959
MA2706.1,SMP1,10,T,51.0,1.521
MA2706.1,SMP1,11,A,5.0,-1.6379
MA2706.1,SMP1,11,C,1.0,-3.3259
MA2706.1,SMP1,11,G,1.0,-3.3259
MA2706.1,SMP1,11,T,62.0,1.7988
MA2706.1,SMP1,12,A,61.0,1.7756
MA2706.1,SMP1,12,C,3.0,-2.2479
MA2706.1,SMP1,12,G,4.0,-1.9109
MA2706.1,SMP1,12,T,1.0,-3.3259
MA0384.2,SNT2,1,A,0.0,-9.9758
MA0384.2,SNT2,1,C,89.0,-3.1652
MA0384.2,SNT2,1,G,313.0,-1.3601
MA0384.2,SNT2,1,T,2817.0,1.8065
MA0384.2,SNT2,2,A,0.0,-9.9381
MA0384.2,SNT2,2,C,0.0,-9.9381
MA0384.2,SNT2,2,G,3136.0,1.9989
MA0384.2,SNT2,2,T,0.0,-9.9381
MA0384.2,SNT2,3,A,1405.0,0.7266
MA0384.2,SNT2,3,C,269.0,-1.6548
MA0384.2,SNT2,3,G,1721.0,1.0191
MA0384.2,SNT2,3,T,0.0,-10.0525
MA0384.2,SNT2,4,A,0.0,-9.9381
MA0384.2,SNT2,4,C,0.0,-9.9381
MA0384.2,SNT2,4,G,0.0,-9.9381
MA0384.2,SNT2,4,T,3136.0,1.9989
MA0384.2,SNT2,5,A,3120.0,1.9828
MA0384.2,SNT2,5,C,0.0,-9.9468
MA0384.2,SNT2,5,G,35.0,-4.463
MA0384.2,SNT2,5,T,0.0,-9.9468
MA0384.2,SNT2,6,A,7.0,-6.6532
MA0384.2,SNT2,6,C,0.0,-9.9386
MA0384.2,SNT2,6,G,3130.0,1.9957
MA0384.2,SNT2,6,T,0.0,-9.9386
MA0384.2,SNT2,7,A,0.0,-9.9381
MA0384.2,SNT2,7,C,3136.0,1.9989
MA0384.2,SNT2,7,G,0.0,-9.9381
MA0384.2,SNT2,7,T,0.0,-9.9381
MA0384.2,SNT2,8,A,0.0,-9.9381
MA0384.2,SNT2,8,C,0.0,-9.9381
MA0384.2,SNT2,8,G,3136.0,1.9989
MA0384.2,SNT2,8,T,0.0,-9.9381
MA0384.2,SNT2,9,A,8.0,-6.4874
MA0384.2,SNT2,9,C,3072.0,1.9605
MA0384.2,SNT2,9,G,75.0,-3.3808
MA0384.2,SNT2,9,T,0.0,-9.9468
MA0384.2,SNT2,10,A,168.0,-2.2175
MA0384.2,SNT2,10,C,2969.0,1.9195
MA0384.2,SNT2,10,G,0.0,-9.9386
MA0384.2,SNT2,10,T,0.0,-9.9386
MA0385.2,SOK2,1,A,41.0,0.6961
MA0385.2,SOK2,1,C,47.0,0.8896
MA0385.2,SOK2,1,G,9.0,-1.3965
MA0385.2,SOK2,1,T,3.0,-2.7633
MA0385.2,SOK2,2,A,4.0,-2.4263
MA0385.2,SOK2,2,C,1.0,-3.8413
MA0385.2,SOK2,2,G,4.0,-2.4263
MA0385.2,SOK2,2,T,91.0,1.8311
MA0385.2,SOK2,3,A,4.0,-2.4263
MA0385.2,SOK2,3,C,1.0,-3.8413
MA0385.2,SOK2,3,G,94.0,1.8775
MA0385.2,SOK2,3,T,1.0,-3.8413
MA0385.2,SOK2,4,A,4.0,-2.4263
MA0385.2,SOK2,4,C,91.0,1.8311
MA0385.2,SOK2,4,G,1.0,-3.8413
MA0385.2,SOK2,4,T,4.0,-2.4263
MA0385.2,SOK2,5,A,97.0,1.9225
MA0385.2,SOK2,5,C,1.0,-3.8413
MA0385.2,SOK2,5,G,1.0,-3.8413
MA0385.2,SOK2,5,T,1.0,-3.8413
MA0385.2,SOK2,6,A,5.0,-2.1532
MA0385.2,SOK2,6,C,5.0,-2.1532
MA0385.2,SOK2,6,G,50.0,0.9775
MA0385.2,SOK2,6,T,40.0,0.6612
MA0386.2,SPT15,1,A,115.0,-1.112
MA0386.2,SPT15,1,C,98.0,-1.3411
MA0386.2,SPT15,1,G,701.0,1.4874
MA0386.2,SPT15,1,T,84.0,-1.5615
MA0386.2,SPT15,2,A,287.0,0.2014
MA0386.2,SPT15,2,C,198.0,-0.3323
MA0386.2,SPT15,2,G,266.0,0.0921
MA0386.2,SPT15,2,T,247.0,-0.0145
MA0386.2,SPT15,3,A,332.0,0.411
MA0386.2,SPT15,3,C,110.0,-1.1757
MA0386.2,SPT15,3,G,27.0,-3.1705
MA0386.2,SPT15,3,T,529.0,1.0818
MA0386.2,SPT15,4,A,907.0,1.8587
MA0386.2,SPT15,4,C,7.0,-5.004
MA0386.2,SPT15,4,G,25.0,-3.2782
MA0386.2,SPT15,4,T,59.0,-2.0654
MA0386.2,SPT15,5,A,12.0,-4.288
MA0386.2,SPT15,5,C,7.0,-5.0026
MA0386.2,SPT15,5,G,23.0,-3.3932
MA0386.2,SPT15,5,T,955.0,1.9345
MA0386.2,SPT15,6,A,981.0,1.9703
MA0386.2,SPT15,6,C,2.0,-6.4835
MA0386.2,SPT15,6,G,4.0,-5.7059
MA0386.2,SPT15,6,T,12.0,-4.2909
MA0386.2,SPT15,7,A,38.0,-2.6895
MA0386.2,SPT15,7,C,1.0,-7.1195
MA0386.2,SPT15,7,G,5.0,-5.4315
MA0386.2,SPT15,7,T,954.0,1.9315
MA0386.2,SPT15,8,A,970.0,1.9555
MA0386.2,SPT15,8,C,2.0,-6.4821
MA0386.2,SPT15,8,G,6.0,-5.202
MA0386.2,SPT15,8,T,20.0,-3.589
MA0386.2,SPT15,9,A,44.0,-2.4821
MA0386.2,SPT15,9,C,4.0,-5.7045
MA0386.2,SPT15,9,G,3.0,-6.0415
MA0386.2,SPT15,9,T,947.0,1.9209
MA0386.2,SPT15,10,A,883.0,1.8201
MA0386.2,SPT15,10,C,10.0,-4.5346
MA0386.2,SPT15,10,G,24.0,-3.3352
MA0386.2,SPT15,10,T,81.0,-1.6135
MA0386.2,SPT15,11,A,186.0,-0.4236
MA0386.2,SPT15,11,C,62.0,-1.9963
MA0386.2,SPT15,11,G,94.0,-1.4021
MA0386.2,SPT15,11,T,657.0,1.3926
MA0387.1,SPT2,1,A,97.0,1.288
MA0387.1,SPT2,1,C,0.0,-5.6457
MA0387.1,SPT2,1,G,3.0,-3.3977
MA0387.1,SPT2,1,T,57.0,0.5293
MA0387.1,SPT2,2,A,66.0,0.5445
MA0387.1,SPT2,2,C,44.0,-0.0318
MA0387.1,SPT2,2,G,12.0,-1.8392
MA0387.1,SPT2,2,T,58.0,0.3605
MA0387.1,SPT2,3,A,0.0,-5.6812
MA0387.1,SPT2,3,C,0.0,-5.6812
MA0387.1,SPT2,3,G,0.0,-5.6812
MA0387.1,SPT2,3,T,161.0,1.9788
MA0387.1,SPT2,4,A,4.0,-3.0517
MA0387.1,SPT2,4,C,0.0,-5.6366
MA0387.1,SPT2,4,G,0.0,-5.6366
MA0387.1,SPT2,4,T,152.0,1.9408
MA0387.1,SPT2,5,A,130.0,1.4828
MA0387.1,SPT2,5,C,0.0,-5.8704
MA0387.1,SPT2,5,G,54.0,0.2277
MA0387.1,SPT2,5,T,0.0,-5.8704
MA0387.1,SPT2,6,A,120.0,1.33
MA0387.1,SPT2,6,C,23.0,-1.0136
MA0387.1,SPT2,6,G,46.0,-0.038
MA0387.1,SPT2,6,T,0.0,-5.9084
MA0387.1,SPT2,7,A,83.0,0.6461
MA0387.1,SPT2,7,C,66.0,0.319
MA0387.1,SPT2,7,G,60.0,0.1832
MA0387.1,SPT2,7,T,2.0,-4.2574
MA0387.1,SPT2,8,A,0.0,-6.0375
MA0387.1,SPT2,8,C,0.0,-6.0375
MA0387.1,SPT2,8,G,105.0,1.0096
MA0387.1,SPT2,8,T,102.0,0.9681
MA0387.1,SPT2,9,A,161.0,1.9788
MA0387.1,SPT2,9,C,0.0,-5.6812
MA0387.1,SPT2,9,G,0.0,-5.6812
MA0387.1,SPT2,9,T,0.0,-5.6812
MA0387.1,SPT2,10,A,122.0,1.3388
MA0387.1,SPT2,10,C,0.0,-5.9233
MA0387.1,SPT2,10,G,69.0,0.5238
MA0387.1,SPT2,10,T,0.0,-5.9233
MA0388.1,SPT23,1,A,95.0,0.8191
MA0388.1,SPT23,1,C,0.0,-6.0848
MA0388.1,SPT23,1,G,119.0,1.1416
MA0388.1,SPT23,1,T,0.0,-6.0848
MA0388.1,SPT23,2,A,160.0,1.9786
MA0388.1,SPT23,2,C,0.0,-5.6724
MA0388.1,SPT23,2,G,0.0,-5.6724
MA0388.1,SPT23,2,T,0.0,-5.6724
MA0388.1,SPT23,3,A,143.0,1.7568
MA0388.1,SPT23,3,C,0.0,-5.733
MA0388.1,SPT23,3,G,22.0,-0.9001
MA0388.1,SPT23,3,T,2.0,-3.9257
MA0388.1,SPT23,4,A,134.0,1.7509
MA0388.1,SPT23,4,C,0.0,-5.6457
MA0388.1,SPT23,4,G,0.0,-5.6457
MA0388.1,SPT23,4,T,23.0,-0.7508
MA0388.1,SPT23,5,A,1.0,-4.6049
MA0388.1,SPT23,5,C,36.0,-0.2512
MA0388.1,SPT23,5,G,0.0,-5.7748
MA0388.1,SPT23,5,T,135.0,1.6325
MA0388.1,SPT23,6,A,0.0,-6.3117
MA0388.1,SPT23,6,C,138.0,1.127
MA0388.1,SPT23,6,G,67.0,0.0934
MA0388.1,SPT23,6,T,46.0,-0.4414
MA0388.1,SPT23,7,A,108.0,1.2562
MA0388.1,SPT23,7,C,37.0,-0.2691
MA0388.1,SPT23,7,G,18.0,-1.2767
MA0388.1,SPT23,7,T,16.0,-1.439
MA0388.1,SPT23,8,A,157.0,1.9252
MA0388.1,SPT23,8,C,0.0,-5.6987
MA0388.1,SPT23,8,G,6.0,-2.6112
MA0388.1,SPT23,8,T,0.0,-5.6987
MA0389.2,SRD1,1,A,66.0,1.3725
MA0389.2,SRD1,1,C,9.0,-1.3965
MA0389.2,SRD1,1,G,19.0,-0.3819
MA0389.2,SRD1,1,T,6.0,-1.9238
MA0389.2,SRD1,2,A,6.0,-1.9238
MA0389.2,SRD1,2,C,2.0,-3.2039
MA0389.2,SRD1,2,G,90.0,1.8153
MA0389.2,SRD1,2,T,2.0,-3.2039
MA0389.2,SRD1,3,A,97.0,1.9225
MA0389.2,SRD1,3,C,0.0,-5.0112
MA0389.2,SRD1,3,G,0.0,-5.0112
MA0389.2,SRD1,3,T,3.0,-2.7633
MA0389.2,SRD1,4,A,13.0,-0.9027
MA0389.2,SRD1,4,C,0.0,-5.0112
MA0389.2,SRD1,4,G,2.0,-3.2039
MA0389.2,SRD1,4,T,85.0,1.7336
MA0389.2,SRD1,5,A,0.0,-4.9972
MA0389.2,SRD1,5,C,99.0,1.9657
MA0389.2,SRD1,5,G,0.0,-4.9972
MA0389.2,SRD1,5,T,0.0,-4.9972
MA0389.2,SRD1,6,A,4.0,-2.4263
MA0389.2,SRD1,6,C,19.0,-0.3819
MA0389.2,SRD1,6,G,3.0,-2.7633
MA0389.2,SRD1,6,T,74.0,1.5357
MA0390.2,STB3,1,A,776.0,1.6339
MA0390.2,STB3,1,C,35.0,-2.8056
MA0390.2,STB3,1,G,71.0,-1.8016
MA0390.2,STB3,1,T,116.0,-1.0996
MA0390.2,STB3,2,A,499.0,0.9963
MA0390.2,STB3,2,C,27.0,-3.1719
MA0390.2,STB3,2,G,33.0,-2.89
MA0390.2,STB3,2,T,440.0,0.815
MA0390.2,STB3,3,A,99.0,-1.3265
MA0390.2,STB3,3,C,11.0,-4.4068
MA0390.2,STB3,3,G,2.0,-6.4821
MA0390.2,STB3,3,T,886.0,1.825
MA0390.2,STB3,4,A,53.0,-2.218
MA0390.2,STB3,4,C,5.0,-5.4315
MA0390.2,STB3,4,G,1.0,-7.1195
MA0390.2,STB3,4,T,939.0,1.9087
MA0390.2,STB3,5,A,10.0,-4.5346
MA0390.2,STB3,5,C,4.0,-5.7045
MA0390.2,STB3,5,G,2.0,-6.4821
MA0390.2,STB3,5,T,982.0,1.9732
MA0390.2,STB3,6,A,13.0,-4.1809
MA0390.2,STB3,6,C,0.0,-8.2894
MA0390.2,STB3,6,G,15.0,-3.9857
MA0390.2,STB3,6,T,970.0,1.9555
MA0390.2,STB3,7,A,0.0,-8.2909
MA0390.2,STB3,7,C,64.0,-1.951
MA0390.2,STB3,7,G,20.0,-3.5904
MA0390.2,STB3,7,T,915.0,1.8699
MA0390.2,STB3,8,A,3.0,-6.043
MA0390.2,STB3,8,C,990.0,1.9835
MA0390.2,STB3,8,G,2.0,-6.4835
MA0390.2,STB3,8,T,4.0,-5.7059
MA0390.2,STB3,9,A,965.0,1.9466
MA0390.2,STB3,9,C,7.0,-5.0055
MA0390.2,STB3,9,G,25.0,-3.2797
MA0390.2,STB3,9,T,2.0,-6.4835
MA0390.2,STB3,10,A,150.0,-0.731
MA0390.2,STB3,10,C,587.0,1.2317
MA0390.2,STB3,10,G,84.0,-1.5615
MA0390.2,STB3,10,T,177.0,-0.4934
MA0390.2,STB3,11,A,129.0,-0.9488
MA0390.2,STB3,11,C,120.0,-1.0525
MA0390.2,STB3,11,G,137.0,-0.8625
MA0390.2,STB3,11,T,613.0,1.2927
MA0391.1,STB4,1,A,9.0,-1.3965
MA0391.1,STB4,1,C,43.0,0.7636
MA0391.1,STB4,1,G,9.0,-1.3965
MA0391.1,STB4,1,T,39.0,0.6254
MA0391.1,STB4,2,A,0.0,-5.0112
MA0391.1,STB4,2,C,0.0,-5.0112
MA0391.1,STB4,2,G,0.0,-5.0112
MA0391.1,STB4,2,T,100.0,1.9661
MA0391.1,STB4,3,A,0.0,-5.0112
MA0391.1,STB4,3,C,100.0,1.9661
MA0391.1,STB4,3,G,0.0,-5.0112
MA0391.1,STB4,3,T,0.0,-5.0112
MA0391.1,STB4,4,A,0.0,-5.0112
MA0391.1,STB4,4,C,0.0,-5.0112
MA0391.1,STB4,4,G,100.0,1.9661
MA0391.1,STB4,4,T,0.0,-5.0112
MA0391.1,STB4,5,A,0.0,-5.0112
MA0391.1,STB4,5,C,0.0,-5.0112
MA0391.1,STB4,5,G,100.0,1.9661
MA0391.1,STB4,5,T,0.0,-5.0112
MA0391.1,STB4,6,A,100.0,1.9661
MA0391.1,STB4,6,C,0.0,-5.0112
MA0391.1,STB4,6,G,0.0,-5.0112
MA0391.1,STB4,6,T,0.0,-5.0112
MA0391.1,STB4,7,A,75.0,1.5548
MA0391.1,STB4,7,C,1.0,-3.8413
MA0391.1,STB4,7,G,1.0,-3.8413
MA0391.1,STB4,7,T,23.0,-0.1164
MA0392.1,STB5,1,A,0.0,-4.9972
MA0392.1,STB5,1,C,99.0,1.9657
MA0392.1,STB5,1,G,0.0,-4.9972
MA0392.1,STB5,1,T,0.0,-4.9972
MA0392.1,STB5,2,A,0.0,-4.9972
MA0392.1,STB5,2,C,0.0,-4.9972
MA0392.1,STB5,2,G,99.0,1.9657
MA0392.1,STB5,2,T,0.0,-4.9972
MA0392.1,STB5,3,A,0.0,-4.9972
MA0392.1,STB5,3,C,0.0,-4.9972
MA0392.1,STB5,3,G,99.0,1.9657
MA0392.1,STB5,3,T,0.0,-4.9972
MA0392.1,STB5,4,A,23.0,-0.1164
MA0392.1,STB5,4,C,19.0,-0.3819
MA0392.1,STB5,4,G,26.0,0.0549
MA0392.1,STB5,4,T,32.0,0.3463
MA0392.1,STB5,5,A,23.0,-0.1303
MA0392.1,STB5,5,C,23.0,-0.1303
MA0392.1,STB5,5,G,47.0,0.8757
MA0392.1,STB5,5,T,8.0,-1.5657
MA0392.1,STB5,6,A,19.0,-0.3958
MA0392.1,STB5,6,C,25.0,-0.0139
MA0392.1,STB5,6,G,12.0,-1.0251
MA0392.1,STB5,6,T,45.0,0.8141
MA0392.1,STB5,7,A,6.0,-1.9238
MA0392.1,STB5,7,C,12.0,-1.0112
MA0392.1,STB5,7,G,6.0,-1.9238
MA0392.1,STB5,7,T,76.0,1.5737
MA0392.1,STB5,8,A,96.0,1.9217
MA0392.1,STB5,8,C,1.0,-3.8273
MA0392.1,STB5,8,G,1.0,-3.8273
MA0392.1,STB5,8,T,1.0,-3.8273
MA0393.1,STE12,1,A,0.0,-13.1146
MA0393.1,STE12,1,C,3261.0,-1.1212
MA0393.1,STE12,1,G,96.0,-6.1958
MA0393.1,STE12,1,T,25022.0,1.8183
MA0393.1,STE12,2,A,4297.0,-0.7361
MA0393.1,STE12,2,C,0.0,-13.1274
MA0393.1,STE12,2,G,24137.0,1.7535
MA0393.1,STE12,2,T,198.0,-5.1703
MA0393.1,STE12,3,A,27122.0,1.9335
MA0393.1,STE12,3,C,0.0,-13.1157
MA0393.1,STE12,3,G,1278.0,-2.4732
MA0393.1,STE12,3,T,0.0,-13.1157
MA0393.1,STE12,4,A,25290.0,1.8448
MA0393.1,STE12,4,C,167.0,-5.3909
MA0393.1,STE12,4,G,2703.0,-1.3808
MA0393.1,STE12,4,T,0.0,-13.1035
MA0393.1,STE12,5,A,27887.0,1.9999
MA0393.1,STE12,5,C,0.0,-13.0894
MA0393.1,STE12,5,G,0.0,-13.0894
MA0393.1,STE12,5,T,0.0,-13.0894
MA0393.1,STE12,6,A,98.0,-6.1455
MA0393.1,STE12,6,C,27779.0,1.9898
MA0393.1,STE12,6,G,0.0,-13.0939
MA0393.1,STE12,6,T,97.0,-6.1602
MA0393.1,STE12,7,A,15301.0,1.0303
MA0393.1,STE12,7,C,3002.0,-1.3191
MA0393.1,STE12,7,G,9387.0,0.3254
MA0393.1,STE12,7,T,2275.0,-1.719
MA0394.1,STP1,1,A,4.0,-3.4457
MA0394.1,STP1,1,C,82.0,0.6628
MA0394.1,STP1,1,G,33.0,-0.6298
MA0394.1,STP1,1,T,87.0,0.7474
MA0394.1,STP1,2,A,49.0,-0.2938
MA0394.1,STP1,2,C,0.0,-6.2538
MA0394.1,STP1,2,G,192.0,1.659
MA0394.1,STP1,2,T,0.0,-6.2538
MA0394.1,STP1,3,A,0.0,-6.4625
MA0394.1,STP1,3,C,279.0,1.9877
MA0394.1,STP1,3,G,0.0,-6.4625
MA0394.1,STP1,3,T,0.0,-6.4625
MA0394.1,STP1,4,A,0.0,-6.4157
MA0394.1,STP1,4,C,0.0,-6.4157
MA0394.1,STP1,4,G,266.0,1.9658
MA0394.1,STP1,4,T,4.0,-3.8308
MA0394.1,STP1,5,A,12.0,-2.3998
MA0394.1,STP1,5,C,0.0,-6.3998
MA0394.1,STP1,5,G,255.0,1.921
MA0394.1,STP1,5,T,0.0,-6.3998
MA0394.1,STP1,6,A,0.0,-6.4625
MA0394.1,STP1,6,C,279.0,1.9877
MA0394.1,STP1,6,G,0.0,-6.4625
MA0394.1,STP1,6,T,0.0,-6.4625
MA0394.1,STP1,7,A,4.0,-3.473
MA0394.1,STP1,7,C,0.0,-6.058
MA0394.1,STP1,7,G,119.0,1.1684
MA0394.1,STP1,7,T,87.0,0.7201
MA0394.1,STP1,8,A,4.0,-3.5711
MA0394.1,STP1,8,C,94.0,0.7327
MA0394.1,STP1,8,G,70.0,0.3115
MA0394.1,STP1,8,T,57.0,0.0188
MA0395.2,STP2,1,A,238.0,-0.0664
MA0395.2,STP2,1,C,111.0,-1.1613
MA0395.2,STP2,1,G,567.0,1.1832
MA0395.2,STP2,1,T,81.0,-1.612
MA0395.2,STP2,2,A,113.0,-1.1372
MA0395.2,STP2,2,C,11.0,-4.4068
MA0395.2,STP2,2,G,829.0,1.7291
MA0395.2,STP2,2,T,45.0,-2.4502
MA0395.2,STP2,3,A,34.0,-2.8465
MA0395.2,STP2,3,C,647.0,1.3719
MA0395.2,STP2,3,G,5.0,-5.4315
MA0395.2,STP2,3,T,312.0,0.3216
MA0395.2,STP2,4,A,2.0,-6.4821
MA0395.2,STP2,4,C,5.0,-5.4315
MA0395.2,STP2,4,G,987.0,1.9806
MA0395.2,STP2,4,T,4.0,-5.7045
MA0395.2,STP2,5,A,0.0,-8.2894
MA0395.2,STP2,5,C,849.0,1.7635
MA0395.2,STP2,5,G,148.0,-0.7503
MA0395.2,STP2,5,T,1.0,-7.1195
MA0395.2,STP2,6,A,1.0,-7.1195
MA0395.2,STP2,6,C,866.0,1.792
MA0395.2,STP2,6,G,128.0,-0.9585
MA0395.2,STP2,6,T,3.0,-6.0415
MA0395.2,STP2,7,A,8.0,-4.83
MA0395.2,STP2,7,C,13.0,-4.1809
MA0395.2,STP2,7,G,948.0,1.9224
MA0395.2,STP2,7,T,29.0,-3.0703
MA0395.2,STP2,8,A,14.0,-4.08
MA0395.2,STP2,8,C,520.0,1.0571
MA0395.2,STP2,8,G,4.0,-5.7045
MA0395.2,STP2,8,T,460.0,0.8805
MA0395.2,STP2,9,A,618.0,1.3058
MA0395.2,STP2,9,C,12.0,-4.2894
MA0395.2,STP2,9,G,338.0,0.4368
MA0395.2,STP2,9,T,30.0,-3.0227
MA0396.2,STP3,1,A,0.0,-5.0112
MA0396.2,STP3,1,C,0.0,-5.0112
MA0396.2,STP3,1,G,0.0,-5.0112
MA0396.2,STP3,1,T,100.0,1.9661
MA0396.2,STP3,2,A,100.0,1.9661
MA0396.2,STP3,2,C,0.0,-5.0112
MA0396.2,STP3,2,G,0.0,-5.0112
MA0396.2,STP3,2,T,0.0,-5.0112
MA0396.2,STP3,3,A,0.0,-5.0112
MA0396.2,STP3,3,C,0.0,-5.0112
MA0396.2,STP3,3,G,100.0,1.9661
MA0396.2,STP3,3,T,0.0,-5.0112
MA0396.2,STP3,4,A,0.0,-5.0112
MA0396.2,STP3,4,C,100.0,1.9661
MA0396.2,STP3,4,G,0.0,-5.0112
MA0396.2,STP3,4,T,0.0,-5.0112
MA0396.2,STP3,5,A,0.0,-5.0112
MA0396.2,STP3,5,C,0.0,-5.0112
MA0396.2,STP3,5,G,100.0,1.9661
MA0396.2,STP3,5,T,0.0,-5.0112
MA0396.2,STP3,6,A,0.0,-5.0112
MA0396.2,STP3,6,C,64.0,1.3286
MA0396.2,STP3,6,G,18.0,-0.4566
MA0396.2,STP3,6,T,18.0,-0.4566
MA0397.2,STP4,1,A,0.0,-5.0112
MA0397.2,STP4,1,C,0.0,-5.0112
MA0397.2,STP4,1,G,0.0,-5.0112
MA0397.2,STP4,1,T,100.0,1.9661
MA0397.2,STP4,2,A,100.0,1.9661
MA0397.2,STP4,2,C,0.0,-5.0112
MA0397.2,STP4,2,G,0.0,-5.0112
MA0397.2,STP4,2,T,0.0,-5.0112
MA0397.2,STP4,3,A,0.0,-5.0112
MA0397.2,STP4,3,C,0.0,-5.0112
MA0397.2,STP4,3,G,100.0,1.9661
MA0397.2,STP4,3,T,0.0,-5.0112
MA0397.2,STP4,4,A,0.0,-5.0112
MA0397.2,STP4,4,C,100.0,1.9661
MA0397.2,STP4,4,G,0.0,-5.0112
MA0397.2,STP4,4,T,0.0,-5.0112
MA0397.2,STP4,5,A,0.0,-5.0112
MA0397.2,STP4,5,C,0.0,-5.0112
MA0397.2,STP4,5,G,100.0,1.9661
MA0397.2,STP4,5,T,0.0,-5.0112
MA0397.2,STP4,6,A,0.0,-5.0112
MA0397.2,STP4,6,C,73.0,1.5162
MA0397.2,STP4,6,G,17.0,-0.5355
MA0397.2,STP4,6,T,10.0,-1.2563
MA0398.2,SUM1,1,A,52.0,1.0332
MA0398.2,SUM1,1,C,8.0,-1.5518
MA0398.2,SUM1,1,G,8.0,-1.5518
MA0398.2,SUM1,1,T,32.0,0.3463
MA0398.2,SUM1,2,A,62.0,1.2834
MA0398.2,SUM1,2,C,2.0,-3.2039
MA0398.2,SUM1,2,G,2.0,-3.2039
MA0398.2,SUM1,2,T,34.0,0.4317
MA0398.2,SUM1,3,A,100.0,1.9661
MA0398.2,SUM1,3,C,0.0,-5.0112
MA0398.2,SUM1,3,G,0.0,-5.0112
MA0398.2,SUM1,3,T,0.0,-5.0112
MA0398.2,SUM1,4,A,0.0,-5.0112
MA0398.2,SUM1,4,C,0.0,-5.0112
MA0398.2,SUM1,4,G,0.0,-5.0112
MA0398.2,SUM1,4,T,100.0,1.9661
MA0398.2,SUM1,5,A,8.0,-1.5518
MA0398.2,SUM1,5,C,0.0,-5.0112
MA0398.2,SUM1,5,G,0.0,-5.0112
MA0398.2,SUM1,5,T,92.0,1.8468
MA0398.2,SUM1,6,A,24.0,-0.057
MA0398.2,SUM1,6,C,0.0,-5.0112
MA0398.2,SUM1,6,G,0.0,-5.0112
MA0398.2,SUM1,6,T,76.0,1.5737
MA0398.2,SUM1,7,A,28.0,0.1727
MA0398.2,SUM1,7,C,5.0,-2.1392
MA0398.2,SUM1,7,G,5.0,-2.1392
MA0398.2,SUM1,7,T,61.0,1.2743
MA0398.2,SUM1,8,A,15.0,-0.7074
MA0398.2,SUM1,8,C,15.0,-0.7074
MA0398.2,SUM1,8,G,11.0,-1.1286
MA0398.2,SUM1,8,T,59.0,1.2128
MA0399.1,SUT1,1,A,23.0,-1.2925
MA0399.1,SUT1,1,C,142.0,1.2924
MA0399.1,SUT1,1,G,36.0,-0.6638
MA0399.1,SUT1,1,T,29.0,-0.9682
MA0399.1,SUT1,2,A,48.0,-0.3053
MA0399.1,SUT1,2,C,5.0,-3.378
MA0399.1,SUT1,2,G,185.0,1.6235
MA0399.1,SUT1,2,T,0.0,-6.236
MA0399.1,SUT1,3,A,0.0,-6.3945
MA0399.1,SUT1,3,C,266.0,1.9871
MA0399.1,SUT1,3,G,0.0,-6.3945
MA0399.1,SUT1,3,T,0.0,-6.3945
MA0399.1,SUT1,4,A,8.0,-2.8915
MA0399.1,SUT1,4,C,61.0,-0.0795
MA0399.1,SUT1,4,G,188.0,1.5317
MA0399.1,SUT1,4,T,1.0,-5.181
MA0399.1,SUT1,5,A,0.0,-6.4263
MA0399.1,SUT1,5,C,46.0,-0.5559
MA0399.1,SUT1,5,G,226.0,1.7209
MA0399.1,SUT1,5,T,0.0,-6.4263
MA0399.1,SUT1,6,A,49.0,-0.258
MA0399.1,SUT1,6,C,35.0,-0.7341
MA0399.1,SUT1,6,G,151.0,1.35
MA0399.1,SUT1,6,T,0.0,-6.218
MA0399.1,SUT1,7,A,44.0,-0.3923
MA0399.1,SUT1,7,C,14.0,-1.9902
MA0399.1,SUT1,7,G,170.0,1.5384
MA0399.1,SUT1,7,T,4.0,-3.6147
MA0400.2,SUT2,1,A,522.0,1.0626
MA0400.2,SUT2,1,C,85.0,-1.5446
MA0400.2,SUT2,1,G,287.0,0.2014
MA0400.2,SUT2,1,T,104.0,-1.256
MA0400.2,SUT2,2,A,940.0,1.9102
MA0400.2,SUT2,2,C,6.0,-5.202
MA0400.2,SUT2,2,G,12.0,-4.2894
MA0400.2,SUT2,2,T,40.0,-2.617
MA0400.2,SUT2,3,A,971.0,1.957
MA0400.2,SUT2,3,C,0.0,-8.2894
MA0400.2,SUT2,3,G,11.0,-4.4068
MA0400.2,SUT2,3,T,16.0,-3.8971
MA0400.2,SUT2,4,A,0.0,-8.2894
MA0400.2,SUT2,4,C,709.0,1.5038
MA0400.2,SUT2,4,G,287.0,0.2014
MA0400.2,SUT2,4,T,2.0,-6.4821
MA0400.2,SUT2,5,A,1.0,-7.1195
MA0400.2,SUT2,5,C,16.0,-3.8971
MA0400.2,SUT2,5,G,0.0,-8.2894
MA0400.2,SUT2,5,T,981.0,1.9718
MA0400.2,SUT2,6,A,2.0,-6.4806
MA0400.2,SUT2,6,C,992.0,1.9893
MA0400.2,SUT2,6,G,1.0,-7.1181
MA0400.2,SUT2,6,T,2.0,-6.4806
MA0400.2,SUT2,7,A,1.0,-7.1195
MA0400.2,SUT2,7,C,984.0,1.9762
MA0400.2,SUT2,7,G,12.0,-4.2894
MA0400.2,SUT2,7,T,1.0,-7.1195
MA0400.2,SUT2,8,A,2.0,-6.4821
MA0400.2,SUT2,8,C,1.0,-7.1195
MA0400.2,SUT2,8,G,993.0,1.9893
MA0400.2,SUT2,8,T,2.0,-6.4821
MA0400.2,SUT2,9,A,789.0,1.6593
MA0400.2,SUT2,9,C,16.0,-3.8957
MA0400.2,SUT2,9,G,168.0,-0.5669
MA0400.2,SUT2,9,T,24.0,-3.3338
MA0400.2,SUT2,10,A,523.0,1.0668
MA0400.2,SUT2,10,C,80.0,-1.6298
MA0400.2,SUT2,10,G,257.0,0.044
MA0400.2,SUT2,10,T,137.0,-0.8596
MA0401.1,SWI4,1,A,62.0,1.2834
MA0401.1,SWI4,1,C,8.0,-1.5518
MA0401.1,SWI4,1,G,15.0,-0.7074
MA0401.1,SWI4,1,T,15.0,-0.7074
MA0401.1,SWI4,2,A,0.0,-5.0112
MA0401.1,SWI4,2,C,100.0,1.9661
MA0401.1,SWI4,2,G,0.0,-5.0112
MA0401.1,SWI4,2,T,0.0,-5.0112
MA0401.1,SWI4,3,A,15.0,-0.7074
MA0401.1,SWI4,3,C,0.0,-5.0112
MA0401.1,SWI4,3,G,85.0,1.7336
MA0401.1,SWI4,3,T,0.0,-5.0112
MA0401.1,SWI4,4,A,0.0,-5.0112
MA0401.1,SWI4,4,C,100.0,1.9661
MA0401.1,SWI4,4,G,0.0,-5.0112
MA0401.1,SWI4,4,T,0.0,-5.0112
MA0401.1,SWI4,5,A,0.0,-5.0112
MA0401.1,SWI4,5,C,0.0,-5.0112
MA0401.1,SWI4,5,G,100.0,1.9661
MA0401.1,SWI4,5,T,0.0,-5.0112
MA0401.1,SWI4,6,A,100.0,1.9661
MA0401.1,SWI4,6,C,0.0,-5.0112
MA0401.1,SWI4,6,G,0.0,-5.0112
MA0401.1,SWI4,6,T,0.0,-5.0112
MA0401.1,SWI4,7,A,94.0,1.8775
MA0401.1,SWI4,7,C,2.0,-3.2039
MA0401.1,SWI4,7,G,2.0,-3.2039
MA0401.1,SWI4,7,T,2.0,-3.2039
MA0401.1,SWI4,8,A,62.0,1.2695
MA0401.1,SWI4,8,C,8.0,-1.5657
MA0401.1,SWI4,8,G,8.0,-1.5657
MA0401.1,SWI4,8,T,23.0,-0.1303
MA0402.2,SWI5,1,A,8.0,-1.5657
MA0402.2,SWI5,1,C,8.0,-1.5657
MA0402.2,SWI5,1,G,23.0,-0.1303
MA0402.2,SWI5,1,T,62.0,1.2695
MA0402.2,SWI5,2,A,0.0,-5.0112
MA0402.2,SWI5,2,C,0.0,-5.0112
MA0402.2,SWI5,2,G,100.0,1.9661
MA0402.2,SWI5,2,T,0.0,-5.0112
MA0402.2,SWI5,3,A,0.0,-5.0112
MA0402.2,SWI5,3,C,100.0,1.9661
MA0402.2,SWI5,3,G,0.0,-5.0112
MA0402.2,SWI5,3,T,0.0,-5.0112
MA0402.2,SWI5,4,A,0.0,-5.0112
MA0402.2,SWI5,4,C,0.0,-5.0112
MA0402.2,SWI5,4,G,0.0,-5.0112
MA0402.2,SWI5,4,T,100.0,1.9661
MA0402.2,SWI5,5,A,0.0,-5.0112
MA0402.2,SWI5,5,C,0.0,-5.0112
MA0402.2,SWI5,5,G,100.0,1.9661
MA0402.2,SWI5,5,T,0.0,-5.0112
MA0402.2,SWI5,6,A,0.0,-5.0112
MA0402.2,SWI5,6,C,0.0,-5.0112
MA0402.2,SWI5,6,G,100.0,1.9661
MA0402.2,SWI5,6,T,0.0,-5.0112
MA0402.2,SWI5,7,A,4.0,-2.4263
MA0402.2,SWI5,7,C,4.0,-2.4263
MA0402.2,SWI5,7,G,27.0,0.1077
MA0402.2,SWI5,7,T,65.0,1.3507
MA0403.3,TBF1,1,A,131.0,1.6917
MA0403.3,TBF1,1,C,6.0,-2.585
MA0403.3,TBF1,1,G,10.0,-1.9175
MA0403.3,TBF1,1,T,13.0,-1.5639
MA0403.3,TBF1,2,A,145.0,1.8373
MA0403.3,TBF1,2,C,1.0,-4.5025
MA0403.3,TBF1,2,G,12.0,-1.6724
MA0403.3,TBF1,2,T,2.0,-3.8651
MA0403.3,TBF1,3,A,11.0,-1.7898
MA0403.3,TBF1,3,C,149.0,1.8764
MA0403.3,TBF1,3,G,0.0,-5.6724
MA0403.3,TBF1,3,T,0.0,-5.6724
MA0403.3,TBF1,4,A,1.0,-4.5025
MA0403.3,TBF1,4,C,155.0,1.9331
MA0403.3,TBF1,4,G,1.0,-4.5025
MA0403.3,TBF1,4,T,3.0,-3.4245
MA0403.3,TBF1,5,A,0.0,-5.6724
MA0403.3,TBF1,5,C,159.0,1.9696
MA0403.3,TBF1,5,G,1.0,-4.5025
MA0403.3,TBF1,5,T,0.0,-5.6724
MA0403.3,TBF1,6,A,0.0,-5.6724
MA0403.3,TBF1,6,C,0.0,-5.6724
MA0403.3,TBF1,6,G,1.0,-4.5025
MA0403.3,TBF1,6,T,159.0,1.9696
MA0403.3,TBF1,7,A,139.0,1.7767
MA0403.3,TBF1,7,C,4.0,-3.0875
MA0403.3,TBF1,7,G,16.0,-1.2801
MA0403.3,TBF1,7,T,1.0,-4.5025
MA0403.3,TBF1,8,A,110.0,1.4413
MA0403.3,TBF1,8,C,16.0,-1.2801
MA0403.3,TBF1,8,G,17.0,-1.1967
MA0403.3,TBF1,8,T,17.0,-1.1967
MA0404.1,TBS1,1,A,12.0,-1.0112
MA0404.1,TBS1,1,C,78.0,1.6108
MA0404.1,TBS1,1,G,5.0,-2.1532
MA0404.1,TBS1,1,T,5.0,-2.1532
MA0404.1,TBS1,2,A,3.0,-2.7493
MA0404.1,TBS1,2,C,3.0,-2.7493
MA0404.1,TBS1,2,G,90.0,1.8294
MA0404.1,TBS1,2,T,3.0,-2.7493
MA0404.1,TBS1,3,A,2.0,-3.2178
MA0404.1,TBS1,3,C,2.0,-3.2178
MA0404.1,TBS1,3,G,95.0,1.8787
MA0404.1,TBS1,3,T,2.0,-3.2178
MA0404.1,TBS1,4,A,75.0,1.5689
MA0404.1,TBS1,4,C,8.0,-1.5377
MA0404.1,TBS1,4,G,8.0,-1.5377
MA0404.1,TBS1,4,T,8.0,-1.5377
MA0404.1,TBS1,5,A,20.0,-0.2967
MA0404.1,TBS1,5,C,13.0,-0.8887
MA0404.1,TBS1,5,G,13.0,-0.8887
MA0404.1,TBS1,5,T,53.0,1.0743
MA0404.1,TBS1,6,A,0.0,-5.0112
MA0404.1,TBS1,6,C,100.0,1.9661
MA0404.1,TBS1,6,G,0.0,-5.0112
MA0404.1,TBS1,6,T,0.0,-5.0112
MA0404.1,TBS1,7,A,0.0,-5.0112
MA0404.1,TBS1,7,C,100.0,1.9661
MA0404.1,TBS1,7,G,0.0,-5.0112
MA0404.1,TBS1,7,T,0.0,-5.0112
MA0404.1,TBS1,8,A,8.0,-1.5377
MA0404.1,TBS1,8,C,8.0,-1.5377
MA0404.1,TBS1,8,G,75.0,1.5689
MA0404.1,TBS1,8,T,8.0,-1.5377
MA0431.2,TDA9,1,A,0.0,-5.0112
MA0431.2,TDA9,1,C,100.0,1.9661
MA0431.2,TDA9,1,G,0.0,-5.0112
MA0431.2,TDA9,1,T,0.0,-5.0112
MA0431.2,TDA9,2,A,0.0,-5.0112
MA0431.2,TDA9,2,C,100.0,1.9661
MA0431.2,TDA9,2,G,0.0,-5.0112
MA0431.2,TDA9,2,T,0.0,-5.0112
MA0431.2,TDA9,3,A,0.0,-5.0112
MA0431.2,TDA9,3,C,100.0,1.9661
MA0431.2,TDA9,3,G,0.0,-5.0112
MA0431.2,TDA9,3,T,0.0,-5.0112
MA0431.2,TDA9,4,A,0.0,-5.0112
MA0431.2,TDA9,4,C,100.0,1.9661
MA0431.2,TDA9,4,G,0.0,-5.0112
MA0431.2,TDA9,4,T,0.0,-5.0112
MA0431.2,TDA9,5,A,30.0,0.2556
MA0431.2,TDA9,5,C,0.0,-5.0112
MA0431.2,TDA9,5,G,36.0,0.5123
MA0431.2,TDA9,5,T,34.0,0.4317
MA0431.2,TDA9,6,A,0.0,-5.0112
MA0431.2,TDA9,6,C,100.0,1.9661
MA0431.2,TDA9,6,G,0.0,-5.0112
MA0431.2,TDA9,6,T,0.0,-5.0112
MA0431.2,TDA9,7,A,44.0,0.7822
MA0431.2,TDA9,7,C,16.0,-0.6328
MA0431.2,TDA9,7,G,3.0,-2.7772
MA0431.2,TDA9,7,T,38.0,0.5748
MA0405.1,TEA1,1,A,5.0,-2.1532
MA0405.1,TEA1,1,C,5.0,-2.1532
MA0405.1,TEA1,1,G,75.0,1.5548
MA0405.1,TEA1,1,T,15.0,-0.7074
MA0405.1,TEA1,2,A,0.0,-5.0112
MA0405.1,TEA1,2,C,100.0,1.9661
MA0405.1,TEA1,2,G,0.0,-5.0112
MA0405.1,TEA1,2,T,0.0,-5.0112
MA0405.1,TEA1,3,A,0.0,-5.0112
MA0405.1,TEA1,3,C,0.0,-5.0112
MA0405.1,TEA1,3,G,100.0,1.9661
MA0405.1,TEA1,3,T,0.0,-5.0112
MA0405.1,TEA1,4,A,0.0,-5.0112
MA0405.1,TEA1,4,C,40.0,0.6612
MA0405.1,TEA1,4,G,60.0,1.2367
MA0405.1,TEA1,4,T,0.0,-5.0112
MA0405.1,TEA1,5,A,50.0,0.9775
MA0405.1,TEA1,5,C,0.0,-5.0112
MA0405.1,TEA1,5,G,50.0,0.9775
MA0405.1,TEA1,5,T,0.0,-5.0112
MA0405.1,TEA1,6,A,0.0,-5.0112
MA0405.1,TEA1,6,C,80.0,1.647
MA0405.1,TEA1,6,G,20.0,-0.3108
MA0405.1,TEA1,6,T,0.0,-5.0112
MA0405.1,TEA1,7,A,60.0,1.2367
MA0405.1,TEA1,7,C,0.0,-5.0112
MA0405.1,TEA1,7,G,10.0,-1.2563
MA0405.1,TEA1,7,T,30.0,0.2556
MA0405.1,TEA1,8,A,15.0,-0.7074
MA0405.1,TEA1,8,C,20.0,-0.3108
MA0405.1,TEA1,8,G,5.0,-2.1532
MA0405.1,TEA1,8,T,60.0,1.2367
MA0406.2,TEC1,1,A,52.0,1.0332
MA0406.2,TEC1,1,C,7.0,-1.7258
MA0406.2,TEC1,1,G,34.0,0.4317
MA0406.2,TEC1,1,T,7.0,-1.7258
MA0406.2,TEC1,2,A,0.0,-5.0112
MA0406.2,TEC1,2,C,95.0,1.8927
MA0406.2,TEC1,2,G,5.0,-2.1532
MA0406.2,TEC1,2,T,0.0,-5.0112
MA0406.2,TEC1,3,A,100.0,1.9661
MA0406.2,TEC1,3,C,0.0,-5.0112
MA0406.2,TEC1,3,G,0.0,-5.0112
MA0406.2,TEC1,3,T,0.0,-5.0112
MA0406.2,TEC1,4,A,5.0,-2.1532
MA0406.2,TEC1,4,C,0.0,-5.0112
MA0406.2,TEC1,4,G,0.0,-5.0112
MA0406.2,TEC1,4,T,95.0,1.8927
MA0406.2,TEC1,5,A,0.0,-5.0112
MA0406.2,TEC1,5,C,0.0,-5.0112
MA0406.2,TEC1,5,G,0.0,-5.0112
MA0406.2,TEC1,5,T,100.0,1.9661
MA0406.2,TEC1,6,A,0.0,-5.0112
MA0406.2,TEC1,6,C,91.0,1.8311
MA0406.2,TEC1,6,G,9.0,-1.3965
MA0406.2,TEC1,6,T,0.0,-5.0112
MA0406.2,TEC1,7,A,0.0,-5.0112
MA0406.2,TEC1,7,C,68.0,1.415
MA0406.2,TEC1,7,G,0.0,-5.0112
MA0406.2,TEC1,7,T,32.0,0.3463
MA0407.1,THI2,1,A,103.0,-1.6109
MA0407.1,THI2,1,C,0.0,-8.6305
MA0407.1,THI2,1,G,1162.0,1.8748
MA0407.1,THI2,1,T,0.0,-8.6305
MA0407.1,THI2,2,A,0.0,-8.6305
MA0407.1,THI2,2,C,0.0,-8.6305
MA0407.1,THI2,2,G,1265.0,1.9973
MA0407.1,THI2,2,T,0.0,-8.6305
MA0407.1,THI2,3,A,680.0,1.0478
MA0407.1,THI2,3,C,573.0,0.8011
MA0407.1,THI2,3,G,0.0,-8.6852
MA0407.1,THI2,3,T,61.0,-2.4137
MA0407.1,THI2,4,A,1265.0,1.9973
MA0407.1,THI2,4,C,0.0,-8.6305
MA0407.1,THI2,4,G,0.0,-8.6305
MA0407.1,THI2,4,T,0.0,-8.6305
MA0407.1,THI2,5,A,1265.0,1.9973
MA0407.1,THI2,5,C,0.0,-8.6305
MA0407.1,THI2,5,G,0.0,-8.6305
MA0407.1,THI2,5,T,0.0,-8.6305
MA0407.1,THI2,6,A,0.0,-8.6305
MA0407.1,THI2,6,C,1024.0,1.6926
MA0407.1,THI2,6,G,0.0,-8.6305
MA0407.1,THI2,6,T,241.0,-0.3909
MA0407.1,THI2,7,A,0.0,-8.722
MA0407.1,THI2,7,C,543.0,0.6869
MA0407.1,THI2,7,G,0.0,-8.722
MA0407.1,THI2,7,T,805.0,1.2543
MA0407.1,THI2,8,A,71.0,-2.2158
MA0407.1,THI2,8,C,599.0,0.8466
MA0407.1,THI2,8,G,571.0,0.7776
MA0407.1,THI2,8,T,90.0,-1.8771
MA0407.1,THI2,9,A,438.0,0.47
MA0407.1,THI2,9,C,0.0,-8.6294
MA0407.1,THI2,9,G,0.0,-8.6294
MA0407.1,THI2,9,T,826.0,1.384
MA0407.1,THI2,10,A,921.0,1.5397
MA0407.1,THI2,10,C,0.0,-8.6305
MA0407.1,THI2,10,G,0.0,-8.6305
MA0407.1,THI2,10,T,344.0,0.121
MA0407.1,THI2,11,A,1265.0,1.9973
MA0407.1,THI2,11,C,0.0,-8.6305
MA0407.1,THI2,11,G,0.0,-8.6305
MA0407.1,THI2,11,T,0.0,-8.6305
MA0407.1,THI2,12,A,0.0,-8.6305
MA0407.1,THI2,12,C,0.0,-8.6305
MA0407.1,THI2,12,G,1265.0,1.9973
MA0407.1,THI2,12,T,0.0,-8.6305
MA0407.1,THI2,13,A,1265.0,1.9973
MA0407.1,THI2,13,C,0.0,-8.6305
MA0407.1,THI2,13,G,0.0,-8.6305
MA0407.1,THI2,13,T,0.0,-8.6305
MA0407.1,THI2,14,A,813.0,1.3611
MA0407.1,THI2,14,C,0.0,-8.6294
MA0407.1,THI2,14,G,451.0,0.5121
MA0407.1,THI2,14,T,0.0,-8.6294
MA0407.1,THI2,15,A,129.0,-1.3121
MA0407.1,THI2,15,C,1068.0,1.7295
MA0407.1,THI2,15,G,89.0,-1.8436
MA0407.1,THI2,15,T,0.0,-8.6542
MA0350.2,TOD6,1,A,649.0,1.3763
MA0350.2,TOD6,1,C,50.0,-2.3008
MA0350.2,TOD6,1,G,96.0,-1.3706
MA0350.2,TOD6,1,T,203.0,-0.2965
MA0350.2,TOD6,2,A,67.0,-1.8829
MA0350.2,TOD6,2,C,396.0,0.6662
MA0350.2,TOD6,2,G,436.0,0.8048
MA0350.2,TOD6,2,T,98.0,-1.3396
MA0350.2,TOD6,3,A,20.0,-3.589
MA0350.2,TOD6,3,C,784.0,1.6487
MA0350.2,TOD6,3,G,193.0,-0.3691
MA0350.2,TOD6,3,T,1.0,-7.1195
MA0350.2,TOD6,4,A,2.0,-6.4821
MA0350.2,TOD6,4,C,29.0,-3.0703
MA0350.2,TOD6,4,G,46.0,-2.4191
MA0350.2,TOD6,4,T,921.0,1.8808
MA0350.2,TOD6,5,A,2.0,-6.4821
MA0350.2,TOD6,5,C,991.0,1.9864
MA0350.2,TOD6,5,G,2.0,-6.4821
MA0350.2,TOD6,5,T,3.0,-6.0415
MA0350.2,TOD6,6,A,975.0,1.9644
MA0350.2,TOD6,6,C,0.0,-8.288
MA0350.2,TOD6,6,G,1.0,-7.1181
MA0350.2,TOD6,6,T,21.0,-3.5198
MA0350.2,TOD6,7,A,1.0,-7.1195
MA0350.2,TOD6,7,C,1.0,-7.1195
MA0350.2,TOD6,7,G,18.0,-3.7349
MA0350.2,TOD6,7,T,978.0,1.9674
MA0350.2,TOD6,8,A,0.0,-8.288
MA0350.2,TOD6,8,C,978.0,1.9688
MA0350.2,TOD6,8,G,1.0,-7.1181
MA0350.2,TOD6,8,T,18.0,-3.7334
MA0350.2,TOD6,9,A,52.0,-2.2436
MA0350.2,TOD6,9,C,19.0,-3.6586
MA0350.2,TOD6,9,G,869.0,1.7985
MA0350.2,TOD6,9,T,57.0,-2.1131
MA0350.2,TOD6,10,A,135.0,-0.8822
MA0350.2,TOD6,10,C,655.0,1.3896
MA0350.2,TOD6,10,G,186.0,-0.4222
MA0350.2,TOD6,10,T,22.0,-3.4566
MA0408.2,TOS8,1,A,1.0,-3.8413
MA0408.2,TOS8,1,C,16.0,-0.6189
MA0408.2,TOS8,1,G,1.0,-3.8413
MA0408.2,TOS8,1,T,82.0,1.6823
MA0408.2,TOS8,2,A,0.0,-5.0112
MA0408.2,TOS8,2,C,0.0,-5.0112
MA0408.2,TOS8,2,G,100.0,1.9661
MA0408.2,TOS8,2,T,0.0,-5.0112
MA0408.2,TOS8,3,A,0.0,-5.0112
MA0408.2,TOS8,3,C,0.0,-5.0112
MA0408.2,TOS8,3,G,0.0,-5.0112
MA0408.2,TOS8,3,T,100.0,1.9661
MA0408.2,TOS8,4,A,0.0,-5.0112
MA0408.2,TOS8,4,C,100.0,1.9661
MA0408.2,TOS8,4,G,0.0,-5.0112
MA0408.2,TOS8,4,T,0.0,-5.0112
MA0408.2,TOS8,5,A,100.0,1.9661
MA0408.2,TOS8,5,C,0.0,-5.0112
MA0408.2,TOS8,5,G,0.0,-5.0112
MA0408.2,TOS8,5,T,0.0,-5.0112
MA0408.2,TOS8,6,A,64.0,1.3286
MA0408.2,TOS8,6,C,7.0,-1.7258
MA0408.2,TOS8,6,G,7.0,-1.7258
MA0408.2,TOS8,6,T,22.0,-0.1783
MA0409.1,TYE7,1,A,3.0,-2.791
MA0409.1,TYE7,1,C,93.0,1.8345
MA0409.1,TYE7,1,G,3.0,-2.791
MA0409.1,TYE7,1,T,3.0,-2.791
MA0409.1,TYE7,2,A,100.0,1.9661
MA0409.1,TYE7,2,C,0.0,-5.0112
MA0409.1,TYE7,2,G,0.0,-5.0112
MA0409.1,TYE7,2,T,0.0,-5.0112
MA0409.1,TYE7,3,A,0.0,-5.0112
MA0409.1,TYE7,3,C,100.0,1.9661
MA0409.1,TYE7,3,G,0.0,-5.0112
MA0409.1,TYE7,3,T,0.0,-5.0112
MA0409.1,TYE7,4,A,0.0,-5.0112
MA0409.1,TYE7,4,C,10.0,-1.2563
MA0409.1,TYE7,4,G,90.0,1.8153
MA0409.1,TYE7,4,T,0.0,-5.0112
MA0409.1,TYE7,5,A,0.0,-5.0112
MA0409.1,TYE7,5,C,0.0,-5.0112
MA0409.1,TYE7,5,G,0.0,-5.0112
MA0409.1,TYE7,5,T,100.0,1.9661
MA0409.1,TYE7,6,A,0.0,-5.0112
MA0409.1,TYE7,6,C,0.0,-5.0112
MA0409.1,TYE7,6,G,100.0,1.9661
MA0409.1,TYE7,6,T,0.0,-5.0112
MA0409.1,TYE7,7,A,78.0,1.5831
MA0409.1,TYE7,7,C,8.0,-1.5795
MA0409.1,TYE7,7,G,8.0,-1.5795
MA0409.1,TYE7,7,T,8.0,-1.5795
MA0410.2,UGA3,1,A,4.0,-2.4122
MA0410.2,UGA3,1,C,28.0,0.1727
MA0410.2,UGA3,1,G,63.0,1.3202
MA0410.2,UGA3,1,T,4.0,-2.4122
MA0410.2,UGA3,2,A,0.0,-5.0112
MA0410.2,UGA3,2,C,0.0,-5.0112
MA0410.2,UGA3,2,G,100.0,1.9661
MA0410.2,UGA3,2,T,0.0,-5.0112
MA0410.2,UGA3,3,A,0.0,-5.0112
MA0410.2,UGA3,3,C,100.0,1.9661
MA0410.2,UGA3,3,G,0.0,-5.0112
MA0410.2,UGA3,3,T,0.0,-5.0112
MA0410.2,UGA3,4,A,0.0,-5.0112
MA0410.2,UGA3,4,C,0.0,-5.0112
MA0410.2,UGA3,4,G,100.0,1.9661
MA0410.2,UGA3,4,T,0.0,-5.0112
MA0410.2,UGA3,5,A,0.0,-5.0112
MA0410.2,UGA3,5,C,0.0,-5.0112
MA0410.2,UGA3,5,G,100.0,1.9661
MA0410.2,UGA3,5,T,0.0,-5.0112
MA0410.2,UGA3,6,A,2.0,-3.2039
MA0410.2,UGA3,6,C,27.0,0.1077
MA0410.2,UGA3,6,G,69.0,1.4359
MA0410.2,UGA3,6,T,2.0,-3.2039
MA0410.2,UGA3,7,A,85.0,1.7477
MA0410.2,UGA3,7,C,2.0,-3.1898
MA0410.2,UGA3,7,G,2.0,-3.1898
MA0410.2,UGA3,7,T,10.0,-1.2423
MA0412.3,UME6,1,A,101.0,0.8804
MA0412.3,UME6,1,C,17.0,-1.6354
MA0412.3,UME6,1,G,25.0,-1.0999
MA0412.3,UME6,1,T,75.0,0.4549
MA0412.3,UME6,2,A,64.0,0.2287
MA0412.3,UME6,2,C,9.0,-2.4964
MA0412.3,UME6,2,G,13.0,-2.0026
MA0412.3,UME6,2,T,132.0,1.2639
MA0412.3,UME6,3,A,2.0,-4.3038
MA0412.3,UME6,3,C,8.0,-2.6517
MA0412.3,UME6,3,G,6.0,-3.0237
MA0412.3,UME6,3,T,202.0,1.8747
MA0412.3,UME6,4,A,194.0,1.8166
MA0412.3,UME6,4,C,1.0,-4.9412
MA0412.3,UME6,4,G,3.0,-3.8632
MA0412.3,UME6,4,T,20.0,-1.4107
MA0412.3,UME6,5,A,10.0,-2.3562
MA0412.3,UME6,5,C,9.0,-2.4964
MA0412.3,UME6,5,G,198.0,1.846
MA0412.3,UME6,5,T,1.0,-4.9412
MA0412.3,UME6,6,A,0.0,-6.1111
MA0412.3,UME6,6,C,216.0,1.971
MA0412.3,UME6,6,G,1.0,-4.9412
MA0412.3,UME6,6,T,1.0,-4.9412
MA0412.3,UME6,7,A,0.0,-6.1111
MA0412.3,UME6,7,C,218.0,1.9843
MA0412.3,UME6,7,G,0.0,-6.1111
MA0412.3,UME6,7,T,0.0,-6.1111
MA0412.3,UME6,8,A,3.0,-3.8632
MA0412.3,UME6,8,C,0.0,-6.1111
MA0412.3,UME6,8,G,215.0,1.9643
MA0412.3,UME6,8,T,0.0,-6.1111
MA0412.3,UME6,9,A,0.0,-6.1111
MA0412.3,UME6,9,C,217.0,1.9777
MA0412.3,UME6,9,G,1.0,-4.9412
MA0412.3,UME6,9,T,0.0,-6.1111
MA0412.3,UME6,10,A,2.0,-4.3038
MA0412.3,UME6,10,C,185.0,1.7484
MA0412.3,UME6,10,G,12.0,-2.1111
MA0412.3,UME6,10,T,19.0,-1.4818
MA0412.3,UME6,11,A,32.0,-0.7536
MA0412.3,UME6,11,C,82.0,0.5824
MA0412.3,UME6,11,G,97.0,0.8226
MA0412.3,UME6,11,T,7.0,-2.8257
MA0412.3,UME6,12,A,160.0,1.5399
MA0412.3,UME6,12,C,16.0,-1.7188
MA0412.3,UME6,12,G,22.0,-1.2782
MA0412.3,UME6,12,T,20.0,-1.4107
MA0411.2,UPC2,1,A,59.0,1.2268
MA0411.2,UPC2,1,C,3.0,-2.7493
MA0411.2,UPC2,1,G,28.0,0.1727
MA0411.2,UPC2,1,T,9.0,-1.3825
MA0411.2,UPC2,2,A,38.0,0.5887
MA0411.2,UPC2,2,C,0.0,-5.0112
MA0411.2,UPC2,2,G,0.0,-5.0112
MA0411.2,UPC2,2,T,62.0,1.2834
MA0411.2,UPC2,3,A,100.0,1.9661
MA0411.2,UPC2,3,C,0.0,-5.0112
MA0411.2,UPC2,3,G,0.0,-5.0112
MA0411.2,UPC2,3,T,0.0,-5.0112
MA0411.2,UPC2,4,A,0.0,-5.0112
MA0411.2,UPC2,4,C,100.0,1.9661
MA0411.2,UPC2,4,G,0.0,-5.0112
MA0411.2,UPC2,4,T,0.0,-5.0112
MA0411.2,UPC2,5,A,1.0,-3.8413
MA0411.2,UPC2,5,C,0.0,-5.0112
MA0411.2,UPC2,5,G,99.0,1.9517
MA0411.2,UPC2,5,T,0.0,-5.0112
MA0411.2,UPC2,6,A,83.0,1.6857
MA0411.2,UPC2,6,C,5.0,-2.1672
MA0411.2,UPC2,6,G,9.0,-1.4104
MA0411.2,UPC2,6,T,4.0,-2.4402
MA0422.2,URC2,1,A,0.0,-5.0112
MA0422.2,URC2,1,C,100.0,1.9661
MA0422.2,URC2,1,G,0.0,-5.0112
MA0422.2,URC2,1,T,0.0,-5.0112
MA0422.2,URC2,2,A,0.0,-5.0112
MA0422.2,URC2,2,C,0.0,-5.0112
MA0422.2,URC2,2,G,100.0,1.9661
MA0422.2,URC2,2,T,0.0,-5.0112
MA0422.2,URC2,3,A,0.0,-5.0112
MA0422.2,URC2,3,C,0.0,-5.0112
MA0422.2,URC2,3,G,100.0,1.9661
MA0422.2,URC2,3,T,0.0,-5.0112
MA0422.2,URC2,4,A,74.0,1.5357
MA0422.2,URC2,4,C,9.0,-1.3965
MA0422.2,URC2,4,G,17.0,-0.5355
MA0422.2,URC2,4,T,0.0,-5.0112
MA0422.2,URC2,5,A,23.0,-0.1164
MA0422.2,URC2,5,C,17.0,-0.5355
MA0422.2,URC2,5,G,46.0,0.8591
MA0422.2,URC2,5,T,14.0,-0.8018
MA0422.2,URC2,6,A,56.0,1.1526
MA0422.2,URC2,6,C,0.0,-4.9972
MA0422.2,URC2,6,G,0.0,-4.9972
MA0422.2,URC2,6,T,43.0,0.7776
MA0422.2,URC2,7,A,14.0,-0.7877
MA0422.2,URC2,7,C,0.0,-4.9972
MA0422.2,URC2,7,G,0.0,-4.9972
MA0422.2,URC2,7,T,85.0,1.7477
MA0422.2,URC2,8,A,94.0,1.8775
MA0422.2,URC2,8,C,6.0,-1.9238
MA0422.2,URC2,8,G,0.0,-5.0112
MA0422.2,URC2,8,T,0.0,-5.0112
MA0413.2,USV1,1,A,133.0,-0.9021
MA0413.2,USV1,1,C,55.0,-2.1639
MA0413.2,USV1,1,G,157.0,-0.6641
MA0413.2,USV1,1,T,652.0,1.3844
MA0413.2,USV1,2,A,318.0,0.349
MA0413.2,USV1,2,C,551.0,1.1405
MA0413.2,USV1,2,G,101.0,-1.2979
MA0413.2,USV1,2,T,28.0,-3.1195
MA0413.2,USV1,3,A,1.0,-7.1181
MA0413.2,USV1,3,C,967.0,1.9525
MA0413.2,USV1,3,G,26.0,-3.2219
MA0413.2,USV1,3,T,3.0,-6.0401
MA0413.2,USV1,4,A,0.0,-8.288
MA0413.2,USV1,4,C,977.0,1.9673
MA0413.2,USV1,4,G,0.0,-8.288
MA0413.2,USV1,4,T,20.0,-3.5876
MA0413.2,USV1,5,A,3.0,-6.0415
MA0413.2,USV1,5,C,993.0,1.9893
MA0413.2,USV1,5,G,1.0,-7.1195
MA0413.2,USV1,5,T,1.0,-7.1195
MA0413.2,USV1,6,A,1.0,-7.1195
MA0413.2,USV1,6,C,981.0,1.9718
MA0413.2,USV1,6,G,0.0,-8.2894
MA0413.2,USV1,6,T,16.0,-3.8971
MA0413.2,USV1,7,A,0.0,-8.2894
MA0413.2,USV1,7,C,6.0,-5.202
MA0413.2,USV1,7,G,3.0,-6.0415
MA0413.2,USV1,7,T,989.0,1.9835
MA0413.2,USV1,8,A,0.0,-8.288
MA0413.2,USV1,8,C,2.0,-6.4806
MA0413.2,USV1,8,G,869.0,1.7985
MA0413.2,USV1,8,T,126.0,-0.9797
MA0413.2,USV1,9,A,956.0,1.936
MA0413.2,USV1,9,C,0.0,-8.288
MA0413.2,USV1,9,G,36.0,-2.7644
MA0413.2,USV1,9,T,5.0,-5.43
MA0413.2,USV1,10,A,850.0,1.7652
MA0413.2,USV1,10,C,92.0,-1.4315
MA0413.2,USV1,10,G,21.0,-3.5213
MA0413.2,USV1,10,T,35.0,-2.8056
MA0414.2,XBP1,1,A,12.0,-1.0251
MA0414.2,XBP1,1,C,51.0,0.9917
MA0414.2,XBP1,1,G,7.0,-1.7397
MA0414.2,XBP1,1,T,31.0,0.2877
MA0414.2,XBP1,2,A,0.0,-5.0112
MA0414.2,XBP1,2,C,0.0,-5.0112
MA0414.2,XBP1,2,G,0.0,-5.0112
MA0414.2,XBP1,2,T,100.0,1.9661
MA0414.2,XBP1,3,A,0.0,-5.0112
MA0414.2,XBP1,3,C,100.0,1.9661
MA0414.2,XBP1,3,G,0.0,-5.0112
MA0414.2,XBP1,3,T,0.0,-5.0112
MA0414.2,XBP1,4,A,0.0,-5.0112
MA0414.2,XBP1,4,C,0.0,-5.0112
MA0414.2,XBP1,4,G,100.0,1.9661
MA0414.2,XBP1,4,T,0.0,-5.0112
MA0414.2,XBP1,5,A,100.0,1.9661
MA0414.2,XBP1,5,C,0.0,-5.0112
MA0414.2,XBP1,5,G,0.0,-5.0112
MA0414.2,XBP1,5,T,0.0,-5.0112
MA0414.2,XBP1,6,A,40.0,0.6473
MA0414.2,XBP1,6,C,8.0,-1.5657
MA0414.2,XBP1,6,G,50.0,0.9635
MA0414.2,XBP1,6,T,3.0,-2.7772
MA0415.2,YAP1,1,A,397.0,0.6684
MA0415.2,YAP1,1,C,528.0,1.0791
MA0415.2,YAP1,1,G,50.0,-2.3008
MA0415.2,YAP1,1,T,23.0,-3.3946
MA0415.2,YAP1,2,A,5.0,-5.43
MA0415.2,YAP1,2,C,3.0,-6.0401
MA0415.2,YAP1,2,G,8.0,-4.8286
MA0415.2,YAP1,2,T,981.0,1.9732
MA0415.2,YAP1,3,A,8.0,-4.83
MA0415.2,YAP1,3,C,13.0,-4.1809
MA0415.2,YAP1,3,G,6.0,-5.202
MA0415.2,YAP1,3,T,971.0,1.957
MA0415.2,YAP1,4,A,976.0,1.9644
MA0415.2,YAP1,4,C,3.0,-6.0415
MA0415.2,YAP1,4,G,9.0,-4.6747
MA0415.2,YAP1,4,T,10.0,-4.5346
MA0415.2,YAP1,5,A,1.0,-7.1181
MA0415.2,YAP1,5,C,900.0,1.849
MA0415.2,YAP1,5,G,36.0,-2.7644
MA0415.2,YAP1,5,T,60.0,-2.0401
MA0415.2,YAP1,6,A,60.0,-2.0401
MA0415.2,YAP1,6,C,36.0,-2.7644
MA0415.2,YAP1,6,G,900.0,1.849
MA0415.2,YAP1,6,T,1.0,-7.1181
MA0415.2,YAP1,7,A,10.0,-4.5346
MA0415.2,YAP1,7,C,9.0,-4.6747
MA0415.2,YAP1,7,G,3.0,-6.0415
MA0415.2,YAP1,7,T,976.0,1.9644
MA0415.2,YAP1,8,A,971.0,1.957
MA0415.2,YAP1,8,C,6.0,-5.202
MA0415.2,YAP1,8,G,13.0,-4.1809
MA0415.2,YAP1,8,T,8.0,-4.83
MA0415.2,YAP1,9,A,981.0,1.9732
MA0415.2,YAP1,9,C,8.0,-4.8286
MA0415.2,YAP1,9,G,3.0,-6.0401
MA0415.2,YAP1,9,T,5.0,-5.43
MA0415.2,YAP1,10,A,35.0,-2.8042
MA0415.2,YAP1,10,C,28.0,-3.1181
MA0415.2,YAP1,10,G,516.0,1.0474
MA0415.2,YAP1,10,T,418.0,0.744
MA0416.2,YAP3,1,A,65.0,1.3507
MA0416.2,YAP3,1,C,19.0,-0.3819
MA0416.2,YAP3,1,G,12.0,-1.0112
MA0416.2,YAP3,1,T,4.0,-2.4263
MA0416.2,YAP3,2,A,0.0,-5.0112
MA0416.2,YAP3,2,C,0.0,-5.0112
MA0416.2,YAP3,2,G,0.0,-5.0112
MA0416.2,YAP3,2,T,100.0,1.9661
MA0416.2,YAP3,3,A,0.0,-5.0112
MA0416.2,YAP3,3,C,0.0,-5.0112
MA0416.2,YAP3,3,G,0.0,-5.0112
MA0416.2,YAP3,3,T,100.0,1.9661
MA0416.2,YAP3,4,A,100.0,1.9661
MA0416.2,YAP3,4,C,0.0,-5.0112
MA0416.2,YAP3,4,G,0.0,-5.0112
MA0416.2,YAP3,4,T,0.0,-5.0112
MA0416.2,YAP3,5,A,0.0,-5.0112
MA0416.2,YAP3,5,C,100.0,1.9661
MA0416.2,YAP3,5,G,0.0,-5.0112
MA0416.2,YAP3,5,T,0.0,-5.0112
MA0416.2,YAP3,6,A,0.0,-5.0112
MA0416.2,YAP3,6,C,0.0,-5.0112
MA0416.2,YAP3,6,G,100.0,1.9661
MA0416.2,YAP3,6,T,0.0,-5.0112
MA0416.2,YAP3,7,A,2.0,-3.2039
MA0416.2,YAP3,7,C,2.0,-3.2039
MA0416.2,YAP3,7,G,2.0,-3.2039
MA0416.2,YAP3,7,T,94.0,1.8775
MA0417.1,YAP5,1,A,122.0,1.6255
MA0417.1,YAP5,1,C,0.0,-5.6366
MA0417.1,YAP5,1,G,0.0,-5.6366
MA0417.1,YAP5,1,T,34.0,-0.1937
MA0417.1,YAP5,2,A,124.0,1.3621
MA0417.1,YAP5,2,C,0.0,-5.9233
MA0417.1,YAP5,2,G,67.0,0.4818
MA0417.1,YAP5,2,T,0.0,-5.9233
MA0417.1,YAP5,3,A,86.0,0.6246
MA0417.1,YAP5,3,C,0.0,-6.137
MA0417.1,YAP5,3,G,136.0,1.2809
MA0417.1,YAP5,3,T,0.0,-6.137
MA0417.1,YAP5,4,A,0.0,-6.4727
MA0417.1,YAP5,4,C,264.0,1.898
MA0417.1,YAP5,4,G,0.0,-6.4727
MA0417.1,YAP5,4,T,17.0,-1.997
MA0417.1,YAP5,5,A,161.0,1.9788
MA0417.1,YAP5,5,C,0.0,-5.6812
MA0417.1,YAP5,5,G,0.0,-5.6812
MA0417.1,YAP5,5,T,0.0,-5.6812
MA0417.1,YAP5,6,A,19.0,-1.0073
MA0417.1,YAP5,6,C,0.0,-5.6366
MA0417.1,YAP5,6,G,0.0,-5.6366
MA0417.1,YAP5,6,T,137.0,1.7917
MA0418.2,YAP6,1,A,43.0,-2.5147
MA0418.2,YAP6,1,C,114.0,-1.1245
MA0418.2,YAP6,1,G,646.0,1.3697
MA0418.2,YAP6,1,T,195.0,-0.3543
MA0418.2,YAP6,2,A,491.0,0.9759
MA0418.2,YAP6,2,C,412.0,0.7232
MA0418.2,YAP6,2,G,36.0,-2.7644
MA0418.2,YAP6,2,T,58.0,-2.0883
MA0418.2,YAP6,3,A,27.0,-3.1705
MA0418.2,YAP6,3,C,23.0,-3.3946
MA0418.2,YAP6,3,G,56.0,-2.1397
MA0418.2,YAP6,3,T,892.0,1.8347
MA0418.2,YAP6,4,A,25.0,-3.2782
MA0418.2,YAP6,4,C,21.0,-3.5213
MA0418.2,YAP6,4,G,112.0,-1.1499
MA0418.2,YAP6,4,T,840.0,1.7481
MA0418.2,YAP6,5,A,889.0,1.8298
MA0418.2,YAP6,5,C,32.0,-2.9319
MA0418.2,YAP6,5,G,49.0,-2.3294
MA0418.2,YAP6,5,T,28.0,-3.1195
MA0418.2,YAP6,6,A,38.0,-2.6895
MA0418.2,YAP6,6,C,555.0,1.1509
MA0418.2,YAP6,6,G,103.0,-1.2699
MA0418.2,YAP6,6,T,302.0,0.2747
MA0418.2,YAP6,7,A,172.0,-0.5346
MA0418.2,YAP6,7,C,48.0,-2.3587
MA0418.2,YAP6,7,G,722.0,1.5299
MA0418.2,YAP6,7,T,56.0,-2.1397
MA0418.2,YAP6,8,A,67.0,-1.8843
MA0418.2,YAP6,8,C,85.0,-1.5446
MA0418.2,YAP6,8,G,37.0,-2.7272
MA0418.2,YAP6,8,T,809.0,1.6939
MA0418.2,YAP6,9,A,647.0,1.3704
MA0418.2,YAP6,9,C,193.0,-0.3705
MA0418.2,YAP6,9,G,64.0,-1.951
MA0418.2,YAP6,9,T,95.0,-1.387
MA0418.2,YAP6,10,A,829.0,1.7305
MA0418.2,YAP6,10,C,62.0,-1.9934
MA0418.2,YAP6,10,G,72.0,-1.7802
MA0418.2,YAP6,10,T,34.0,-2.8451
MA0419.1,YAP7,1,A,7195.0,1.4083
MA0419.1,YAP7,1,C,2582.0,-0.0699
MA0419.1,YAP7,1,G,195.0,-3.7914
MA0419.1,YAP7,1,T,869.0,-1.6401
MA0419.1,YAP7,2,A,195.0,-3.7597
MA0419.1,YAP7,2,C,0.0,-11.6948
MA0419.1,YAP7,2,G,0.0,-11.6948
MA0419.1,YAP7,2,T,10410.0,1.9729
MA0419.1,YAP7,3,A,0.0,-11.6814
MA0419.1,YAP7,3,C,0.0,-11.6814
MA0419.1,YAP7,3,G,2132.0,-0.301
MA0419.1,YAP7,3,T,8375.0,1.6725
MA0419.1,YAP7,4,A,10172.0,1.9485
MA0419.1,YAP7,4,C,98.0,-4.7374
MA0419.1,YAP7,4,G,97.0,-4.7521
MA0419.1,YAP7,4,T,172.0,-3.9309
MA0419.1,YAP7,5,A,1260.0,-1.0938
MA0419.1,YAP7,5,C,1168.0,-1.2031
MA0419.1,YAP7,5,G,8333.0,1.6308
MA0419.1,YAP7,5,T,0.0,-11.7159
MA0419.1,YAP7,6,A,0.0,-11.685
MA0419.1,YAP7,6,C,97.0,-4.7513
MA0419.1,YAP7,6,G,0.0,-11.685
MA0419.1,YAP7,6,T,10436.0,1.9863
MA0419.1,YAP7,7,A,7781.0,1.5667
MA0419.1,YAP7,7,C,2526.0,-0.0561
MA0419.1,YAP7,7,G,198.0,-3.7241
MA0419.1,YAP7,7,T,0.0,-11.6812
MA0419.1,YAP7,8,A,10507.0,1.9997
MA0419.1,YAP7,8,C,0.0,-11.6814
MA0419.1,YAP7,8,G,0.0,-11.6814
MA0419.1,YAP7,8,T,0.0,-11.6814
MA0419.1,YAP7,9,A,98.0,-4.7636
MA0419.1,YAP7,9,C,0.0,-11.712
MA0419.1,YAP7,9,G,6311.0,1.2338
MA0419.1,YAP7,9,T,4323.0,0.688
MA0419.1,YAP7,10,A,2246.0,-0.2799
MA0419.1,YAP7,10,C,7759.0,1.5083
MA0419.1,YAP7,10,G,509.0,-2.4197
MA0419.1,YAP7,10,T,394.0,-2.7885
MA0419.1,YAP7,11,A,6606.0,1.2286
MA0419.1,YAP7,11,C,1126.0,-1.3231
MA0419.1,YAP7,11,G,2313.0,-0.2851
MA0419.1,YAP7,11,T,1229.0,-1.1969
MA0423.2,YER130C,1,A,0.0,-5.0112
MA0423.2,YER130C,1,C,97.0,1.9225
MA0423.2,YER130C,1,G,1.0,-3.8413
MA0423.2,YER130C,1,T,2.0,-3.2039
MA0423.2,YER130C,2,A,0.0,-5.0112
MA0423.2,YER130C,2,C,91.0,1.8311
MA0423.2,YER130C,2,G,0.0,-5.0112
MA0423.2,YER130C,2,T,9.0,-1.3965
MA0423.2,YER130C,3,A,0.0,-5.0112
MA0423.2,YER130C,3,C,100.0,1.9661
MA0423.2,YER130C,3,G,0.0,-5.0112
MA0423.2,YER130C,3,T,0.0,-5.0112
MA0423.2,YER130C,4,A,0.0,-5.0112
MA0423.2,YER130C,4,C,100.0,1.9661
MA0423.2,YER130C,4,G,0.0,-5.0112
MA0423.2,YER130C,4,T,0.0,-5.0112
MA0423.2,YER130C,5,A,0.0,-5.0112
MA0423.2,YER130C,5,C,0.0,-5.0112
MA0423.2,YER130C,5,G,0.0,-5.0112
MA0423.2,YER130C,5,T,100.0,1.9661
MA0423.2,YER130C,6,A,60.0,1.2367
MA0423.2,YER130C,6,C,0.0,-5.0112
MA0423.2,YER130C,6,G,8.0,-1.5518
MA0423.2,YER130C,6,T,32.0,0.3463
MA0423.2,YER130C,7,A,21.0,-0.243
MA0423.2,YER130C,7,C,0.0,-5.0112
MA0423.2,YER130C,7,G,4.0,-2.4263
MA0423.2,YER130C,7,T,75.0,1.5548
MA0424.2,YER184C,1,A,2.0,-3.2039
MA0424.2,YER184C,1,C,17.0,-0.5355
MA0424.2,YER184C,1,G,10.0,-1.2563
MA0424.2,YER184C,1,T,71.0,1.4766
MA0424.2,YER184C,2,A,0.0,-5.0112
MA0424.2,YER184C,2,C,77.0,1.5924
MA0424.2,YER184C,2,G,15.0,-0.7074
MA0424.2,YER184C,2,T,8.0,-1.5518
MA0424.2,YER184C,3,A,0.0,-5.0112
MA0424.2,YER184C,3,C,100.0,1.9661
MA0424.2,YER184C,3,G,0.0,-5.0112
MA0424.2,YER184C,3,T,0.0,-5.0112
MA0424.2,YER184C,4,A,0.0,-5.0112
MA0424.2,YER184C,4,C,0.0,-5.0112
MA0424.2,YER184C,4,G,100.0,1.9661
MA0424.2,YER184C,4,T,0.0,-5.0112
MA0424.2,YER184C,5,A,0.0,-5.0112
MA0424.2,YER184C,5,C,0.0,-5.0112
MA0424.2,YER184C,5,G,100.0,1.9661
MA0424.2,YER184C,5,T,0.0,-5.0112
MA0424.2,YER184C,6,A,69.0,1.4359
MA0424.2,YER184C,6,C,31.0,0.3017
MA0424.2,YER184C,6,G,0.0,-5.0112
MA0424.2,YER184C,6,T,0.0,-5.0112
MA0425.2,YGR067C,1,A,0.0,-5.0112
MA0425.2,YGR067C,1,C,100.0,1.9661
MA0425.2,YGR067C,1,G,0.0,-5.0112
MA0425.2,YGR067C,1,T,0.0,-5.0112
MA0425.2,YGR067C,2,A,0.0,-5.0112
MA0425.2,YGR067C,2,C,99.0,1.9517
MA0425.2,YGR067C,2,G,0.0,-5.0112
MA0425.2,YGR067C,2,T,1.0,-3.8413
MA0425.2,YGR067C,3,A,0.0,-5.0112
MA0425.2,YGR067C,3,C,100.0,1.9661
MA0425.2,YGR067C,3,G,0.0,-5.0112
MA0425.2,YGR067C,3,T,0.0,-5.0112
MA0425.2,YGR067C,4,A,1.0,-3.8413
MA0425.2,YGR067C,4,C,99.0,1.9517
MA0425.2,YGR067C,4,G,0.0,-5.0112
MA0425.2,YGR067C,4,T,0.0,-5.0112
MA0425.2,YGR067C,5,A,41.0,0.6961
MA0425.2,YGR067C,5,C,0.0,-5.0112
MA0425.2,YGR067C,5,G,31.0,0.3017
MA0425.2,YGR067C,5,T,28.0,0.1587
MA0425.2,YGR067C,6,A,0.0,-5.0112
MA0425.2,YGR067C,6,C,98.0,1.9371
MA0425.2,YGR067C,6,G,1.0,-3.8413
MA0425.2,YGR067C,6,T,1.0,-3.8413
MA0426.1,YHP1,1,A,0.0,-6.0098
MA0426.1,YHP1,1,C,0.0,-6.0098
MA0426.1,YHP1,1,G,0.0,-6.0098
MA0426.1,YHP1,1,T,203.0,1.9831
MA0426.1,YHP1,2,A,203.0,1.9831
MA0426.1,YHP1,2,C,0.0,-6.0098
MA0426.1,YHP1,2,G,0.0,-6.0098
MA0426.1,YHP1,2,T,0.0,-6.0098
MA0426.1,YHP1,3,A,203.0,1.9831
MA0426.1,YHP1,3,C,0.0,-6.0098
MA0426.1,YHP1,3,G,0.0,-6.0098
MA0426.1,YHP1,3,T,0.0,-6.0098
MA0426.1,YHP1,4,A,0.0,-6.0098
MA0426.1,YHP1,4,C,0.0,-6.0098
MA0426.1,YHP1,4,G,0.0,-6.0098
MA0426.1,YHP1,4,T,203.0,1.9831
MA0426.1,YHP1,5,A,0.0,-6.0098
MA0426.1,YHP1,5,C,0.0,-6.0098
MA0426.1,YHP1,5,G,0.0,-6.0098
MA0426.1,YHP1,5,T,203.0,1.9831
MA0426.1,YHP1,6,A,0.0,-6.0098
MA0426.1,YHP1,6,C,0.0,-6.0098
MA0426.1,YHP1,6,G,203.0,1.9831
MA0426.1,YHP1,6,T,0.0,-6.0098
MA0428.2,YKL222C,1,A,69.0,1.4359
MA0428.2,YKL222C,1,C,10.0,-1.2563
MA0428.2,YKL222C,1,G,19.0,-0.3819
MA0428.2,YKL222C,1,T,2.0,-3.2039
MA0428.2,YKL222C,2,A,0.0,-5.0112
MA0428.2,YKL222C,2,C,100.0,1.9661
MA0428.2,YKL222C,2,G,0.0,-5.0112
MA0428.2,YKL222C,2,T,0.0,-5.0112
MA0428.2,YKL222C,3,A,0.0,-5.0112
MA0428.2,YKL222C,3,C,0.0,-5.0112
MA0428.2,YKL222C,3,G,100.0,1.9661
MA0428.2,YKL222C,3,T,0.0,-5.0112
MA0428.2,YKL222C,4,A,0.0,-5.0112
MA0428.2,YKL222C,4,C,0.0,-5.0112
MA0428.2,YKL222C,4,G,100.0,1.9661
MA0428.2,YKL222C,4,T,0.0,-5.0112
MA0428.2,YKL222C,5,A,92.0,1.8468
MA0428.2,YKL222C,5,C,0.0,-5.0112
MA0428.2,YKL222C,5,G,8.0,-1.5518
MA0428.2,YKL222C,5,T,0.0,-5.0112
MA0428.2,YKL222C,6,A,52.0,1.0332
MA0428.2,YKL222C,6,C,2.0,-3.2039
MA0428.2,YKL222C,6,G,44.0,0.7961
MA0428.2,YKL222C,6,T,2.0,-3.2039
MA0428.2,YKL222C,7,A,65.0,1.3507
MA0428.2,YKL222C,7,C,6.0,-1.9238
MA0428.2,YKL222C,7,G,6.0,-1.9238
MA0428.2,YKL222C,7,T,23.0,-0.1164
MA0428.2,YKL222C,8,A,10.0,-1.2423
MA0428.2,YKL222C,8,C,10.0,-1.2423
MA0428.2,YKL222C,8,G,10.0,-1.2423
MA0428.2,YKL222C,8,T,69.0,1.4499
MA0429.1,YLL054C,1,A,0.0,-5.0112
MA0429.1,YLL054C,1,C,100.0,1.9661
MA0429.1,YLL054C,1,G,0.0,-5.0112
MA0429.1,YLL054C,1,T,0.0,-5.0112
MA0429.1,YLL054C,2,A,0.0,-5.0112
MA0429.1,YLL054C,2,C,0.0,-5.0112
MA0429.1,YLL054C,2,G,100.0,1.9661
MA0429.1,YLL054C,2,T,0.0,-5.0112
MA0429.1,YLL054C,3,A,0.0,-5.0112
MA0429.1,YLL054C,3,C,0.0,-5.0112
MA0429.1,YLL054C,3,G,100.0,1.9661
MA0429.1,YLL054C,3,T,0.0,-5.0112
MA0429.1,YLL054C,4,A,21.0,-0.229
MA0429.1,YLL054C,4,C,64.0,1.3427
MA0429.1,YLL054C,4,G,14.0,-0.7877
MA0429.1,YLL054C,4,T,0.0,-4.9972
MA0429.1,YLL054C,5,A,9.0,-1.3965
MA0429.1,YLL054C,5,C,66.0,1.3725
MA0429.1,YLL054C,5,G,16.0,-0.6189
MA0429.1,YLL054C,5,T,9.0,-1.3965
MA0429.1,YLL054C,6,A,13.0,-0.9027
MA0429.1,YLL054C,6,C,5.0,-2.1532
MA0429.1,YLL054C,6,G,77.0,1.5924
MA0429.1,YLL054C,6,T,5.0,-2.1532
MA0429.1,YLL054C,7,A,56.0,1.1668
MA0429.1,YLL054C,7,C,14.0,-0.7735
MA0429.1,YLL054C,7,G,7.0,-1.6976
MA0429.1,YLL054C,7,T,21.0,-0.2148
MA0430.2,YLR278C,1,A,0.0,-5.0112
MA0430.2,YLR278C,1,C,100.0,1.9661
MA0430.2,YLR278C,1,G,0.0,-5.0112
MA0430.2,YLR278C,1,T,0.0,-5.0112
MA0430.2,YLR278C,2,A,0.0,-5.0112
MA0430.2,YLR278C,2,C,0.0,-5.0112
MA0430.2,YLR278C,2,G,100.0,1.9661
MA0430.2,YLR278C,2,T,0.0,-5.0112
MA0430.2,YLR278C,3,A,0.0,-5.0112
MA0430.2,YLR278C,3,C,0.0,-5.0112
MA0430.2,YLR278C,3,G,100.0,1.9661
MA0430.2,YLR278C,3,T,0.0,-5.0112
MA0430.2,YLR278C,4,A,96.0,1.9076
MA0430.2,YLR278C,4,C,0.0,-5.0112
MA0430.2,YLR278C,4,G,4.0,-2.4263
MA0430.2,YLR278C,4,T,0.0,-5.0112
MA0430.2,YLR278C,5,A,4.0,-2.4263
MA0430.2,YLR278C,5,C,14.0,-0.8018
MA0430.2,YLR278C,5,G,82.0,1.6823
MA0430.2,YLR278C,5,T,0.0,-5.0112
MA0430.2,YLR278C,6,A,23.0,-0.1164
MA0430.2,YLR278C,6,C,2.0,-3.2039
MA0430.2,YLR278C,6,G,5.0,-2.1532
MA0430.2,YLR278C,6,T,70.0,1.4564
MA0430.2,YLR278C,7,A,27.0,0.1077
MA0430.2,YLR278C,7,C,5.0,-2.1532
MA0430.2,YLR278C,7,G,5.0,-2.1532
MA0430.2,YLR278C,7,T,63.0,1.3062
MA0432.1,YNR063W,1,A,8.0,-1.5795
MA0432.1,YNR063W,1,C,8.0,-1.5795
MA0432.1,YNR063W,1,G,18.0,-0.4843
MA0432.1,YNR063W,1,T,68.0,1.3873
MA0432.1,YNR063W,2,A,0.0,-5.0112
MA0432.1,YNR063W,2,C,100.0,1.9661
MA0432.1,YNR063W,2,G,0.0,-5.0112
MA0432.1,YNR063W,2,T,0.0,-5.0112
MA0432.1,YNR063W,3,A,0.0,-5.0112
MA0432.1,YNR063W,3,C,0.0,-5.0112
MA0432.1,YNR063W,3,G,100.0,1.9661
MA0432.1,YNR063W,3,T,0.0,-5.0112
MA0432.1,YNR063W,4,A,0.0,-5.0112
MA0432.1,YNR063W,4,C,0.0,-5.0112
MA0432.1,YNR063W,4,G,100.0,1.9661
MA0432.1,YNR063W,4,T,0.0,-5.0112
MA0432.1,YNR063W,5,A,100.0,1.9661
MA0432.1,YNR063W,5,C,0.0,-5.0112
MA0432.1,YNR063W,5,G,0.0,-5.0112
MA0432.1,YNR063W,5,T,0.0,-5.0112
MA0432.1,YNR063W,6,A,10.0,-1.2563
MA0432.1,YNR063W,6,C,0.0,-5.0112
MA0432.1,YNR063W,6,G,80.0,1.647
MA0432.1,YNR063W,6,T,10.0,-1.2563
MA0432.1,YNR063W,7,A,90.0,1.8153
MA0432.1,YNR063W,7,C,0.0,-5.0112
MA0432.1,YNR063W,7,G,0.0,-5.0112
MA0432.1,YNR063W,7,T,10.0,-1.2563
MA0432.1,YNR063W,8,A,33.0,0.362
MA0432.1,YNR063W,8,C,3.0,-2.791
MA0432.1,YNR063W,8,G,3.0,-2.791
MA0432.1,YNR063W,8,T,63.0,1.2785
MA0433.2,YOX1,1,A,1.0,-3.8273
MA0433.2,YOX1,1,C,25.0,0.014
MA0433.2,YOX1,1,G,7.0,-1.7118
MA0433.2,YOX1,1,T,66.0,1.3865
MA0433.2,YOX1,2,A,0.0,-5.0112
MA0433.2,YOX1,2,C,0.0,-5.0112
MA0433.2,YOX1,2,G,0.0,-5.0112
MA0433.2,YOX1,2,T,100.0,1.9661
MA0433.2,YOX1,3,A,100.0,1.9661
MA0433.2,YOX1,3,C,0.0,-5.0112
MA0433.2,YOX1,3,G,0.0,-5.0112
MA0433.2,YOX1,3,T,0.0,-5.0112
MA0433.2,YOX1,4,A,100.0,1.9661
MA0433.2,YOX1,4,C,0.0,-5.0112
MA0433.2,YOX1,4,G,0.0,-5.0112
MA0433.2,YOX1,4,T,0.0,-5.0112
MA0433.2,YOX1,5,A,0.0,-5.0112
MA0433.2,YOX1,5,C,0.0,-5.0112
MA0433.2,YOX1,5,G,0.0,-5.0112
MA0433.2,YOX1,5,T,100.0,1.9661
MA0433.2,YOX1,6,A,0.0,-5.0112
MA0433.2,YOX1,6,C,0.0,-5.0112
MA0433.2,YOX1,6,G,0.0,-5.0112
MA0433.2,YOX1,6,T,100.0,1.9661
MA0433.2,YOX1,7,A,62.0,1.2695
MA0433.2,YOX1,7,C,3.0,-2.7772
MA0433.2,YOX1,7,G,15.0,-0.7214
MA0433.2,YOX1,7,T,21.0,-0.257
MA0434.2,YPR013C,1,A,0.0,-5.0112
MA0434.2,YPR013C,1,C,0.0,-5.0112
MA0434.2,YPR013C,1,G,100.0,1.9661
MA0434.2,YPR013C,1,T,0.0,-5.0112
MA0434.2,YPR013C,2,A,9.0,-1.3965
MA0434.2,YPR013C,2,C,26.0,0.0549
MA0434.2,YPR013C,2,G,0.0,-5.0112
MA0434.2,YPR013C,2,T,65.0,1.3507
MA0434.2,YPR013C,3,A,63.0,1.3062
MA0434.2,YPR013C,3,C,26.0,0.0549
MA0434.2,YPR013C,3,G,0.0,-5.0112
MA0434.2,YPR013C,3,T,11.0,-1.1286
MA0434.2,YPR013C,4,A,40.0,0.6612
MA0434.2,YPR013C,4,C,0.0,-5.0112
MA0434.2,YPR013C,4,G,60.0,1.2367
MA0434.2,YPR013C,4,T,0.0,-5.0112
MA0434.2,YPR013C,5,A,100.0,1.9661
MA0434.2,YPR013C,5,C,0.0,-5.0112
MA0434.2,YPR013C,5,G,0.0,-5.0112
MA0434.2,YPR013C,5,T,0.0,-5.0112
MA0434.2,YPR013C,6,A,0.0,-5.0112
MA0434.2,YPR013C,6,C,0.0,-5.0112
MA0434.2,YPR013C,6,G,0.0,-5.0112
MA0434.2,YPR013C,6,T,100.0,1.9661
MA0434.2,YPR013C,7,A,0.0,-5.0112
MA0434.2,YPR013C,7,C,100.0,1.9661
MA0434.2,YPR013C,7,G,0.0,-5.0112
MA0434.2,YPR013C,7,T,0.0,-5.0112
MA0435.2,YPR015C,1,A,552.0,1.1431
MA0435.2,YPR015C,1,C,169.0,-0.5598
MA0435.2,YPR015C,1,G,240.0,-0.0558
MA0435.2,YPR015C,1,T,37.0,-2.7272
MA0435.2,YPR015C,2,A,16.0,-3.8971
MA0435.2,YPR015C,2,C,747.0,1.579
MA0435.2,YPR015C,2,G,17.0,-3.8137
MA0435.2,YPR015C,2,T,218.0,-0.194
MA0435.2,YPR015C,3,A,4.0,-5.7045
MA0435.2,YPR015C,3,C,4.0,-5.7045
MA0435.2,YPR015C,3,G,988.0,1.982
MA0435.2,YPR015C,3,T,2.0,-6.4821
MA0435.2,YPR015C,4,A,2.0,-6.4835
MA0435.2,YPR015C,4,C,16.0,-3.8986
MA0435.2,YPR015C,4,G,3.0,-6.043
MA0435.2,YPR015C,4,T,978.0,1.9659
MA0435.2,YPR015C,5,A,983.0,1.9747
MA0435.2,YPR015C,5,C,7.0,-5.004
MA0435.2,YPR015C,5,G,3.0,-6.0415
MA0435.2,YPR015C,5,T,5.0,-5.4315
MA0435.2,YPR015C,6,A,884.0,1.8217
MA0435.2,YPR015C,6,C,1.0,-7.1195
MA0435.2,YPR015C,6,G,109.0,-1.1888
MA0435.2,YPR015C,6,T,4.0,-5.7045
MA0435.2,YPR015C,7,A,986.0,1.9791
MA0435.2,YPR015C,7,C,2.0,-6.4821
MA0435.2,YPR015C,7,G,4.0,-5.7045
MA0435.2,YPR015C,7,T,6.0,-5.202
MA0435.2,YPR015C,8,A,5.0,-5.4315
MA0435.2,YPR015C,8,C,2.0,-6.4821
MA0435.2,YPR015C,8,G,2.0,-6.4821
MA0435.2,YPR015C,8,T,989.0,1.9835
MA0435.2,YPR015C,9,A,4.0,-5.703
MA0435.2,YPR015C,9,C,983.0,1.9761
MA0435.2,YPR015C,9,G,1.0,-7.1181
MA0435.2,YPR015C,9,T,9.0,-4.6733
MA0435.2,YPR015C,10,A,326.0,0.3833
MA0435.2,YPR015C,10,C,575.0,1.2005
MA0435.2,YPR015C,10,G,55.0,-2.1668
MA0435.2,YPR015C,10,T,43.0,-2.5161
MA0435.2,YPR015C,11,A,86.0,-1.5264
MA0435.2,YPR015C,11,C,221.0,-0.173
MA0435.2,YPR015C,11,G,77.0,-1.6844
MA0435.2,YPR015C,11,T,613.0,1.2956
MA0436.2,YPR022C,1,A,15.0,-0.7214
MA0436.2,YPR022C,1,C,66.0,1.3586
MA0436.2,YPR022C,1,G,0.0,-5.0251
MA0436.2,YPR022C,1,T,20.0,-0.3247
MA0436.2,YPR022C,2,A,0.0,-5.0112
MA0436.2,YPR022C,2,C,100.0,1.9661
MA0436.2,YPR022C,2,G,0.0,-5.0112
MA0436.2,YPR022C,2,T,0.0,-5.0112
MA0436.2,YPR022C,3,A,0.0,-5.0112
MA0436.2,YPR022C,3,C,100.0,1.9661
MA0436.2,YPR022C,3,G,0.0,-5.0112
MA0436.2,YPR022C,3,T,0.0,-5.0112
MA0436.2,YPR022C,4,A,0.0,-5.0112
MA0436.2,YPR022C,4,C,100.0,1.9661
MA0436.2,YPR022C,4,G,0.0,-5.0112
MA0436.2,YPR022C,4,T,0.0,-5.0112
MA0436.2,YPR022C,5,A,100.0,1.9661
MA0436.2,YPR022C,5,C,0.0,-5.0112
MA0436.2,YPR022C,5,G,0.0,-5.0112
MA0436.2,YPR022C,5,T,0.0,-5.0112
MA0436.2,YPR022C,6,A,0.0,-5.0112
MA0436.2,YPR022C,6,C,100.0,1.9661
MA0436.2,YPR022C,6,G,0.0,-5.0112
MA0436.2,YPR022C,6,T,0.0,-5.0112
MA0437.1,YPR196W,1,A,61.0,1.2602
MA0437.1,YPR196W,1,C,0.0,-5.0112
MA0437.1,YPR196W,1,G,26.0,0.0549
MA0437.1,YPR196W,1,T,13.0,-0.9027
MA0437.1,YPR196W,2,A,32.0,0.3463
MA0437.1,YPR196W,2,C,0.0,-5.0112
MA0437.1,YPR196W,2,G,0.0,-5.0112
MA0437.1,YPR196W,2,T,68.0,1.415
MA0437.1,YPR196W,3,A,17.0,-0.5355
MA0437.1,YPR196W,3,C,0.0,-5.0112
MA0437.1,YPR196W,3,G,0.0,-5.0112
MA0437.1,YPR196W,3,T,83.0,1.6996
MA0437.1,YPR196W,4,A,24.0,-0.043
MA0437.1,YPR196W,4,C,4.0,-2.4122
MA0437.1,YPR196W,4,G,2.0,-3.1898
MA0437.1,YPR196W,4,T,69.0,1.4499
MA0437.1,YPR196W,5,A,17.0,-0.5355
MA0437.1,YPR196W,5,C,44.0,0.7961
MA0437.1,YPR196W,5,G,11.0,-1.1286
MA0437.1,YPR196W,5,T,28.0,0.1587
MA0437.1,YPR196W,6,A,12.0,-1.0112
MA0437.1,YPR196W,6,C,32.0,0.3463
MA0437.1,YPR196W,6,G,7.0,-1.7258
MA0437.1,YPR196W,6,T,49.0,0.9488
MA0437.1,YPR196W,7,A,0.0,-5.0112
MA0437.1,YPR196W,7,C,93.0,1.8622
MA0437.1,YPR196W,7,G,7.0,-1.7258
MA0437.1,YPR196W,7,T,0.0,-5.0112
MA0437.1,YPR196W,8,A,0.0,-5.0112
MA0437.1,YPR196W,8,C,100.0,1.9661
MA0437.1,YPR196W,8,G,0.0,-5.0112
MA0437.1,YPR196W,8,T,0.0,-5.0112
MA0437.1,YPR196W,9,A,3.0,-2.7772
MA0437.1,YPR196W,9,C,0.0,-5.0251
MA0437.1,YPR196W,9,G,93.0,1.8483
MA0437.1,YPR196W,9,T,5.0,-2.1672
MA0438.2,YRM1,1,A,2.0,-3.2039
MA0438.2,YRM1,1,C,94.0,1.8775
MA0438.2,YRM1,1,G,2.0,-3.2039
MA0438.2,YRM1,1,T,2.0,-3.2039
MA0438.2,YRM1,2,A,0.0,-5.0112
MA0438.2,YRM1,2,C,0.0,-5.0112
MA0438.2,YRM1,2,G,100.0,1.9661
MA0438.2,YRM1,2,T,0.0,-5.0112
MA0438.2,YRM1,3,A,0.0,-5.0112
MA0438.2,YRM1,3,C,0.0,-5.0112
MA0438.2,YRM1,3,G,100.0,1.9661
MA0438.2,YRM1,3,T,0.0,-5.0112
MA0438.2,YRM1,4,A,100.0,1.9661
MA0438.2,YRM1,4,C,0.0,-5.0112
MA0438.2,YRM1,4,G,0.0,-5.0112
MA0438.2,YRM1,4,T,0.0,-5.0112
MA0438.2,YRM1,5,A,60.0,1.2367
MA0438.2,YRM1,5,C,12.0,-1.0112
MA0438.2,YRM1,5,G,16.0,-0.6189
MA0438.2,YRM1,5,T,12.0,-1.0112
MA0438.2,YRM1,6,A,93.0,1.8622
MA0438.2,YRM1,6,C,1.0,-3.8413
MA0438.2,YRM1,6,G,1.0,-3.8413
MA0438.2,YRM1,6,T,5.0,-2.1532
MA0438.2,YRM1,7,A,12.0,-1.0112
MA0438.2,YRM1,7,C,8.0,-1.5518
MA0438.2,YRM1,7,G,4.0,-2.4263
MA0438.2,YRM1,7,T,76.0,1.5737
MA0439.2,YRR1,1,A,16.0,-0.6049
MA0439.2,YRR1,1,C,16.0,-0.6049
MA0439.2,YRR1,1,G,10.0,-1.2423
MA0439.2,YRR1,1,T,57.0,1.1777
MA0439.2,YRR1,2,A,22.0,-0.1783
MA0439.2,YRR1,2,C,8.0,-1.5518
MA0439.2,YRR1,2,G,4.0,-2.4263
MA0439.2,YRR1,2,T,66.0,1.3725
MA0439.2,YRR1,3,A,89.0,1.7993
MA0439.2,YRR1,3,C,1.0,-3.8413
MA0439.2,YRR1,3,G,2.0,-3.2039
MA0439.2,YRR1,3,T,8.0,-1.5518
MA0439.2,YRR1,4,A,19.0,-0.3819
MA0439.2,YRR1,4,C,9.0,-1.3965
MA0439.2,YRR1,4,G,4.0,-2.4263
MA0439.2,YRR1,4,T,68.0,1.415
MA0439.2,YRR1,5,A,28.0,0.1448
MA0439.2,YRR1,5,C,33.0,0.3757
MA0439.2,YRR1,5,G,8.0,-1.5657
MA0439.2,YRR1,5,T,32.0,0.3324
MA0439.2,YRR1,6,A,4.0,-2.4402
MA0439.2,YRR1,6,C,22.0,-0.1922
MA0439.2,YRR1,6,G,7.0,-1.7397
MA0439.2,YRR1,6,T,68.0,1.4011
MA0439.2,YRR1,7,A,0.0,-5.0112
MA0439.2,YRR1,7,C,100.0,1.9661
MA0439.2,YRR1,7,G,0.0,-5.0112
MA0439.2,YRR1,7,T,0.0,-5.0112
MA0439.2,YRR1,8,A,0.0,-5.0112
MA0439.2,YRR1,8,C,100.0,1.9661
MA0439.2,YRR1,8,G,0.0,-5.0112
MA0439.2,YRR1,8,T,0.0,-5.0112
MA0439.2,YRR1,9,A,3.0,-2.7633
MA0439.2,YRR1,9,C,0.0,-5.0112
MA0439.2,YRR1,9,G,95.0,1.8927
MA0439.2,YRR1,9,T,2.0,-3.2039
MA0439.2,YRR1,10,A,6.0,-1.9238
MA0439.2,YRR1,10,C,41.0,0.6961
MA0439.2,YRR1,10,G,14.0,-0.8018
MA0439.2,YRR1,10,T,39.0,0.6254
MA0440.1,ZAP1,1,A,169.0,1.9798
MA0440.1,ZAP1,1,C,0.0,-5.7499
MA0440.1,ZAP1,1,G,0.0,-5.7499
MA0440.1,ZAP1,1,T,0.0,-5.7499
MA0440.1,ZAP1,2,A,0.0,-6.4625
MA0440.1,ZAP1,2,C,279.0,1.9877
MA0440.1,ZAP1,2,G,0.0,-6.4625
MA0440.1,ZAP1,2,T,0.0,-6.4625
MA0440.1,ZAP1,3,A,0.0,-6.4625
MA0440.1,ZAP1,3,C,279.0,1.9877
MA0440.1,ZAP1,3,G,0.0,-6.4625
MA0440.1,ZAP1,3,T,0.0,-6.4625
MA0440.1,ZAP1,4,A,0.0,-6.0168
MA0440.1,ZAP1,4,C,97.0,0.9169
MA0440.1,ZAP1,4,G,0.0,-6.0168
MA0440.1,ZAP1,4,T,107.0,1.0573
MA0440.1,ZAP1,5,A,0.0,-5.7499
MA0440.1,ZAP1,5,C,0.0,-5.7499
MA0440.1,ZAP1,5,G,0.0,-5.7499
MA0440.1,ZAP1,5,T,169.0,1.9798
MA0440.1,ZAP1,6,A,107.0,1.0784
MA0440.1,ZAP1,6,C,77.0,0.6079
MA0440.1,ZAP1,6,G,17.0,-1.52
MA0440.1,ZAP1,6,T,0.0,-5.9958
MA0440.1,ZAP1,7,A,169.0,1.9798
MA0440.1,ZAP1,7,C,0.0,-5.7499
MA0440.1,ZAP1,7,G,0.0,-5.7499
MA0440.1,ZAP1,7,T,0.0,-5.7499
MA0440.1,ZAP1,8,A,119.0,1.2883
MA0440.1,ZAP1,8,C,17.0,-1.4624
MA0440.1,ZAP1,8,G,57.0,0.2368
MA0440.1,ZAP1,8,T,0.0,-5.9381
MA0440.1,ZAP1,9,A,0.0,-6.4625
MA0440.1,ZAP1,9,C,0.0,-6.4625
MA0440.1,ZAP1,9,G,279.0,1.9877
MA0440.1,ZAP1,9,T,0.0,-6.4625
MA0440.1,ZAP1,10,A,0.0,-6.4625
MA0440.1,ZAP1,10,C,0.0,-6.4625
MA0440.1,ZAP1,10,G,279.0,1.9877
MA0440.1,ZAP1,10,T,0.0,-6.4625
MA0440.1,ZAP1,11,A,0.0,-5.7499
MA0440.1,ZAP1,11,C,0.0,-5.7499
MA0440.1,ZAP1,11,G,0.0,-5.7499
MA0440.1,ZAP1,11,T,169.0,1.9798
MA0440.1,ZAP1,12,A,21.0,-1.31
MA0440.1,ZAP1,12,C,97.0,0.8555
MA0440.1,ZAP1,12,G,37.0,-0.5159
MA0440.1,ZAP1,12,T,58.0,0.1215
MA0440.1,ZAP1,13,A,119.0,1.3484
MA0440.1,ZAP1,13,C,0.0,-5.8781
MA0440.1,ZAP1,13,G,57.0,0.2969
MA0440.1,ZAP1,13,T,9.0,-2.2633
MA0440.1,ZAP1,14,A,9.0,-2.1518
MA0440.1,ZAP1,14,C,17.0,-1.2908
MA0440.1,ZAP1,14,G,0.0,-5.7665
MA0440.1,ZAP1,14,T,145.0,1.7432
MA0440.1,ZAP1,15,A,46.0,-0.4011
MA0440.1,ZAP1,15,C,0.0,-6.2715
MA0440.1,ZAP1,15,G,198.0,1.6856
MA0440.1,ZAP1,15,T,0.0,-6.2715
MA0441.2,ZMS1,1,A,0.0,-5.0112
MA0441.2,ZMS1,1,C,100.0,1.9661
MA0441.2,ZMS1,1,G,0.0,-5.0112
MA0441.2,ZMS1,1,T,0.0,-5.0112
MA0441.2,ZMS1,2,A,0.0,-5.0112
MA0441.2,ZMS1,2,C,100.0,1.9661
MA0441.2,ZMS1,2,G,0.0,-5.0112
MA0441.2,ZMS1,2,T,0.0,-5.0112
MA0441.2,ZMS1,3,A,0.0,-5.0112
MA0441.2,ZMS1,3,C,100.0,1.9661
MA0441.2,ZMS1,3,G,0.0,-5.0112
MA0441.2,ZMS1,3,T,0.0,-5.0112
MA0441.2,ZMS1,4,A,0.0,-5.0112
MA0441.2,ZMS1,4,C,100.0,1.9661
MA0441.2,ZMS1,4,G,0.0,-5.0112
MA0441.2,ZMS1,4,T,0.0,-5.0112
MA0441.2,ZMS1,5,A,19.0,-0.3958
MA0441.2,ZMS1,5,C,4.0,-2.4402
MA0441.2,ZMS1,5,G,54.0,1.0729
MA0441.2,ZMS1,5,T,24.0,-0.0709
MA0441.2,ZMS1,6,A,5.0,-2.1532
MA0441.2,ZMS1,6,C,85.0,1.7336
MA0441.2,ZMS1,6,G,5.0,-2.1532
MA0441.2,ZMS1,6,T,5.0,-2.1532
MA0441.2,ZMS1,7,A,50.0,0.9775
MA0441.2,ZMS1,7,C,10.0,-1.2563
MA0441.2,ZMS1,7,G,10.0,-1.2563
MA0441.2,ZMS1,7,T,30.0,0.2556
