matrix_id,name,collection,tf_class,tf_family,tax_group,species_names,tax_ids,data_type,pubmed_ids,motif_width,information_content_bits,consensus_sequence,pfm_A,pfm_C,pfm_G,pfm_T,pwm_A,pwm_C,pwm_G,pwm_T,jaspar_url
MA0265.3,ABF1,CORE,Basic helix-loop-helix factors (bHLH),Tal-related,fungi,Saccharomyces cerevisiae,4932,ChIP-exo,,14,14.0802,TCGTATATAGTGAT,"[69.0, 5.0, 4.0, 5.0, 188.0, 87.0, 228.0, 155.0, 291.0, 126.0, 4.0, 1.0, 419.0, 3.0]","[72.0, 421.0, 0.0, 0.0, 66.0, 91.0, 38.0, 48.0, 48.0, 1.0, 41.0, 2.0, 3.0, 169.0]","[10.0, 1.0, 418.0, 3.0, 95.0, 65.0, 72.0, 64.0, 54.0, 297.0, 6.0, 420.0, 1.0, 15.0]","[276.0, 0.0, 5.0, 419.0, 78.0, 184.0, 89.0, 160.0, 34.0, 3.0, 376.0, 4.0, 4.0, 240.0]","[-0.6237, -4.2128, -4.4858, -4.2128, 0.8119, -0.2927, 1.0891, 0.5347, 1.44, 0.2375, -4.4858, -5.9009, 1.9647, -4.8229]","[-0.563, 1.9716, -7.0708, -7.0708, -0.6871, -0.2284, -1.4709, -1.1401, -1.1401, -5.9009, -1.3634, -5.2634, -4.8229, 0.6588]","[-3.3159, -5.9009, 1.9613, -4.8229, -0.1669, -0.7088, -0.563, -0.7309, -0.9728, 1.4693, -3.9833, 1.9681, -5.9009, -2.767]","[1.3638, -7.0708, -4.2128, 1.9647, -0.4487, 0.781, -0.2602, 0.5803, -1.6278, -4.8229, 1.8088, -4.4858, -4.4858, 1.1628]",https://jaspar.elixir.no/matrix/MA0265.3/
MA0266.2,ABF2,CORE,High-mobility group (HMG) domain factors,,fungi,Saccharomyces cerevisiae,4932,"PBM, CSA and/or DIP-chip",,6,9.6204,TCTAGA,"[9.0, 0.0, 0.0, 100.0, 0.0, 95.0]","[9.0, 100.0, 0.0, 0.0, 0.0, 2.0]","[2.0, 0.0, 0.0, 0.0, 100.0, 2.0]","[80.0, 0.0, 100.0, 0.0, 0.0, 2.0]","[-1.3965, -5.0112, -5.0112, 1.9661, -5.0112, 1.8787]","[-1.3965, 1.9661, -5.0112, -5.0112, -5.0112, -3.2178]","[-3.2039, -5.0112, -5.0112, -5.0112, 1.9661, -3.2178]","[1.647, -5.0112, 1.9661, -5.0112, -5.0112, -3.2178]",https://jaspar.elixir.no/matrix/MA0266.2/
MA2707.1,ACA1,CORE,Basic leucine zipper factors (bZIP),Jun-related,fungi,Saccharomyces cerevisiae,4932,ChEC-seq,,8,8.9008,TGACGTCA,"[1.0, 1.0, 20.0, 0.0, 0.0, 0.0, 0.0, 19.0]","[5.0, 2.0, 0.0, 20.0, 0.0, 0.0, 20.0, 0.0]","[0.0, 10.0, 0.0, 0.0, 20.0, 0.0, 0.0, 0.0]","[14.0, 7.0, 0.0, 0.0, 0.0, 20.0, 0.0, 1.0]","[-1.6881, -1.6881, 1.8425, -2.858, -2.858, -2.858, -2.858, 1.7714]","[0.0, -1.0506, -2.858, 1.8425, -2.858, -2.858, 1.8425, -2.858]","[-2.858, 0.8969, -2.858, -2.858, 1.8425, -2.858, -2.858, -2.858]","[1.3515, 0.4274, -2.858, -2.858, -2.858, 1.8425, -2.858, -1.6881]",https://jaspar.elixir.no/matrix/MA2707.1/
MA0267.2,ACE2,CORE,C2H2 zinc finger factors,Other factors with up to three adjacent zinc fingers,fungi,Saccharomyces cerevisiae,4932,"PBM, CSA and/or DIP-chip",,5,8.1993,CCAGC,"[1.0, 0.0, 90.0, 0.0, 0.0]","[92.0, 100.0, 10.0, 0.0, 100.0]","[6.0, 0.0, 0.0, 100.0, 0.0]","[1.0, 0.0, 0.0, 0.0, 0.0]","[-3.8413, -5.0112, 1.8153, -5.0112, -5.0112]","[1.8468, 1.9661, -1.2563, -5.0112, 1.9661]","[-1.9238, -5.0112, -5.0112, 1.9661, -5.0112]","[-3.8413, -5.0112, -5.0112, -5.0112, -5.0112]",https://jaspar.elixir.no/matrix/MA0267.2/
MA0268.2,ADR1,CORE,C2H2 zinc finger factors,Other factors with up to three adjacent zinc fingers,fungi,Saccharomyces cerevisiae,4932,"PBM, CSA and/or DIP-chip",,6,7.571,CCCCAC,"[0.0, 0.0, 0.0, 0.0, 64.0, 34.0]","[100.0, 85.0, 100.0, 100.0, 6.0, 51.0]","[0.0, 0.0, 0.0, 0.0, 20.0, 6.0]","[0.0, 15.0, 0.0, 0.0, 10.0, 9.0]","[-5.0112, -5.0112, -5.0112, -5.0112, 1.3286, 0.4317]","[1.9661, 1.7336, 1.9661, 1.9661, -1.9238, 1.0056]","[-5.0112, -5.0112, -5.0112, -5.0112, -0.3108, -1.9238]","[-5.0112, -0.7074, -5.0112, -5.0112, -1.2563, -1.3965]",https://jaspar.elixir.no/matrix/MA0268.2/
MA0269.2,AFT1,CORE,,,fungi,Saccharomyces cerevisiae,4932,PBM,,10,12.121,TATTGCACCC,"[136.0, 716.0, 145.0, 34.0, 160.0, 10.0, 961.0, 8.0, 25.0, 19.0]","[78.0, 25.0, 31.0, 47.0, 10.0, 966.0, 9.0, 972.0, 955.0, 740.0]","[142.0, 31.0, 288.0, 39.0, 812.0, 11.0, 15.0, 9.0, 2.0, 13.0]","[641.0, 226.0, 535.0, 878.0, 16.0, 10.0, 14.0, 10.0, 16.0, 225.0]","[-0.8701, 1.5179, -0.7811, -2.8465, -0.6384, -4.5331, 1.9406, -4.8315, -3.2782, -3.6586]","[-1.6659, -3.2782, -2.978, -2.3886, -4.5346, 1.951, -4.6762, 1.957, 1.9331, 1.5669]","[-0.8082, -2.9766, 0.205, -2.6528, 1.6992, -4.4054, -3.9871, -4.6762, -6.4821, -4.1795]","[1.3599, -0.1422, 1.0966, 1.8119, -3.8971, -4.5331, -4.0814, -4.536, -3.8971, -0.1472]",https://jaspar.elixir.no/matrix/MA0269.2/
MA0270.2,AFT2,CORE,,,fungi,Saccharomyces cerevisiae,4932,"PBM, CSA and/or DIP-chip",,6,10.0167,ACACCC,"[70.0, 0.0, 100.0, 0.0, 0.0, 0.0]","[0.0, 100.0, 0.0, 100.0, 100.0, 100.0]","[30.0, 0.0, 0.0, 0.0, 0.0, 0.0]","[0.0, 0.0, 0.0, 0.0, 0.0, 0.0]","[1.4564, -5.0112, 1.9661, -5.0112, -5.0112, -5.0112]","[-5.0112, 1.9661, -5.0112, 1.9661, 1.9661, 1.9661]","[0.2556, -5.0112, -5.0112, -5.0112, -5.0112, -5.0112]","[-5.0112, -5.0112, -5.0112, -5.0112, -5.0112, -5.0112]",https://jaspar.elixir.no/matrix/MA0270.2/
MA0271.1,ARG80,CORE,MADS box factors,,fungi,Saccharomyces cerevisiae,4932,ChIP-chip,,6,8.6234,AGACGC,"[89.0, 0.0, 161.0, 0.0, 44.0, 0.0]","[0.0, 0.0, 0.0, 301.0, 0.0, 256.0]","[0.0, 301.0, 0.0, 0.0, 79.0, 0.0]","[69.0, 0.0, 0.0, 0.0, 69.0, 20.0]","[1.1559, -6.5708, 1.9788, -6.5708, -0.1234, -6.4471]","[-5.6546, -6.5708, -5.6812, 1.9886, -5.9307, 1.8793]","[-5.6546, 1.9886, -5.6812, -6.5708, 0.7095, -6.4471]","[0.7924, -6.5708, -5.6812, -6.5708, 0.5163, -1.7466]",https://jaspar.elixir.no/matrix/MA0271.1/
MA0272.2,ARG81,CORE,C6 zinc cluster factors,,fungi,Saccharomyces cerevisiae,4932,ChIP-chip,,7,10.8534,TGACTCT,"[6.0, 20.0, 169.0, 0.0, 1.0, 0.0, 59.0]","[0.0, 0.0, 0.0, 271.0, 0.0, 279.0, 59.0]","[4.0, 239.0, 0.0, 0.0, 0.0, 0.0, 4.0]","[154.0, 0.0, 0.0, 1.0, 164.0, 0.0, 64.0]","[-2.6199, -1.656, 1.9798, -6.4263, -4.546, -6.4625, 0.3383]","[-5.7074, -6.3565, -5.7499, 1.9821, -5.716, 1.9877, 0.3383]","[-3.1224, 1.8712, -5.7499, -6.4263, -5.716, -6.4625, -3.3007]","[1.8888, -6.3565, -5.7499, -5.2563, 1.9705, -6.4625, 0.4542]",https://jaspar.elixir.no/matrix/MA0272.2/
MA0273.2,ARO80,CORE,C6 zinc cluster factors,,fungi,Saccharomyces cerevisiae,4932,PBM,,8,9.5764,CTCGGCAA,"[40.0, 5.0, 5.0, 1.0, 1.0, 15.0, 670.0, 690.0]","[744.0, 231.0, 987.0, 22.0, 5.0, 359.0, 4.0, 68.0]","[30.0, 8.0, 1.0, 975.0, 990.0, 295.0, 6.0, 60.0]","[185.0, 753.0, 5.0, 1.0, 2.0, 329.0, 318.0, 181.0]","[-2.6185, -5.43, -5.4315, -7.121, -7.1195, -3.9857, 1.4222, 1.4632]","[1.5718, -0.1093, 1.9806, -3.458, -5.4315, 0.5235, -5.7045, -1.8646]","[-3.0241, -4.8286, -7.1195, 1.9615, 1.9849, 0.241, -5.202, -2.043]","[-0.4313, 1.592, -5.4315, -7.121, -6.4821, 0.3979, 0.349, -0.4627]",https://jaspar.elixir.no/matrix/MA0273.2/
MA0274.1,ARR1,CORE,Basic leucine zipper factors (bZIP),,fungi,Saccharomyces cerevisiae,4932,ChIP-chip,,8,8.4411,ACTTGAAT,"[160.0, 24.0, 30.0, 0.0, 73.0, 129.0, 137.0, 11.0]","[0.0, 75.0, 70.0, 0.0, 0.0, 41.0, 0.0, 0.0]","[0.0, 29.0, 0.0, 0.0, 161.0, 12.0, 29.0, 24.0]","[0.0, 73.0, 87.0, 161.0, 0.0, 0.0, 3.0, 129.0]","[1.9786, -1.0416, -0.6265, -5.6812, 0.3156, 1.4872, 1.6785, -1.8247]","[-5.6724, 0.5703, 0.5743, -5.6812, -6.2119, -0.1475, -5.7499, -5.7074]","[-5.6724, -0.7766, -5.8933, -5.6812, 1.4481, -1.8549, -0.5307, -0.7532]","[-5.6724, 0.5317, 0.8848, 1.9788, -6.2119, -5.8549, -3.5019, 1.6347]",https://jaspar.elixir.no/matrix/MA0274.1/
MA0275.1,ASG1,CORE,C6 zinc cluster factors,,fungi,Saccharomyces cerevisiae,4932,"PBM, CSA and/or DIP-chip",,6,8.187,CCGGAA,"[0.0, 0.0, 0.0, 0.0, 72.0, 53.0]","[76.0, 100.0, 0.0, 0.0, 11.0, 0.0]","[0.0, 0.0, 100.0, 100.0, 16.0, 0.0]","[24.0, 0.0, 0.0, 0.0, 0.0, 47.0]","[-5.0112, -5.0112, -5.0112, -5.0112, 1.5106, 1.0602]","[1.5737, 1.9661, -5.0112, -5.0112, -1.1145, -5.0112]","[-5.0112, -5.0112, 1.9661, 1.9661, -0.6049, -5.0112]","[-0.057, -5.0112, -5.0112, -5.0112, -4.9972, 0.8896]",https://jaspar.elixir.no/matrix/MA0275.1/
MA0276.1,ASH1,CORE,Other C4 zinc finger-type factors,C4-GATA-related,fungi,Saccharomyces cerevisiae,4932,ChIP-chip,,10,10.2817,CCGGATCGGG,"[0.0, 0.0, 61.0, 58.0, 130.0, 0.0, 33.0, 80.0, 0.0, 0.0]","[220.0, 291.0, 21.0, 54.0, 0.0, 11.0, 150.0, 0.0, 8.0, 0.0]","[8.0, 0.0, 133.0, 101.0, 54.0, 8.0, 8.0, 92.0, 249.0, 256.0]","[35.0, 3.0, 10.0, 12.0, 0.0, 147.0, 35.0, 26.0, 19.0, 18.0]","[-6.3783, -6.5372, 0.1154, 0.0436, 1.4828, -5.7245, -0.7615, 0.6838, -6.4471, -6.4367]","[1.7302, 1.9735, -1.3879, -0.0581, -5.8704, -1.8419, 1.396, -5.9744, -2.9877, -6.4367]","[-2.9189, -6.5372, 1.2298, 0.8354, 0.2277, -2.2651, -2.703, 0.8836, 1.8395, 1.8897]","[-0.8945, -4.2893, -2.4012, -2.1561, -5.8704, 1.8049, -0.6786, -0.9083, -1.8177, -1.8821]",https://jaspar.elixir.no/matrix/MA0276.1/
MA0277.1,AZF1,CORE,C2H2 zinc finger factors,,fungi,Saccharomyces cerevisiae,4932,"PBM, CSA and/or DIP-chip",,9,10.4916,AAAAAGAAA,"[63.0, 100.0, 100.0, 88.0, 75.0, 0.0, 78.0, 81.0, 63.0]","[13.0, 0.0, 0.0, 13.0, 0.0, 0.0, 16.0, 6.0, 13.0]","[13.0, 0.0, 0.0, 0.0, 25.0, 100.0, 3.0, 6.0, 13.0]","[13.0, 0.0, 0.0, 0.0, 0.0, 0.0, 3.0, 6.0, 13.0]","[1.2785, 1.9661, 1.9661, 1.7693, 1.5548, -5.0112, 1.6108, 1.6788, 1.2785]","[-0.9304, -5.0112, -5.0112, -0.9166, -5.0112, -5.0112, -0.6189, -1.9097, -0.9304]","[-0.9304, -5.0112, -5.0112, -5.0251, 0.0, 1.9661, -2.7633, -1.9097, -0.9304]","[-0.9304, -5.0112, -5.0112, -5.0251, -5.0112, -5.0112, -2.7633, -1.9097, -0.9304]",https://jaspar.elixir.no/matrix/MA0277.1/
MA0278.2,BAS1,CORE,Tryptophan cluster factors,Myb/SANT domain factors,fungi,Saccharomyces cerevisiae,4932,PBM,,12,13.9278,AGCCAGAGTCAA,"[455.0, 248.0, 98.0, 52.0, 348.0, 12.0, 966.0, 26.0, 9.0, 47.0, 892.0, 487.0]","[51.0, 34.0, 724.0, 918.0, 346.0, 3.0, 5.0, 6.0, 10.0, 930.0, 42.0, 123.0]","[370.0, 670.0, 143.0, 7.0, 280.0, 977.0, 23.0, 962.0, 4.0, 7.0, 16.0, 320.0]","[122.0, 46.0, 33.0, 20.0, 24.0, 6.0, 4.0, 4.0, 975.0, 15.0, 49.0, 68.0]","[0.8647, -0.0087, -1.3411, -2.2436, 0.4787, -4.2894, 1.9496, -3.2234, -4.6747, -2.39, 1.8332, 0.9626]","[-2.2726, -2.8465, 1.5339, 1.8775, 0.4704, -6.0415, -5.4315, -5.202, -4.5346, 1.8934, -2.5494, -1.0156]","[0.567, 1.4222, -0.7996, -5.0026, 0.1659, 1.9659, -3.3946, 1.9436, -5.7045, -5.0055, -3.8986, 0.358]","[-1.0273, -2.4191, -2.8886, -3.5876, -3.3352, -5.202, -5.7045, -5.7045, 1.9629, -3.9871, -2.3309, -1.8632]",https://jaspar.elixir.no/matrix/MA0278.2/
MA0279.3,CAD1,CORE,Basic leucine zipper factors (bZIP),,fungi,Saccharomyces cerevisiae,4932,ChIP-exo,,11,12.2262,TGCTTACTAAT,"[12.0, 5.0, 26.0, 1.0, 1.0, 85.0, 6.0, 10.0, 82.0, 85.0, 5.0]","[14.0, 5.0, 58.0, 1.0, 0.0, 0.0, 64.0, 0.0, 3.0, 0.0, 1.0]","[11.0, 68.0, 3.0, 0.0, 18.0, 1.0, 11.0, 3.0, 0.0, 1.0, 14.0]","[50.0, 9.0, 0.0, 85.0, 68.0, 1.0, 6.0, 74.0, 2.0, 1.0, 67.0]","[-0.817, -1.959, 0.2491, -3.6471, -3.6471, 1.9279, -1.7295, -1.0621, 1.8765, 1.9279, -1.959]","[-0.6075, -1.959, 1.3827, -3.6471, -4.817, -4.817, 1.5229, -4.817, -2.5691, -4.817, -3.6471]","[-0.9343, 1.6093, -2.5691, -4.817, -0.2624, -3.6471, -0.9343, -2.5691, -4.817, -3.6471, -0.6075]","[1.1717, -1.2023, -4.817, 1.9279, 1.6093, -3.6471, -1.7295, 1.7299, -3.0096, -3.6471, 1.5882]",https://jaspar.elixir.no/matrix/MA0279.3/
MA0280.2,CAT8,CORE,C6 zinc cluster factors,,fungi,Saccharomyces cerevisiae,4932,"PBM, CSA and/or DIP-chip",,5,7.8927,CCGGA,"[0.0, 0.0, 0.0, 0.0, 66.0]","[100.0, 100.0, 0.0, 0.0, 13.0]","[0.0, 0.0, 100.0, 100.0, 21.0]","[0.0, 0.0, 0.0, 0.0, 0.0]","[-5.0112, -5.0112, -5.0112, -5.0112, 1.3725]","[1.9661, 1.9661, -5.0112, -5.0112, -0.9027]","[-5.0112, -5.0112, 1.9661, 1.9661, -0.243]","[-5.0112, -5.0112, -5.0112, -5.0112, -5.0112]",https://jaspar.elixir.no/matrix/MA0280.2/
MA0281.3,CBF1,CORE,Basic helix-loop-helix factors (bHLH),bHLH-ZIP,fungi,Saccharomyces cerevisiae,4932,ChIP-exo,,10,13.4969,ATCACGTGAC,"[137.0, 12.0, 1.0, 253.0, 1.0, 7.0, 0.0, 0.0, 215.0, 17.0]","[14.0, 20.0, 254.0, 0.0, 243.0, 0.0, 0.0, 1.0, 24.0, 146.0]","[73.0, 55.0, 1.0, 2.0, 2.0, 249.0, 0.0, 255.0, 11.0, 9.0]","[32.0, 169.0, 0.0, 1.0, 10.0, 0.0, 256.0, 0.0, 6.0, 84.0]","[1.0885, -2.3399, -5.1699, 1.9696, -5.1699, -3.0544, -6.3399, -6.3399, 1.7356, -1.8641]","[-2.1304, -1.6394, 1.9753, -6.3399, 1.9116, -6.3399, -6.3399, -5.1699, -1.3857, 1.1798]","[0.1876, -0.2157, -5.1699, -4.5325, -4.5325, 1.9467, -6.3399, 1.981, -2.4572, -2.7251]","[-0.9823, 1.3898, -6.3399, -5.1699, -2.585, -6.3399, 1.9866, -6.3399, -3.2524, 0.3881]",https://jaspar.elixir.no/matrix/MA0281.3/
MA0282.2,CEP3,CORE,C6 zinc cluster factors,,fungi,Saccharomyces cerevisiae,4932,"PBM, CSA and/or DIP-chip",,7,10.4917,CTCGGAA,"[4.0, 0.0, 0.0, 0.0, 0.0, 91.0, 92.0]","[56.0, 0.0, 100.0, 0.0, 0.0, 1.0, 3.0]","[4.0, 0.0, 0.0, 100.0, 100.0, 1.0, 3.0]","[36.0, 100.0, 0.0, 0.0, 0.0, 7.0, 3.0]","[-2.4263, -5.0112, -5.0112, -5.0112, -5.0112, 1.8311, 1.8328]","[1.1385, -5.0112, 1.9661, -5.0112, -5.0112, -3.8413, -2.7772]","[-2.4263, -5.0112, -5.0112, 1.9661, 1.9661, -3.8413, -2.7772]","[0.5123, 1.9661, -5.0112, -5.0112, -5.0112, -1.7258, -2.7772]",https://jaspar.elixir.no/matrix/MA0282.2/
MA0283.1,CHA4,CORE,C6 zinc cluster factors,,fungi,Saccharomyces cerevisiae,4932,"PBM, CSA and/or DIP-chip",,8,10.174,GGCGGAGA,"[22.0, 0.0, 0.0, 0.0, 0.0, 71.0, 22.0, 48.0]","[5.0, 0.0, 100.0, 0.0, 0.0, 0.0, 1.0, 10.0]","[68.0, 100.0, 0.0, 100.0, 100.0, 28.0, 76.0, 10.0]","[5.0, 0.0, 0.0, 0.0, 0.0, 0.0, 1.0, 31.0]","[-0.1783, -5.0112, -5.0112, -5.0112, -5.0112, 1.4907, -0.1783, 0.9336]","[-2.1532, -5.0112, 1.9661, -5.0112, -5.0112, -4.9972, -3.8413, -1.2423]","[1.415, 1.9661, -5.0112, 1.9661, 1.9661, 0.1727, 1.5737, -1.2423]","[-2.1532, -5.0112, -5.0112, -5.0112, -5.0112, -4.9972, -3.8413, 0.3157]",https://jaspar.elixir.no/matrix/MA0283.1/
MA0284.3,CIN5,CORE,Basic leucine zipper factors (bZIP),,fungi,Saccharomyces cerevisiae,4932,ChIP-exo,,10,13.0598,ATTACATAAT,"[240.0, 3.0, 3.0, 334.0, 4.0, 223.0, 1.0, 321.0, 329.0, 25.0]","[46.0, 5.0, 2.0, 1.0, 273.0, 17.0, 1.0, 19.0, 3.0, 18.0]","[25.0, 5.0, 13.0, 3.0, 10.0, 88.0, 1.0, 3.0, 1.0, 58.0]","[34.0, 332.0, 327.0, 7.0, 58.0, 17.0, 342.0, 2.0, 12.0, 244.0]","[1.4679, -4.5178, -4.5178, 1.9434, -4.1807, 1.3623, -5.5958, 1.8862, 1.9217, -1.7545]","[-0.8953, -3.9077, -4.9583, -5.5958, 1.6532, -2.29, -5.5958, -2.1363, -4.5178, -2.2111]","[-1.7545, -3.9077, -2.6572, -4.5178, -3.0108, 0.0287, -5.5958, -4.5178, -5.5958, -0.566]","[-1.3228, 1.9347, 1.9129, -3.4803, -0.566, -2.29, 1.9775, -4.9583, -2.7657, 1.4917]",https://jaspar.elixir.no/matrix/MA0284.3/
MA0285.2,CRZ1,CORE,C2H2 zinc finger factors,Other factors with up to three adjacent zinc fingers,fungi,Saccharomyces cerevisiae,4932,"PBM, CSA and/or DIP-chip",,6,7.2389,AGCCAC,"[63.0, 0.0, 0.0, 0.0, 42.0, 7.0]","[36.0, 0.0, 100.0, 99.0, 30.0, 76.0]","[1.0, 100.0, 0.0, 0.0, 7.0, 8.0]","[1.0, 0.0, 0.0, 0.0, 21.0, 8.0]","[1.2923, -5.0112, -5.0112, -4.9972, 0.7302, -1.7118]","[0.4984, -5.0112, 1.9661, 1.9657, 0.2556, 1.5878]","[-3.8552, 1.9661, -5.0112, -4.9972, -1.7258, -1.5377]","[-3.8552, -5.0112, -5.0112, -4.9972, -0.243, -1.5377]",https://jaspar.elixir.no/matrix/MA0285.2/
MA0286.2,CST6,CORE,Basic leucine zipper factors (bZIP),,fungi,Saccharomyces cerevisiae,4932,"PBM, CSA and/or DIP-chip",,6,9.9519,TGACGT,"[1.0, 1.0, 100.0, 0.0, 5.0, 0.0]","[1.0, 1.0, 0.0, 100.0, 0.0, 0.0]","[1.0, 91.0, 0.0, 0.0, 95.0, 0.0]","[96.0, 7.0, 0.0, 0.0, 0.0, 100.0]","[-3.8273, -3.8413, 1.9661, -5.0112, -2.1532, -5.0112]","[-3.8273, -3.8413, -5.0112, 1.9661, -5.0112, -5.0112]","[-3.8273, 1.8311, -5.0112, -5.0112, 1.8927, -5.0112]","[1.9217, -1.7258, -5.0112, -5.0112, -5.0112, 1.9661]",https://jaspar.elixir.no/matrix/MA0286.2/
MA0287.1,CUP2,CORE,Copper-fist DNA-binding domain,,fungi,Saccharomyces cerevisiae,4932,COMPILED,,11,7.4411,CAGCAAAAATG,"[0.0, 9.0, 0.0, 2.0, 6.0, 4.0, 9.0, 9.0, 7.0, 4.0, 2.0]","[7.0, 0.0, 0.0, 7.0, 0.0, 1.0, 0.0, 0.0, 0.0, 0.0, 0.0]","[0.0, 0.0, 9.0, 0.0, 3.0, 4.0, 0.0, 0.0, 2.0, 0.0, 7.0]","[2.0, 0.0, 0.0, 0.0, 0.0, 0.0, 0.0, 0.0, 0.0, 5.0, 0.0]","[-1.9307, 1.684, -1.9307, -0.1234, 1.1567, 0.6542, 1.684, 1.684, 1.3547, 0.6542, -0.1234]","[1.3547, -1.9307, -1.9307, 1.3547, -1.9307, -0.7608, -1.9307, -1.9307, -1.9307, -1.9307, -1.9307]","[-1.9307, -1.9307, 1.684, -1.9307, 0.3172, 0.6542, -1.9307, -1.9307, -0.1234, -1.9307, 1.3547]","[-0.1234, -1.9307, -1.9307, -1.9307, -1.9307, -1.9307, -1.9307, -1.9307, -1.9307, 0.9272, -1.9307]",https://jaspar.elixir.no/matrix/MA0287.1/
MA0288.1,CUP9,CORE,Homeo domain factors,TALE-type homeo domain factors,fungi,Saccharomyces cerevisiae,4932,"PBM, CSA and/or DIP-chip",,9,9.8462,TGACACATT,"[7.0, 0.0, 84.0, 1.0, 91.0, 0.0, 75.0, 40.0, 39.0]","[10.0, 0.0, 0.0, 99.0, 0.0, 64.0, 15.0, 0.0, 13.0]","[3.0, 100.0, 9.0, 0.0, 9.0, 9.0, 0.0, 0.0, 3.0]","[79.0, 0.0, 7.0, 0.0, 0.0, 27.0, 10.0, 60.0, 45.0]","[-1.7118, -5.0112, 1.7167, -3.8413, 1.8311, -5.0112, 1.5548, 0.6612, 0.6254]","[-1.2423, -5.0112, -5.0112, 1.9517, -5.0112, 1.3286, -0.7074, -5.0112, -0.9027]","[-2.7493, 1.9661, -1.3965, -5.0112, -1.3965, -1.3965, -5.0112, -5.0112, -2.7633]","[1.6431, -5.0112, -1.7258, -5.0112, -5.0112, 0.1077, -1.2563, 1.2367, 0.828]",https://jaspar.elixir.no/matrix/MA0288.1/
MA0289.1,DAL80,CORE,Other C4 zinc finger-type factors,C4-GATA-related,fungi,Saccharomyces cerevisiae,4932,"PBM, CSA and/or DIP-chip",,7,9.9885,CGATAAG,"[11.0, 0.0, 100.0, 0.0, 100.0, 90.0, 3.0]","[67.0, 0.0, 0.0, 0.0, 0.0, 1.0, 19.0]","[6.0, 100.0, 0.0, 0.0, 0.0, 1.0, 75.0]","[17.0, 0.0, 0.0, 100.0, 0.0, 7.0, 3.0]","[-1.1425, -5.0112, 1.9661, -5.0112, 1.9661, 1.8294, -2.7633]","[1.38, -5.0112, -5.0112, -5.0112, -5.0112, -3.8273, -0.3819]","[-1.9377, 1.9661, -5.0112, -5.0112, -5.0112, -3.8273, 1.5548]","[-0.5494, -5.0112, -5.0112, 1.9661, -5.0112, -1.7118, -2.7633]",https://jaspar.elixir.no/matrix/MA0289.1/
MA0290.1,DAL81,CORE,C6 zinc cluster factors,,fungi,Saccharomyces cerevisiae,4932,ChIP-chip,,19,35.9115,AAAAGCCGCGGGCGGGATT,"[203.0, 203.0, 203.0, 203.0, 0.0, 0.0, 0.0, 0.0, 0.0, 0.0, 0.0, 0.0, 0.0, 0.0, 0.0, 0.0, 203.0, 0.0, 0.0]","[0.0, 0.0, 0.0, 0.0, 0.0, 203.0, 203.0, 0.0, 203.0, 0.0, 0.0, 0.0, 203.0, 0.0, 0.0, 0.0, 0.0, 0.0, 0.0]","[0.0, 0.0, 0.0, 0.0, 203.0, 0.0, 0.0, 203.0, 0.0, 203.0, 203.0, 203.0, 0.0, 203.0, 203.0, 203.0, 0.0, 0.0, 0.0]","[0.0, 0.0, 0.0, 0.0, 0.0, 0.0, 0.0, 0.0, 0.0, 0.0, 0.0, 0.0, 0.0, 0.0, 0.0, 0.0, 0.0, 203.0, 203.0]","[1.9831, 1.9831, 1.9831, 1.9831, -6.0098, -6.0098, -6.0098, -6.0098, -6.0098, -6.0098, -6.0098, -6.0098, -6.0098, -6.0098, -6.0098, -6.0098, 1.9831, -6.0098, -6.0098]","[-6.0098, -6.0098, -6.0098, -6.0098, -6.0098, 1.9831, 1.9831, -6.0098, 1.9831, -6.0098, -6.0098, -6.0098, 1.9831, -6.0098, -6.0098, -6.0098, -6.0098, -6.0098, -6.0098]","[-6.0098, -6.0098, -6.0098, -6.0098, 1.9831, -6.0098, -6.0098, 1.9831, -6.0098, 1.9831, 1.9831, 1.9831, -6.0098, 1.9831, 1.9831, 1.9831, -6.0098, -6.0098, -6.0098]","[-6.0098, -6.0098, -6.0098, -6.0098, -6.0098, -6.0098, -6.0098, -6.0098, -6.0098, -6.0098, -6.0098, -6.0098, -6.0098, -6.0098, -6.0098, -6.0098, -6.0098, 1.9831, 1.9831]",https://jaspar.elixir.no/matrix/MA0290.1/
MA0291.1,DAL82,CORE,,,fungi,Saccharomyces cerevisiae,4932,"PBM, CSA and/or DIP-chip",,9,8.4844,AATGTGCGC,"[56.0, 53.0, 39.0, 26.0, 0.0, 0.0, 0.0, 0.0, 11.0]","[14.0, 11.0, 3.0, 11.0, 26.0, 0.0, 100.0, 0.0, 68.0]","[14.0, 5.0, 3.0, 42.0, 0.0, 100.0, 0.0, 100.0, 11.0]","[14.0, 32.0, 55.0, 21.0, 74.0, 0.0, 0.0, 0.0, 11.0]","[1.1668, 1.0463, 0.6254, 0.0549, -5.0112, -5.0112, -5.0112, -5.0112, -1.1425]","[-0.7735, -1.1425, -2.7633, -1.1286, 0.0549, -5.0112, 1.9661, -5.0112, 1.4011]","[-0.7735, -2.1672, -2.7633, 0.7302, -5.0112, 1.9661, -5.0112, 1.9661, -1.1425]","[-0.7735, 0.3324, 1.1129, -0.243, 1.5357, -5.0112, -5.0112, -5.0112, -1.1425]",https://jaspar.elixir.no/matrix/MA0291.1/
MA0351.2,DOT6,CORE,Tryptophan cluster factors,Myb/SANT domain factors,fungi,Saccharomyces cerevisiae,4932,PBM,,10,12.0371,ACCTCATCGC,"[516.0, 79.0, 29.0, 6.0, 1.0, 972.0, 1.0, 0.0, 36.0, 223.0]","[59.0, 420.0, 770.0, 52.0, 990.0, 0.0, 0.0, 968.0, 9.0, 575.0]","[138.0, 392.0, 197.0, 83.0, 4.0, 1.0, 27.0, 1.0, 876.0, 177.0]","[285.0, 107.0, 3.0, 858.0, 2.0, 25.0, 969.0, 28.0, 78.0, 22.0]","[1.0459, -1.6492, -3.0717, -5.2034, -7.1181, 1.9585, -7.1181, -8.288, -2.7673, -0.16]","[-2.0654, 0.7495, 1.6213, -2.2465, 1.9864, -8.2894, -8.288, 1.954, -4.6762, 1.2034]","[-0.8507, 0.6501, -0.3411, -1.5801, -5.703, -7.1195, -3.1691, -7.1181, 1.8071, -0.492]","[0.1913, -1.2153, -6.043, 1.7772, -6.4806, -3.2782, 1.9555, -3.1181, -1.6688, -3.4551]",https://jaspar.elixir.no/matrix/MA0351.2/
MA0292.2,ECM22,CORE,C6 zinc cluster factors,,fungi,Saccharomyces cerevisiae,4932,"PBM, CSA and/or DIP-chip",,6,8.3229,TCCGGA,"[14.0, 0.0, 0.0, 0.0, 0.0, 93.0]","[7.0, 100.0, 100.0, 14.0, 0.0, 0.0]","[7.0, 0.0, 0.0, 86.0, 86.0, 7.0]","[71.0, 0.0, 0.0, 0.0, 14.0, 0.0]","[-0.7877, -5.0112, -5.0112, -5.0112, -5.0112, 1.8622]","[-1.7118, 1.9661, 1.9661, -0.8018, -5.0112, -5.0112]","[-1.7118, -5.0112, -5.0112, 1.7503, 1.7503, -1.7258]","[1.4907, -5.0112, -5.0112, -5.0112, -0.8018, -5.0112]",https://jaspar.elixir.no/matrix/MA0292.2/
MA0293.2,ECM23,CORE,Other C4 zinc finger-type factors,C4-GATA-related,fungi,Saccharomyces cerevisiae,4932,"PBM, CSA and/or DIP-chip",,5,6.5495,AGATC,"[72.0, 10.0, 100.0, 3.0, 1.0]","[11.0, 2.0, 0.0, 0.0, 90.0]","[10.0, 86.0, 0.0, 0.0, 3.0]","[7.0, 2.0, 0.0, 97.0, 7.0]","[1.4966, -1.2563, 1.9661, -2.7633, -3.8552]","[-1.1286, -3.2039, -5.0112, -5.0112, 1.8014]","[-1.2563, 1.7503, -5.0112, -5.0112, -2.7772]","[-1.7258, -3.2039, -5.0112, 1.9225, -1.7397]",https://jaspar.elixir.no/matrix/MA0293.2/
MA0294.2,EDS1,CORE,C6 zinc cluster factors,,fungi,Saccharomyces cerevisiae,4932,"PBM, CSA and/or DIP-chip",,7,9.6276,GGAAAAA,"[0.0, 0.0, 100.0, 76.0, 48.0, 100.0, 82.0]","[0.0, 0.0, 0.0, 0.0, 24.0, 0.0, 1.0]","[100.0, 100.0, 0.0, 0.0, 10.0, 0.0, 1.0]","[0.0, 0.0, 0.0, 24.0, 19.0, 0.0, 15.0]","[-5.0112, -5.0112, 1.9661, 1.5737, 0.9056, 1.9661, 1.6963]","[-5.0112, -5.0112, -5.0112, -5.0112, -0.0709, -5.0112, -3.8273]","[1.9661, 1.9661, -5.0112, -5.0112, -1.2703, -5.0112, -3.8273]","[-5.0112, -5.0112, -5.0112, -0.057, -0.3958, -5.0112, -0.6934]",https://jaspar.elixir.no/matrix/MA0294.2/
MA0420.2,ERT1,CORE,C6 zinc cluster factors,,fungi,Saccharomyces cerevisiae,4932,"PBM, CSA and/or DIP-chip",,7,10.1057,CCGGAAC,"[6.0, 0.0, 0.0, 0.0, 100.0, 100.0, 4.0]","[47.0, 100.0, 0.0, 0.0, 0.0, 0.0, 63.0]","[6.0, 0.0, 100.0, 100.0, 0.0, 0.0, 4.0]","[41.0, 0.0, 0.0, 0.0, 0.0, 0.0, 28.0]","[-1.9238, -5.0112, -5.0112, -5.0112, 1.9661, 1.9661, -2.4122]","[0.8896, 1.9661, -5.0112, -5.0112, -5.0112, -5.0112, 1.3202]","[-1.9238, -5.0112, 1.9661, 1.9661, -5.0112, -5.0112, -2.4122]","[0.6961, -5.0112, -5.0112, -5.0112, -5.0112, -5.0112, 0.1727]",https://jaspar.elixir.no/matrix/MA0420.2/
MA0295.2,FHL1,CORE,Fork head/winged helix factors,FOX,fungi,Saccharomyces cerevisiae,4932,"PBM, CSA and/or DIP-chip",,6,9.9912,GACGCA,"[0.0, 100.0, 0.0, 0.0, 0.0, 90.0]","[10.0, 0.0, 100.0, 0.0, 100.0, 0.0]","[90.0, 0.0, 0.0, 100.0, 0.0, 0.0]","[0.0, 0.0, 0.0, 0.0, 0.0, 10.0]","[-5.0112, 1.9661, -5.0112, -5.0112, -5.0112, 1.8153]","[-1.2563, -5.0112, 1.9661, -5.0112, 1.9661, -5.0112]","[1.8153, -5.0112, -5.0112, 1.9661, -5.0112, -5.0112]","[-5.0112, -5.0112, -5.0112, -5.0112, -5.0112, -1.2563]",https://jaspar.elixir.no/matrix/MA0295.2/
MA0296.2,FKH1,CORE,Fork head/winged helix factors,FOX,fungi,Saccharomyces cerevisiae,4932,PBM,,13,15.4496,AATTGTAAACAAA,"[520.0, 526.0, 365.0, 119.0, 146.0, 7.0, 959.0, 977.0, 990.0, 1.0, 990.0, 874.0, 671.0]","[84.0, 76.0, 73.0, 146.0, 4.0, 3.0, 37.0, 11.0, 1.0, 925.0, 1.0, 39.0, 49.0]","[98.0, 129.0, 150.0, 133.0, 847.0, 0.0, 0.0, 1.0, 2.0, 1.0, 3.0, 16.0, 70.0]","[297.0, 267.0, 411.0, 600.0, 1.0, 987.0, 1.0, 9.0, 5.0, 71.0, 4.0, 69.0, 208.0]","[1.0556, 1.0736, 0.546, -1.063, -0.7698, -5.0026, 1.9405, 1.9659, 1.9849, -7.1195, 1.9849, 1.8053, 1.4244]","[-1.563, -1.7045, -1.7634, -0.7698, -5.7045, -6.0401, -2.7258, -4.4068, -7.1195, 1.887, -7.1195, -2.6528, -2.3294]","[-1.3425, -0.9474, -0.7325, -0.9036, 1.7601, -8.288, -8.288, -7.1195, -6.4821, -7.1195, -6.0415, -3.8971, -1.8218]","[0.2492, 0.0975, 0.7168, 1.2632, -7.1195, 1.982, -7.1181, -4.6747, -5.4315, -1.8016, -5.7045, -1.8424, -0.2615]",https://jaspar.elixir.no/matrix/MA0296.2/
MA0297.1,FKH2,CORE,Fork head/winged helix factors,FOX,fungi,Saccharomyces cerevisiae,4932,"PBM, CSA and/or DIP-chip",,7,12.132,GTAAACA,"[13.0, 0.0, 100.0, 100.0, 100.0, 0.0, 100.0]","[0.0, 0.0, 0.0, 0.0, 0.0, 100.0, 0.0]","[88.0, 0.0, 0.0, 0.0, 0.0, 0.0, 0.0]","[0.0, 100.0, 0.0, 0.0, 0.0, 0.0, 0.0]","[-0.9166, -5.0112, 1.9661, 1.9661, 1.9661, -5.0112, 1.9661]","[-5.0251, -5.0112, -5.0112, -5.0112, -5.0112, 1.9661, -5.0112]","[1.7693, -5.0112, -5.0112, -5.0112, -5.0112, -5.0112, -5.0112]","[-5.0251, 1.9661, -5.0112, -5.0112, -5.0112, -5.0112, -5.0112]",https://jaspar.elixir.no/matrix/MA0297.1/
MA2701.1,FZF1,CORE,C2H2 zinc finger factors,More than 3 adjacent zinc fingers,fungi,Saccharomyces cerevisiae,4932,ChEC-seq,,7,9.9875,CTATCAA,"[2.0, 0.0, 174.0, 3.0, 4.0, 162.0, 96.0]","[178.0, 2.0, 7.0, 1.0, 176.0, 4.0, 28.0]","[2.0, 4.0, 1.0, 1.0, 1.0, 5.0, 16.0]","[0.0, 176.0, 0.0, 177.0, 1.0, 11.0, 42.0]","[-4.0475, -5.8549, 1.9166, -3.6069, -3.2699, 1.814, 1.064]","[1.9493, -4.0475, -2.5695, -4.6849, 1.933, -3.2699, -0.6849]","[-4.0475, -3.2699, -4.6849, -4.6849, -4.6849, -2.9969, -1.4626]","[-5.8549, 1.933, -5.8549, 1.9412, -4.6849, -1.9722, -0.1134]",https://jaspar.elixir.no/matrix/MA2701.1/
MA0299.1,GAL4,CORE,C6 zinc cluster factors,,fungi,Saccharomyces cerevisiae,4932,PBM,,15,11.4719,CGGGGAACAGTACTC,"[0.0, 0.0, 0.0, 778.0, 292.0, 1019.0, 2339.0, 567.0, 1913.0, 659.0, 96.0, 1170.0, 0.0, 235.0, 0.0]","[2779.0, 0.0, 438.0, 655.0, 1137.0, 810.0, 0.0, 1296.0, 335.0, 592.0, 767.0, 517.0, 1437.0, 392.0, 2779.0]","[0.0, 2779.0, 2273.0, 927.0, 1151.0, 1002.0, 538.0, 810.0, 0.0, 1744.0, 494.0, 1105.0, 729.0, 419.0, 0.0]","[0.0, 0.0, 97.0, 717.0, 498.0, 390.0, 98.0, 194.0, 737.0, 204.0, 1786.0, 404.0, 824.0, 2001.0, 0.0]","[-9.7639, -9.7639, -9.7789, 0.0163, -1.3955, 0.3393, 1.6519, -0.3377, 1.3572, -0.279, -3.0225, 0.5498, -9.8694, -1.6933, -9.7639]","[1.9988, -9.7639, -0.6796, -0.2317, 0.5628, 0.0085, -9.8622, 0.8538, -1.1536, -0.4334, -0.0348, -0.6272, 0.9422, -0.957, 1.9988]","[-9.7639, 1.9988, 1.6939, 0.2689, 0.5804, 0.3151, -0.4666, 0.1763, -9.867, 1.124, -0.6687, 0.4674, -0.0361, -0.8611, -9.7639]","[-9.7639, -9.7639, -2.8452, -0.1014, -0.627, -1.0444, -2.9138, -1.8811, -0.018, -1.9668, 1.1838, -0.9824, 0.1404, 1.3924, -9.7639]",https://jaspar.elixir.no/matrix/MA0299.1/
MA0300.2,GAT1,CORE,Other C4 zinc finger-type factors,C4-GATA-related,fungi,Saccharomyces cerevisiae,4932,"PBM, CSA and/or DIP-chip",,6,10.118,GATAAG,"[0.0, 100.0, 0.0, 100.0, 100.0, 3.0]","[0.0, 0.0, 0.0, 0.0, 0.0, 9.0]","[100.0, 0.0, 0.0, 0.0, 0.0, 84.0]","[0.0, 0.0, 100.0, 0.0, 0.0, 3.0]","[-5.0112, 1.9661, -5.0112, 1.9661, 1.9661, -2.7493]","[-5.0112, -5.0112, -5.0112, -5.0112, -5.0112, -1.3825]","[1.9661, -5.0112, -5.0112, -5.0112, -5.0112, 1.7307]","[-5.0112, -5.0112, 1.9661, -5.0112, -5.0112, -2.7493]",https://jaspar.elixir.no/matrix/MA0300.2/
MA0301.2,GAT3,CORE,Other C4 zinc finger-type factors,C4-GATA-related,fungi,Saccharomyces cerevisiae,4932,"PBM, CSA and/or DIP-chip",,6,6.6021,AGATCT,"[65.0, 8.0, 92.0, 12.0, 3.0, 6.0]","[9.0, 2.0, 0.0, 0.0, 94.0, 27.0]","[20.0, 88.0, 0.0, 1.0, 1.0, 4.0]","[6.0, 1.0, 8.0, 87.0, 2.0, 63.0]","[1.3507, -1.5377, 1.8468, -1.0112, -2.7633, -1.9238]","[-1.3965, -3.1898, -5.0112, -5.0112, 1.8775, 0.1077]","[-0.3108, 1.7972, -5.0112, -3.8413, -3.8413, -2.4263]","[-1.9238, -3.8273, -1.5518, 1.7668, -3.2039, 1.3062]",https://jaspar.elixir.no/matrix/MA0301.2/
MA0302.2,GAT4,CORE,Other C4 zinc finger-type factors,C4-GATA-related,fungi,Saccharomyces cerevisiae,4932,"PBM, CSA and/or DIP-chip",,6,8.5282,AGATCT,"[80.0, 3.0, 98.0, 0.0, 0.0, 5.0]","[4.0, 0.0, 0.0, 0.0, 99.0, 28.0]","[12.0, 96.0, 0.0, 0.0, 0.0, 3.0]","[4.0, 0.0, 2.0, 99.0, 0.0, 64.0]","[1.647, -2.7493, 1.9371, -4.9972, -4.9972, -2.1532]","[-2.4263, -4.9972, -5.0112, -4.9972, 1.9657, 0.1587]","[-1.0112, 1.9217, -5.0112, -4.9972, -4.9972, -2.7633]","[-2.4263, -4.9972, -3.2039, 1.9657, -4.9972, 1.3286]",https://jaspar.elixir.no/matrix/MA0302.2/
MA0303.3,GCN4,CORE,Basic leucine zipper factors (bZIP),,fungi,Saccharomyces cerevisiae,4932,ChIP-exo,,8,10.2854,TGACTCAT,"[0.0, 1.0, 87.0, 0.0, 1.0, 7.0, 82.0, 6.0]","[0.0, 0.0, 0.0, 62.0, 0.0, 78.0, 3.0, 20.0]","[0.0, 84.0, 2.0, 28.0, 2.0, 5.0, 2.0, 13.0]","[90.0, 5.0, 1.0, 0.0, 87.0, 0.0, 3.0, 51.0]","[-4.8642, -3.6943, 1.9139, -4.8642, -3.6943, -1.5788, 1.8293, -1.7767]","[-4.8642, -4.8642, -4.8642, 1.4304, -4.8642, 1.7579, -2.6163, -0.1637]","[-4.8642, 1.8637, -3.0568, 0.3057, -3.0568, -2.0062, -3.0568, -0.7557]","[1.9624, -2.0062, -3.6943, -4.8642, 1.9139, -4.8642, -2.6163, 1.1526]",https://jaspar.elixir.no/matrix/MA0303.3/
MA0304.1,GCR1,CORE,,,fungi,Saccharomyces cerevisiae,4932,COMPILED,,8,11.4704,TGGAAGCC,"[719.0, 0.0, 0.0, 2460.0, 2157.0, 9.0, 553.0, 0.0]","[31.0, 142.0, 22.0, 0.0, 10.0, 13.0, 1703.0, 1932.0]","[77.0, 2318.0, 2438.0, 0.0, 0.0, 2326.0, 0.0, 15.0]","[1822.0, 0.0, 0.0, 0.0, 294.0, 121.0, 240.0, 651.0]","[0.1185, -9.5882, -9.5882, 1.9986, 1.8084, -5.9788, -0.174, -9.6669]","[-4.382, -2.1085, -4.7554, -9.5882, -5.8339, -5.485, 1.4473, 1.5715]","[-3.0913, 1.9128, 1.9856, -9.5882, -9.5888, 1.9126, -9.6092, -5.3631]","[1.459, -9.5882, -9.5882, -9.5882, -1.0633, -2.3432, -1.3756, 0.0033]",https://jaspar.elixir.no/matrix/MA0304.1/
MA0305.2,GCR2,CORE,,,fungi,Saccharomyces cerevisiae,4932,ChIP-chip,,6,9.4216,GCTTCC,"[33.0, 0.0, 11.0, 0.0, 0.0, 0.0]","[33.0, 279.0, 0.0, 0.0, 260.0, 269.0]","[149.0, 0.0, 1.0, 0.0, 0.0, 1.0]","[16.0, 0.0, 152.0, 169.0, 8.0, 0.0]","[-0.7926, -6.4625, -1.8247, -5.7499, -6.4051, -6.4157]","[-0.7926, 1.9877, -5.7074, -5.7499, 1.9436, 1.9819]","[1.3553, -6.4625, -4.5374, -5.7499, -6.4051, -5.2458]","[-1.8012, -6.4625, 1.8701, 1.9798, -2.9457, -6.4157]",https://jaspar.elixir.no/matrix/MA0305.2/
MA0306.2,GIS1,CORE,C2H2 zinc finger factors,Other factors with up to three adjacent zinc fingers,fungi,Saccharomyces cerevisiae,4932,"PBM, CSA and/or DIP-chip",,6,8.7053,CCCCTA,"[0.0, 0.0, 0.0, 0.0, 0.0, 49.0]","[97.0, 100.0, 100.0, 87.0, 0.0, 4.0]","[0.0, 0.0, 0.0, 0.0, 0.0, 15.0]","[3.0, 0.0, 0.0, 13.0, 100.0, 32.0]","[-5.0112, -5.0112, -5.0112, -5.0112, -5.0112, 0.9488]","[1.9225, 1.9661, 1.9661, 1.7668, -5.0112, -2.4263]","[-5.0112, -5.0112, -5.0112, -5.0112, -5.0112, -0.7074]","[-2.7633, -5.0112, -5.0112, -0.9027, 1.9661, 0.3463]",https://jaspar.elixir.no/matrix/MA0306.2/
MA0307.1,GLN3,CORE,Other C4 zinc finger-type factors,C4-GATA-related,fungi,Saccharomyces cerevisiae,4932,"PBM, CSA and/or DIP-chip",,5,7.0804,GATAA,"[0.0, 100.0, 0.0, 74.0, 61.0]","[0.0, 0.0, 0.0, 0.0, 0.0]","[100.0, 0.0, 0.0, 0.0, 27.0]","[0.0, 0.0, 100.0, 26.0, 12.0]","[-5.0112, 1.9661, -5.0112, 1.5357, 1.2602]","[-5.0112, -5.0112, -5.0112, -5.0112, -5.0112]","[1.9661, -5.0112, -5.0112, -5.0112, 0.1077]","[-5.0112, -5.0112, 1.9661, 0.0549, -1.0112]",https://jaspar.elixir.no/matrix/MA0307.1/
MA0308.2,GSM1,CORE,C6 zinc cluster factors,,fungi,Saccharomyces cerevisiae,4932,PBM,,10,12.2238,AAACTCCGGA,"[566.0, 849.0, 400.0, 3.0, 4.0, 3.0, 0.0, 0.0, 136.0, 708.0]","[22.0, 9.0, 164.0, 916.0, 177.0, 985.0, 972.0, 30.0, 4.0, 60.0]","[17.0, 20.0, 182.0, 10.0, 38.0, 1.0, 25.0, 967.0, 849.0, 197.0]","[393.0, 120.0, 252.0, 69.0, 778.0, 9.0, 0.0, 1.0, 9.0, 32.0]","[1.1792, 1.7635, 0.6792, -6.0415, -5.703, -6.0415, -8.288, -8.2894, -0.8716, 1.5032]","[-3.4566, -4.6747, -0.6029, 1.8729, -0.492, 1.9776, 1.9599, -3.0227, -5.7045, -2.0401]","[-3.8137, -3.589, -0.4534, -4.5346, -2.6881, -7.1195, -3.2768, 1.9511, 1.7635, -0.3382]","[0.6538, -1.051, 0.0143, -1.8424, 1.639, -4.6747, -8.288, -7.1195, -4.6747, -2.9304]",https://jaspar.elixir.no/matrix/MA0308.2/
MA0309.2,GZF3,CORE,Other C4 zinc finger-type factors,C4-GATA-related,fungi,Saccharomyces cerevisiae,4932,"PBM, CSA and/or DIP-chip",,7,9.1489,TGATAAG,"[18.0, 0.0, 100.0, 0.0, 100.0, 73.0, 4.0]","[39.0, 0.0, 0.0, 0.0, 0.0, 9.0, 38.0]","[2.0, 100.0, 0.0, 0.0, 0.0, 0.0, 59.0]","[41.0, 0.0, 0.0, 100.0, 0.0, 18.0, 0.0]","[-0.4566, -5.0112, 1.9661, -5.0112, 1.9661, 1.5162, -2.4402]","[0.6254, -5.0112, -5.0112, -5.0112, -5.0112, -1.3965, 0.5748]","[-3.2039, 1.9661, -5.0112, -5.0112, -5.0112, -5.0112, 1.1989]","[0.6961, -5.0112, -5.0112, 1.9661, -5.0112, -0.4566, -5.0251]",https://jaspar.elixir.no/matrix/MA0309.2/
MA0310.2,HAC1,CORE,Basic leucine zipper factors (bZIP),,fungi,Saccharomyces cerevisiae,4932,"PBM, CSA and/or DIP-chip",,7,10.355,GACACGT,"[24.0, 68.0, 0.0, 100.0, 0.0, 0.0, 0.0]","[6.0, 32.0, 100.0, 0.0, 100.0, 0.0, 0.0]","[56.0, 0.0, 0.0, 0.0, 0.0, 100.0, 0.0]","[15.0, 0.0, 0.0, 0.0, 0.0, 0.0, 100.0]","[-0.0709, 1.415, -5.0112, 1.9661, -5.0112, -5.0112, -5.0112]","[-1.9377, 0.3463, 1.9661, -5.0112, 1.9661, -5.0112, -5.0112]","[1.1246, -5.0112, -5.0112, -5.0112, -5.0112, 1.9661, -5.0112]","[-0.7214, -5.0112, -5.0112, -5.0112, -5.0112, -5.0112, 1.9661]",https://jaspar.elixir.no/matrix/MA0310.2/
MA0311.1,HAL9,CORE,C6 zinc cluster factors,,fungi,Saccharomyces cerevisiae,4932,"PBM, CSA and/or DIP-chip",,5,8.1368,CGGAA,"[0.0, 0.0, 0.0, 99.0, 62.0]","[99.0, 0.0, 0.0, 0.0, 0.0]","[0.0, 99.0, 99.0, 0.0, 37.0]","[0.0, 0.0, 0.0, 0.0, 0.0]","[-4.9972, -4.9972, -4.9972, 1.9657, 1.2974]","[1.9657, -4.9972, -4.9972, -4.9972, -4.9972]","[-4.9972, 1.9657, 1.9657, -4.9972, 0.5651]","[-4.9972, -4.9972, -4.9972, -4.9972, -4.9972]",https://jaspar.elixir.no/matrix/MA0311.1/
MA0312.3,HAP1,CORE,C6 zinc cluster factors,,fungi,Saccharomyces cerevisiae,4932,ChIP-exo,,8,10.6191,CCGATAAA,"[1.0, 0.0, 0.0, 56.0, 0.0, 56.0, 27.0, 31.0]","[55.0, 56.0, 0.0, 0.0, 0.0, 0.0, 7.0, 9.0]","[0.0, 0.0, 56.0, 0.0, 0.0, 0.0, 4.0, 6.0]","[0.0, 0.0, 0.0, 0.0, 56.0, 0.0, 18.0, 10.0]","[-3.0395, -4.2095, -4.2095, 1.9403, -4.2095, 1.9403, 0.9095, 1.1034]","[1.9147, 1.9403, -4.2095, -4.2095, -4.2095, -4.2095, -0.9241, -0.5947]","[-4.2095, -4.2095, 1.9403, -4.2095, -4.2095, -4.2095, -1.6245, -1.122]","[-4.2095, -4.2095, -4.2095, -4.2095, 1.9403, -4.2095, 0.3451, -0.4546]",https://jaspar.elixir.no/matrix/MA0312.3/
MA0313.1,HAP2,CORE,Heteromeric CCAAT-binding factors,Heteromeric CCAAT-binding,fungi,Saccharomyces cerevisiae,4932,COMPILED,,5,8.191,TTGGT,"[0.0, 0.0, 22.0, 0.0, 675.0]","[0.0, 0.0, 0.0, 0.0, 1619.0]","[0.0, 40.0, 3922.0, 3932.0, 131.0]","[3939.0, 3897.0, 0.0, 7.0, 1847.0]","[-10.2667, -10.266, -5.4357, -10.2667, -0.6613]","[-10.2667, -10.266, -10.2685, -10.2667, 0.5998]","[-10.2667, -4.5936, 1.9911, 1.9966, -3.0196]","[1.9991, 1.9844, -10.2685, -6.9813, 0.7898]",https://jaspar.elixir.no/matrix/MA0313.1/
MA0314.3,HAP3,CORE,Heteromeric CCAAT-binding factors,Heteromeric CCAAT-binding,fungi,Saccharomyces cerevisiae,4932,ChIP-exo,,9,11.5493,TGATTGGCT,"[4.0, 2.0, 111.0, 0.0, 0.0, 0.0, 0.0, 6.0, 5.0]","[17.0, 20.0, 1.0, 0.0, 2.0, 1.0, 0.0, 67.0, 42.0]","[0.0, 84.0, 0.0, 0.0, 0.0, 114.0, 115.0, 4.0, 18.0]","[94.0, 9.0, 3.0, 115.0, 113.0, 0.0, 0.0, 38.0, 50.0]","[-2.6221, -3.3997, 1.9197, -5.207, -5.207, -5.207, -5.207, -2.1196, -2.349]","[-0.7313, -0.5066, -4.0371, -5.207, -3.3997, -4.0371, -5.207, 1.1981, 0.5345]","[-5.207, 1.5209, -5.207, -5.207, -5.207, 1.9579, 1.9704, -2.6221, -0.6524]","[1.6817, -1.5923, -2.9591, 1.9704, 1.9453, -5.207, -5.207, 0.3929, 0.7817]",https://jaspar.elixir.no/matrix/MA0314.3/
MA0316.2,HAP5,CORE,Heteromeric CCAAT-binding factors,Heteromeric CCAAT-binding,fungi,Saccharomyces cerevisiae,4932,COMPILED,,14,13.2476,GGGATCTGATTGGT,"[200.0, 113.0, 826.0, 1817.0, 127.0, 98.0, 0.0, 537.0, 4156.0, 0.0, 0.0, 387.0, 361.0, 0.0]","[1914.0, 1513.0, 1137.0, 1451.0, 637.0, 3199.0, 700.0, 1308.0, 0.0, 0.0, 0.0, 0.0, 497.0, 1730.0]","[2108.0, 2485.0, 2155.0, 440.0, 1273.0, 677.0, 0.0, 1904.0, 0.0, 0.0, 234.0, 3788.0, 3123.0, 0.0]","[97.0, 433.0, 453.0, 1002.0, 2389.0, 624.0, 3713.0, 793.0, 0.0, 4156.0, 3922.0, 0.0, 262.0, 2808.0]","[-2.4279, -3.3204, -0.4679, 0.6255, -3.1151, -3.5414, -10.4305, -1.0792, 1.9992, -10.344, -10.344, -1.4295, -1.5529, -10.4708]","[0.8254, 0.4132, -0.0073, 0.3011, -0.7959, 1.476, -0.6557, 0.2039, -10.344, -10.344, -10.344, -10.3506, -1.0925, 0.6084]","[0.9647, 1.1287, 0.9147, -1.4185, 0.2021, -0.7631, -10.4305, 0.7453, -10.344, -10.344, -2.1468, 1.8589, 1.5571, -10.4708]","[-3.4658, -1.3899, -1.3334, -0.2327, 1.1098, -0.8805, 1.7501, -0.5175, -10.344, 1.9992, 1.9156, -10.3506, -2.0141, 1.3069]",https://jaspar.elixir.no/matrix/MA0316.2/
MA0317.2,HCM1,CORE,Fork head/winged helix factors,FOX,fungi,Saccharomyces cerevisiae,4932,"PBM, CSA and/or DIP-chip",,7,7.8159,TAAACAA,"[27.0, 67.0, 95.0, 100.0, 1.0, 95.0, 57.0]","[8.0, 32.0, 5.0, 0.0, 86.0, 2.0, 17.0]","[4.0, 1.0, 0.0, 0.0, 0.0, 2.0, 11.0]","[61.0, 1.0, 0.0, 0.0, 13.0, 2.0, 14.0]","[0.1077, 1.38, 1.8927, 1.9661, -3.8413, 1.8787, 1.1777]","[-1.5518, 0.3324, -2.1532, -5.0112, 1.7503, -3.2178, -0.5214]","[-2.4263, -3.8552, -5.0112, -5.0112, -5.0112, -3.2178, -1.1145]","[1.2602, -3.8552, -5.0112, -5.0112, -0.9027, -3.2178, -0.7877]",https://jaspar.elixir.no/matrix/MA0317.2/
MA0327.1,HMRA1,CORE,Homeo domain factors,,fungi,Saccharomyces cerevisiae,4932,ChIP-chip,,7,12.2747,ACACAAT,"[101.0, 0.0, 203.0, 0.0, 203.0, 203.0, 0.0]","[0.0, 203.0, 0.0, 203.0, 0.0, 0.0, 0.0]","[101.0, 0.0, 0.0, 0.0, 0.0, 0.0, 0.0]","[0.0, 0.0, 0.0, 0.0, 0.0, 0.0, 203.0]","[0.9887, -6.0098, 1.9831, -6.0098, 1.9831, 1.9831, -6.0098]","[-6.0028, 1.9831, -6.0098, 1.9831, -6.0098, -6.0098, -6.0098]","[0.9887, -6.0098, -6.0098, -6.0098, -6.0098, -6.0098, -6.0098]","[-6.0028, -6.0098, -6.0098, -6.0098, -6.0098, -6.0098, 1.9831]",https://jaspar.elixir.no/matrix/MA0327.1/
MA0318.1,HMRA2,CORE,Homeo domain factors,TALE-type homeo domain factors,fungi,Saccharomyces cerevisiae,4932,"PBM, CSA and/or DIP-chip",,8,9.7353,CATGTAAT,"[6.0, 54.0, 4.0, 0.0, 0.0, 93.0, 88.0, 40.0]","[67.0, 0.0, 0.0, 0.0, 0.0, 0.0, 2.0, 8.0]","[6.0, 46.0, 0.0, 100.0, 0.0, 0.0, 2.0, 8.0]","[21.0, 0.0, 96.0, 0.0, 100.0, 7.0, 9.0, 44.0]","[-1.9238, 1.0868, -2.4263, -5.0112, -5.0112, 1.8622, 1.7693, 0.6612]","[1.3939, -5.0112, -5.0112, -5.0112, -5.0112, -5.0112, -3.2178, -1.5518]","[-1.9238, 0.8591, -5.0112, 1.9661, -5.0112, -5.0112, -3.2178, -1.5518]","[-0.243, -5.0112, 1.9076, -5.0112, 1.9661, -1.7258, -1.4104, 0.7961]",https://jaspar.elixir.no/matrix/MA0318.1/
MA0319.2,HSF1,CORE,Heat shock factors,HSF factors,fungi,Saccharomyces cerevisiae,4932,"PBM, CSA and/or DIP-chip",,7,8.9844,ATGGAAC,"[69.0, 2.0, 19.0, 0.0, 100.0, 100.0, 6.0]","[13.0, 2.0, 0.0, 0.0, 0.0, 0.0, 56.0]","[13.0, 2.0, 81.0, 100.0, 0.0, 0.0, 19.0]","[6.0, 95.0, 0.0, 0.0, 0.0, 0.0, 19.0]","[1.4219, -3.2178, -0.3819, -5.0112, 1.9661, 1.9661, -1.9238]","[-0.9166, -3.2178, -5.0112, -5.0112, -5.0112, -5.0112, 1.1385]","[-0.9166, -3.2178, 1.6647, 1.9661, -5.0112, -5.0112, -0.3819]","[-1.9377, 1.8787, -5.0112, -5.0112, -5.0112, -5.0112, -0.3819]",https://jaspar.elixir.no/matrix/MA0319.2/
MA0320.1,IME1,CORE,,,fungi,Saccharomyces cerevisiae,4932,ChIP-chip,,8,13.2307,CCGCCGAG,"[0.0, 0.0, 0.0, 0.0, 0.0, 0.0, 161.0, 16.0]","[301.0, 232.0, 0.0, 301.0, 189.0, 0.0, 0.0, 0.0]","[0.0, 61.0, 301.0, 0.0, 75.0, 301.0, 0.0, 266.0]","[0.0, 0.0, 0.0, 0.0, 15.0, 0.0, 0.0, 0.0]","[-6.5708, -6.5324, -6.5708, -6.5708, -6.4625, -6.5708, 1.9788, -2.0854]","[1.9886, 1.6525, -6.5708, 1.9886, 1.4278, -6.5708, -5.6812, -6.4778]","[-6.5708, -0.2609, 1.9886, -6.5708, 0.1036, 1.9886, -5.6812, 1.9038]","[-6.5708, -6.5324, -6.5708, -6.5708, -2.1587, -6.5708, -5.6812, -6.4778]",https://jaspar.elixir.no/matrix/MA0320.1/
MA0321.1,INO2,CORE,Basic helix-loop-helix factors (bHLH),,fungi,Saccharomyces cerevisiae,4932,ChIP-chip,,9,12.2258,GCATGTGAA,"[18.0, 0.0, 155.0, 0.0, 7.0, 8.0, 0.0, 141.0, 134.0]","[29.0, 275.0, 7.0, 25.0, 0.0, 0.0, 34.0, 16.0, 2.0]","[198.0, 0.0, 0.0, 0.0, 258.0, 11.0, 241.0, 23.0, 5.0]","[4.0, 0.0, 4.0, 150.0, 0.0, 147.0, 0.0, 0.0, 24.0]","[-1.7458, -6.4419, 1.881, -5.7993, -3.1037, -2.2651, -6.4419, 1.6304, 1.6806]","[-1.0812, 1.9875, -2.4391, -0.7881, -6.3891, -5.7245, -0.999, -1.4469, -3.9086]","[1.6567, -6.4419, -5.7245, -5.7993, 1.9485, -1.8419, 1.7977, -0.9444, -2.858]","[-3.7154, -6.4419, -3.1396, 1.7591, -6.3891, 1.8049, -6.4419, -5.8392, -0.7618]",https://jaspar.elixir.no/matrix/MA0321.1/
MA0322.1,INO4,CORE,Basic helix-loop-helix factors (bHLH),,fungi,Saccharomyces cerevisiae,4932,ChIP-chip,,9,12.5437,GCATGTGAA,"[29.0, 0.0, 138.0, 0.0, 10.0, 0.0, 17.0, 146.0, 142.0]","[46.0, 236.0, 14.0, 0.0, 0.0, 0.0, 0.0, 7.0, 7.0]","[162.0, 0.0, 0.0, 0.0, 256.0, 0.0, 241.0, 23.0, 26.0]","[5.0, 19.0, 17.0, 168.0, 0.0, 167.0, 0.0, 0.0, 0.0]","[-1.0406, -6.3343, 1.6889, -5.7415, -2.6396, -5.733, -1.8752, 1.7123, 1.6805]","[-0.3894, 1.8752, -1.5404, -5.7415, -6.3945, -5.733, -6.3509, -2.522, -2.5139]","[1.4091, -6.3343, -5.7499, -5.7415, 1.932, -5.733, 1.8887, -0.9125, -0.7332]","[-3.4018, -1.7049, -1.2741, 1.9796, -6.3945, 1.9795, -6.3509, -5.8074, -5.7993]",https://jaspar.elixir.no/matrix/MA0322.1/
MA0323.1,IXR1,CORE,High-mobility group (HMG) domain factors,,fungi,Saccharomyces cerevisiae,4932,ChIP-chip,,15,19.5915,AAGCCGGAAGCGGGG,"[161.0, 121.0, 68.0, 28.0, 59.0, 59.0, 28.0, 121.0, 121.0, 0.0, 0.0, 28.0, 6.0, 0.0, 0.0]","[0.0, 0.0, 0.0, 228.0, 187.0, 0.0, 0.0, 0.0, 0.0, 0.0, 301.0, 0.0, 0.0, 0.0, 0.0]","[0.0, 0.0, 112.0, 0.0, 0.0, 187.0, 169.0, 71.0, 0.0, 301.0, 0.0, 244.0, 285.0, 112.0, 244.0]","[0.0, 37.0, 28.0, 6.0, 0.0, 0.0, 37.0, 0.0, 37.0, 0.0, 0.0, 0.0, 0.0, 99.0, 28.0]","[1.9788, 1.5957, 0.3819, -1.2029, -0.0591, -0.0591, -1.042, 1.3196, 1.5957, -6.5708, -6.5708, -1.2563, -3.4351, -6.0647, -6.4263]","[-5.6812, -5.6546, -6.0444, 1.787, 1.5919, -6.2831, -6.2119, -5.9307, -5.6546, -6.5708, 1.9886, -6.4263, -6.5226, -6.0647, -6.4263]","[-5.6812, -5.6546, 1.0952, -6.3729, -6.2831, 1.5919, 1.5177, 0.5571, -5.6546, 1.9886, -6.5708, 1.8311, 1.9582, 1.0748, 1.8311]","[-5.6812, -0.0924, -0.8745, -3.2854, -6.2831, -6.2831, -0.6496, -5.9307, -0.0924, -6.5708, -6.5708, -6.4263, -6.5226, 0.8982, -1.2563]",https://jaspar.elixir.no/matrix/MA0323.1/
MA0324.1,LEU3,CORE,C6 zinc cluster factors,,fungi,Saccharomyces cerevisiae,4932,"PBM, CSA and/or DIP-chip",,10,11.0056,CCGTTACCGG,"[0.0, 0.0, 0.0, 20.0, 26.0, 47.0, 0.0, 0.0, 0.0, 0.0]","[100.0, 100.0, 0.0, 0.0, 34.0, 12.0, 61.0, 100.0, 0.0, 32.0]","[0.0, 0.0, 56.0, 35.0, 0.0, 16.0, 39.0, 0.0, 100.0, 68.0]","[0.0, 0.0, 43.0, 45.0, 41.0, 25.0, 0.0, 0.0, 0.0, 0.0]","[-5.0112, -5.0112, -4.9972, -0.3108, 0.0409, 0.8896, -5.0112, -5.0112, -5.0112, -5.0112]","[1.9661, 1.9661, -4.9972, -5.0112, 0.4178, -1.0112, 1.2602, 1.9661, -5.0112, 0.3463]","[-5.0112, -5.0112, 1.1526, 0.4726, -5.0251, -0.6189, 0.6254, -5.0112, 1.9661, 1.415]","[-5.0112, -5.0112, 0.7776, 0.828, 0.6822, 0.0, -5.0112, -5.0112, -5.0112, -5.0112]",https://jaspar.elixir.no/matrix/MA0324.1/
MA0325.2,LYS14,CORE,C6 zinc cluster factors,,fungi,Saccharomyces cerevisiae,4932,"PBM, CSA and/or DIP-chip",,7,10.28,CGGAATT,"[4.0, 0.0, 0.0, 100.0, 100.0, 6.0, 13.0]","[82.0, 0.0, 0.0, 0.0, 0.0, 0.0, 13.0]","[10.0, 100.0, 100.0, 0.0, 0.0, 0.0, 7.0]","[4.0, 0.0, 0.0, 0.0, 0.0, 94.0, 68.0]","[-2.4263, -5.0112, -5.0112, 1.9661, 1.9661, -1.9238, -0.9166]","[1.6823, -5.0112, -5.0112, -5.0112, -5.0112, -5.0112, -0.9166]","[-1.2563, 1.9661, 1.9661, -5.0112, -5.0112, -5.0112, -1.7397]","[-2.4263, -5.0112, -5.0112, -5.0112, -5.0112, 1.8775, 1.4011]",https://jaspar.elixir.no/matrix/MA0325.2/
MA0326.1,MAC1,CORE,Copper-fist DNA-binding domain,,fungi,Saccharomyces cerevisiae,4932,COMPILED,,8,13.1194,TTTGCTCA,"[108.0, 89.0, 0.0, 115.0, 0.0, 0.0, 0.0, 958.0]","[0.0, 0.0, 0.0, 0.0, 1714.0, 0.0, 1714.0, 0.0]","[0.0, 219.0, 0.0, 1599.0, 0.0, 0.0, 0.0, 655.0]","[1632.0, 1451.0, 1714.0, 0.0, 0.0, 1714.0, 0.0, 113.0]","[-2.002, -2.2945, -9.0678, -1.8904, -9.0678, -9.0678, -9.0678, 1.1492]","[-9.0895, -9.1051, -9.0678, -9.0678, 1.998, -9.0678, 1.998, -9.0778]","[-9.0895, -1.0031, -9.0678, 1.8978, -9.0678, -9.0678, -9.0678, 0.6012]","[1.9056, 1.7205, 1.998, -9.0678, -9.0678, 1.998, -9.0678, -1.9255]",https://jaspar.elixir.no/matrix/MA0326.1/
MA0328.1,MATALPHA2,CORE,Homeo domain factors,TALE-type homeo domain factors,fungi,Saccharomyces cerevisiae,4932,COMPILED,,9,7.887,CATGTAATT,"[0.0, 9.0, 0.0, 0.0, 0.0, 10.0, 9.0, 4.0, 0.0]","[10.0, 0.0, 0.0, 0.0, 0.0, 0.0, 1.0, 0.0, 0.0]","[0.0, 2.0, 0.0, 11.0, 0.0, 0.0, 0.0, 0.0, 0.0]","[1.0, 0.0, 11.0, 0.0, 11.0, 1.0, 1.0, 7.0, 11.0]","[-2.1497, 1.465, -2.1497, -2.1497, -2.1497, 1.6051, 1.465, 0.4352, -2.1497]","[1.6051, -2.1497, -2.1497, -2.1497, -2.1497, -2.1497, -0.9798, -2.1497, -2.1497]","[-2.1497, -0.3424, -2.1497, 1.7329, -2.1497, -2.1497, -2.1497, -2.1497, -2.1497]","[-0.9798, -2.1497, 1.7329, -2.1497, 1.7329, -0.9798, -0.9798, 1.1357, 1.7329]",https://jaspar.elixir.no/matrix/MA0328.1/
MA0329.2,MBP1,CORE,APSES-type DNA-binding domain,,fungi,Saccharomyces cerevisiae,4932,"PBM, CSA and/or DIP-chip",,5,6.375,ACGCG,"[55.0, 0.0, 15.0, 0.0, 0.0]","[10.0, 100.0, 0.0, 88.0, 2.0]","[18.0, 0.0, 85.0, 0.0, 98.0]","[17.0, 0.0, 0.0, 12.0, 0.0]","[1.1129, -5.0112, -0.7074, -5.0112, -5.0112]","[-1.2563, 1.9661, -5.0112, 1.7832, -3.2039]","[-0.4566, -5.0112, 1.7336, -5.0112, 1.9371]","[-0.5355, -5.0112, -5.0112, -1.0112, -5.0112]",https://jaspar.elixir.no/matrix/MA0329.2/
MA0330.1,MBP1::SWI6,CORE,APSES-type DNA-binding domain,,fungi,Saccharomyces cerevisiae,4932,COMPILED,,7,9.815,ACGCGTT,"[15153.0, 82.0, 45.0, 31.0, 59.0, 726.0, 365.0]","[0.0, 21942.0, 182.0, 19078.0, 182.0, 1491.0, 9107.0]","[405.0, 101.0, 21983.0, 188.0, 21982.0, 1506.0, 882.0]","[6881.0, 179.0, 23.0, 3065.0, 21.0, 18880.0, 13437.0]","[1.4335, -6.0737, -6.9233, -7.458, -6.5393, -2.959, -4.0234]","[-12.7759, 1.9762, -4.9265, 1.7707, -4.9272, -1.9216, 0.6146]","[-3.7893, -5.7756, 1.9835, -4.8883, 1.9828, -1.9072, -2.7524]","[0.2946, -4.955, -7.8677, -0.8669, -7.9951, 1.7402, 1.1757]",https://jaspar.elixir.no/matrix/MA0330.1/
MA0331.1,MCM1,CORE,MADS box factors,,fungi,Saccharomyces cerevisiae,4932,COMPILED,,12,11.7965,CCCAATTAGGAA,"[1692.0, 97.0, 3002.0, 6037.0, 7789.0, 936.0, 1175.0, 6619.0, 612.0, 117.0, 10592.0, 12477.0]","[11356.0, 12733.0, 5897.0, 2220.0, 195.0, 237.0, 3860.0, 1176.0, 32.0, 134.0, 966.0, 399.0]","[405.0, 0.0, 3023.0, 3432.0, 642.0, 0.0, 542.0, 5947.0, 13102.0, 13351.0, 319.0, 350.0]","[368.0, 971.0, 4309.0, 3681.0, 5363.0, 12586.0, 9116.0, 1957.0, 0.0, 16.0, 2201.0, 475.0]","[-1.0297, -5.1411, -0.4347, 0.6517, 1.155, -1.8768, -1.6437, 0.7539, -2.4878, -4.8534, 1.5893, 1.8647]","[1.7164, 1.8836, 0.5392, -0.7913, -4.1591, -3.8548, 0.0715, -1.738, -6.7114, -4.6589, -1.8644, -3.0992]","[-3.0903, -12.0747, -0.4246, -0.163, -2.4441, -12.0704, -2.7589, 0.5995, 1.9305, 1.9712, -3.4605, -3.2878]","[-3.2282, -1.8283, 0.0867, -0.0619, 0.6167, 1.8712, 1.3112, -1.0037, -12.069, -7.6632, -0.677, -2.8481]",https://jaspar.elixir.no/matrix/MA0331.1/
MA0332.1,MET28,CORE,Basic leucine zipper factors (bZIP),,fungi,Saccharomyces cerevisiae,4932,ChIP-chip,,6,11.3405,CTGTGG,"[0.0, 0.0, 0.0, 0.0, 0.0, 0.0]","[203.0, 0.0, 0.0, 0.0, 0.0, 0.0]","[0.0, 0.0, 203.0, 0.0, 203.0, 203.0]","[0.0, 203.0, 0.0, 203.0, 0.0, 0.0]","[-6.0098, -6.0098, -6.0098, -6.0098, -6.0098, -6.0098]","[1.9831, -6.0098, -6.0098, -6.0098, -6.0098, -6.0098]","[-6.0098, -6.0098, 1.9831, -6.0098, 1.9831, 1.9831]","[-6.0098, 1.9831, -6.0098, 1.9831, -6.0098, -6.0098]",https://jaspar.elixir.no/matrix/MA0332.1/
MA0333.2,MET31,CORE,C2H2 zinc finger factors,,fungi,Saccharomyces cerevisiae,4932,"PBM, CSA and/or DIP-chip",,6,9.7784,GTGGCG,"[0.0, 0.0, 0.0, 0.0, 0.0, 10.0]","[0.0, 0.0, 0.0, 0.0, 100.0, 0.0]","[100.0, 0.0, 100.0, 100.0, 0.0, 69.0]","[0.0, 100.0, 0.0, 0.0, 0.0, 20.0]","[-5.0112, -5.0112, -5.0112, -5.0112, -5.0112, -1.2423]","[-5.0112, -5.0112, -5.0112, -5.0112, 1.9661, -4.9972]","[1.9661, -5.0112, 1.9661, 1.9661, -5.0112, 1.4499]","[-5.0112, 1.9661, -5.0112, -5.0112, -5.0112, -0.2967]",https://jaspar.elixir.no/matrix/MA0333.2/
MA0334.2,MET32,CORE,C2H2 zinc finger factors,Other factors with up to three adjacent zinc fingers,fungi,Saccharomyces cerevisiae,4932,"PBM, CSA and/or DIP-chip",,6,8.115,GCCACA,"[11.0, 0.0, 0.0, 93.0, 0.0, 64.0]","[5.0, 99.0, 100.0, 3.0, 99.0, 15.0]","[77.0, 0.0, 0.0, 0.0, 0.0, 12.0]","[7.0, 0.0, 0.0, 3.0, 1.0, 9.0]","[-1.1286, -4.9972, -5.0112, 1.8763, -5.0112, 1.3286]","[-2.1532, 1.9657, 1.9661, -2.7493, 1.9517, -0.7074]","[1.5924, -4.9972, -5.0112, -4.9972, -5.0112, -1.0112]","[-1.7258, -4.9972, -5.0112, -2.7493, -3.8413, -1.3965]",https://jaspar.elixir.no/matrix/MA0334.2/
MA0336.2,MGA1,CORE,Heat shock factors,HSF factors,fungi,Saccharomyces cerevisiae,4932,PBM,,9,10.7053,ATAGAACAC,"[787.0, 192.0, 701.0, 5.0, 990.0, 990.0, 12.0, 844.0, 68.0]","[3.0, 110.0, 197.0, 2.0, 2.0, 2.0, 815.0, 39.0, 505.0]","[198.0, 166.0, 98.0, 989.0, 3.0, 2.0, 15.0, 82.0, 70.0]","[11.0, 531.0, 2.0, 2.0, 2.0, 5.0, 156.0, 32.0, 355.0]","[1.6527, -0.378, 1.4874, -5.4315, 1.9864, 1.9835, -4.2894, 1.7564, -1.8632]","[-6.043, -1.1771, -0.3396, -6.4821, -6.4806, -6.4835, 1.7046, -2.6514, 1.0149]","[-0.3338, -0.587, -1.3411, 1.9835, -6.0401, -6.4835, -3.9857, -1.5945, -1.8218]","[-4.4082, 1.0858, -6.4821, -6.4821, -6.4806, -5.4329, -0.6747, -2.9304, 0.5074]",https://jaspar.elixir.no/matrix/MA0336.2/
MA0337.2,MIG1,CORE,C2H2 zinc finger factors,Other factors with up to three adjacent zinc fingers,fungi,Saccharomyces cerevisiae,4932,"PBM, CSA and/or DIP-chip",,6,8.2295,CCCCGC,"[1.0, 0.0, 0.0, 0.0, 46.0, 5.0]","[97.0, 100.0, 100.0, 100.0, 3.0, 57.0]","[1.0, 0.0, 0.0, 0.0, 50.0, 30.0]","[1.0, 0.0, 0.0, 0.0, 1.0, 7.0]","[-3.8413, -5.0112, -5.0112, -5.0112, 0.8591, -2.1392]","[1.9225, 1.9661, 1.9661, 1.9661, -2.7633, 1.1777]","[-3.8413, -5.0112, -5.0112, -5.0112, 0.9775, 0.2696]","[-3.8413, -5.0112, -5.0112, -5.0112, -3.8413, -1.7118]",https://jaspar.elixir.no/matrix/MA0337.2/
MA0338.2,MIG2,CORE,C2H2 zinc finger factors,Other factors with up to three adjacent zinc fingers,fungi,Saccharomyces cerevisiae,4932,"PBM, CSA and/or DIP-chip",,6,8.3051,CCCCGC,"[1.0, 0.0, 0.0, 0.0, 36.0, 5.0]","[96.0, 100.0, 100.0, 100.0, 11.0, 77.0]","[2.0, 0.0, 0.0, 0.0, 52.0, 13.0]","[1.0, 0.0, 0.0, 0.0, 1.0, 6.0]","[-3.8413, -5.0112, -5.0112, -5.0112, 0.5123, -2.1672]","[1.9076, 1.9661, 1.9661, 1.9661, -1.1286, 1.5785]","[-3.2039, -5.0112, -5.0112, -5.0112, 1.0332, -0.9166]","[-3.8413, -5.0112, -5.0112, -5.0112, -3.8413, -1.9377]",https://jaspar.elixir.no/matrix/MA0338.2/
MA0339.2,MIG3,CORE,C2H2 zinc finger factors,Other factors with up to three adjacent zinc fingers,fungi,Saccharomyces cerevisiae,4932,"PBM, CSA and/or DIP-chip",,6,8.1277,CCCCGC,"[1.0, 0.0, 0.0, 0.0, 41.0, 5.0]","[98.0, 94.0, 100.0, 100.0, 2.0, 69.0]","[1.0, 0.0, 0.0, 0.0, 55.0, 17.0]","[1.0, 6.0, 0.0, 0.0, 1.0, 9.0]","[-3.8552, -5.0112, -5.0112, -5.0112, 0.7102, -2.1532]","[1.9232, 1.8775, 1.9661, 1.9661, -3.1898, 1.4359]","[-3.8552, -5.0112, -5.0112, -5.0112, 1.1269, -0.5355]","[-3.8552, -1.9238, -5.0112, -5.0112, -3.8273, -1.3965]",https://jaspar.elixir.no/matrix/MA0339.2/
MA0379.1,MOT2,CORE,RING-type zinc finger,,fungi,Saccharomyces cerevisiae,4932,"PBM, CSA and/or DIP-chip",,5,8.6546,ATATA,"[93.0, 0.0, 99.0, 0.0, 99.0]","[2.0, 0.0, 0.0, 0.0, 0.0]","[0.0, 0.0, 0.0, 0.0, 0.0]","[5.0, 99.0, 0.0, 99.0, 0.0]","[1.8622, -4.9972, 1.9657, -4.9972, 1.9657]","[-3.2039, -4.9972, -4.9972, -4.9972, -4.9972]","[-5.0112, -4.9972, -4.9972, -4.9972, -4.9972]","[-2.1532, 1.9657, -4.9972, 1.9657, -4.9972]",https://jaspar.elixir.no/matrix/MA0379.1/
MA0340.1,MOT3,CORE,C2H2 zinc finger factors,Other factors with up to three adjacent zinc fingers,fungi,Saccharomyces cerevisiae,4932,ChIP-chip,,6,8.8788,AAGGCA,"[67.0, 203.0, 0.0, 0.0, 0.0, 203.0]","[67.0, 0.0, 0.0, 0.0, 101.0, 0.0]","[0.0, 0.0, 203.0, 203.0, 0.0, 0.0]","[67.0, 0.0, 0.0, 0.0, 101.0, 0.0]","[0.4094, 1.9831, -6.0098, -6.0098, -6.0028, 1.9831]","[0.4094, -6.0098, -6.0098, -6.0098, 0.9887, -6.0098]","[-5.9958, -6.0098, 1.9831, 1.9831, -6.0028, -6.0098]","[0.4094, -6.0098, -6.0098, -6.0098, 0.9887, -6.0098]",https://jaspar.elixir.no/matrix/MA0340.1/
MA0341.1,MSN2,CORE,C2H2 zinc finger factors,Other factors with up to three adjacent zinc fingers,fungi,Saccharomyces cerevisiae,4932,"PBM, CSA and/or DIP-chip",,5,7.9051,AGGGG,"[60.0, 0.0, 0.0, 0.0, 0.0]","[7.0, 0.0, 0.0, 0.0, 0.0]","[32.0, 100.0, 100.0, 100.0, 100.0]","[0.0, 0.0, 0.0, 0.0, 0.0]","[1.2507, -5.0112, -5.0112, -5.0112, -5.0112]","[-1.7118, -5.0112, -5.0112, -5.0112, -5.0112]","[0.3604, 1.9661, 1.9661, 1.9661, 1.9661]","[-4.9972, -5.0112, -5.0112, -5.0112, -5.0112]",https://jaspar.elixir.no/matrix/MA0341.1/
MA0342.1,MSN4,CORE,C2H2 zinc finger factors,Other factors with up to three adjacent zinc fingers,fungi,Saccharomyces cerevisiae,4932,"PBM, CSA and/or DIP-chip",,5,8.3767,AGGGG,"[83.0, 0.0, 0.0, 0.0, 0.0]","[0.0, 0.0, 0.0, 0.0, 0.0]","[16.0, 99.0, 99.0, 99.0, 99.0]","[0.0, 0.0, 0.0, 0.0, 1.0]","[1.7136, -4.9972, -4.9972, -4.9972, -5.0112]","[-4.9972, -4.9972, -4.9972, -4.9972, -5.0112]","[-0.6049, 1.9657, 1.9657, 1.9657, 1.9517]","[-4.9972, -4.9972, -4.9972, -4.9972, -3.8413]",https://jaspar.elixir.no/matrix/MA0342.1/
MA0343.2,NDT80,CORE,NDT80 domain factors,,fungi,Saccharomyces cerevisiae,4932,PBM,,9,12.3197,GCCACAAAA,"[188.0, 444.0, 12.0, 940.0, 18.0, 965.0, 970.0, 945.0, 713.0]","[20.0, 483.0, 948.0, 7.0, 967.0, 4.0, 5.0, 3.0, 24.0]","[675.0, 41.0, 4.0, 45.0, 6.0, 9.0, 15.0, 14.0, 236.0]","[116.0, 30.0, 34.0, 6.0, 6.0, 20.0, 8.0, 37.0, 24.0]","[-0.4082, 0.8295, -4.2894, 1.9102, -3.7334, 1.9481, 1.9555, 1.9164, 1.5133]","[-3.5904, 0.9508, 1.9224, -5.004, 1.9525, -5.7045, -5.4315, -6.043, -3.3338]","[1.4315, -2.5821, -5.7045, -2.4502, -5.2005, -4.6747, -3.9857, -4.0814, -0.0785]","[-1.1011, -3.0227, -2.8465, -5.202, -5.2005, -3.589, -4.83, -2.7286, -3.3338]",https://jaspar.elixir.no/matrix/MA0343.2/
MA0344.1,NHP10,CORE,High-mobility group (HMG) domain factors,,fungi,Saccharomyces cerevisiae,4932,"PBM, CSA and/or DIP-chip",,8,10.7679,GCCGGGGA,"[20.0, 8.0, 0.0, 0.0, 0.0, 0.0, 0.0, 68.0]","[10.0, 78.0, 100.0, 0.0, 0.0, 0.0, 0.0, 8.0]","[60.0, 8.0, 0.0, 100.0, 100.0, 100.0, 100.0, 18.0]","[10.0, 8.0, 0.0, 0.0, 0.0, 0.0, 0.0, 8.0]","[-0.3108, -1.5795, -5.0112, -5.0112, -5.0112, -5.0112, -5.0112, 1.3873]","[-1.2563, 1.5831, 1.9661, -5.0112, -5.0112, -5.0112, -5.0112, -1.5795]","[1.2367, -1.5795, -5.0112, 1.9661, 1.9661, 1.9661, 1.9661, -0.4843]","[-1.2563, -1.5795, -5.0112, -5.0112, -5.0112, -5.0112, -5.0112, -1.5795]",https://jaspar.elixir.no/matrix/MA0344.1/
MA0347.3,NRG1,CORE,C2H2 zinc finger factors,Other factors with up to three adjacent zinc fingers,fungi,Saccharomyces cerevisiae,4932,ChIP-exo,,8,10.0484,AAGGGTCC,"[27.0, 45.0, 0.0, 0.0, 0.0, 7.0, 0.0, 0.0]","[17.0, 2.0, 0.0, 0.0, 0.0, 4.0, 43.0, 43.0]","[1.0, 1.0, 48.0, 48.0, 48.0, 1.0, 1.0, 2.0]","[3.0, 0.0, 0.0, 0.0, 0.0, 36.0, 4.0, 3.0]","[1.1189, 1.8392, -4.0, -4.0, -4.0, -0.7146, -4.0, -4.0]","[0.4757, -2.1926, -4.0, -4.0, -4.0, -1.415, 1.7748, 1.7748]","[-2.8301, -2.8301, 1.9307, 1.9307, 1.9307, -2.8301, -2.8301, -2.1926]","[-1.7521, -4.0, -4.0, -4.0, -4.0, 1.5236, -1.415, -1.7521]",https://jaspar.elixir.no/matrix/MA0347.3/
MA0421.1,NSI1,CORE,Tryptophan cluster factors,Myb/SANT domain factors,fungi,Saccharomyces cerevisiae,4932,COMPILED,,10,16.1922,TTTACCCGGC,"[174.0, 0.0, 0.0, 1832.0, 0.0, 0.0, 118.0, 0.0, 49.0, 779.0]","[0.0, 0.0, 103.0, 0.0, 1832.0, 1832.0, 1739.0, 0.0, 0.0, 841.0]","[274.0, 40.0, 0.0, 0.0, 0.0, 0.0, 0.0, 1832.0, 1784.0, 117.0]","[1457.0, 1817.0, 1784.0, 0.0, 0.0, 0.0, 0.0, 0.0, 0.0, 291.0]","[-1.4484, -9.1832, -9.2063, 1.9981, -9.1636, -9.1636, -1.9689, -9.1636, -3.2044, 0.6188]","[-9.2199, -9.1832, -2.1867, -9.1636, 1.9981, 1.9981, 1.9035, -9.1636, -9.1644, 0.7292]","[-0.7958, -3.5107, -9.2063, -9.1636, -9.1636, -9.1636, -9.1832, 1.9981, 1.959, -2.1079]","[1.6116, 1.9667, 1.9172, -9.1636, -9.1636, -9.1636, -9.1832, -9.1636, -9.1644, -0.7993]",https://jaspar.elixir.no/matrix/MA0421.1/
MA0348.2,OAF1,CORE,C6 zinc cluster factors,,fungi,Saccharomyces cerevisiae,4932,"PBM, CSA and/or DIP-chip",,8,9.1636,CGGAGATA,"[0.0, 0.0, 0.0, 56.0, 7.0, 68.0, 14.0, 56.0]","[100.0, 0.0, 0.0, 0.0, 0.0, 4.0, 7.0, 14.0]","[0.0, 100.0, 100.0, 43.0, 86.0, 4.0, 7.0, 14.0]","[0.0, 0.0, 0.0, 0.0, 7.0, 25.0, 71.0, 14.0]","[-5.0112, -5.0112, -5.0112, 1.1526, -1.7258, 1.4011, -0.7877, 1.1668]","[1.9661, -5.0112, -5.0112, -4.9972, -5.0112, -2.4402, -1.7118, -0.7735]","[-5.0112, 1.9661, 1.9661, 0.7776, 1.7503, -2.4402, -1.7118, -0.7735]","[-5.0112, -5.0112, -5.0112, -4.9972, -1.7258, -0.0139, 1.4907, -0.7735]",https://jaspar.elixir.no/matrix/MA0348.2/
MA0349.2,OPI1,CORE,,,fungi,Saccharomyces cerevisiae,4932,ChIP-chip,,5,9.409,GAACC,"[0.0, 166.0, 169.0, 0.0, 0.0]","[0.0, 2.0, 0.0, 268.0, 273.0]","[279.0, 0.0, 0.0, 0.0, 0.0]","[0.0, 0.0, 0.0, 0.0, 0.0]","[-6.4625, 1.9624, 1.9798, -6.4051, -6.4315]","[-6.4625, -3.9341, -5.7499, 1.9872, 1.9874]","[1.9877, -5.7415, -5.7499, -6.4051, -6.4315]","[-6.4625, -5.7415, -5.7499, -6.4051, -6.4315]",https://jaspar.elixir.no/matrix/MA0349.2/
MA0352.3,PDR1,CORE,C6 zinc cluster factors,,fungi,Saccharomyces cerevisiae,4932,ChIP-exo,,10,12.9777,TTCCACGGAA,"[18.0, 2.0, 1.0, 7.0, 72.0, 0.0, 2.0, 1.0, 132.0, 105.0]","[16.0, 9.0, 140.0, 130.0, 1.0, 132.0, 1.0, 1.0, 1.0, 8.0]","[6.0, 0.0, 0.0, 3.0, 70.0, 0.0, 138.0, 142.0, 7.0, 19.0]","[104.0, 133.0, 3.0, 4.0, 1.0, 12.0, 3.0, 0.0, 4.0, 12.0]","[-0.969, -3.7162, -4.3536, -2.2382, 0.9842, -5.5236, -3.7162, -4.3536, 1.8515, 1.5236]","[-1.1312, -1.9089, 1.9359, 1.8296, -4.3536, 1.8515, -4.3536, -4.3536, -4.3536, -2.0641]","[-2.4361, -5.5236, -5.5236, -3.2756, 0.944, -5.5236, 1.9152, 1.9562, -2.2382, -0.8942]","[1.5099, 1.8623, -3.2756, -2.9386, -4.3536, -1.5236, -3.2756, -5.5236, -2.9386, -1.5236]",https://jaspar.elixir.no/matrix/MA0352.3/
MA0353.1,PDR3,CORE,C6 zinc cluster factors,,fungi,Saccharomyces cerevisiae,4932,ChIP-chip,,8,15.1206,TCCGCGGA,"[0.0, 0.0, 0.0, 0.0, 0.0, 0.0, 0.0, 203.0]","[0.0, 203.0, 203.0, 0.0, 203.0, 0.0, 0.0, 0.0]","[0.0, 0.0, 0.0, 203.0, 0.0, 203.0, 203.0, 0.0]","[203.0, 0.0, 0.0, 0.0, 0.0, 0.0, 0.0, 0.0]","[-6.0098, -6.0098, -6.0098, -6.0098, -6.0098, -6.0098, -6.0098, 1.9831]","[-6.0098, 1.9831, 1.9831, -6.0098, 1.9831, -6.0098, -6.0098, -6.0098]","[-6.0098, -6.0098, -6.0098, 1.9831, -6.0098, 1.9831, 1.9831, -6.0098]","[1.9831, -6.0098, -6.0098, -6.0098, -6.0098, -6.0098, -6.0098, -6.0098]",https://jaspar.elixir.no/matrix/MA0353.1/
MA0354.2,PDR8,CORE,C6 zinc cluster factors,,fungi,Saccharomyces cerevisiae,4932,"PBM, CSA and/or DIP-chip",,7,10.8997,CGGAGAT,"[0.0, 0.0, 0.0, 100.0, 8.0, 100.0, 13.0]","[100.0, 0.0, 0.0, 0.0, 8.0, 0.0, 6.0]","[0.0, 100.0, 100.0, 0.0, 85.0, 0.0, 6.0]","[0.0, 0.0, 0.0, 0.0, 0.0, 0.0, 75.0]","[-5.0112, -5.0112, -5.0112, 1.9661, -1.5657, 1.9661, -0.9027]","[1.9661, -5.0112, -5.0112, -5.0112, -1.5657, -5.0112, -1.9238]","[-5.0112, 1.9661, 1.9661, -5.0112, 1.7197, -5.0112, -1.9238]","[-5.0112, -5.0112, -5.0112, -5.0112, -5.0251, -5.0112, 1.5548]",https://jaspar.elixir.no/matrix/MA0354.2/
MA0355.2,PHD1,CORE,APSES-type DNA-binding domain,,fungi,Saccharomyces cerevisiae,4932,"PBM, CSA and/or DIP-chip",,6,6.9652,CCTGCA,"[9.0, 37.0, 0.0, 0.0, 0.0, 91.0]","[43.0, 44.0, 10.0, 0.0, 99.0, 1.0]","[39.0, 15.0, 0.0, 99.0, 0.0, 7.0]","[8.0, 3.0, 89.0, 0.0, 1.0, 1.0]","[-1.3825, 0.5651, -4.9972, -4.9972, -5.0112, 1.8311]","[0.7776, 0.8102, -1.2423, -4.9972, 1.9517, -3.8413]","[0.6394, -0.6934, -4.9972, 1.9657, -5.0112, -1.7258]","[-1.5377, -2.7493, 1.8134, -4.9972, -3.8413, -3.8413]",https://jaspar.elixir.no/matrix/MA0355.2/
MA0356.1,PHO2,CORE,Homeo domain factors,,fungi,Saccharomyces cerevisiae,4932,"PBM, CSA and/or DIP-chip",,6,6.6765,ATAATA,"[52.0, 12.0, 100.0, 56.0, 23.0, 63.0]","[0.0, 0.0, 0.0, 0.0, 0.0, 0.0]","[8.0, 0.0, 0.0, 0.0, 0.0, 0.0]","[41.0, 88.0, 0.0, 44.0, 77.0, 37.0]","[1.0193, -1.0112, 1.9661, 1.1385, -0.1164, 1.3062]","[-5.0251, -5.0112, -5.0112, -5.0112, -5.0112, -5.0112]","[-1.5657, -5.0112, -5.0112, -5.0112, -5.0112, -5.0112]","[0.6822, 1.7832, -5.0112, 0.7961, 1.5924, 0.551]",https://jaspar.elixir.no/matrix/MA0356.1/
MA0357.1,PHO4,CORE,Basic helix-loop-helix factors (bHLH),,fungi,Saccharomyces cerevisiae,4932,PBM,,8,10.8805,GCACGTGC,"[94.0, 97.0, 967.0, 0.0, 85.0, 2.0, 1.0, 4.0]","[393.0, 900.0, 1.0, 911.0, 1.0, 28.0, 0.0, 507.0]","[507.0, 0.0, 28.0, 1.0, 911.0, 1.0, 900.0, 393.0]","[4.0, 1.0, 2.0, 85.0, 0.0, 967.0, 97.0, 94.0]","[-1.4007, -1.3558, 1.9511, -8.288, -1.5432, -6.4821, -7.1195, -5.7045]","[0.6538, 1.8475, -7.1195, 1.8665, -7.1181, -3.1195, -8.2894, 1.0206]","[1.0206, -8.2894, -3.1195, -7.1181, 1.8665, -7.1195, 1.8475, 0.6538]","[-5.7045, -7.1195, -6.4821, -1.5432, -8.288, 1.9511, -1.3558, -1.4007]",https://jaspar.elixir.no/matrix/MA0357.1/
MA2702.1,PIP2,CORE,C6 zinc cluster factors,,fungi,Saccharomyces cerevisiae,4932,ChEC-seq,,15,13.538,TTCCGCGGAAATAAA,"[7.0, 4.0, 3.0, 3.0, 3.0, 0.0, 1.0, 0.0, 51.0, 35.0, 38.0, 12.0, 48.0, 38.0, 32.0]","[11.0, 6.0, 44.0, 47.0, 3.0, 46.0, 1.0, 2.0, 2.0, 1.0, 5.0, 3.0, 3.0, 6.0, 6.0]","[3.0, 2.0, 4.0, 4.0, 49.0, 2.0, 53.0, 52.0, 2.0, 12.0, 5.0, 2.0, 0.0, 7.0, 11.0]","[34.0, 43.0, 4.0, 1.0, 0.0, 7.0, 0.0, 1.0, 0.0, 7.0, 7.0, 38.0, 4.0, 4.0, 6.0]","[-0.8995, -1.5999, -1.9369, -1.9369, -1.9369, -4.1849, -3.015, -4.1849, 1.8319, 1.2989, 1.415, -0.1849, 1.7459, 1.415, 1.1727]","[-0.3022, -1.0974, 1.6225, 1.716, -1.9369, 1.6855, -3.015, -2.3775, -2.3775, -3.015, -1.3269, -1.9369, -1.9369, -1.0974, -1.0974]","[-1.9369, -2.3775, -1.5999, -1.5999, 1.7751, -2.3775, 1.8866, 1.8595, -2.3775, -0.1849, -1.3269, -2.3775, -4.1849, -0.8995, -0.3022]","[1.2581, 1.5899, -1.5999, -3.015, -4.1849, -0.8995, -4.1849, -3.015, -4.1849, -0.8995, -0.8995, 1.415, -1.5999, -1.5999, -1.0974]",https://jaspar.elixir.no/matrix/MA2702.1/
MA2703.1,PPR1,CORE,C6 zinc cluster factors,,fungi,Saccharomyces cerevisiae,4932,ChEC-seq,,14,10.3785,TCGGAAATTTCCGA,"[36.0, 11.0, 5.0, 7.0, 148.0, 89.0, 70.0, 67.0, 39.0, 27.0, 4.0, 9.0, 10.0, 154.0]","[24.0, 210.0, 4.0, 7.0, 33.0, 50.0, 46.0, 53.0, 60.0, 29.0, 219.0, 218.0, 7.0, 23.0]","[23.0, 6.0, 219.0, 219.0, 29.0, 59.0, 54.0, 46.0, 49.0, 33.0, 7.0, 5.0, 209.0, 24.0]","[154.0, 10.0, 9.0, 4.0, 27.0, 39.0, 67.0, 71.0, 89.0, 148.0, 7.0, 5.0, 11.0, 36.0]","[-0.7065, -2.3474, -3.372, -2.9446, 1.3091, 0.5806, 0.2376, 0.1751, -0.5934, -1.1111, -3.6451, -2.6153, -2.4751, 1.3662]","[-1.2758, 1.8116, -3.6451, -2.9446, -0.8291, -0.2413, -0.3597, -0.1586, 0.0179, -1.0109, 1.872, 1.8654, -2.9446, -1.3352]","[-1.3352, -3.1426, 1.872, 1.872, -1.0109, -0.006, -0.132, -0.3597, -0.27, -0.8291, -2.9446, -3.372, 1.8048, -1.2758]","[1.3662, -2.4751, -2.6153, -3.6451, -1.1111, -0.5934, 0.1751, 0.2578, 0.5806, 1.3091, -2.9446, -3.372, -2.3474, -0.7065]",https://jaspar.elixir.no/matrix/MA2703.1/
MA0358.2,PUT3,CORE,C6 zinc cluster factors,,fungi,Saccharomyces cerevisiae,4932,"PBM, CSA and/or DIP-chip",,6,9.1901,CCCGGG,"[9.0, 2.0, 0.0, 0.0, 0.0, 0.0]","[72.0, 90.0, 100.0, 0.0, 0.0, 0.0]","[9.0, 2.0, 0.0, 100.0, 100.0, 100.0]","[9.0, 6.0, 0.0, 0.0, 0.0, 0.0]","[-1.3825, -3.2039, -5.0112, -5.0112, -5.0112, -5.0112]","[1.5106, 1.8153, 1.9661, -5.0112, -5.0112, -5.0112]","[-1.3825, -3.2039, -5.0112, 1.9661, 1.9661, 1.9661]","[-1.3825, -1.9238, -5.0112, -5.0112, -5.0112, -5.0112]",https://jaspar.elixir.no/matrix/MA0358.2/
MA0359.3,RAP1,CORE,Tryptophan cluster factors,Myb/SANT domain factors,fungi,Saccharomyces cerevisiae,4932,ChIP-exo,,12,14.387,ATGTATGGGTGT,"[200.0, 3.0, 4.0, 13.0, 214.0, 9.0, 6.0, 0.0, 48.0, 1.0, 3.0, 27.0]","[10.0, 4.0, 5.0, 27.0, 36.0, 54.0, 0.0, 0.0, 5.0, 5.0, 18.0, 48.0]","[105.0, 39.0, 317.0, 4.0, 51.0, 0.0, 327.0, 318.0, 281.0, 2.0, 264.0, 24.0]","[21.0, 290.0, 10.0, 292.0, 35.0, 273.0, 3.0, 18.0, 2.0, 328.0, 51.0, 237.0]","[1.2436, -4.48, -4.143, -2.6194, 1.3409, -3.1132, -3.6405, -6.7279, -0.7972, -5.558, -4.48, -1.609]","[-2.973, -4.143, -3.8699, -1.609, -1.2044, -0.6299, -6.7279, -6.7279, -3.8699, -3.8699, -2.1733, -0.7972]","[0.3192, -1.0913, 1.906, -4.143, -0.7111, -6.7279, 1.9507, 1.9105, 1.7325, -4.9206, 1.6428, -1.7737]","[-1.9597, 1.7779, -2.973, 1.7878, -1.2441, 1.691, -4.48, -2.1733, -4.9206, 1.9551, -0.7111, 1.4876]",https://jaspar.elixir.no/matrix/MA0359.3/
MA0360.2,RDR1,CORE,C6 zinc cluster factors,,fungi,Saccharomyces cerevisiae,4932,"PBM, CSA and/or DIP-chip",,7,10.6005,TGCGGAA,"[25.0, 0.0, 0.0, 0.0, 0.0, 100.0, 86.0]","[11.0, 0.0, 100.0, 0.0, 0.0, 0.0, 0.0]","[11.0, 100.0, 0.0, 100.0, 100.0, 0.0, 0.0]","[54.0, 0.0, 0.0, 0.0, 0.0, 0.0, 14.0]","[-0.0139, -5.0112, -5.0112, -5.0112, -5.0112, 1.9661, 1.7503]","[-1.1425, -5.0112, 1.9661, -5.0112, -5.0112, -5.0112, -5.0112]","[-1.1425, 1.9661, -5.0112, 1.9661, 1.9661, -5.0112, -5.0112]","[1.0729, -5.0112, -5.0112, -5.0112, -5.0112, -5.0112, -0.8018]",https://jaspar.elixir.no/matrix/MA0360.2/
MA0361.2,RDS1,CORE,C6 zinc cluster factors,,fungi,Saccharomyces cerevisiae,4932,"PBM, CSA and/or DIP-chip",,6,8.6765,CGGCCG,"[1.0, 0.0, 0.0, 0.0, 0.0, 0.0]","[91.0, 11.0, 0.0, 84.0, 95.0, 11.0]","[1.0, 89.0, 100.0, 16.0, 5.0, 89.0]","[7.0, 0.0, 0.0, 0.0, 0.0, 0.0]","[-3.8413, -5.0112, -5.0112, -5.0112, -5.0112, -5.0112]","[1.8311, -1.1286, -5.0112, 1.7167, 1.8927, -1.1286]","[-3.8413, 1.7993, 1.9661, -0.6189, -2.1532, 1.7993]","[-1.7258, -5.0112, -5.0112, -5.0112, -5.0112, -5.0112]",https://jaspar.elixir.no/matrix/MA0361.2/
MA0362.2,RDS2,CORE,C6 zinc cluster factors,,fungi,Saccharomyces cerevisiae,4932,"PBM, CSA and/or DIP-chip",,6,9.0537,TCGGGG,"[0.0, 0.0, 0.0, 0.0, 12.0, 17.0]","[0.0, 100.0, 0.0, 0.0, 1.0, 7.0]","[0.0, 0.0, 100.0, 100.0, 86.0, 70.0]","[100.0, 0.0, 0.0, 0.0, 1.0, 7.0]","[-5.0112, -5.0112, -5.0112, -5.0112, -1.0112, -0.5494]","[-5.0112, 1.9661, -5.0112, -5.0112, -3.8413, -1.7397]","[-5.0112, -5.0112, 1.9661, 1.9661, 1.7503, 1.4425]","[1.9661, -5.0112, -5.0112, -5.0112, -3.8413, -1.7397]",https://jaspar.elixir.no/matrix/MA0362.2/
MA0363.3,REB1,CORE,Tryptophan cluster factors,Myb/SANT domain factors,fungi,Saccharomyces cerevisiae,4932,ChIP-exo,,9,12.2795,ATTACCCGG,"[281.0, 8.0, 28.0, 679.0, 2.0, 4.0, 3.0, 11.0, 104.0]","[79.0, 20.0, 28.0, 1.0, 684.0, 681.0, 681.0, 5.0, 133.0]","[281.0, 5.0, 7.0, 3.0, 2.0, 5.0, 3.0, 578.0, 377.0]","[50.0, 658.0, 628.0, 8.0, 3.0, 1.0, 4.0, 97.0, 77.0]","[0.6993, -4.3017, -2.5912, 1.9698, -5.9538, -5.1762, -5.5132, -3.8785, -0.7277]","[-1.1209, -3.0607, -2.5912, -6.5912, 1.9803, 1.974, 1.974, -4.9032, -0.3753]","[0.6993, -4.9032, -4.4757, -5.5132, -5.9538, -4.9032, -5.5132, 1.7377, 1.1223]","[-1.7725, 1.9245, 1.8572, -4.3017, -5.5132, -6.5912, -5.1762, -0.8274, -1.1575]",https://jaspar.elixir.no/matrix/MA0363.3/
MA0364.1,REI1,CORE,C2H2 zinc finger factors,Factors with multiple dispersed zinc fingers,fungi,Saccharomyces cerevisiae,4932,"PBM, CSA and/or DIP-chip",,7,10.4328,CCCCTGA,"[0.0, 5.0, 0.0, 0.0, 0.0, 0.0, 56.0]","[95.0, 95.0, 100.0, 100.0, 0.0, 0.0, 8.0]","[0.0, 0.0, 0.0, 0.0, 0.0, 95.0, 23.0]","[5.0, 0.0, 0.0, 0.0, 100.0, 5.0, 13.0]","[-5.0112, -2.1532, -5.0112, -5.0112, -5.0112, -5.0112, 1.1385]","[1.8927, 1.8927, 1.9661, 1.9661, -5.0112, -5.0112, -1.5518]","[-5.0112, -5.0112, -5.0112, -5.0112, -5.0112, 1.8927, -0.1164]","[-2.1532, -5.0112, -5.0112, -5.0112, 1.9661, -2.1532, -0.9027]",https://jaspar.elixir.no/matrix/MA0364.1/
MA0365.2,RFX1,CORE,Fork head/winged helix factors,RFX-related factors,fungi,Saccharomyces cerevisiae,4932,"PBM, CSA and/or DIP-chip",,7,10.0932,GTTGCCA,"[0.0, 0.0, 0.0, 31.0, 0.0, 2.0, 88.0]","[0.0, 0.0, 0.0, 0.0, 100.0, 48.0, 4.0]","[100.0, 0.0, 0.0, 69.0, 0.0, 2.0, 4.0]","[0.0, 100.0, 100.0, 0.0, 0.0, 48.0, 4.0]","[-5.0112, -5.0112, -5.0112, 0.3017, -5.0112, -3.2039, 1.7832]","[-5.0112, -5.0112, -5.0112, -5.0112, 1.9661, 0.9195, -2.4263]","[1.9661, -5.0112, -5.0112, 1.4359, -5.0112, -3.2039, -2.4263]","[-5.0112, 1.9661, 1.9661, -5.0112, -5.0112, 0.9195, -2.4263]",https://jaspar.elixir.no/matrix/MA0365.2/
MA0366.1,RGM1,CORE,C2H2 zinc finger factors,,fungi,Saccharomyces cerevisiae,4932,"PBM, CSA and/or DIP-chip",,5,8.1223,AGGGG,"[100.0, 0.0, 0.0, 0.0, 11.0]","[0.0, 0.0, 0.0, 0.0, 12.0]","[0.0, 100.0, 100.0, 100.0, 77.0]","[0.0, 0.0, 0.0, 0.0, 0.0]","[1.9661, -5.0112, -5.0112, -5.0112, -1.1286]","[-5.0112, -5.0112, -5.0112, -5.0112, -1.0112]","[-5.0112, 1.9661, 1.9661, 1.9661, 1.5924]","[-5.0112, -5.0112, -5.0112, -5.0112, -5.0112]",https://jaspar.elixir.no/matrix/MA0366.1/
MA0367.2,RGT1,CORE,C6 zinc cluster factors,,fungi,Saccharomyces cerevisiae,4932,"PBM, CSA and/or DIP-chip",,8,8.5627,TTTTTCCG,"[37.0, 22.0, 27.0, 30.0, 0.0, 0.0, 0.0, 4.0]","[0.0, 2.0, 15.0, 18.0, 12.0, 100.0, 100.0, 0.0]","[0.0, 0.0, 17.0, 4.0, 0.0, 0.0, 0.0, 89.0]","[63.0, 77.0, 41.0, 48.0, 88.0, 0.0, 0.0, 8.0]","[0.551, -0.1922, 0.1077, 0.2556, -5.0112, -5.0112, -5.0112, -2.4402]","[-5.0112, -3.2178, -0.7074, -0.4566, -1.0112, 1.9661, 1.9661, -5.0251]","[-5.0112, -5.0251, -0.5355, -2.4263, -5.0112, -5.0112, -5.0112, 1.7854]","[1.3062, 1.5785, 0.6961, 0.9195, 1.7832, -5.0112, -5.0112, -1.5657]",https://jaspar.elixir.no/matrix/MA0367.2/
MA0368.1,RIM101,CORE,C2H2 zinc finger factors,Factors with multiple dispersed zinc fingers,fungi,Saccharomyces cerevisiae,4932,"PBM, CSA and/or DIP-chip",,7,11.1228,CGCCAAG,"[9.0, 0.0, 0.0, 0.0, 100.0, 100.0, 0.0]","[43.0, 0.0, 100.0, 100.0, 0.0, 0.0, 0.0]","[9.0, 100.0, 0.0, 0.0, 0.0, 0.0, 100.0]","[39.0, 0.0, 0.0, 0.0, 0.0, 0.0, 0.0]","[-1.3965, -5.0112, -5.0112, -5.0112, 1.9661, 1.9661, -5.0112]","[0.7636, -5.0112, 1.9661, 1.9661, -5.0112, -5.0112, -5.0112]","[-1.3965, 1.9661, -5.0112, -5.0112, -5.0112, -5.0112, 1.9661]","[0.6254, -5.0112, -5.0112, -5.0112, -5.0112, -5.0112, -5.0112]",https://jaspar.elixir.no/matrix/MA0368.1/
MA0369.2,RLM1,CORE,MADS box factors,Regulators of differentiation,fungi,Saccharomyces cerevisiae,4932,COMPILED,,14,16.1832,TTCTATAAATAGAT,"[11.0, 0.0, 0.0, 0.0, 42.0, 16.0, 22.0, 23.0, 32.0, 0.0, 42.0, 0.0, 27.0, 4.0]","[0.0, 0.0, 42.0, 0.0, 0.0, 0.0, 0.0, 0.0, 0.0, 0.0, 0.0, 0.0, 14.0, 15.0]","[1.0, 5.0, 0.0, 0.0, 0.0, 0.0, 0.0, 0.0, 0.0, 0.0, 0.0, 42.0, 0.0, 2.0]","[30.0, 37.0, 0.0, 42.0, 0.0, 26.0, 20.0, 19.0, 10.0, 42.0, 0.0, 0.0, 1.0, 20.0]","[0.0625, -3.8202, -3.8202, -3.8202, 1.9213, 0.5721, 1.0127, 1.0746, 1.5374, -3.8202, 1.9213, -3.8202, 1.2988, -1.2029]","[-3.8202, -3.8202, 1.9213, -3.8202, -3.8202, -3.8202, -3.8202, -3.8202, -3.8202, -3.8202, -3.8202, -3.8202, 0.3893, 0.5159]","[-2.6503, -0.9622, -3.8202, -3.8202, -3.8202, -3.8202, -3.8202, -3.8202, -3.8202, -3.8202, -3.8202, 1.9213, -3.8202, -1.9805]","[1.4466, 1.7421, -3.8202, 1.9213, -3.8202, 1.2459, 0.8803, 0.8092, -0.0653, 1.9213, -3.8202, -3.8202, -2.6503, 0.9125]",https://jaspar.elixir.no/matrix/MA0369.2/
MA0370.1,RME1,CORE,C2H2 zinc finger factors,Factors with multiple dispersed zinc fingers,fungi,Saccharomyces cerevisiae,4932,ChIP-chip,,10,9.3692,TCCAAAGGAA,"[0.0, 16.0, 16.0, 160.0, 119.0, 139.0, 27.0, 34.0, 92.0, 126.0]","[52.0, 96.0, 100.0, 0.0, 0.0, 29.0, 0.0, 0.0, 39.0, 0.0]","[0.0, 33.0, 49.0, 0.0, 27.0, 0.0, 244.0, 229.0, 35.0, 19.0]","[131.0, 69.0, 58.0, 0.0, 22.0, 2.0, 0.0, 0.0, 22.0, 18.0]","[-5.8626, -1.6925, -1.7511, 1.9786, 1.4849, 1.6909, -1.3021, -0.9354, 0.9571, 1.6096]","[0.1818, 0.8341, 0.8339, -5.6724, -5.7415, -0.5391, -6.421, -6.3783, -0.2642, -5.6987]","[-5.8626, -0.6839, -0.1834, -5.6724, -0.6225, -5.7582, 1.8364, 1.7879, -0.4171, -1.0693]","[1.5015, 0.3623, 0.0563, -5.6724, -0.9086, -3.9509, -6.421, -6.3783, -1.068, -1.1441]",https://jaspar.elixir.no/matrix/MA0370.1/
MA0371.1,ROX1,CORE,High-mobility group (HMG) domain factors,,fungi,Saccharomyces cerevisiae,4932,"PBM, CSA and/or DIP-chip",,12,7.1803,CCCATTGTTCTC,"[0.0, 0.0, 2.0, 7.0, 0.0, 0.0, 0.0, 0.0, 0.0, 0.0, 1.0, 0.0]","[4.0, 6.0, 4.0, 1.0, 0.0, 0.0, 0.0, 0.0, 0.0, 5.0, 0.0, 5.0]","[0.0, 0.0, 0.0, 0.0, 0.0, 1.0, 8.0, 0.0, 0.0, 1.0, 1.0, 2.0]","[4.0, 2.0, 2.0, 0.0, 8.0, 7.0, 0.0, 8.0, 8.0, 2.0, 6.0, 1.0]","[-1.8074, -1.8074, 0.0, 1.478, -1.8074, -1.8074, -1.8074, -1.8074, -1.8074, -1.8074, -0.6374, -1.8074]","[0.7776, 1.2801, 0.7776, -0.6374, -1.8074, -1.8074, -1.8074, -1.8074, -1.8074, 1.0506, -1.8074, 1.0506]","[-1.8074, -1.8074, -1.8074, -1.8074, -1.8074, -0.6374, 1.6521, -1.8074, -1.8074, -0.6374, -0.6374, 0.0]","[0.7776, 0.0, 0.0, -1.8074, 1.6521, 1.478, -1.8074, 1.6521, 1.6521, 0.0, 1.2801, -0.6374]",https://jaspar.elixir.no/matrix/MA0371.1/
MA0372.2,RPH1,CORE,C2H2 zinc finger factors,Other factors with up to three adjacent zinc fingers,fungi,Saccharomyces cerevisiae,4932,"PBM, CSA and/or DIP-chip",,7,10.4043,CCCCTAA,"[0.0, 0.0, 0.0, 0.0, 0.0, 63.0, 74.0]","[100.0, 100.0, 100.0, 100.0, 0.0, 1.0, 7.0]","[0.0, 0.0, 0.0, 0.0, 0.0, 7.0, 7.0]","[0.0, 0.0, 0.0, 0.0, 100.0, 28.0, 13.0]","[-5.0112, -5.0112, -5.0112, -5.0112, -5.0112, 1.3202, 1.5218]","[1.9661, 1.9661, 1.9661, 1.9661, -5.0112, -3.8273, -1.7397]","[-5.0112, -5.0112, -5.0112, -5.0112, -5.0112, -1.7118, -1.7397]","[-5.0112, -5.0112, -5.0112, -5.0112, 1.9661, 0.1727, -0.9166]",https://jaspar.elixir.no/matrix/MA0372.2/
MA0373.1,RPN4,CORE,C2H2 zinc finger factors,,fungi,Saccharomyces cerevisiae,4932,"PBM, CSA and/or DIP-chip",,7,10.5897,GGTGGCG,"[23.0, 0.0, 0.0, 0.0, 0.0, 0.0, 13.0]","[0.0, 0.0, 0.0, 0.0, 0.0, 100.0, 0.0]","[67.0, 100.0, 12.0, 100.0, 100.0, 0.0, 87.0]","[9.0, 0.0, 88.0, 0.0, 0.0, 0.0, 0.0]","[-0.1024, -5.0112, -5.0112, -5.0112, -5.0112, -5.0112, -0.9027]","[-4.9972, -5.0112, -5.0112, -5.0112, -5.0112, 1.9661, -5.0112]","[1.408, 1.9661, -1.0112, 1.9661, 1.9661, -5.0112, 1.7668]","[-1.3825, -5.0112, 1.7832, -5.0112, -5.0112, -5.0112, -5.0112]",https://jaspar.elixir.no/matrix/MA0373.1/
MA0374.2,RSC3,CORE,C6 zinc cluster factors,,fungi,Saccharomyces cerevisiae,4932,"PBM, CSA and/or DIP-chip",,5,7.1092,CGCGC,"[0.0, 0.0, 0.0, 0.0, 6.0]","[91.0, 0.0, 99.0, 0.0, 55.0]","[5.0, 99.0, 0.0, 99.0, 18.0]","[4.0, 0.0, 0.0, 0.0, 20.0]","[-5.0112, -4.9972, -4.9972, -4.9972, -1.9097]","[1.8311, -4.9972, 1.9657, -4.9972, 1.1269]","[-2.1532, 1.9657, -4.9972, 1.9657, -0.4426]","[-2.4263, -4.9972, -4.9972, -4.9972, -0.2967]",https://jaspar.elixir.no/matrix/MA0374.2/
MA0375.2,RSC30,CORE,C6 zinc cluster factors,,fungi,Saccharomyces cerevisiae,4932,"PBM, CSA and/or DIP-chip",,7,8.8798,GCGCGCG,"[15.0, 0.0, 0.0, 0.0, 0.0, 0.0, 0.0]","[38.0, 92.0, 8.0, 92.0, 0.0, 85.0, 31.0]","[46.0, 8.0, 92.0, 8.0, 100.0, 15.0, 69.0]","[0.0, 0.0, 0.0, 0.0, 0.0, 0.0, 0.0]","[-0.6934, -5.0112, -5.0112, -5.0112, -5.0112, -5.0112, -5.0112]","[0.6027, 1.8468, -1.5518, 1.8468, -5.0112, 1.7336, 0.3017]","[0.8732, -1.5518, 1.8468, -1.5518, 1.9661, -0.7074, 1.4359]","[-4.9972, -5.0112, -5.0112, -5.0112, -5.0112, -5.0112, -5.0112]",https://jaspar.elixir.no/matrix/MA0375.2/
MA2704.1,RTG1,CORE,Basic helix-loop-helix factors (bHLH),Hairy-related factors,fungi,Saccharomyces cerevisiae,4932,ChEC-seq,,7,8.9405,AATGACA,"[142.0, 173.0, 4.0, 7.0, 180.0, 0.0, 143.0]","[9.0, 5.0, 5.0, 12.0, 0.0, 180.0, 15.0]","[4.0, 8.0, 3.0, 167.0, 2.0, 6.0, 12.0]","[35.0, 4.0, 178.0, 4.0, 8.0, 4.0, 20.0]","[1.5639, 1.8473, -3.3309, -2.6305, 1.9043, -5.9159, 1.574]","[-2.3012, -3.0579, -3.0579, -1.9159, -5.9159, 1.9043, -1.6121]","[-3.3309, -2.4564, -3.668, 1.7966, -4.1085, -2.8284, -1.9159]","[-0.4321, -3.3309, 1.8883, -3.3309, -2.4564, -3.3309, -1.2154]",https://jaspar.elixir.no/matrix/MA2704.1/
MA0376.2,RTG3,CORE,Basic helix-loop-helix factors (bHLH),,fungi,Saccharomyces cerevisiae,4932,PBM,,8,11.1032,GCACGTGC,"[34.0, 19.0, 905.0, 5.0, 28.0, 7.0, 7.0, 275.0]","[27.0, 953.0, 5.0, 949.0, 16.0, 81.0, 19.0, 662.0]","[662.0, 19.0, 81.0, 16.0, 949.0, 5.0, 953.0, 27.0]","[275.0, 7.0, 7.0, 28.0, 5.0, 905.0, 19.0, 34.0]","[-2.8465, -3.6601, 1.8555, -5.4315, -3.1195, -5.004, -5.004, 0.14]","[-3.1705, 1.93, -5.4315, 1.924, -3.8971, -1.6135, -3.6601, 1.4049]","[1.4049, -3.6601, -1.6135, -3.8971, 1.924, -5.4315, 1.93, -3.1705]","[0.14, -5.004, -5.004, -3.1195, -5.4315, 1.8555, -3.6601, -2.8465]",https://jaspar.elixir.no/matrix/MA0376.2/
MA2705.1,SDD4,CORE,C2H2 zinc finger factors,Other factors with up to three adjacent zinc fingers,fungi,Saccharomyces cerevisiae,4932,ChEC-seq,,7,9.6542,CCCCACG,"[24.0, 9.0, 12.0, 2.0, 338.0, 1.0, 44.0]","[296.0, 335.0, 340.0, 357.0, 8.0, 353.0, 53.0]","[14.0, 1.0, 6.0, 2.0, 14.0, 1.0, 230.0]","[28.0, 17.0, 4.0, 1.0, 2.0, 7.0, 35.0]","[-1.8803, -3.2198, -2.8345, -5.0271, 1.8917, -5.6645, -1.0271]","[1.7008, 1.8789, 1.9002, 1.9705, -3.375, 1.9542, -0.763]","[-2.625, -5.6645, -3.747, -5.0271, -2.625, -5.6645, 1.338]","[-1.6645, -2.3587, -4.2495, -5.6645, -5.0271, -3.5491, -1.3507]",https://jaspar.elixir.no/matrix/MA2705.1/
MA0377.2,SFL1,CORE,Heat shock factors,HSF factors,fungi,Saccharomyces cerevisiae,4932,PBM,,10,9.1117,ATAGAAGAAA,"[727.0, 127.0, 506.0, 18.0, 956.0, 959.0, 22.0, 616.0, 596.0, 535.0]","[30.0, 178.0, 261.0, 10.0, 16.0, 9.0, 47.0, 129.0, 134.0, 221.0]","[124.0, 108.0, 226.0, 960.0, 5.0, 21.0, 806.0, 218.0, 36.0, 48.0]","[118.0, 586.0, 6.0, 10.0, 21.0, 9.0, 123.0, 36.0, 232.0, 194.0]","[1.5384, -0.9712, 1.0163, -3.7349, 1.9346, 1.9391, -3.4566, 1.2997, 1.2536, 1.098]","[-3.0241, -0.4868, 0.0634, -4.5346, -3.8971, -4.6747, -2.3886, -0.9488, -0.8928, -0.1744]","[-1.0055, -1.2034, -0.1437, 1.9406, -5.4315, -3.5213, 1.6886, -0.1955, -2.7659, -2.3587]","[-1.0766, 1.2278, -5.2034, -4.5346, -3.5213, -4.6747, -1.0156, -2.7673, -0.1046, -0.3617]",https://jaspar.elixir.no/matrix/MA0377.2/
MA0378.2,SFP1,CORE,C2H2 zinc finger factors,Factors with multiple dispersed zinc fingers,fungi,Saccharomyces cerevisiae,4932,PBM,,10,11.0111,AAAAAATTTT,"[533.0, 782.0, 898.0, 904.0, 855.0, 541.0, 86.0, 35.0, 18.0, 73.0]","[42.0, 73.0, 36.0, 9.0, 14.0, 34.0, 42.0, 50.0, 46.0, 71.0]","[342.0, 71.0, 46.0, 50.0, 42.0, 16.0, 14.0, 9.0, 36.0, 73.0]","[82.0, 73.0, 18.0, 35.0, 86.0, 408.0, 855.0, 904.0, 898.0, 782.0]","[1.0912, 1.6435, 1.8443, 1.8539, 1.7751, 1.1127, -1.5264, -2.8056, -3.7349, -1.7634]","[-2.5494, -1.7634, -2.7659, -4.6747, -4.0785, -2.8479, -2.5465, -2.3008, -2.4191, -1.803]","[0.4523, -1.803, -2.4191, -2.3008, -2.5465, -3.8986, -4.0785, -4.6747, -2.7659, -1.7634]","[-1.5974, -1.7634, -3.7349, -2.8056, -1.5264, 0.7063, 1.7751, 1.8539, 1.8443, 1.6435]",https://jaspar.elixir.no/matrix/MA0378.2/
MA0380.2,SIP4,CORE,C6 zinc cluster factors,,fungi,Saccharomyces cerevisiae,4932,"PBM, CSA and/or DIP-chip",,6,7.5632,TCCGGA,"[0.0, 0.0, 0.0, 0.0, 23.0, 57.0]","[27.0, 99.0, 100.0, 0.0, 0.0, 16.0]","[0.0, 0.0, 0.0, 100.0, 63.0, 25.0]","[73.0, 1.0, 0.0, 0.0, 14.0, 0.0]","[-5.0112, -5.0112, -5.0112, -5.0112, -0.1164, 1.1919]","[0.1077, 1.9517, 1.9661, -5.0112, -5.0112, -0.5907]","[-5.0112, -5.0112, -5.0112, 1.9661, 1.3062, 0.0282]","[1.5162, -3.8413, -5.0112, -5.0112, -0.8018, -4.983]",https://jaspar.elixir.no/matrix/MA0380.2/
MA0381.2,SKN7,CORE,Heat shock factors,HSF factors,fungi,Saccharomyces cerevisiae,4932,"PBM, CSA and/or DIP-chip",,5,7.1372,GGCCA,"[0.0, 0.0, 0.0, 0.0, 49.0]","[0.0, 0.0, 100.0, 84.0, 15.0]","[100.0, 100.0, 0.0, 16.0, 37.0]","[0.0, 0.0, 0.0, 0.0, 0.0]","[-5.0112, -5.0112, -5.0112, -5.0112, 0.9349]","[-5.0112, -5.0112, 1.9661, 1.7167, -0.7214]","[1.9661, 1.9661, -5.0112, -0.6189, 0.5371]","[-5.0112, -5.0112, -5.0112, -5.0112, -5.0251]",https://jaspar.elixir.no/matrix/MA0381.2/
MA0382.3,SKO1,CORE,Basic leucine zipper factors (bZIP),,fungi,Saccharomyces cerevisiae,4932,ChIP-exo,,10,13.0683,ATGACGTAAT,"[244.0, 3.0, 3.0, 264.0, 0.0, 2.0, 9.0, 186.0, 186.0, 47.0]","[6.0, 3.0, 0.0, 1.0, 256.0, 0.0, 8.0, 67.0, 8.0, 20.0]","[12.0, 0.0, 209.0, 2.0, 0.0, 263.0, 2.0, 5.0, 24.0, 40.0]","[5.0, 261.0, 55.0, 0.0, 11.0, 2.0, 248.0, 9.0, 49.0, 160.0]","[1.8576, -4.1519, -4.1519, 1.9709, -6.3998, -4.5925, -2.7851, 1.4675, 1.4675, -0.4989]","[-3.3123, -4.1519, -6.3998, -5.2299, 1.9266, -6.3998, -2.9404, 0.0053, -2.9404, -1.6994]","[-2.3998, -6.3998, 1.635, -4.5925, -6.3998, 1.9654, -4.5925, -3.5418, -1.4456, -0.7274]","[-3.5418, 1.9544, -0.2757, -6.3998, -2.5172, -4.5925, 1.881, -2.7851, -0.4398, 1.2512]",https://jaspar.elixir.no/matrix/MA0382.3/
MA2706.1,SMP1,CORE,MADS box factors,Responders to external signals (SRF/RLM1),fungi,Saccharomyces cerevisiae,4932,ChEC-seq,,12,12.6962,CTTCTATTTTTA,"[8.0, 7.0, 7.0, 2.0, 2.0, 53.0, 6.0, 11.0, 7.0, 18.0, 5.0, 61.0]","[33.0, 6.0, 0.0, 65.0, 2.0, 2.0, 2.0, 2.0, 2.0, 0.0, 1.0, 3.0]","[4.0, 3.0, 7.0, 0.0, 0.0, 0.0, 0.0, 1.0, 1.0, 0.0, 1.0, 4.0]","[24.0, 53.0, 55.0, 2.0, 65.0, 14.0, 61.0, 55.0, 59.0, 51.0, 62.0, 1.0]","[-1.0364, -1.2105, -1.2105, -2.6885, -2.6885, 1.5756, -1.4084, -0.6132, -1.2105, 0.0587, -1.6379, 1.7756]","[0.905, -1.4084, -4.4959, 1.8661, -2.6885, -2.6885, -2.6885, -2.6885, -2.6885, -4.4959, -3.3259, -2.2479]","[-1.9109, -2.2479, -1.2105, -4.4959, -4.4959, -4.4959, -4.4959, -3.3259, -3.3259, -4.4959, -3.3259, -1.9109]","[0.4583, 1.5756, 1.6283, -2.6885, 1.8661, -0.2864, 1.7756, 1.6283, 1.7281, 1.521, 1.7988, -3.3259]",https://jaspar.elixir.no/matrix/MA2706.1/
MA0384.2,SNT2,CORE,Tryptophan cluster factors,Myb/SANT domain factors,fungi,Saccharomyces cerevisiae,4932,COMPILED,,10,17.3676,TGGTAGCGCC,"[0.0, 0.0, 1405.0, 0.0, 3120.0, 7.0, 0.0, 0.0, 8.0, 168.0]","[89.0, 0.0, 269.0, 0.0, 0.0, 0.0, 3136.0, 0.0, 3072.0, 2969.0]","[313.0, 3136.0, 1721.0, 0.0, 35.0, 3130.0, 0.0, 3136.0, 75.0, 0.0]","[2817.0, 0.0, 0.0, 3136.0, 0.0, 0.0, 0.0, 0.0, 0.0, 0.0]","[-9.9758, -9.9381, 0.7266, -9.9381, 1.9828, -6.6532, -9.9381, -9.9381, -6.4874, -2.2175]","[-3.1652, -9.9381, -1.6548, -9.9381, -9.9468, -9.9386, 1.9989, -9.9381, 1.9605, 1.9195]","[-1.3601, 1.9989, 1.0191, -9.9381, -4.463, 1.9957, -9.9381, 1.9989, -3.3808, -9.9386]","[1.8065, -9.9381, -10.0525, 1.9989, -9.9468, -9.9386, -9.9381, -9.9381, -9.9468, -9.9386]",https://jaspar.elixir.no/matrix/MA0384.2/
MA0385.2,SOK2,CORE,APSES-type DNA-binding domain,,fungi,Saccharomyces cerevisiae,4932,"PBM, CSA and/or DIP-chip",,6,6.7312,CTGCAG,"[41.0, 4.0, 4.0, 4.0, 97.0, 5.0]","[47.0, 1.0, 1.0, 91.0, 1.0, 5.0]","[9.0, 4.0, 94.0, 1.0, 1.0, 50.0]","[3.0, 91.0, 1.0, 4.0, 1.0, 40.0]","[0.6961, -2.4263, -2.4263, -2.4263, 1.9225, -2.1532]","[0.8896, -3.8413, -3.8413, 1.8311, -3.8413, -2.1532]","[-1.3965, -2.4263, 1.8775, -3.8413, -3.8413, 0.9775]","[-2.7633, 1.8311, -3.8413, -2.4263, -3.8413, 0.6612]",https://jaspar.elixir.no/matrix/MA0385.2/
MA0386.2,SPT15,CORE,TATA-binding proteins,TBP-related factors,fungi,Saccharomyces cerevisiae,4932,PBM,,11,13.135,GATATATATAT,"[115.0, 287.0, 332.0, 907.0, 12.0, 981.0, 38.0, 970.0, 44.0, 883.0, 186.0]","[98.0, 198.0, 110.0, 7.0, 7.0, 2.0, 1.0, 2.0, 4.0, 10.0, 62.0]","[701.0, 266.0, 27.0, 25.0, 23.0, 4.0, 5.0, 6.0, 3.0, 24.0, 94.0]","[84.0, 247.0, 529.0, 59.0, 955.0, 12.0, 954.0, 20.0, 947.0, 81.0, 657.0]","[-1.112, 0.2014, 0.411, 1.8587, -4.288, 1.9703, -2.6895, 1.9555, -2.4821, 1.8201, -0.4236]","[-1.3411, -0.3323, -1.1757, -5.004, -5.0026, -6.4835, -7.1195, -6.4821, -5.7045, -4.5346, -1.9963]","[1.4874, 0.0921, -3.1705, -3.2782, -3.3932, -5.7059, -5.4315, -5.202, -6.0415, -3.3352, -1.4021]","[-1.5615, -0.0145, 1.0818, -2.0654, 1.9345, -4.2909, 1.9315, -3.589, 1.9209, -1.6135, 1.3926]",https://jaspar.elixir.no/matrix/MA0386.2/
MA0387.1,SPT2,CORE,,,fungi,Saccharomyces cerevisiae,4932,ChIP-chip,,10,10.4935,AATTAAAGAA,"[97.0, 66.0, 0.0, 4.0, 130.0, 120.0, 83.0, 0.0, 161.0, 122.0]","[0.0, 44.0, 0.0, 0.0, 0.0, 23.0, 66.0, 0.0, 0.0, 0.0]","[3.0, 12.0, 0.0, 0.0, 54.0, 46.0, 60.0, 105.0, 0.0, 69.0]","[57.0, 58.0, 161.0, 152.0, 0.0, 0.0, 2.0, 102.0, 0.0, 0.0]","[1.288, 0.5445, -5.6812, -3.0517, 1.4828, 1.33, 0.6461, -6.0375, 1.9788, 1.3388]","[-5.6457, -0.0318, -5.6812, -5.6366, -5.8704, -1.0136, 0.319, -6.0375, -5.6812, -5.9233]","[-3.3977, -1.8392, -5.6812, -5.6366, 0.2277, -0.038, 0.1832, 1.0096, -5.6812, 0.5238]","[0.5293, 0.3605, 1.9788, 1.9408, -5.8704, -5.9084, -4.2574, 0.9681, -5.6812, -5.9233]",https://jaspar.elixir.no/matrix/MA0387.1/
MA0388.1,SPT23,CORE,,,fungi,Saccharomyces cerevisiae,4932,ChIP-chip,,8,9.164,GAAATCAA,"[95.0, 160.0, 143.0, 134.0, 1.0, 0.0, 108.0, 157.0]","[0.0, 0.0, 0.0, 0.0, 36.0, 138.0, 37.0, 0.0]","[119.0, 0.0, 22.0, 0.0, 0.0, 67.0, 18.0, 6.0]","[0.0, 0.0, 2.0, 23.0, 135.0, 46.0, 16.0, 0.0]","[0.8191, 1.9786, 1.7568, 1.7509, -4.6049, -6.3117, 1.2562, 1.9252]","[-6.0848, -5.6724, -5.733, -5.6457, -0.2512, 1.127, -0.2691, -5.6987]","[1.1416, -5.6724, -0.9001, -5.6457, -5.7748, 0.0934, -1.2767, -2.6112]","[-6.0848, -5.6724, -3.9257, -0.7508, 1.6325, -0.4414, -1.439, -5.6987]",https://jaspar.elixir.no/matrix/MA0388.1/
MA0389.2,SRD1,CORE,Other C4 zinc finger-type factors,C4-GATA-related,fungi,Saccharomyces cerevisiae,4932,"PBM, CSA and/or DIP-chip",,6,7.317,AGATCT,"[66.0, 6.0, 97.0, 13.0, 0.0, 4.0]","[9.0, 2.0, 0.0, 0.0, 99.0, 19.0]","[19.0, 90.0, 0.0, 2.0, 0.0, 3.0]","[6.0, 2.0, 3.0, 85.0, 0.0, 74.0]","[1.3725, -1.9238, 1.9225, -0.9027, -4.9972, -2.4263]","[-1.3965, -3.2039, -5.0112, -5.0112, 1.9657, -0.3819]","[-0.3819, 1.8153, -5.0112, -3.2039, -4.9972, -2.7633]","[-1.9238, -3.2039, -2.7633, 1.7336, -4.9972, 1.5357]",https://jaspar.elixir.no/matrix/MA0389.2/
MA0390.2,STB3,CORE,,,fungi,Saccharomyces cerevisiae,4932,PBM,,11,14.1786,AATTTTTCACT,"[776.0, 499.0, 99.0, 53.0, 10.0, 13.0, 0.0, 3.0, 965.0, 150.0, 129.0]","[35.0, 27.0, 11.0, 5.0, 4.0, 0.0, 64.0, 990.0, 7.0, 587.0, 120.0]","[71.0, 33.0, 2.0, 1.0, 2.0, 15.0, 20.0, 2.0, 25.0, 84.0, 137.0]","[116.0, 440.0, 886.0, 939.0, 982.0, 970.0, 915.0, 4.0, 2.0, 177.0, 613.0]","[1.6339, 0.9963, -1.3265, -2.218, -4.5346, -4.1809, -8.2909, -6.043, 1.9466, -0.731, -0.9488]","[-2.8056, -3.1719, -4.4068, -5.4315, -5.7045, -8.2894, -1.951, 1.9835, -5.0055, 1.2317, -1.0525]","[-1.8016, -2.89, -6.4821, -7.1195, -6.4821, -3.9857, -3.5904, -6.4835, -3.2797, -1.5615, -0.8625]","[-1.0996, 0.815, 1.825, 1.9087, 1.9732, 1.9555, 1.8699, -5.7059, -6.4835, -0.4934, 1.2927]",https://jaspar.elixir.no/matrix/MA0390.2/
MA0391.1,STB4,CORE,C6 zinc cluster factors,,fungi,Saccharomyces cerevisiae,4932,"PBM, CSA and/or DIP-chip",,7,10.3001,CTCGGAA,"[9.0, 0.0, 0.0, 0.0, 0.0, 100.0, 75.0]","[43.0, 0.0, 100.0, 0.0, 0.0, 0.0, 1.0]","[9.0, 0.0, 0.0, 100.0, 100.0, 0.0, 1.0]","[39.0, 100.0, 0.0, 0.0, 0.0, 0.0, 23.0]","[-1.3965, -5.0112, -5.0112, -5.0112, -5.0112, 1.9661, 1.5548]","[0.7636, -5.0112, 1.9661, -5.0112, -5.0112, -5.0112, -3.8413]","[-1.3965, -5.0112, -5.0112, 1.9661, 1.9661, -5.0112, -3.8413]","[0.6254, 1.9661, -5.0112, -5.0112, -5.0112, -5.0112, -0.1164]",https://jaspar.elixir.no/matrix/MA0391.1/
MA0392.1,STB5,CORE,C6 zinc cluster factors,,fungi,Saccharomyces cerevisiae,4932,"PBM, CSA and/or DIP-chip",,8,8.2041,CGGTGTTA,"[0.0, 0.0, 0.0, 23.0, 23.0, 19.0, 6.0, 96.0]","[99.0, 0.0, 0.0, 19.0, 23.0, 25.0, 12.0, 1.0]","[0.0, 99.0, 99.0, 26.0, 47.0, 12.0, 6.0, 1.0]","[0.0, 0.0, 0.0, 32.0, 8.0, 45.0, 76.0, 1.0]","[-4.9972, -4.9972, -4.9972, -0.1164, -0.1303, -0.3958, -1.9238, 1.9217]","[1.9657, -4.9972, -4.9972, -0.3819, -0.1303, -0.0139, -1.0112, -3.8273]","[-4.9972, 1.9657, 1.9657, 0.0549, 0.8757, -1.0251, -1.9238, -3.8273]","[-4.9972, -4.9972, -4.9972, 0.3463, -1.5657, 0.8141, 1.5737, -3.8273]",https://jaspar.elixir.no/matrix/MA0392.1/
MA0393.1,STE12,CORE,,,fungi,Saccharomyces cerevisiae,4932,COMPILED,,7,10.3058,TGAAACA,"[0.0, 4297.0, 27122.0, 25290.0, 27887.0, 98.0, 15301.0]","[3261.0, 0.0, 0.0, 167.0, 0.0, 27779.0, 3002.0]","[96.0, 24137.0, 1278.0, 2703.0, 0.0, 0.0, 9387.0]","[25022.0, 198.0, 0.0, 0.0, 0.0, 97.0, 2275.0]","[-13.1146, -0.7361, 1.9335, 1.8448, 1.9999, -6.1455, 1.0303]","[-1.1212, -13.1274, -13.1157, -5.3909, -13.0894, 1.9898, -1.3191]","[-6.1958, 1.7535, -2.4732, -1.3808, -13.0894, -13.0939, 0.3254]","[1.8183, -5.1703, -13.1157, -13.1035, -13.0894, -6.1602, -1.719]",https://jaspar.elixir.no/matrix/MA0393.1/
MA0394.1,STP1,CORE,C2H2 zinc finger factors,Factors with multiple dispersed zinc fingers,fungi,Saccharomyces cerevisiae,4932,ChIP-chip,,8,10.1005,TGCGGCGC,"[4.0, 49.0, 0.0, 0.0, 12.0, 0.0, 4.0, 4.0]","[82.0, 0.0, 279.0, 0.0, 0.0, 279.0, 0.0, 94.0]","[33.0, 192.0, 0.0, 266.0, 255.0, 0.0, 119.0, 70.0]","[87.0, 0.0, 0.0, 4.0, 0.0, 0.0, 87.0, 57.0]","[-3.4457, -0.2938, -6.4625, -6.4157, -2.3998, -6.4625, -3.473, -3.5711]","[0.6628, -6.2538, 1.9877, -6.4157, -6.3998, 1.9877, -6.058, 0.7327]","[-0.6298, 1.659, -6.4625, 1.9658, 1.921, -6.4625, 1.1684, 0.3115]","[0.7474, -6.2538, -6.4625, -3.8308, -6.3998, -6.4625, 0.7201, 0.0188]",https://jaspar.elixir.no/matrix/MA0394.1/
MA0395.2,STP2,CORE,C2H2 zinc finger factors,Factors with multiple dispersed zinc fingers,fungi,Saccharomyces cerevisiae,4932,PBM,,9,10.332,GGCGCCGCA,"[238.0, 113.0, 34.0, 2.0, 0.0, 1.0, 8.0, 14.0, 618.0]","[111.0, 11.0, 647.0, 5.0, 849.0, 866.0, 13.0, 520.0, 12.0]","[567.0, 829.0, 5.0, 987.0, 148.0, 128.0, 948.0, 4.0, 338.0]","[81.0, 45.0, 312.0, 4.0, 1.0, 3.0, 29.0, 460.0, 30.0]","[-0.0664, -1.1372, -2.8465, -6.4821, -8.2894, -7.1195, -4.83, -4.08, 1.3058]","[-1.1613, -4.4068, 1.3719, -5.4315, 1.7635, 1.792, -4.1809, 1.0571, -4.2894]","[1.1832, 1.7291, -5.4315, 1.9806, -0.7503, -0.9585, 1.9224, -5.7045, 0.4368]","[-1.612, -2.4502, 0.3216, -5.7045, -7.1195, -6.0415, -3.0703, 0.8805, -3.0227]",https://jaspar.elixir.no/matrix/MA0395.2/
MA0396.2,STP3,CORE,C2H2 zinc finger factors,,fungi,Saccharomyces cerevisiae,4932,"PBM, CSA and/or DIP-chip",,6,9.648,TAGCGC,"[0.0, 100.0, 0.0, 0.0, 0.0, 0.0]","[0.0, 0.0, 0.0, 100.0, 0.0, 64.0]","[0.0, 0.0, 100.0, 0.0, 100.0, 18.0]","[100.0, 0.0, 0.0, 0.0, 0.0, 18.0]","[-5.0112, 1.9661, -5.0112, -5.0112, -5.0112, -5.0112]","[-5.0112, -5.0112, -5.0112, 1.9661, -5.0112, 1.3286]","[-5.0112, -5.0112, 1.9661, -5.0112, 1.9661, -0.4566]","[1.9661, -5.0112, -5.0112, -5.0112, -5.0112, -0.4566]",https://jaspar.elixir.no/matrix/MA0396.2/
MA0397.2,STP4,CORE,C2H2 zinc finger factors,,fungi,Saccharomyces cerevisiae,4932,"PBM, CSA and/or DIP-chip",,6,9.8406,TAGCGC,"[0.0, 100.0, 0.0, 0.0, 0.0, 0.0]","[0.0, 0.0, 0.0, 100.0, 0.0, 73.0]","[0.0, 0.0, 100.0, 0.0, 100.0, 17.0]","[100.0, 0.0, 0.0, 0.0, 0.0, 10.0]","[-5.0112, 1.9661, -5.0112, -5.0112, -5.0112, -5.0112]","[-5.0112, -5.0112, -5.0112, 1.9661, -5.0112, 1.5162]","[-5.0112, -5.0112, 1.9661, -5.0112, 1.9661, -0.5355]","[1.9661, -5.0112, -5.0112, -5.0112, -5.0112, -1.2563]",https://jaspar.elixir.no/matrix/MA0397.2/
MA0398.2,SUM1,CORE,A.T hook factors,,fungi,Saccharomyces cerevisiae,4932,"PBM, CSA and/or DIP-chip",,8,8.1982,AAATTTTT,"[52.0, 62.0, 100.0, 0.0, 8.0, 24.0, 28.0, 15.0]","[8.0, 2.0, 0.0, 0.0, 0.0, 0.0, 5.0, 15.0]","[8.0, 2.0, 0.0, 0.0, 0.0, 0.0, 5.0, 11.0]","[32.0, 34.0, 0.0, 100.0, 92.0, 76.0, 61.0, 59.0]","[1.0332, 1.2834, 1.9661, -5.0112, -1.5518, -0.057, 0.1727, -0.7074]","[-1.5518, -3.2039, -5.0112, -5.0112, -5.0112, -5.0112, -2.1392, -0.7074]","[-1.5518, -3.2039, -5.0112, -5.0112, -5.0112, -5.0112, -2.1392, -1.1286]","[0.3463, 0.4317, -5.0112, 1.9661, 1.8468, 1.5737, 1.2743, 1.2128]",https://jaspar.elixir.no/matrix/MA0398.2/
MA0399.1,SUT1,CORE,C6 zinc cluster factors,,fungi,Saccharomyces cerevisiae,4932,ChIP-chip,,7,7.1906,CGCGGGG,"[23.0, 48.0, 0.0, 8.0, 0.0, 49.0, 44.0]","[142.0, 5.0, 266.0, 61.0, 46.0, 35.0, 14.0]","[36.0, 185.0, 0.0, 188.0, 226.0, 151.0, 170.0]","[29.0, 0.0, 0.0, 1.0, 0.0, 0.0, 4.0]","[-1.2925, -0.3053, -6.3945, -2.8915, -6.4263, -0.258, -0.3923]","[1.2924, -3.378, 1.9871, -0.0795, -0.5559, -0.7341, -1.9902]","[-0.6638, 1.6235, -6.3945, 1.5317, 1.7209, 1.35, 1.5384]","[-0.9682, -6.236, -6.3945, -5.181, -6.4263, -6.218, -3.6147]",https://jaspar.elixir.no/matrix/MA0399.1/
MA0400.2,SUT2,CORE,C6 zinc cluster factors,,fungi,Saccharomyces cerevisiae,4932,PBM,,10,13.7714,AAACTCCGAA,"[522.0, 940.0, 971.0, 0.0, 1.0, 2.0, 1.0, 2.0, 789.0, 523.0]","[85.0, 6.0, 0.0, 709.0, 16.0, 992.0, 984.0, 1.0, 16.0, 80.0]","[287.0, 12.0, 11.0, 287.0, 0.0, 1.0, 12.0, 993.0, 168.0, 257.0]","[104.0, 40.0, 16.0, 2.0, 981.0, 2.0, 1.0, 2.0, 24.0, 137.0]","[1.0626, 1.9102, 1.957, -8.2894, -7.1195, -6.4806, -7.1195, -6.4821, 1.6593, 1.0668]","[-1.5446, -5.202, -8.2894, 1.5038, -3.8971, 1.9893, 1.9762, -7.1195, -3.8957, -1.6298]","[0.2014, -4.2894, -4.4068, 0.2014, -8.2894, -7.1181, -4.2894, 1.9893, -0.5669, 0.044]","[-1.256, -2.617, -3.8971, -6.4821, 1.9718, -6.4806, -7.1195, -6.4821, -3.3338, -0.8596]",https://jaspar.elixir.no/matrix/MA0400.2/
MA0401.1,SWI4,CORE,APSES-type DNA-binding domain,,fungi,Saccharomyces cerevisiae,4932,"PBM, CSA and/or DIP-chip",,8,10.8373,ACGCGAAA,"[62.0, 0.0, 15.0, 0.0, 0.0, 100.0, 94.0, 62.0]","[8.0, 100.0, 0.0, 100.0, 0.0, 0.0, 2.0, 8.0]","[15.0, 0.0, 85.0, 0.0, 100.0, 0.0, 2.0, 8.0]","[15.0, 0.0, 0.0, 0.0, 0.0, 0.0, 2.0, 23.0]","[1.2834, -5.0112, -0.7074, -5.0112, -5.0112, 1.9661, 1.8775, 1.2695]","[-1.5518, 1.9661, -5.0112, 1.9661, -5.0112, -5.0112, -3.2039, -1.5657]","[-0.7074, -5.0112, 1.7336, -5.0112, 1.9661, -5.0112, -3.2039, -1.5657]","[-0.7074, -5.0112, -5.0112, -5.0112, -5.0112, -5.0112, -3.2039, -0.1303]",https://jaspar.elixir.no/matrix/MA0401.1/
MA0402.2,SWI5,CORE,A.T hook factors,,fungi,Saccharomyces cerevisiae,4932,"PBM, CSA and/or DIP-chip",,7,10.1544,TGCTGGT,"[8.0, 0.0, 0.0, 0.0, 0.0, 0.0, 4.0]","[8.0, 0.0, 100.0, 0.0, 0.0, 0.0, 4.0]","[23.0, 100.0, 0.0, 0.0, 100.0, 100.0, 27.0]","[62.0, 0.0, 0.0, 100.0, 0.0, 0.0, 65.0]","[-1.5657, -5.0112, -5.0112, -5.0112, -5.0112, -5.0112, -2.4263]","[-1.5657, -5.0112, 1.9661, -5.0112, -5.0112, -5.0112, -2.4263]","[-0.1303, 1.9661, -5.0112, -5.0112, 1.9661, 1.9661, 0.1077]","[1.2695, -5.0112, -5.0112, 1.9661, -5.0112, -5.0112, 1.3507]",https://jaspar.elixir.no/matrix/MA0402.2/
MA0403.3,TBF1,CORE,Tryptophan cluster factors,Myb/SANT domain factors,fungi,Saccharomyces cerevisiae,4932,ChIP-exo,,8,11.0794,AACCCTAA,"[131.0, 145.0, 11.0, 1.0, 0.0, 0.0, 139.0, 110.0]","[6.0, 1.0, 149.0, 155.0, 159.0, 0.0, 4.0, 16.0]","[10.0, 12.0, 0.0, 1.0, 1.0, 1.0, 16.0, 17.0]","[13.0, 2.0, 0.0, 3.0, 0.0, 159.0, 1.0, 17.0]","[1.6917, 1.8373, -1.7898, -4.5025, -5.6724, -5.6724, 1.7767, 1.4413]","[-2.585, -4.5025, 1.8764, 1.9331, 1.9696, -5.6724, -3.0875, -1.2801]","[-1.9175, -1.6724, -5.6724, -4.5025, -4.5025, -4.5025, -1.2801, -1.1967]","[-1.5639, -3.8651, -5.6724, -3.4245, -5.6724, 1.9696, -4.5025, -1.1967]",https://jaspar.elixir.no/matrix/MA0403.3/
MA0404.1,TBS1,CORE,C6 zinc cluster factors,,fungi,Saccharomyces cerevisiae,4932,"PBM, CSA and/or DIP-chip",,8,9.0545,CGGATCCG,"[12.0, 3.0, 2.0, 75.0, 20.0, 0.0, 0.0, 8.0]","[78.0, 3.0, 2.0, 8.0, 13.0, 100.0, 100.0, 8.0]","[5.0, 90.0, 95.0, 8.0, 13.0, 0.0, 0.0, 75.0]","[5.0, 3.0, 2.0, 8.0, 53.0, 0.0, 0.0, 8.0]","[-1.0112, -2.7493, -3.2178, 1.5689, -0.2967, -5.0112, -5.0112, -1.5377]","[1.6108, -2.7493, -3.2178, -1.5377, -0.8887, 1.9661, 1.9661, -1.5377]","[-2.1532, 1.8294, 1.8787, -1.5377, -0.8887, -5.0112, -5.0112, 1.5689]","[-2.1532, -2.7493, -3.2178, -1.5377, 1.0743, -5.0112, -5.0112, -1.5377]",https://jaspar.elixir.no/matrix/MA0404.1/
MA0431.2,TDA9,CORE,C2H2 zinc finger factors,Other factors with up to three adjacent zinc fingers,fungi,Saccharomyces cerevisiae,4932,"PBM, CSA and/or DIP-chip",,7,9.7317,CCCCGCA,"[0.0, 0.0, 0.0, 0.0, 30.0, 0.0, 44.0]","[100.0, 100.0, 100.0, 100.0, 0.0, 100.0, 16.0]","[0.0, 0.0, 0.0, 0.0, 36.0, 0.0, 3.0]","[0.0, 0.0, 0.0, 0.0, 34.0, 0.0, 38.0]","[-5.0112, -5.0112, -5.0112, -5.0112, 0.2556, -5.0112, 0.7822]","[1.9661, 1.9661, 1.9661, 1.9661, -5.0112, 1.9661, -0.6328]","[-5.0112, -5.0112, -5.0112, -5.0112, 0.5123, -5.0112, -2.7772]","[-5.0112, -5.0112, -5.0112, -5.0112, 0.4317, -5.0112, 0.5748]",https://jaspar.elixir.no/matrix/MA0431.2/
MA0405.1,TEA1,CORE,C6 zinc cluster factors,,fungi,Saccharomyces cerevisiae,4932,"PBM, CSA and/or DIP-chip",,8,8.4165,GCGGACAT,"[5.0, 0.0, 0.0, 0.0, 50.0, 0.0, 60.0, 15.0]","[5.0, 100.0, 0.0, 40.0, 0.0, 80.0, 0.0, 20.0]","[75.0, 0.0, 100.0, 60.0, 50.0, 20.0, 10.0, 5.0]","[15.0, 0.0, 0.0, 0.0, 0.0, 0.0, 30.0, 60.0]","[-2.1532, -5.0112, -5.0112, -5.0112, 0.9775, -5.0112, 1.2367, -0.7074]","[-2.1532, 1.9661, -5.0112, 0.6612, -5.0112, 1.647, -5.0112, -0.3108]","[1.5548, -5.0112, 1.9661, 1.2367, 0.9775, -0.3108, -1.2563, -2.1532]","[-0.7074, -5.0112, -5.0112, -5.0112, -5.0112, -5.0112, 0.2556, 1.2367]",https://jaspar.elixir.no/matrix/MA0405.1/
MA0406.2,TEC1,CORE,TEA domain factors,,fungi,Saccharomyces cerevisiae,4932,"PBM, CSA and/or DIP-chip",,7,9.5316,ACATTCC,"[52.0, 0.0, 100.0, 5.0, 0.0, 0.0, 0.0]","[7.0, 95.0, 0.0, 0.0, 0.0, 91.0, 68.0]","[34.0, 5.0, 0.0, 0.0, 0.0, 9.0, 0.0]","[7.0, 0.0, 0.0, 95.0, 100.0, 0.0, 32.0]","[1.0332, -5.0112, 1.9661, -2.1532, -5.0112, -5.0112, -5.0112]","[-1.7258, 1.8927, -5.0112, -5.0112, -5.0112, 1.8311, 1.415]","[0.4317, -2.1532, -5.0112, -5.0112, -5.0112, -1.3965, -5.0112]","[-1.7258, -5.0112, -5.0112, 1.8927, 1.9661, -5.0112, 0.3463]",https://jaspar.elixir.no/matrix/MA0406.2/
MA0407.1,THI2,CORE,C6 zinc cluster factors,,fungi,Saccharomyces cerevisiae,4932,COMPILED,,15,21.3843,GGAAACTCTAAGAAC,"[103.0, 0.0, 680.0, 1265.0, 1265.0, 0.0, 0.0, 71.0, 438.0, 921.0, 1265.0, 0.0, 1265.0, 813.0, 129.0]","[0.0, 0.0, 573.0, 0.0, 0.0, 1024.0, 543.0, 599.0, 0.0, 0.0, 0.0, 0.0, 0.0, 0.0, 1068.0]","[1162.0, 1265.0, 0.0, 0.0, 0.0, 0.0, 0.0, 571.0, 0.0, 0.0, 0.0, 1265.0, 0.0, 451.0, 89.0]","[0.0, 0.0, 61.0, 0.0, 0.0, 241.0, 805.0, 90.0, 826.0, 344.0, 0.0, 0.0, 0.0, 0.0, 0.0]","[-1.6109, -8.6305, 1.0478, 1.9973, 1.9973, -8.6305, -8.722, -2.2158, 0.47, 1.5397, 1.9973, -8.6305, 1.9973, 1.3611, -1.3121]","[-8.6305, -8.6305, 0.8011, -8.6305, -8.6305, 1.6926, 0.6869, 0.8466, -8.6294, -8.6305, -8.6305, -8.6305, -8.6305, -8.6294, 1.7295]","[1.8748, 1.9973, -8.6852, -8.6305, -8.6305, -8.6305, -8.722, 0.7776, -8.6294, -8.6305, -8.6305, 1.9973, -8.6305, 0.5121, -1.8436]","[-8.6305, -8.6305, -2.4137, -8.6305, -8.6305, -0.3909, 1.2543, -1.8771, 1.384, 0.121, -8.6305, -8.6305, -8.6305, -8.6294, -8.6542]",https://jaspar.elixir.no/matrix/MA0407.1/
MA0350.2,TOD6,CORE,Tryptophan cluster factors,Myb/SANT domain factors,fungi,Saccharomyces cerevisiae,4932,PBM,,10,12.8596,AGCTCATCGC,"[649.0, 67.0, 20.0, 2.0, 2.0, 975.0, 1.0, 0.0, 52.0, 135.0]","[50.0, 396.0, 784.0, 29.0, 991.0, 0.0, 1.0, 978.0, 19.0, 655.0]","[96.0, 436.0, 193.0, 46.0, 2.0, 1.0, 18.0, 1.0, 869.0, 186.0]","[203.0, 98.0, 1.0, 921.0, 3.0, 21.0, 978.0, 18.0, 57.0, 22.0]","[1.3763, -1.8829, -3.589, -6.4821, -6.4821, 1.9644, -7.1195, -8.288, -2.2436, -0.8822]","[-2.3008, 0.6662, 1.6487, -3.0703, 1.9864, -8.288, -7.1195, 1.9688, -3.6586, 1.3896]","[-1.3706, 0.8048, -0.3691, -2.4191, -6.4821, -7.1181, -3.7349, -7.1181, 1.7985, -0.4222]","[-0.2965, -1.3396, -7.1195, 1.8808, -6.0415, -3.5198, 1.9674, -3.7334, -2.1131, -3.4566]",https://jaspar.elixir.no/matrix/MA0350.2/
MA0408.2,TOS8,CORE,Homeo domain factors,TALE-type homeo domain factors,fungi,Saccharomyces cerevisiae,4932,"PBM, CSA and/or DIP-chip",,6,8.8641,TGTCAA,"[1.0, 0.0, 0.0, 0.0, 100.0, 64.0]","[16.0, 0.0, 0.0, 100.0, 0.0, 7.0]","[1.0, 100.0, 0.0, 0.0, 0.0, 7.0]","[82.0, 0.0, 100.0, 0.0, 0.0, 22.0]","[-3.8413, -5.0112, -5.0112, -5.0112, 1.9661, 1.3286]","[-0.6189, -5.0112, -5.0112, 1.9661, -5.0112, -1.7258]","[-3.8413, 1.9661, -5.0112, -5.0112, -5.0112, -1.7258]","[1.6823, -5.0112, 1.9661, -5.0112, -5.0112, -0.1783]",https://jaspar.elixir.no/matrix/MA0408.2/
MA0409.1,TYE7,CORE,Basic helix-loop-helix factors (bHLH),,fungi,Saccharomyces cerevisiae,4932,"PBM, CSA and/or DIP-chip",,7,10.7259,CACGTGA,"[3.0, 100.0, 0.0, 0.0, 0.0, 0.0, 78.0]","[93.0, 0.0, 100.0, 10.0, 0.0, 0.0, 8.0]","[3.0, 0.0, 0.0, 90.0, 0.0, 100.0, 8.0]","[3.0, 0.0, 0.0, 0.0, 100.0, 0.0, 8.0]","[-2.791, 1.9661, -5.0112, -5.0112, -5.0112, -5.0112, 1.5831]","[1.8345, -5.0112, 1.9661, -1.2563, -5.0112, -5.0112, -1.5795]","[-2.791, -5.0112, -5.0112, 1.8153, -5.0112, 1.9661, -1.5795]","[-2.791, -5.0112, -5.0112, -5.0112, 1.9661, -5.0112, -1.5795]",https://jaspar.elixir.no/matrix/MA0409.1/
MA0410.2,UGA3,CORE,C6 zinc cluster factors,,fungi,Saccharomyces cerevisiae,4932,"PBM, CSA and/or DIP-chip",,7,9.8489,GGCGGGA,"[4.0, 0.0, 0.0, 0.0, 0.0, 2.0, 85.0]","[28.0, 0.0, 100.0, 0.0, 0.0, 27.0, 2.0]","[63.0, 100.0, 0.0, 100.0, 100.0, 69.0, 2.0]","[4.0, 0.0, 0.0, 0.0, 0.0, 2.0, 10.0]","[-2.4122, -5.0112, -5.0112, -5.0112, -5.0112, -3.2039, 1.7477]","[0.1727, -5.0112, 1.9661, -5.0112, -5.0112, 0.1077, -3.1898]","[1.3202, 1.9661, -5.0112, 1.9661, 1.9661, 1.4359, -3.1898]","[-2.4122, -5.0112, -5.0112, -5.0112, -5.0112, -3.2039, -1.2423]",https://jaspar.elixir.no/matrix/MA0410.2/
MA0412.3,UME6,CORE,C6 zinc cluster factors,,fungi,Saccharomyces cerevisiae,4932,ChIP-exo,,12,14.7595,ATTAGCCGCCGA,"[101.0, 64.0, 2.0, 194.0, 10.0, 0.0, 0.0, 3.0, 0.0, 2.0, 32.0, 160.0]","[17.0, 9.0, 8.0, 1.0, 9.0, 216.0, 218.0, 0.0, 217.0, 185.0, 82.0, 16.0]","[25.0, 13.0, 6.0, 3.0, 198.0, 1.0, 0.0, 215.0, 1.0, 12.0, 97.0, 22.0]","[75.0, 132.0, 202.0, 20.0, 1.0, 1.0, 0.0, 0.0, 0.0, 19.0, 7.0, 20.0]","[0.8804, 0.2287, -4.3038, 1.8166, -2.3562, -6.1111, -6.1111, -3.8632, -6.1111, -4.3038, -0.7536, 1.5399]","[-1.6354, -2.4964, -2.6517, -4.9412, -2.4964, 1.971, 1.9843, -6.1111, 1.9777, 1.7484, 0.5824, -1.7188]","[-1.0999, -2.0026, -3.0237, -3.8632, 1.846, -4.9412, -6.1111, 1.9643, -4.9412, -2.1111, 0.8226, -1.2782]","[0.4549, 1.2639, 1.8747, -1.4107, -4.9412, -4.9412, -6.1111, -6.1111, -6.1111, -1.4818, -2.8257, -1.4107]",https://jaspar.elixir.no/matrix/MA0412.3/
MA0411.2,UPC2,CORE,C6 zinc cluster factors,,fungi,Saccharomyces cerevisiae,4932,"PBM, CSA and/or DIP-chip",,6,7.7966,ATACGA,"[59.0, 38.0, 100.0, 0.0, 1.0, 83.0]","[3.0, 0.0, 0.0, 100.0, 0.0, 5.0]","[28.0, 0.0, 0.0, 0.0, 99.0, 9.0]","[9.0, 62.0, 0.0, 0.0, 0.0, 4.0]","[1.2268, 0.5887, 1.9661, -5.0112, -3.8413, 1.6857]","[-2.7493, -5.0112, -5.0112, 1.9661, -5.0112, -2.1672]","[0.1727, -5.0112, -5.0112, -5.0112, 1.9517, -1.4104]","[-1.3825, 1.2834, -5.0112, -5.0112, -5.0112, -2.4402]",https://jaspar.elixir.no/matrix/MA0411.2/
MA0422.2,URC2,CORE,C6 zinc cluster factors,,fungi,Saccharomyces cerevisiae,4932,"PBM, CSA and/or DIP-chip",,8,10.1068,CGGAGATA,"[0.0, 0.0, 0.0, 74.0, 23.0, 56.0, 14.0, 94.0]","[100.0, 0.0, 0.0, 9.0, 17.0, 0.0, 0.0, 6.0]","[0.0, 100.0, 100.0, 17.0, 46.0, 0.0, 0.0, 0.0]","[0.0, 0.0, 0.0, 0.0, 14.0, 43.0, 85.0, 0.0]","[-5.0112, -5.0112, -5.0112, 1.5357, -0.1164, 1.1526, -0.7877, 1.8775]","[1.9661, -5.0112, -5.0112, -1.3965, -0.5355, -4.9972, -4.9972, -1.9238]","[-5.0112, 1.9661, 1.9661, -0.5355, 0.8591, -4.9972, -4.9972, -5.0112]","[-5.0112, -5.0112, -5.0112, -5.0112, -0.8018, 0.7776, 1.7477, -5.0112]",https://jaspar.elixir.no/matrix/MA0422.2/
MA0413.2,USV1,CORE,C2H2 zinc finger factors,,fungi,Saccharomyces cerevisiae,4932,PBM,,10,14.6663,TCCCCCTGAA,"[133.0, 318.0, 1.0, 0.0, 3.0, 1.0, 0.0, 0.0, 956.0, 850.0]","[55.0, 551.0, 967.0, 977.0, 993.0, 981.0, 6.0, 2.0, 0.0, 92.0]","[157.0, 101.0, 26.0, 0.0, 1.0, 0.0, 3.0, 869.0, 36.0, 21.0]","[652.0, 28.0, 3.0, 20.0, 1.0, 16.0, 989.0, 126.0, 5.0, 35.0]","[-0.9021, 0.349, -7.1181, -8.288, -6.0415, -7.1195, -8.2894, -8.288, 1.936, 1.7652]","[-2.1639, 1.1405, 1.9525, 1.9673, 1.9893, 1.9718, -5.202, -6.4806, -8.288, -1.4315]","[-0.6641, -1.2979, -3.2219, -8.288, -7.1195, -8.2894, -6.0415, 1.7985, -2.7644, -3.5213]","[1.3844, -3.1195, -6.0401, -3.5876, -7.1195, -3.8971, 1.9835, -0.9797, -5.43, -2.8056]",https://jaspar.elixir.no/matrix/MA0413.2/
MA0414.2,XBP1,CORE,,,fungi,Saccharomyces cerevisiae,4932,"PBM, CSA and/or DIP-chip",,6,8.0295,CTCGAG,"[12.0, 0.0, 0.0, 0.0, 100.0, 40.0]","[51.0, 0.0, 100.0, 0.0, 0.0, 8.0]","[7.0, 0.0, 0.0, 100.0, 0.0, 50.0]","[31.0, 100.0, 0.0, 0.0, 0.0, 3.0]","[-1.0251, -5.0112, -5.0112, -5.0112, 1.9661, 0.6473]","[0.9917, -5.0112, 1.9661, -5.0112, -5.0112, -1.5657]","[-1.7397, -5.0112, -5.0112, 1.9661, -5.0112, 0.9635]","[0.2877, 1.9661, -5.0112, -5.0112, -5.0112, -2.7772]",https://jaspar.elixir.no/matrix/MA0414.2/
MA0415.2,YAP1,CORE,Basic leucine zipper factors (bZIP),,fungi,Saccharomyces cerevisiae,4932,PBM,,10,14.9601,CTTACGTAAG,"[397.0, 5.0, 8.0, 976.0, 1.0, 60.0, 10.0, 971.0, 981.0, 35.0]","[528.0, 3.0, 13.0, 3.0, 900.0, 36.0, 9.0, 6.0, 8.0, 28.0]","[50.0, 8.0, 6.0, 9.0, 36.0, 900.0, 3.0, 13.0, 3.0, 516.0]","[23.0, 981.0, 971.0, 10.0, 60.0, 1.0, 976.0, 8.0, 5.0, 418.0]","[0.6684, -5.43, -4.83, 1.9644, -7.1181, -2.0401, -4.5346, 1.957, 1.9732, -2.8042]","[1.0791, -6.0401, -4.1809, -6.0415, 1.849, -2.7644, -4.6747, -5.202, -4.8286, -3.1181]","[-2.3008, -4.8286, -5.202, -4.6747, -2.7644, 1.849, -6.0415, -4.1809, -6.0401, 1.0474]","[-3.3946, 1.9732, 1.957, -4.5346, -2.0401, -7.1181, 1.9644, -4.83, -5.43, 0.744]",https://jaspar.elixir.no/matrix/MA0415.2/
MA0416.2,YAP3,CORE,Basic leucine zipper factors (bZIP),,fungi,Saccharomyces cerevisiae,4932,"PBM, CSA and/or DIP-chip",,7,11.0325,ATTACGT,"[65.0, 0.0, 0.0, 100.0, 0.0, 0.0, 2.0]","[19.0, 0.0, 0.0, 0.0, 100.0, 0.0, 2.0]","[12.0, 0.0, 0.0, 0.0, 0.0, 100.0, 2.0]","[4.0, 100.0, 100.0, 0.0, 0.0, 0.0, 94.0]","[1.3507, -5.0112, -5.0112, 1.9661, -5.0112, -5.0112, -3.2039]","[-0.3819, -5.0112, -5.0112, -5.0112, 1.9661, -5.0112, -3.2039]","[-1.0112, -5.0112, -5.0112, -5.0112, -5.0112, 1.9661, -3.2039]","[-2.4263, 1.9661, 1.9661, -5.0112, -5.0112, -5.0112, 1.8775]",https://jaspar.elixir.no/matrix/MA0416.2/
MA0417.1,YAP5,CORE,Basic leucine zipper factors (bZIP),,fungi,Saccharomyces cerevisiae,4932,ChIP-chip,,6,7.9674,AAGCAT,"[122.0, 124.0, 86.0, 0.0, 161.0, 19.0]","[0.0, 0.0, 0.0, 264.0, 0.0, 0.0]","[0.0, 67.0, 136.0, 0.0, 0.0, 0.0]","[34.0, 0.0, 0.0, 17.0, 0.0, 137.0]","[1.6255, 1.3621, 0.6246, -6.4727, 1.9788, -1.0073]","[-5.6366, -5.9233, -6.137, 1.898, -5.6812, -5.6366]","[-5.6366, 0.4818, 1.2809, -6.4727, -5.6812, -5.6366]","[-0.1937, -5.9233, -6.137, -1.997, -5.6812, 1.7917]",https://jaspar.elixir.no/matrix/MA0417.1/
MA0418.2,YAP6,CORE,Basic leucine zipper factors (bZIP),,fungi,Saccharomyces cerevisiae,4932,PBM,,10,8.8849,GATTACGTAA,"[43.0, 491.0, 27.0, 25.0, 889.0, 38.0, 172.0, 67.0, 647.0, 829.0]","[114.0, 412.0, 23.0, 21.0, 32.0, 555.0, 48.0, 85.0, 193.0, 62.0]","[646.0, 36.0, 56.0, 112.0, 49.0, 103.0, 722.0, 37.0, 64.0, 72.0]","[195.0, 58.0, 892.0, 840.0, 28.0, 302.0, 56.0, 809.0, 95.0, 34.0]","[-2.5147, 0.9759, -3.1705, -3.2782, 1.8298, -2.6895, -0.5346, -1.8843, 1.3704, 1.7305]","[-1.1245, 0.7232, -3.3946, -3.5213, -2.9319, 1.1509, -2.3587, -1.5446, -0.3705, -1.9934]","[1.3697, -2.7644, -2.1397, -1.1499, -2.3294, -1.2699, 1.5299, -2.7272, -1.951, -1.7802]","[-0.3543, -2.0883, 1.8347, 1.7481, -3.1195, 0.2747, -2.1397, 1.6939, -1.387, -2.8451]",https://jaspar.elixir.no/matrix/MA0418.2/
MA0419.1,YAP7,CORE,Basic leucine zipper factors (bZIP),,fungi,Saccharomyces cerevisiae,4932,COMPILED,,11,13.7342,ATTAGTAAGCA,"[7195.0, 195.0, 0.0, 10172.0, 1260.0, 0.0, 7781.0, 10507.0, 98.0, 2246.0, 6606.0]","[2582.0, 0.0, 0.0, 98.0, 1168.0, 97.0, 2526.0, 0.0, 0.0, 7759.0, 1126.0]","[195.0, 0.0, 2132.0, 97.0, 8333.0, 0.0, 198.0, 0.0, 6311.0, 509.0, 2313.0]","[869.0, 10410.0, 8375.0, 172.0, 0.0, 10436.0, 0.0, 0.0, 4323.0, 394.0, 1229.0]","[1.4083, -3.7597, -11.6814, 1.9485, -1.0938, -11.685, 1.5667, 1.9997, -4.7636, -0.2799, 1.2286]","[-0.0699, -11.6948, -11.6814, -4.7374, -1.2031, -4.7513, -0.0561, -11.6814, -11.712, 1.5083, -1.3231]","[-3.7914, -11.6948, -0.301, -4.7521, 1.6308, -11.685, -3.7241, -11.6814, 1.2338, -2.4197, -0.2851]","[-1.6401, 1.9729, 1.6725, -3.9309, -11.7159, 1.9863, -11.6812, -11.6814, 0.688, -2.7885, -1.1969]",https://jaspar.elixir.no/matrix/MA0419.1/
MA0423.2,YER130C,CORE,C2H2 zinc finger factors,Other factors with up to three adjacent zinc fingers,fungi,Saccharomyces cerevisiae,4932,"PBM, CSA and/or DIP-chip",,7,10.0655,CCCCTAT,"[0.0, 0.0, 0.0, 0.0, 0.0, 60.0, 21.0]","[97.0, 91.0, 100.0, 100.0, 0.0, 0.0, 0.0]","[1.0, 0.0, 0.0, 0.0, 0.0, 8.0, 4.0]","[2.0, 9.0, 0.0, 0.0, 100.0, 32.0, 75.0]","[-5.0112, -5.0112, -5.0112, -5.0112, -5.0112, 1.2367, -0.243]","[1.9225, 1.8311, 1.9661, 1.9661, -5.0112, -5.0112, -5.0112]","[-3.8413, -5.0112, -5.0112, -5.0112, -5.0112, -1.5518, -2.4263]","[-3.2039, -1.3965, -5.0112, -5.0112, 1.9661, 0.3463, 1.5548]",https://jaspar.elixir.no/matrix/MA0423.2/
MA0424.2,YER184C,CORE,C6 zinc cluster factors,,fungi,Saccharomyces cerevisiae,4932,"PBM, CSA and/or DIP-chip",,6,8.0353,TCCGGA,"[2.0, 0.0, 0.0, 0.0, 0.0, 69.0]","[17.0, 77.0, 100.0, 0.0, 0.0, 31.0]","[10.0, 15.0, 0.0, 100.0, 100.0, 0.0]","[71.0, 8.0, 0.0, 0.0, 0.0, 0.0]","[-3.2039, -5.0112, -5.0112, -5.0112, -5.0112, 1.4359]","[-0.5355, 1.5924, 1.9661, -5.0112, -5.0112, 0.3017]","[-1.2563, -0.7074, -5.0112, 1.9661, 1.9661, -5.0112]","[1.4766, -1.5518, -5.0112, -5.0112, -5.0112, -5.0112]",https://jaspar.elixir.no/matrix/MA0424.2/
MA0425.2,YGR067C,CORE,C2H2 zinc finger factors,Other factors with up to three adjacent zinc fingers,fungi,Saccharomyces cerevisiae,4932,"PBM, CSA and/or DIP-chip",,6,9.155,CCCCAC,"[0.0, 0.0, 0.0, 1.0, 41.0, 0.0]","[100.0, 99.0, 100.0, 99.0, 0.0, 98.0]","[0.0, 0.0, 0.0, 0.0, 31.0, 1.0]","[0.0, 1.0, 0.0, 0.0, 28.0, 1.0]","[-5.0112, -5.0112, -5.0112, -3.8413, 0.6961, -5.0112]","[1.9661, 1.9517, 1.9661, 1.9517, -5.0112, 1.9371]","[-5.0112, -5.0112, -5.0112, -5.0112, 0.3017, -3.8413]","[-5.0112, -3.8413, -5.0112, -5.0112, 0.1587, -3.8413]",https://jaspar.elixir.no/matrix/MA0425.2/
MA0426.1,YHP1,CORE,Homeo domain factors,,fungi,Saccharomyces cerevisiae,4932,ChIP-chip,,6,11.3405,TAATTG,"[0.0, 203.0, 203.0, 0.0, 0.0, 0.0]","[0.0, 0.0, 0.0, 0.0, 0.0, 0.0]","[0.0, 0.0, 0.0, 0.0, 0.0, 203.0]","[203.0, 0.0, 0.0, 203.0, 203.0, 0.0]","[-6.0098, 1.9831, 1.9831, -6.0098, -6.0098, -6.0098]","[-6.0098, -6.0098, -6.0098, -6.0098, -6.0098, -6.0098]","[-6.0098, -6.0098, -6.0098, -6.0098, -6.0098, 1.9831]","[1.9831, -6.0098, -6.0098, 1.9831, 1.9831, -6.0098]",https://jaspar.elixir.no/matrix/MA0426.1/
MA0428.2,YKL222C,CORE,C6 zinc cluster factors,,fungi,Saccharomyces cerevisiae,4932,"PBM, CSA and/or DIP-chip",,8,9.4191,ACGGAAAT,"[69.0, 0.0, 0.0, 0.0, 92.0, 52.0, 65.0, 10.0]","[10.0, 100.0, 0.0, 0.0, 0.0, 2.0, 6.0, 10.0]","[19.0, 0.0, 100.0, 100.0, 8.0, 44.0, 6.0, 10.0]","[2.0, 0.0, 0.0, 0.0, 0.0, 2.0, 23.0, 69.0]","[1.4359, -5.0112, -5.0112, -5.0112, 1.8468, 1.0332, 1.3507, -1.2423]","[-1.2563, 1.9661, -5.0112, -5.0112, -5.0112, -3.2039, -1.9238, -1.2423]","[-0.3819, -5.0112, 1.9661, 1.9661, -1.5518, 0.7961, -1.9238, -1.2423]","[-3.2039, -5.0112, -5.0112, -5.0112, -5.0112, -3.2039, -0.1164, 1.4499]",https://jaspar.elixir.no/matrix/MA0428.2/
MA0429.1,YLL054C,CORE,C6 zinc cluster factors,,fungi,Saccharomyces cerevisiae,4932,"PBM, CSA and/or DIP-chip",,7,7.7854,CGGCCGA,"[0.0, 0.0, 0.0, 21.0, 9.0, 13.0, 56.0]","[100.0, 0.0, 0.0, 64.0, 66.0, 5.0, 14.0]","[0.0, 100.0, 100.0, 14.0, 16.0, 77.0, 7.0]","[0.0, 0.0, 0.0, 0.0, 9.0, 5.0, 21.0]","[-5.0112, -5.0112, -5.0112, -0.229, -1.3965, -0.9027, 1.1668]","[1.9661, -5.0112, -5.0112, 1.3427, 1.3725, -2.1532, -0.7735]","[-5.0112, 1.9661, 1.9661, -0.7877, -0.6189, 1.5924, -1.6976]","[-5.0112, -5.0112, -5.0112, -4.9972, -1.3965, -2.1532, -0.2148]",https://jaspar.elixir.no/matrix/MA0429.1/
MA0430.2,YLR278C,CORE,C6 zinc cluster factors,,fungi,Saccharomyces cerevisiae,4932,"PBM, CSA and/or DIP-chip",,7,9.452,CGGAGTT,"[0.0, 0.0, 0.0, 96.0, 4.0, 23.0, 27.0]","[100.0, 0.0, 0.0, 0.0, 14.0, 2.0, 5.0]","[0.0, 100.0, 100.0, 4.0, 82.0, 5.0, 5.0]","[0.0, 0.0, 0.0, 0.0, 0.0, 70.0, 63.0]","[-5.0112, -5.0112, -5.0112, 1.9076, -2.4263, -0.1164, 0.1077]","[1.9661, -5.0112, -5.0112, -5.0112, -0.8018, -3.2039, -2.1532]","[-5.0112, 1.9661, 1.9661, -2.4263, 1.6823, -2.1532, -2.1532]","[-5.0112, -5.0112, -5.0112, -5.0112, -5.0112, 1.4564, 1.3062]",https://jaspar.elixir.no/matrix/MA0430.2/
MA0432.1,YNR063W,CORE,C6 zinc cluster factors,,fungi,Saccharomyces cerevisiae,4932,"PBM, CSA and/or DIP-chip",,8,10.8374,TCGGAGAT,"[8.0, 0.0, 0.0, 0.0, 100.0, 10.0, 90.0, 33.0]","[8.0, 100.0, 0.0, 0.0, 0.0, 0.0, 0.0, 3.0]","[18.0, 0.0, 100.0, 100.0, 0.0, 80.0, 0.0, 3.0]","[68.0, 0.0, 0.0, 0.0, 0.0, 10.0, 10.0, 63.0]","[-1.5795, -5.0112, -5.0112, -5.0112, 1.9661, -1.2563, 1.8153, 0.362]","[-1.5795, 1.9661, -5.0112, -5.0112, -5.0112, -5.0112, -5.0112, -2.791]","[-0.4843, -5.0112, 1.9661, 1.9661, -5.0112, 1.647, -5.0112, -2.791]","[1.3873, -5.0112, -5.0112, -5.0112, -5.0112, -1.2563, -1.2563, 1.2785]",https://jaspar.elixir.no/matrix/MA0432.1/
MA0433.2,YOX1,CORE,Homeo domain factors,,fungi,Saccharomyces cerevisiae,4932,"PBM, CSA and/or DIP-chip",,7,10.2314,TTAATTA,"[1.0, 0.0, 100.0, 100.0, 0.0, 0.0, 62.0]","[25.0, 0.0, 0.0, 0.0, 0.0, 0.0, 3.0]","[7.0, 0.0, 0.0, 0.0, 0.0, 0.0, 15.0]","[66.0, 100.0, 0.0, 0.0, 100.0, 100.0, 21.0]","[-3.8273, -5.0112, 1.9661, 1.9661, -5.0112, -5.0112, 1.2695]","[0.014, -5.0112, -5.0112, -5.0112, -5.0112, -5.0112, -2.7772]","[-1.7118, -5.0112, -5.0112, -5.0112, -5.0112, -5.0112, -0.7214]","[1.3865, 1.9661, -5.0112, -5.0112, 1.9661, 1.9661, -0.257]",https://jaspar.elixir.no/matrix/MA0433.2/
MA0434.2,YPR013C,CORE,C2H2 zinc finger factors,Other factors with up to three adjacent zinc fingers,fungi,Saccharomyces cerevisiae,4932,"PBM, CSA and/or DIP-chip",,7,9.4853,GTAGATC,"[0.0, 9.0, 63.0, 40.0, 100.0, 0.0, 0.0]","[0.0, 26.0, 26.0, 0.0, 0.0, 0.0, 100.0]","[100.0, 0.0, 0.0, 60.0, 0.0, 0.0, 0.0]","[0.0, 65.0, 11.0, 0.0, 0.0, 100.0, 0.0]","[-5.0112, -1.3965, 1.3062, 0.6612, 1.9661, -5.0112, -5.0112]","[-5.0112, 0.0549, 0.0549, -5.0112, -5.0112, -5.0112, 1.9661]","[1.9661, -5.0112, -5.0112, 1.2367, -5.0112, -5.0112, -5.0112]","[-5.0112, 1.3507, -1.1286, -5.0112, -5.0112, 1.9661, -5.0112]",https://jaspar.elixir.no/matrix/MA0434.2/
MA0435.2,YPR015C,CORE,C2H2 zinc finger factors,Other factors with up to three adjacent zinc fingers,fungi,Saccharomyces cerevisiae,4932,PBM,,11,15.1063,ACGTAAATCCT,"[552.0, 16.0, 4.0, 2.0, 983.0, 884.0, 986.0, 5.0, 4.0, 326.0, 86.0]","[169.0, 747.0, 4.0, 16.0, 7.0, 1.0, 2.0, 2.0, 983.0, 575.0, 221.0]","[240.0, 17.0, 988.0, 3.0, 3.0, 109.0, 4.0, 2.0, 1.0, 55.0, 77.0]","[37.0, 218.0, 2.0, 978.0, 5.0, 4.0, 6.0, 989.0, 9.0, 43.0, 613.0]","[1.1431, -3.8971, -5.7045, -6.4835, 1.9747, 1.8217, 1.9791, -5.4315, -5.703, 0.3833, -1.5264]","[-0.5598, 1.579, -5.7045, -3.8986, -5.004, -7.1195, -6.4821, -6.4821, 1.9761, 1.2005, -0.173]","[-0.0558, -3.8137, 1.982, -6.043, -6.0415, -1.1888, -5.7045, -6.4821, -7.1181, -2.1668, -1.6844]","[-2.7272, -0.194, -6.4821, 1.9659, -5.4315, -5.7045, -5.202, 1.9835, -4.6733, -2.5161, 1.2956]",https://jaspar.elixir.no/matrix/MA0435.2/
MA0436.2,YPR022C,CORE,C2H2 zinc finger factors,Other factors with up to three adjacent zinc fingers,fungi,Saccharomyces cerevisiae,4932,"PBM, CSA and/or DIP-chip",,6,9.6771,CCCCAC,"[15.0, 0.0, 0.0, 0.0, 100.0, 0.0]","[66.0, 100.0, 100.0, 100.0, 0.0, 100.0]","[0.0, 0.0, 0.0, 0.0, 0.0, 0.0]","[20.0, 0.0, 0.0, 0.0, 0.0, 0.0]","[-0.7214, -5.0112, -5.0112, -5.0112, 1.9661, -5.0112]","[1.3586, 1.9661, 1.9661, 1.9661, -5.0112, 1.9661]","[-5.0251, -5.0112, -5.0112, -5.0112, -5.0112, -5.0112]","[-0.3247, -5.0112, -5.0112, -5.0112, -5.0112, -5.0112]",https://jaspar.elixir.no/matrix/MA0436.2/
MA0437.1,YPR196W,CORE,C6 zinc cluster factors,,fungi,Saccharomyces cerevisiae,4932,"PBM, CSA and/or DIP-chip",,9,8.7464,ATTTCTCCG,"[61.0, 32.0, 17.0, 24.0, 17.0, 12.0, 0.0, 0.0, 3.0]","[0.0, 0.0, 0.0, 4.0, 44.0, 32.0, 93.0, 100.0, 0.0]","[26.0, 0.0, 0.0, 2.0, 11.0, 7.0, 7.0, 0.0, 93.0]","[13.0, 68.0, 83.0, 69.0, 28.0, 49.0, 0.0, 0.0, 5.0]","[1.2602, 0.3463, -0.5355, -0.043, -0.5355, -1.0112, -5.0112, -5.0112, -2.7772]","[-5.0112, -5.0112, -5.0112, -2.4122, 0.7961, 0.3463, 1.8622, 1.9661, -5.0251]","[0.0549, -5.0112, -5.0112, -3.1898, -1.1286, -1.7258, -1.7258, -5.0112, 1.8483]","[-0.9027, 1.415, 1.6996, 1.4499, 0.1587, 0.9488, -5.0112, -5.0112, -2.1672]",https://jaspar.elixir.no/matrix/MA0437.1/
MA0438.2,YRM1,CORE,C6 zinc cluster factors,,fungi,Saccharomyces cerevisiae,4932,"PBM, CSA and/or DIP-chip",,7,9.4904,CGGAAAT,"[2.0, 0.0, 0.0, 100.0, 60.0, 93.0, 12.0]","[94.0, 0.0, 0.0, 0.0, 12.0, 1.0, 8.0]","[2.0, 100.0, 100.0, 0.0, 16.0, 1.0, 4.0]","[2.0, 0.0, 0.0, 0.0, 12.0, 5.0, 76.0]","[-3.2039, -5.0112, -5.0112, 1.9661, 1.2367, 1.8622, -1.0112]","[1.8775, -5.0112, -5.0112, -5.0112, -1.0112, -3.8413, -1.5518]","[-3.2039, 1.9661, 1.9661, -5.0112, -0.6189, -3.8413, -2.4263]","[-3.2039, -5.0112, -5.0112, -5.0112, -1.0112, -2.1532, 1.5737]",https://jaspar.elixir.no/matrix/MA0438.2/
MA0439.2,YRR1,CORE,C6 zinc cluster factors,,fungi,Saccharomyces cerevisiae,4932,"PBM, CSA and/or DIP-chip",,10,9.037,TTATCTCCGC,"[16.0, 22.0, 89.0, 19.0, 28.0, 4.0, 0.0, 0.0, 3.0, 6.0]","[16.0, 8.0, 1.0, 9.0, 33.0, 22.0, 100.0, 100.0, 0.0, 41.0]","[10.0, 4.0, 2.0, 4.0, 8.0, 7.0, 0.0, 0.0, 95.0, 14.0]","[57.0, 66.0, 8.0, 68.0, 32.0, 68.0, 0.0, 0.0, 2.0, 39.0]","[-0.6049, -0.1783, 1.7993, -0.3819, 0.1448, -2.4402, -5.0112, -5.0112, -2.7633, -1.9238]","[-0.6049, -1.5518, -3.8413, -1.3965, 0.3757, -0.1922, 1.9661, 1.9661, -5.0112, 0.6961]","[-1.2423, -2.4263, -3.2039, -2.4263, -1.5657, -1.7397, -5.0112, -5.0112, 1.8927, -0.8018]","[1.1777, 1.3725, -1.5518, 1.415, 0.3324, 1.4011, -5.0112, -5.0112, -3.2039, 0.6254]",https://jaspar.elixir.no/matrix/MA0439.2/
MA0440.1,ZAP1,CORE,C2H2 zinc finger factors,Factors with multiple dispersed zinc fingers,fungi,Saccharomyces cerevisiae,4932,ChIP-chip,,15,20.8553,ACCTTAAAGGTCATG,"[169.0, 0.0, 0.0, 0.0, 0.0, 107.0, 169.0, 119.0, 0.0, 0.0, 0.0, 21.0, 119.0, 9.0, 46.0]","[0.0, 279.0, 279.0, 97.0, 0.0, 77.0, 0.0, 17.0, 0.0, 0.0, 0.0, 97.0, 0.0, 17.0, 0.0]","[0.0, 0.0, 0.0, 0.0, 0.0, 17.0, 0.0, 57.0, 279.0, 279.0, 0.0, 37.0, 57.0, 0.0, 198.0]","[0.0, 0.0, 0.0, 107.0, 169.0, 0.0, 0.0, 0.0, 0.0, 0.0, 169.0, 58.0, 9.0, 145.0, 0.0]","[1.9798, -6.4625, -6.4625, -6.0168, -5.7499, 1.0784, 1.9798, 1.2883, -6.4625, -6.4625, -5.7499, -1.31, 1.3484, -2.1518, -0.4011]","[-5.7499, 1.9877, 1.9877, 0.9169, -5.7499, 0.6079, -5.7499, -1.4624, -6.4625, -6.4625, -5.7499, 0.8555, -5.8781, -1.2908, -6.2715]","[-5.7499, -6.4625, -6.4625, -6.0168, -5.7499, -1.52, -5.7499, 0.2368, 1.9877, 1.9877, -5.7499, -0.5159, 0.2969, -5.7665, 1.6856]","[-5.7499, -6.4625, -6.4625, 1.0573, 1.9798, -5.9958, -5.7499, -5.9381, -6.4625, -6.4625, 1.9798, 0.1215, -2.2633, 1.7432, -6.2715]",https://jaspar.elixir.no/matrix/MA0440.1/
MA0441.2,ZMS1,CORE,C2H2 zinc finger factors,Other factors with up to three adjacent zinc fingers,fungi,Saccharomyces cerevisiae,4932,"PBM, CSA and/or DIP-chip",,7,8.9476,CCCCGCA,"[0.0, 0.0, 0.0, 0.0, 19.0, 5.0, 50.0]","[100.0, 100.0, 100.0, 100.0, 4.0, 85.0, 10.0]","[0.0, 0.0, 0.0, 0.0, 54.0, 5.0, 10.0]","[0.0, 0.0, 0.0, 0.0, 24.0, 5.0, 30.0]","[-5.0112, -5.0112, -5.0112, -5.0112, -0.3958, -2.1532, 0.9775]","[1.9661, 1.9661, 1.9661, 1.9661, -2.4402, 1.7336, -1.2563]","[-5.0112, -5.0112, -5.0112, -5.0112, 1.0729, -2.1532, -1.2563]","[-5.0112, -5.0112, -5.0112, -5.0112, -0.0709, -2.1532, 0.2556]",https://jaspar.elixir.no/matrix/MA0441.2/
