gene_id,gene_name,full_name,qualifier,go_id,evidence,go_aspect,synonyms,date,assigned_by
S000007253,MBF1,Transcriptional coactivator,involved_in,GO:0045944,IDA,P,YOR298C-A|SUF13|multiprotein-bridging factor 1,20021105,SGD
S000006169,GAL4,DNA-binding transcription factor required for activating GAL genes,involved_in,GO:0006355,IEA,P,YPL248C|GAL81|galactose-responsive transcription factor GAL4,20210410,InterPro
S000006169,GAL4,DNA-binding transcription factor required for activating GAL genes,involved_in,GO:0006355,IEA,P,YPL248C|GAL81|galactose-responsive transcription factor GAL4,20210410,InterPro
S000004000,TEN1,Protein that regulates telomeric length,involved_in,GO:0006357,IMP,P,YLR010C,20200207,SGD
S000000364,CDC28,Cyclin-dependent kinase (CDK) catalytic subunit,involved_in,GO:0045944,IMP,P,YBR160W|CDK1|HSL5|SRM5|cyclin-dependent serine/threonine-protein kinase CDC28,20121210,SGD
S000006227,EAF3,Component of the Rpd3S histone deacetylase complex,involved_in,GO:0006355,IEA,P,YPR023C,20210410,InterPro
S000002632,HTB1,Histone H2B,involved_in,GO:0000122,IMP,P,YDR224C|SPT12|histone H2B,20070604,SGD
S000005733,RET1,Second-largest subunit of RNA polymerase III,involved_in,GO:0006351,IEA,P,YOR207C|PDS2|RPC2|RPC128|C128|DNA-directed RNA polymerase III core subunit RET1,20210410,InterPro
S000005733,RET1,Second-largest subunit of RNA polymerase III,involved_in,GO:0006351,IEA,P,YOR207C|PDS2|RPC2|RPC128|C128|DNA-directed RNA polymerase III core subunit RET1,20210410,InterPro
S000005733,RET1,Second-largest subunit of RNA polymerase III,involved_in,GO:0006351,IEA,P,YOR207C|PDS2|RPC2|RPC128|C128|DNA-directed RNA polymerase III core subunit RET1,20210410,InterPro
S000005733,RET1,Second-largest subunit of RNA polymerase III,involved_in,GO:0006351,IEA,P,YOR207C|PDS2|RPC2|RPC128|C128|DNA-directed RNA polymerase III core subunit RET1,20210410,InterPro
S000005733,RET1,Second-largest subunit of RNA polymerase III,involved_in,GO:0006351,IEA,P,YOR207C|PDS2|RPC2|RPC128|C128|DNA-directed RNA polymerase III core subunit RET1,20210410,InterPro
S000005733,RET1,Second-largest subunit of RNA polymerase III,involved_in,GO:0006351,IEA,P,YOR207C|PDS2|RPC2|RPC128|C128|DNA-directed RNA polymerase III core subunit RET1,20210410,InterPro
S000005733,RET1,Second-largest subunit of RNA polymerase III,involved_in,GO:0006351,IEA,P,YOR207C|PDS2|RPC2|RPC128|C128|DNA-directed RNA polymerase III core subunit RET1,20210410,InterPro
S000005733,RET1,Second-largest subunit of RNA polymerase III,involved_in,GO:0006351,IEA,P,YOR207C|PDS2|RPC2|RPC128|C128|DNA-directed RNA polymerase III core subunit RET1,20210410,InterPro
S000005733,RET1,Second-largest subunit of RNA polymerase III,involved_in,GO:0006351,IEA,P,YOR207C|PDS2|RPC2|RPC128|C128|DNA-directed RNA polymerase III core subunit RET1,20210410,InterPro
S000005733,RET1,Second-largest subunit of RNA polymerase III,involved_in,GO:0006351,IEA,P,YOR207C|PDS2|RPC2|RPC128|C128|DNA-directed RNA polymerase III core subunit RET1,20210410,InterPro
S000005733,RET1,Second-largest subunit of RNA polymerase III,involved_in,GO:0006351,IEA,P,YOR207C|PDS2|RPC2|RPC128|C128|DNA-directed RNA polymerase III core subunit RET1,20210410,InterPro
S000000735,GCN4,bZIP transcriptional activator of amino acid biosynthetic genes,enables,GO:0003700,IDA,F,YEL009C|AAS3|ARG9|AAS101|amino acid starvation-responsive transcription factor GCN4,20111114,SGD
S000000735,GCN4,bZIP transcriptional activator of amino acid biosynthetic genes,enables,GO:0003700,IMP,F,YEL009C|AAS3|ARG9|AAS101|amino acid starvation-responsive transcription factor GCN4,20111114,SGD
S000000735,GCN4,bZIP transcriptional activator of amino acid biosynthetic genes,involved_in,GO:0000122,IMP,P,YEL009C|AAS3|ARG9|AAS101|amino acid starvation-responsive transcription factor GCN4,20100326,SGD
S000000735,GCN4,bZIP transcriptional activator of amino acid biosynthetic genes,involved_in,GO:0000122,IMP,P,YEL009C|AAS3|ARG9|AAS101|amino acid starvation-responsive transcription factor GCN4,20160426,SGD
S000001873,GAT1,Transcriptional activator of nitrogen catabolite repression genes,enables,GO:0003700,IEA,F,YFL021W|NIL1|MEP80,20210410,InterPro
S000001627,RPC25,RNA polymerase III subunit C25,involved_in,GO:0006351,IEA,P,YKL144C|YKL1|C25|DNA-directed RNA polymerase III subunit RPC25,20210410,InterPro
S000001627,RPC25,RNA polymerase III subunit C25,involved_in,GO:0006351,IEA,P,YKL144C|YKL1|C25|DNA-directed RNA polymerase III subunit RPC25,20210410,InterPro
S000002299,RPO21,RNA polymerase II largest subunit B220,involved_in,GO:0006366,IMP,P,YDL140C|RPB1|RPB220|SUA8|B220|DNA-directed RNA polymerase II core subunit RPO21|SIT1,20100119,SGD
S000004515,GAL80,Transcriptional regulator involved in the repression of GAL genes,involved_in,GO:0000122,IMP,P,YML051W|transcription regulator GAL80,20110622,SGD
S000005366,TOP1,Topoisomerase I,involved_in,GO:0006357,IMP,P,YOL006C|MAK1|MAK17|DNA topoisomerase 1,20010118,SGD
S000002633,HTA1,Histone H2A,involved_in,GO:0000122,IMP,P,YDR225W|H2A1|SPT11|histone H2A,20070604,SGD
S000003026,RAD6,Ubiquitin-conjugating enzyme (E2),involved_in,GO:0006366,IPI,P,YGL058W|PSO8|UBC2|E2 ubiquitin-conjugating protein RAD6,20091111,SGD
S000004646,MCM1,Transcription factor,involved_in,GO:0000122,IMP,P,YMR043W|FUN80|transcription factor MCM1,20200212,SGD
S000004646,MCM1,Transcription factor,involved_in,GO:0045944,IDA,P,YMR043W|FUN80|transcription factor MCM1,20200212,SGD
S000004646,MCM1,Transcription factor,involved_in,GO:0045944,IMP,P,YMR043W|FUN80|transcription factor MCM1,20200212,SGD
S000004646,MCM1,Transcription factor,involved_in,GO:0045944,IMP,P,YMR043W|FUN80|transcription factor MCM1,20200212,SGD
S000004646,MCM1,Transcription factor,involved_in,GO:0045944,IMP,P,YMR043W|FUN80|transcription factor MCM1,20200212,SGD
S000005111,SKO1,Basic leucine zipper transcription factor of the ATF/CREB family,enables,GO:0003700,IEA,F,YNL167C|ACR1,20210410,InterPro
S000000316,CYC8,General transcriptional co-repressor,involved_in,GO:0000122,IMP,P,YBR112C|[OCT1+]|[OCT]|CRT8|SSN6|transcription regulator CYC8,20200213,SGD
S000000680,TUP1,"General repressor of transcription, forms complex with Cyc8p",involved_in,GO:0000122,IMP,P,YCR084C|AAR1|AER2|AMM1|CRT4|CYC9|FLK1|ROX4|SFL2|UMR7|chromatin-silencing transcriptional regulator TUP1,20200213,SGD
S000002266,KIN28,"Ser/Thr protein kinase and subunit of TFIIK, a TFIIH subassembly",involved_in,GO:0006366,IDA,P,YDL108W|TFIIH complex serine/threonine-protein kinase subunit KIN28,20100519,SGD
S000002266,KIN28,"Ser/Thr protein kinase and subunit of TFIIK, a TFIIH subassembly",involved_in,GO:0006366,IMP,P,YDL108W|TFIIH complex serine/threonine-protein kinase subunit KIN28,20100601,SGD
S000002266,KIN28,"Ser/Thr protein kinase and subunit of TFIIK, a TFIIH subassembly",involved_in,GO:0006366,IMP,P,YDL108W|TFIIH complex serine/threonine-protein kinase subunit KIN28,20100601,SGD
S000002266,KIN28,"Ser/Thr protein kinase and subunit of TFIIK, a TFIIH subassembly",involved_in,GO:0045944,IDA,P,YDL108W|TFIIH complex serine/threonine-protein kinase subunit KIN28,20110207,SGD
S000005666,SFL1,Transcriptional repressor and activator,involved_in,GO:0000122,IMP,P,YOR140W,20200213,SGD
S000000911,FLO8,Transcription factor,involved_in,GO:0045944,IMP,P,YER109C|PHD5|YER108C|STA10|transcription factor FLO8,20200212,SGD
S000000911,FLO8,Transcription factor,involved_in,GO:0045944,IDA,P,YER109C|PHD5|YER108C|STA10|transcription factor FLO8,20200212,SGD
S000000911,FLO8,Transcription factor,involved_in,GO:0045944,IMP,P,YER109C|PHD5|YER108C|STA10|transcription factor FLO8,20200212,SGD
S000006098,CUP9,Homeodomain-containing transcriptional repressor,involved_in,GO:0000122,IMP,P,YPL177C,20200213,SGD
S000006098,CUP9,Homeodomain-containing transcriptional repressor,involved_in,GO:0000122,IMP,P,YPL177C,20200213,SGD
S000006098,CUP9,Homeodomain-containing transcriptional repressor,involved_in,GO:0000122,IMP,P,YPL177C,20200213,SGD
S000006098,CUP9,Homeodomain-containing transcriptional repressor,involved_in,GO:0000122,IMP,P,YPL177C,20200213,SGD
S000006098,CUP9,Homeodomain-containing transcriptional repressor,involved_in,GO:0000122,IMP,P,YPL177C,20200213,SGD
S000005242,CLA4,Cdc42p-activated signal transducing kinase,involved_in,GO:0000122,IMP,P,YNL298W|ERC10|serine/threonine protein kinase CLA4,20200212,SGD
S000006308,FHL1,Regulator of ribosomal protein (RP) transcription,involved_in,GO:0006355,IEA,P,YPR104C|SPP42,20210410,InterPro
S000006308,FHL1,Regulator of ribosomal protein (RP) transcription,involved_in,GO:0006355,IEA,P,YPR104C|SPP42,20210410,InterPro
S000006308,FHL1,Regulator of ribosomal protein (RP) transcription,involved_in,GO:0006355,IEA,P,YPR104C|SPP42,20210410,InterPro
S000003130,SUT1,Zn(II)2Cys6 family transcription factor,involved_in,GO:0000122,IMP,P,YGL162W,20200212,SGD
S000003130,SUT1,Zn(II)2Cys6 family transcription factor,involved_in,GO:0045944,IMP,P,YGL162W,20200212,SGD
S000000973,RAD3,5' to 3' DNA helicase,involved_in,GO:0006366,IDA,P,YER171W|REM1|TFIIH/NER complex ATP-dependent 5'-3' DNA helicase subunit RAD3,20100519,SGD
S000000963,SPT2,Protein involved in negative regulation of transcription,involved_in,GO:0000122,IMP,P,YER161C|EXA1|SIN1,20070604,SGD
S000000999,STE20,Cdc42p-activated signal transducing kinase,involved_in,GO:0000122,IMP,P,YHL007C|mitogen-activated protein kinase kinase kinase kinase STE20,20200212,SGD
S000002800,SPT3,Subunit of the SAGA and SAGA-like transcriptional regulatory complexes,involved_in,GO:0006366,IMP,P,YDR392W|transcriptional regulator SPT3,20080204,SGD
S000002667,YAP6,Basic leucine zipper (bZIP) transcription factor,enables,GO:0003700,IEA,F,YDR259C|HAL7,20210410,InterPro
S000004218,ECM22,Sterol regulatory element binding protein,involved_in,GO:0045944,IGI,P,YLR228C,20200212,SGD
S000004218,ECM22,Sterol regulatory element binding protein,involved_in,GO:0045944,IMP,P,YLR228C,20200212,SGD
S000004218,ECM22,Sterol regulatory element binding protein,involved_in,GO:0045944,IMP,P,YLR228C,20200212,SGD
S000004645,ARG80,Transcription factor involved in regulating arginine-responsive genes,involved_in,GO:0045944,IMP,P,YMR042W|ARGRI|ARGR1,20141028,SGD
S000002580,ARG82,Inositol polyphosphate multikinase (IPMK),involved_in,GO:0000122,IMP,P,YDR173C|ARGRIII|ARGR3|IPK2|inositol polyphosphate multikinase,20071219,SGD
S000002580,ARG82,Inositol polyphosphate multikinase (IPMK),involved_in,GO:0045944,IMP,P,YDR173C|ARGRIII|ARGR3|IPK2|inositol polyphosphate multikinase,20071219,SGD
S000002621,UPC2,Sterol regulatory element binding protein,involved_in,GO:0045944,IMP,P,YDR213W|MOX4,20200212,SGD
S000002621,UPC2,Sterol regulatory element binding protein,involved_in,GO:0045944,IMP,P,YDR213W|MOX4,20200212,SGD
S000002621,UPC2,Sterol regulatory element binding protein,involved_in,GO:0045944,IMP,P,YDR213W|MOX4,20200212,SGD
S000006213,SUT2,Zn2Cys6 family transcription factor,involved_in,GO:0000122,IMP,P,YPR009W,20200212,SGD
S000006213,SUT2,Zn2Cys6 family transcription factor,involved_in,GO:0045944,IMP,P,YPR009W,20200212,SGD
S000005996,GCR1,Transcriptional activator of genes involved in glycolysis,involved_in,GO:0045944,IMP,P,YPL075W|LPF10|SIT3|transcription regulator GCR1,20030402,SGD
S000005996,GCR1,Transcriptional activator of genes involved in glycolysis,involved_in,GO:0045944,IMP,P,YPL075W|LPF10|SIT3|transcription regulator GCR1,20110620,SGD
S000005996,GCR1,Transcriptional activator of genes involved in glycolysis,involved_in,GO:0045944,IMP,P,YPL075W|LPF10|SIT3|transcription regulator GCR1,20110620,SGD
S000005473,SKM1,Member of the PAK family of serine/threonine protein kinases,involved_in,GO:0000122,IMP,P,YOL113W|putative serine/threonine protein kinase SKM1,20200212,SGD
S000002264,PHO2,Homeobox transcription factor,involved_in,GO:0045944,IMP,P,YDL106C|phoB|BAS2|GRF10,20100125,SGD
S000002264,PHO2,Homeobox transcription factor,involved_in,GO:0045944,IGI,P,YDL106C|phoB|BAS2|GRF10,20100125,SGD
S000002264,PHO2,Homeobox transcription factor,involved_in,GO:0045944,IMP,P,YDL106C|phoB|BAS2|GRF10,20100125,SGD
S000002264,PHO2,Homeobox transcription factor,involved_in,GO:0045944,IGI,P,YDL106C|phoB|BAS2|GRF10,20100125,SGD
S000001930,PHO4,Basic helix-loop-helix (bHLH) transcription factor of the myc-family,enables,GO:0003700,IMP,F,YFR034C|phoD|phosphate-sensing transcription factor PHO4,20160113,SGD
S000001930,PHO4,Basic helix-loop-helix (bHLH) transcription factor of the myc-family,involved_in,GO:0045944,IMP,P,YFR034C|phoD|phosphate-sensing transcription factor PHO4,20160113,SGD
S000001930,PHO4,Basic helix-loop-helix (bHLH) transcription factor of the myc-family,involved_in,GO:0045944,IGI,P,YFR034C|phoD|phosphate-sensing transcription factor PHO4,20160113,SGD
S000001930,PHO4,Basic helix-loop-helix (bHLH) transcription factor of the myc-family,involved_in,GO:0045944,IMP,P,YFR034C|phoD|phosphate-sensing transcription factor PHO4,20160113,SGD
S000004004,PPR1,Zinc finger transcription factor,involved_in,GO:0045944,IDA,P,YLR014C,20120201,SGD
S000003490,RAD2,Single-stranded DNA endonuclease,involved_in,GO:0006366,IGI,P,YGR258C|ssDNA endodeoxyribonuclease RAD2,20071019,SGD
S000003490,RAD2,Single-stranded DNA endonuclease,involved_in,GO:0006366,IGI,P,YGR258C|ssDNA endodeoxyribonuclease RAD2,20071019,SGD
S000006400,YPR196W,Putative maltose-responsive transcription factor,involved_in,GO:0006355,IEA,P,YPR196W|putative maltose-responsive transcription factor,20210410,InterPro
S000006400,YPR196W,Putative maltose-responsive transcription factor,involved_in,GO:0006355,IEA,P,YPR196W|putative maltose-responsive transcription factor,20210410,InterPro
S000006400,YPR196W,Putative maltose-responsive transcription factor,involved_in,GO:0006355,IEA,P,YPR196W|putative maltose-responsive transcription factor,20210410,InterPro
S000005677,RPB2,RNA polymerase II second largest subunit B150,involved_in,GO:0006366,IMP,P,YOR151C|B150|RPB150|RPO22|SIT2|SOH2|DNA-directed RNA polymerase II core subunit RPB2,20090512,SGD
S000004443,LEU3,"Zinc-knuckle transcription factor, repressor and activator",involved_in,GO:0000122,IDA,P,YLR451W|leucine-responsive transcriptional regulator LEU3,20160107,SGD
S000004443,LEU3,"Zinc-knuckle transcription factor, repressor and activator",involved_in,GO:0045944,IDA,P,YLR451W|leucine-responsive transcriptional regulator LEU3,20160107,SGD
S000004443,LEU3,"Zinc-knuckle transcription factor, repressor and activator",involved_in,GO:0045944,IDA,P,YLR451W|leucine-responsive transcriptional regulator LEU3,20111213,SGD
S000004443,LEU3,"Zinc-knuckle transcription factor, repressor and activator",involved_in,GO:0045944,IMP,P,YLR451W|leucine-responsive transcriptional regulator LEU3,20111213,SGD
S000000703,RDS1,Putative zinc cluster transcription factor,involved_in,GO:0006355,IEA,P,YCR106W,20210410,InterPro
S000000703,RDS1,Putative zinc cluster transcription factor,involved_in,GO:0006355,IEA,P,YCR106W,20210410,InterPro
S000005937,SWI1,Subunit of the SWI/SNF chromatin remodeling complex,involved_in,GO:0045944,IMP,P,YPL016W|ADR6|GAM3|LPA1|[SWI+]|[SWI(+)],20120215,SGD
S000005937,SWI1,Subunit of the SWI/SNF chromatin remodeling complex,involved_in,GO:0045944,IMP,P,YPL016W|ADR6|GAM3|LPA1|[SWI+]|[SWI(+)],20120214,SGD
S000005937,SWI1,Subunit of the SWI/SNF chromatin remodeling complex,involved_in,GO:0045944,IMP,P,YPL016W|ADR6|GAM3|LPA1|[SWI+]|[SWI(+)],20120214,SGD
S000004172,SWI6,Transcription cofactor,involved_in,GO:0045944,IDA,P,YLR182W|PSL8|SDS11|transcriptional regulator SWI6,20120216,SGD
S000005449,HAL9,Putative transcription factor containing a zinc finger,involved_in,GO:0006351,IEA,P,YOL089C,20210410,InterPro
S000000636,MATALPHA1,Transcriptional co-activator that regulates mating-type-specific genes,involved_in,GO:0006357,IMP,P,YCR040W|ALPHA1|transcriptional co-activator mating type protein alpha,20090421,SGD
S000000571,HMLALPHA1,Silenced copy of ALPHA1 at HML,involved_in,GO:0006357,ISA,P,YCL066W|ALPHA1|transcriptional co-activator mating type protein alpha,20130429,SGD
S000000635,MATALPHA2,Homeobox-domain protein,enables,GO:0001227,IDA,F,YCR039C|ALPHA2|homeodomain mating type protein alpha2,20130326,SGD
S000000572,HMLALPHA2,Silenced copy of ALPHA2 at HML,enables,GO:0001227,ISA,F,YCL067C|ALPHA2|homeodomain mating type protein alpha2,20130429,SGD
S000003041,HSF1,Trimeric heat shock transcription factor,enables,GO:0003700,IDA,F,YGL073W|EXA3|MAS3|stress-responsive transcription factor HSF1,20010118,SGD
S000003041,HSF1,Trimeric heat shock transcription factor,involved_in,GO:0006357,IDA,P,YGL073W|EXA3|MAS3|stress-responsive transcription factor HSF1,20030321,SGD
S000003041,HSF1,Trimeric heat shock transcription factor,involved_in,GO:0045944,IMP,P,YGL073W|EXA3|MAS3|stress-responsive transcription factor HSF1,20160822,SGD
S000003041,HSF1,Trimeric heat shock transcription factor,involved_in,GO:0045944,IMP,P,YGL073W|EXA3|MAS3|stress-responsive transcription factor HSF1,20160822,SGD
S000003041,HSF1,Trimeric heat shock transcription factor,involved_in,GO:0045944,IMP,P,YGL073W|EXA3|MAS3|stress-responsive transcription factor HSF1,20160822,SGD
S000003041,HSF1,Trimeric heat shock transcription factor,involved_in,GO:0045944,IMP,P,YGL073W|EXA3|MAS3|stress-responsive transcription factor HSF1,20160822,SGD
S000003041,HSF1,Trimeric heat shock transcription factor,involved_in,GO:0045944,IMP,P,YGL073W|EXA3|MAS3|stress-responsive transcription factor HSF1,20160822,SGD
S000003041,HSF1,Trimeric heat shock transcription factor,involved_in,GO:0045944,IMP,P,YGL073W|EXA3|MAS3|stress-responsive transcription factor HSF1,20160822,SGD
S000003041,HSF1,Trimeric heat shock transcription factor,involved_in,GO:0045944,IMP,P,YGL073W|EXA3|MAS3|stress-responsive transcription factor HSF1,20160822,SGD
S000003041,HSF1,Trimeric heat shock transcription factor,involved_in,GO:0045944,IMP,P,YGL073W|EXA3|MAS3|stress-responsive transcription factor HSF1,20160822,SGD
S000003041,HSF1,Trimeric heat shock transcription factor,involved_in,GO:0045944,IMP,P,YGL073W|EXA3|MAS3|stress-responsive transcription factor HSF1,20160822,SGD
S000003041,HSF1,Trimeric heat shock transcription factor,involved_in,GO:0045944,IMP,P,YGL073W|EXA3|MAS3|stress-responsive transcription factor HSF1,20160822,SGD
S000003041,HSF1,Trimeric heat shock transcription factor,involved_in,GO:0045944,IMP,P,YGL073W|EXA3|MAS3|stress-responsive transcription factor HSF1,20160822,SGD
S000003041,HSF1,Trimeric heat shock transcription factor,involved_in,GO:0045944,IMP,P,YGL073W|EXA3|MAS3|stress-responsive transcription factor HSF1,20160822,SGD
S000003041,HSF1,Trimeric heat shock transcription factor,involved_in,GO:0045944,IMP,P,YGL073W|EXA3|MAS3|stress-responsive transcription factor HSF1,20160822,SGD
S000003041,HSF1,Trimeric heat shock transcription factor,involved_in,GO:0045944,IMP,P,YGL073W|EXA3|MAS3|stress-responsive transcription factor HSF1,20160822,SGD
S000003041,HSF1,Trimeric heat shock transcription factor,involved_in,GO:0045944,IMP,P,YGL073W|EXA3|MAS3|stress-responsive transcription factor HSF1,20160822,SGD
S000003041,HSF1,Trimeric heat shock transcription factor,involved_in,GO:0045944,IMP,P,YGL073W|EXA3|MAS3|stress-responsive transcription factor HSF1,20160822,SGD
S000003041,HSF1,Trimeric heat shock transcription factor,involved_in,GO:0045944,IMP,P,YGL073W|EXA3|MAS3|stress-responsive transcription factor HSF1,20160822,SGD
S000003041,HSF1,Trimeric heat shock transcription factor,involved_in,GO:0045944,IMP,P,YGL073W|EXA3|MAS3|stress-responsive transcription factor HSF1,20160822,SGD
S000003041,HSF1,Trimeric heat shock transcription factor,involved_in,GO:0045944,IMP,P,YGL073W|EXA3|MAS3|stress-responsive transcription factor HSF1,20150316,SGD
S000003041,HSF1,Trimeric heat shock transcription factor,involved_in,GO:0045944,IMP,P,YGL073W|EXA3|MAS3|stress-responsive transcription factor HSF1,20150316,SGD
S000002157,NHP6B,High-mobility group (HMG) protein,involved_in,GO:0006366,IGI,P,YBR089C-A|YBR090C-A|high-mobility group nucleosome-binding protein,20100316,SGD
S000004646,MCM1,Transcription factor,involved_in,GO:0000122,IMP,P,YMR043W|FUN80|transcription factor MCM1,20120130,SGD
S000004646,MCM1,Transcription factor,involved_in,GO:0000122,IDA,P,YMR043W|FUN80|transcription factor MCM1,20120130,SGD
S000004646,MCM1,Transcription factor,involved_in,GO:0045944,IMP,P,YMR043W|FUN80|transcription factor MCM1,20120130,SGD
S000004646,MCM1,Transcription factor,involved_in,GO:0045944,IMP,P,YMR043W|FUN80|transcription factor MCM1,20120130,SGD
S000004646,MCM1,Transcription factor,involved_in,GO:0045944,IMP,P,YMR043W|FUN80|transcription factor MCM1,20120130,SGD
S000004646,MCM1,Transcription factor,involved_in,GO:0045944,IDA,P,YMR043W|FUN80|transcription factor MCM1,20120130,SGD
S000004564,TAF13,TFIID subunit (19 kDa),involved_in,GO:0006366,IDA,P,YML098W|TAF19|FUN81|TafII19,20090819,SGD
S000004564,TAF13,TFIID subunit (19 kDa),involved_in,GO:0006366,IDA,P,YML098W|TAF19|FUN81|TafII19,20090819,SGD
S000005160,RAP1,Essential DNA-binding transcription regulator that binds many loci,involved_in,GO:0000122,IMP,P,YNL216W|GRF1|TBA1|TUF1|DNA-binding transcription factor RAP1|GRC4,20120502,SGD
S000005160,RAP1,Essential DNA-binding transcription regulator that binds many loci,involved_in,GO:0045944,IMP,P,YNL216W|GRF1|TBA1|TUF1|DNA-binding transcription factor RAP1|GRC4,20120502,SGD
S000002981,PDR1,Transcription factor that regulates the pleiotropic drug response,involved_in,GO:0045944,IMP,P,YGL013C|AMY1|ANT1|BOR2|CYH3|NRA2|SMR2|TIL1|TPE1|TPE3|drug-responsive transcription factor PDR1,20141029,SGD
S000002981,PDR1,Transcription factor that regulates the pleiotropic drug response,involved_in,GO:0045944,IMP,P,YGL013C|AMY1|ANT1|BOR2|CYH3|NRA2|SMR2|TIL1|TPE1|TPE3|drug-responsive transcription factor PDR1,20141029,SGD
S000002981,PDR1,Transcription factor that regulates the pleiotropic drug response,involved_in,GO:0045944,IMP,P,YGL013C|AMY1|ANT1|BOR2|CYH3|NRA2|SMR2|TIL1|TPE1|TPE3|drug-responsive transcription factor PDR1,20141029,SGD
S000003083,SNF4,Activating gamma subunit of the AMP-activated Snf1p kinase complex,involved_in,GO:0006357,IGI,P,YGL115W|CAT3|SCI1|AMP-activated serine/threonine-protein kinase regulatory subunit SNF4,20070312,SGD
S000004581,DAT1,DNA binding protein that recognizes oligo(dA).oligo(dT) tracts,involved_in,GO:0000122,IMP,P,YML113W,20020617,SGD
S000001930,PHO4,Basic helix-loop-helix (bHLH) transcription factor of the myc-family,involved_in,GO:0000122,IDA,P,YFR034C|phoD|phosphate-sensing transcription factor PHO4,20200921,SGD
S000005468,INO4,Transcription factor involved in phospholipid synthesis,involved_in,GO:0045944,IMP,P,YOL108C,20141030,SGD
S000005468,INO4,Transcription factor involved in phospholipid synthesis,involved_in,GO:0045944,IMP,P,YOL108C,20141030,SGD
S000005468,INO4,Transcription factor involved in phospholipid synthesis,involved_in,GO:0045944,IMP,P,YOL108C,20141028,SGD
S000005468,INO4,Transcription factor involved in phospholipid synthesis,involved_in,GO:0045944,IPI,P,YOL108C,20141028,SGD
S000001595,ABF1,DNA binding protein with possible chromatin-reorganizing activity,involved_in,GO:0000122,IMP,P,YKL112W|SBF1|GFI|BAF1|OBF1|REB2|DNA-binding protein ABF1|SBF-B|EBF2,20051020,SGD
S000001595,ABF1,DNA binding protein with possible chromatin-reorganizing activity,involved_in,GO:0045944,IMP,P,YKL112W|SBF1|GFI|BAF1|OBF1|REB2|DNA-binding protein ABF1|SBF-B|EBF2,20051020,SGD
S000000964,RAD4,Damaged-DNA binding subunit of Nuclear Excision Repair Factor 2,involved_in,GO:0000122,IMP,P,YER162C,20151028,SGD
S000002625,RAD9,DNA damage-dependent checkpoint protein,involved_in,GO:0045944,IMP,P,YDR217C|chromatin-binding protein RAD9,20030626,SGD
S000000316,CYC8,General transcriptional co-repressor,involved_in,GO:0000122,IMP,P,YBR112C|[OCT1+]|[OCT]|CRT8|SSN6|transcription regulator CYC8,20140905,SGD
S000003134,CUP2,Copper-binding transcription factor,involved_in,GO:0006357,IMP,P,YGL166W|ACE1,20111214,SGD
S000001283,RPB3,RNA polymerase II third largest subunit B44,involved_in,GO:0006366,IMP,P,YIL021W|B44|DNA-directed RNA polymerase II core subunit RPB3,20100119,SGD
S000000680,TUP1,"General repressor of transcription, forms complex with Cyc8p",involved_in,GO:0000122,IMP,P,YCR084C|AAR1|AER2|AMM1|CRT4|CYC9|FLK1|ROX4|SFL2|UMR7|chromatin-silencing transcriptional regulator TUP1,20140930,SGD
S000000680,TUP1,"General repressor of transcription, forms complex with Cyc8p",involved_in,GO:0000122,IMP,P,YCR084C|AAR1|AER2|AMM1|CRT4|CYC9|FLK1|ROX4|SFL2|UMR7|chromatin-silencing transcriptional regulator TUP1,20140905,SGD
S000003821,CBF1,Basic helix-loop-helix (bHLH) protein,involved_in,GO:0000122,IMP,P,YJR060W|CP1|CEP1|CPF1|GFII,20110822,SGD
S000003821,CBF1,Basic helix-loop-helix (bHLH) protein,involved_in,GO:0000122,IMP,P,YJR060W|CP1|CEP1|CPF1|GFII,20130514,SGD
S000003821,CBF1,Basic helix-loop-helix (bHLH) protein,involved_in,GO:0045944,IMP,P,YJR060W|CP1|CEP1|CPF1|GFII,20130514,SGD
S000005952,PHO85,Cyclin-dependent kinase,involved_in,GO:0000122,IGI,P,YPL031C|phoU|LDB15|cyclin-dependent serine/threonine-protein kinase PHO85,20100126,SGD
S000000493,SNF5,Subunit of the SWI/SNF chromatin remodeling complex,involved_in,GO:0045944,IMP,P,YBR289W|HAF4|SWI10|TYE4,20120215,SGD
S000000493,SNF5,Subunit of the SWI/SNF chromatin remodeling complex,involved_in,GO:0045944,IGI,P,YBR289W|HAF4|SWI10|TYE4,20120214,SGD
S000000493,SNF5,Subunit of the SWI/SNF chromatin remodeling complex,involved_in,GO:0045944,IGI,P,YBR289W|HAF4|SWI10|TYE4,20120214,SGD
S000000493,SNF5,Subunit of the SWI/SNF chromatin remodeling complex,involved_in,GO:0045944,IMP,P,YBR289W|HAF4|SWI10|TYE4,20120214,SGD
S000000842,GLN3,Transcriptional activator in nitrogen catabolite repression system,enables,GO:0003700,IDA,F,YER040W|nitrogen-responsive transcriptional regulator GLN3,20110623,SGD
S000000842,GLN3,Transcriptional activator in nitrogen catabolite repression system,enables,GO:0003700,IMP,F,YER040W|nitrogen-responsive transcriptional regulator GLN3,20110623,SGD
S000000842,GLN3,Transcriptional activator in nitrogen catabolite repression system,involved_in,GO:0045944,IMP,P,YER040W|nitrogen-responsive transcriptional regulator GLN3,20110623,SGD
S000001017,SNF6,Subunit of the SWI/SNF chromatin remodeling complex,involved_in,GO:0045944,IMP,P,YHL025W,20120215,SGD
S000001017,SNF6,Subunit of the SWI/SNF chromatin remodeling complex,involved_in,GO:0045944,IGI,P,YHL025W,20120301,SGD
S000001017,SNF6,Subunit of the SWI/SNF chromatin remodeling complex,involved_in,GO:0045944,IGI,P,YHL025W,20120301,SGD
S000004061,RGR1,Subunit of the RNA polymerase II mediator complex,involved_in,GO:0000122,IMP,P,YLR071C|MED14,20110907,SGD
S000004061,RGR1,Subunit of the RNA polymerase II mediator complex,involved_in,GO:0045944,IMP,P,YLR071C|MED14,20110907,SGD
S000006054,RDS2,Transcription factor involved in regulating gluconeogenesis,involved_in,GO:0045944,IMP,P,YPL133C,20110622,SGD
S000005411,GAL11,Subunit of the RNA polymerase II mediator complex,involved_in,GO:0000122,IMP,P,YOL051W|MED15|RAR3|SDS4|SPT13|ABE1,20110718,SGD
S000005411,GAL11,Subunit of the RNA polymerase II mediator complex,involved_in,GO:0045944,IDA,P,YOL051W|MED15|RAR3|SDS4|SPT13|ABE1,20110718,SGD
S000005411,GAL11,Subunit of the RNA polymerase II mediator complex,involved_in,GO:0045944,IMP,P,YOL051W|MED15|RAR3|SDS4|SPT13|ABE1,20110718,SGD
S000004466,YAP1,Basic leucine zipper (bZIP) transcription factor,enables,GO:0003700,IDA,F,YML007W|PAR1|SNQ3|PDR4|DNA-binding transcription factor YAP1,20050117,SGD
S000000364,CDC28,Cyclin-dependent kinase (CDK) catalytic subunit,involved_in,GO:0000122,IMP,P,YBR160W|CDK1|HSL5|SRM5|cyclin-dependent serine/threonine-protein kinase CDC28,20180120,SGD
S000005361,PHO80,Cyclin,involved_in,GO:0000122,IGI,P,YOL001W|phoR|AGS3|TUP7|VAC5,20100126,SGD
S000000316,CYC8,General transcriptional co-repressor,involved_in,GO:0000122,IMP,P,YBR112C|[OCT1+]|[OCT]|CRT8|SSN6|transcription regulator CYC8,20180120,SGD
S000005666,SFL1,Transcriptional repressor and activator,involved_in,GO:0045944,IMP,P,YOR140W,20110712,SGD
S000005666,SFL1,Transcriptional repressor and activator,involved_in,GO:0045944,IMP,P,YOR140W,20160811,SGD
S000000680,TUP1,"General repressor of transcription, forms complex with Cyc8p",involved_in,GO:0000122,IMP,P,YCR084C|AAR1|AER2|AMM1|CRT4|CYC9|FLK1|ROX4|SFL2|UMR7|chromatin-silencing transcriptional regulator TUP1,20180120,SGD
S000003676,RPB4,RNA polymerase II subunit B32,involved_in,GO:0006366,IMP,P,YJL140W|CTF15|B32|DNA-directed RNA polymerase II subunit RPB4,20100115,SGD
S000000358,RPB5,RNA polymerase subunit ABC27,involved_in,GO:0006366,IMP,P,YBR154C|ABC27|DNA-directed RNA polymerase core subunit RPB5,20100119,SGD
S000000358,RPB5,RNA polymerase subunit ABC27,involved_in,GO:0006366,IMP,P,YBR154C|ABC27|DNA-directed RNA polymerase core subunit RPB5,20100119,SGD
S000000358,RPB5,RNA polymerase subunit ABC27,involved_in,GO:0006366,IGI,P,YBR154C|ABC27|DNA-directed RNA polymerase core subunit RPB5,20100119,SGD
S000006391,RPO26,RNA polymerase subunit ABC23,involved_in,GO:0006366,IMP,P,YPR187W|ABC23|RPB6|DNA-directed RNA polymerase core subunit RPO26,20100119,SGD
S000005750,RPB8,RNA polymerase subunit ABC14.5,involved_in,GO:0006366,IPI,P,YOR224C|ABC14.5|DNA-directed RNA polymerase core subunit RPB8,20100120,SGD
S000001298,CST6,Basic leucine zipper (bZIP) transcription factor from ATF/CREB family,involved_in,GO:0006355,IEA,P,YIL036W|SHF1|ACA2,20210410,InterPro
S000002615,UME6,Rpd3L histone deacetylase complex subunit,involved_in,GO:0000122,IMP,P,YDR207C|CAR80|NIM2|RIM16|DNA-binding transcriptional regulator UME6,20180120,SGD
S000002615,UME6,Rpd3L histone deacetylase complex subunit,involved_in,GO:0000122,IMP,P,YDR207C|CAR80|NIM2|RIM16|DNA-binding transcriptional regulator UME6,20180120,SGD
S000000339,CKS1,Cyclin-dependent protein kinase regulatory subunit and adaptor,involved_in,GO:0006357,IMP,P,YBR135W|cyclin-dependent protein kinase regulatory subunit CKS1,20160609,SGD
S000000339,CKS1,Cyclin-dependent protein kinase regulatory subunit and adaptor,involved_in,GO:0045944,IDA,P,YBR135W|cyclin-dependent protein kinase regulatory subunit CKS1,20160608,SGD
S000000339,CKS1,Cyclin-dependent protein kinase regulatory subunit and adaptor,involved_in,GO:0045944,IMP,P,YBR135W|cyclin-dependent protein kinase regulatory subunit CKS1,20160608,SGD
S000002718,SUM1,Transcriptional repressor that regulates middle-sporulation genes,involved_in,GO:0000122,IMP,P,YDR310C,20180120,SGD
S000003854,IME1,Master regulator of meiosis that is active only during meiotic events,involved_in,GO:0006357,IMP,P,YJR094C|transcription factor IME1,20110609,SGD
S000003854,IME1,Master regulator of meiosis that is active only during meiotic events,involved_in,GO:0045944,IMP,P,YJR094C|transcription factor IME1,20150319,SGD
S000004121,ACE2,Transcription factor required for septum destruction after cytokinesis,involved_in,GO:0000122,IMP,P,YLR131C|DNA-binding transcription factor ACE2,20160914,SGD
S000004121,ACE2,Transcription factor required for septum destruction after cytokinesis,involved_in,GO:0045944,IMP,P,YLR131C|DNA-binding transcription factor ACE2,20160914,SGD
S000005805,RFM1,Component of the Sum1p-Rfm1p-Hst1p complex,involved_in,GO:0000122,IMP,P,YOR279C,20180120,SGD
S000000253,REB1,RNA polymerase I enhancer binding protein,involved_in,GO:0006357,IMP,P,YBR049C|GRF2|DNA-binding protein REB1|EBF1,20161027,SGD
S000005258,DAL82,Positive regulator of allophanate inducible genes,enables,GO:0003700,IC,F,YNL314W|DURM,20111221,SGD
S000005258,DAL82,Positive regulator of allophanate inducible genes,enables,GO:0003700,IC,F,YNL314W|DURM,20111221,SGD
S000001012,OPI1,Transcriptional regulator of a variety of genes,involved_in,GO:0000122,IMP,P,YHL020C|transcriptional regulator OPI1,20020321,SGD
S000001012,OPI1,Transcriptional regulator of a variety of genes,involved_in,GO:0045944,IMP,P,YHL020C|transcriptional regulator OPI1,20031014,SGD
S000001807,BAS1,Myb-related transcription factor,involved_in,GO:0045944,IDA,P,YKR099W,20120120,SGD
S000001807,BAS1,Myb-related transcription factor,involved_in,GO:0045944,IMP,P,YKR099W,20120120,SGD
S000001807,BAS1,Myb-related transcription factor,involved_in,GO:0045944,IMP,P,YKR099W,20120120,SGD
S000001807,BAS1,Myb-related transcription factor,involved_in,GO:0045944,IGI,P,YKR099W,20120120,SGD
S000001807,BAS1,Myb-related transcription factor,involved_in,GO:0045944,IGI,P,YKR099W,20120120,SGD
S000005816,SNF2,Catalytic subunit of the SWI/SNF chromatin remodeling complex,involved_in,GO:0045944,IMP,P,YOR290C|GAM1|HAF1|SWI2|TYE3|SWI/SNF catalytic subunit SNF2,20120215,SGD
S000005816,SNF2,Catalytic subunit of the SWI/SNF chromatin remodeling complex,involved_in,GO:0045944,IMP,P,YOR290C|GAM1|HAF1|SWI2|TYE3|SWI/SNF catalytic subunit SNF2,20081022,SGD
S000005816,SNF2,Catalytic subunit of the SWI/SNF chromatin remodeling complex,involved_in,GO:0045944,IGI,P,YOR290C|GAM1|HAF1|SWI2|TYE3|SWI/SNF catalytic subunit SNF2,20120214,SGD
S000005816,SNF2,Catalytic subunit of the SWI/SNF chromatin remodeling complex,involved_in,GO:0045944,IGI,P,YOR290C|GAM1|HAF1|SWI2|TYE3|SWI/SNF catalytic subunit SNF2,20120214,SGD
S000005816,SNF2,Catalytic subunit of the SWI/SNF chromatin remodeling complex,involved_in,GO:0045944,IMP,P,YOR290C|GAM1|HAF1|SWI2|TYE3|SWI/SNF catalytic subunit SNF2,20120214,SGD
S000005816,SNF2,Catalytic subunit of the SWI/SNF chromatin remodeling complex,involved_in,GO:0045944,IMP,P,YOR290C|GAM1|HAF1|SWI2|TYE3|SWI/SNF catalytic subunit SNF2,20120214,SGD
S000005736,RPB10,RNA polymerase subunit ABC10-beta,involved_in,GO:0006366,IMP,P,YOR210W|ABC10-beta|DNA-directed RNA polymerase core subunit RPB10,20100119,SGD
S000003039,AFT1,Transcription factor involved in iron utilization and homeostasis,involved_in,GO:0000122,IMP,P,YGL071W|RCS1|DNA-binding transcription factor AFT1,20160808,SGD
S000003039,AFT1,Transcription factor involved in iron utilization and homeostasis,involved_in,GO:0045944,IDA,P,YGL071W|RCS1|DNA-binding transcription factor AFT1,20041214,SGD
S000005364,SIN3,Component of both the Rpd3S and Rpd3L histone deacetylase complexes,involved_in,GO:0000122,IMP,P,YOL004W|CPE1|GAM2|RPD1|SDI1|SDS16|UME4|transcriptional regulator SIN3,20060811,SGD
S000005364,SIN3,Component of both the Rpd3S and Rpd3L histone deacetylase complexes,involved_in,GO:0000122,IMP,P,YOL004W|CPE1|GAM2|RPD1|SDI1|SDS16|UME4|transcriptional regulator SIN3,20060811,SGD
S000005364,SIN3,Component of both the Rpd3S and Rpd3L histone deacetylase complexes,involved_in,GO:0045944,IMP,P,YOL004W|CPE1|GAM2|RPD1|SDI1|SDS16|UME4|transcriptional regulator SIN3,20060811,SGD
S000005364,SIN3,Component of both the Rpd3S and Rpd3L histone deacetylase complexes,involved_in,GO:0045944,IMP,P,YOL004W|CPE1|GAM2|RPD1|SDI1|SDS16|UME4|transcriptional regulator SIN3,20060811,SGD
S000005364,SIN3,Component of both the Rpd3S and Rpd3L histone deacetylase complexes,involved_in,GO:0045944,IMP,P,YOL004W|CPE1|GAM2|RPD1|SDI1|SDS16|UME4|transcriptional regulator SIN3,20140930,SGD
S000005364,SIN3,Component of both the Rpd3S and Rpd3L histone deacetylase complexes,involved_in,GO:0045944,IMP,P,YOL004W|CPE1|GAM2|RPD1|SDI1|SDS16|UME4|transcriptional regulator SIN3,20140930,SGD
S000003778,ESS1,Peptidylprolyl-cis/trans-isomerase (PPIase),involved_in,GO:0000122,IMP,P,YJR017C|PTF1|PIN1|peptidylprolyl isomerase ESS1,20110606,SGD
S000003778,ESS1,Peptidylprolyl-cis/trans-isomerase (PPIase),involved_in,GO:0000122,IGI,P,YJR017C|PTF1|PIN1|peptidylprolyl isomerase ESS1,20110606,SGD
S000003778,ESS1,Peptidylprolyl-cis/trans-isomerase (PPIase),involved_in,GO:0000122,IGI,P,YJR017C|PTF1|PIN1|peptidylprolyl isomerase ESS1,20110606,SGD
S000003778,ESS1,Peptidylprolyl-cis/trans-isomerase (PPIase),involved_in,GO:0000122,IGI,P,YJR017C|PTF1|PIN1|peptidylprolyl isomerase ESS1,20110606,SGD
S000003778,ESS1,Peptidylprolyl-cis/trans-isomerase (PPIase),involved_in,GO:0045944,IGI,P,YJR017C|PTF1|PIN1|peptidylprolyl isomerase ESS1,20110615,SGD
S000003778,ESS1,Peptidylprolyl-cis/trans-isomerase (PPIase),involved_in,GO:0045944,IPI,P,YJR017C|PTF1|PIN1|peptidylprolyl isomerase ESS1,20110615,SGD
S000001381,RPI1,"Transcription factor, allelic differences between S288C and Sigma1278b",involved_in,GO:0045944,IMP,P,YIL119C,20120629,SGD
S000000638,TAF2,TFIID subunit (150 kDa),involved_in,GO:0006366,IDA,P,YCR042C|TSM1|TAF150|TafII150,20090826,SGD
S000000638,TAF2,TFIID subunit (150 kDa),involved_in,GO:0006366,IDA,P,YCR042C|TSM1|TAF150|TafII150,20090826,SGD
S000003348,SPT6,Nucleosome remodeling protein,involved_in,GO:0000122,IMP,P,YGR116W|CRE2|SSN20|chromatin-remodeling histone chaperone SPT6,20090512,SGD
S000003348,SPT6,Nucleosome remodeling protein,involved_in,GO:0045944,IMP,P,YGR116W|CRE2|SSN20|chromatin-remodeling histone chaperone SPT6,20111014,SGD
S000002831,CAD1,AP-1-like basic leucine zipper (bZIP) transcriptional activator,involved_in,GO:0045944,IDA,P,YDR423C|YAP2,20021031,SGD
S000006269,ROX1,Heme-dependent repressor of hypoxic genes,involved_in,GO:0000122,IMP,P,YPR065W|REO1,20141028,SGD
S000006269,ROX1,Heme-dependent repressor of hypoxic genes,involved_in,GO:0000122,IMP,P,YPR065W|REO1,20141028,SGD
S000006269,ROX1,Heme-dependent repressor of hypoxic genes,involved_in,GO:0000122,IMP,P,YPR065W|REO1,20141028,SGD
S000006269,ROX1,Heme-dependent repressor of hypoxic genes,involved_in,GO:0000122,IMP,P,YPR065W|REO1,20141028,SGD
S000006269,ROX1,Heme-dependent repressor of hypoxic genes,involved_in,GO:0000122,IMP,P,YPR065W|REO1,20141028,SGD
S000006269,ROX1,Heme-dependent repressor of hypoxic genes,involved_in,GO:0000122,IMP,P,YPR065W|REO1,20141028,SGD
S000006269,ROX1,Heme-dependent repressor of hypoxic genes,involved_in,GO:0000122,IMP,P,YPR065W|REO1,20141028,SGD
S000006269,ROX1,Heme-dependent repressor of hypoxic genes,involved_in,GO:0000122,IMP,P,YPR065W|REO1,20141028,SGD
S000006269,ROX1,Heme-dependent repressor of hypoxic genes,involved_in,GO:0000122,IMP,P,YPR065W|REO1,20141028,SGD
S000006269,ROX1,Heme-dependent repressor of hypoxic genes,involved_in,GO:0000122,IMP,P,YPR065W|REO1,20141028,SGD
S000006269,ROX1,Heme-dependent repressor of hypoxic genes,involved_in,GO:0000122,IMP,P,YPR065W|REO1,20141028,SGD
S000006269,ROX1,Heme-dependent repressor of hypoxic genes,involved_in,GO:0000122,IMP,P,YPR065W|REO1,20141028,SGD
S000006269,ROX1,Heme-dependent repressor of hypoxic genes,involved_in,GO:0000122,IMP,P,YPR065W|REO1,20141028,SGD
S000006269,ROX1,Heme-dependent repressor of hypoxic genes,involved_in,GO:0000122,IMP,P,YPR065W|REO1,20141029,SGD
S000006269,ROX1,Heme-dependent repressor of hypoxic genes,involved_in,GO:0000122,IMP,P,YPR065W|REO1,20141029,SGD
S000000189,ROX3,Subunit of the RNA polymerase II mediator complex,involved_in,GO:0000122,IMP,P,YBL093C|MED19|NUT3|SSN7|SSX2|RMR1,20110815,SGD
S000000189,ROX3,Subunit of the RNA polymerase II mediator complex,involved_in,GO:0045944,IMP,P,YBL093C|MED19|NUT3|SSN7|SSX2|RMR1,20110815,SGD
S000000629,SNT1,Set3C histone deacetylase scaffold,involved_in,GO:0006355,IMP,P,YCR033W|[ESI+],20091021,SGD
S000000661,HCM1,Forkhead transcription factor,enables,GO:0003700,IDA,F,YCR065W,20150120,SGD
S000000661,HCM1,Forkhead transcription factor,enables,GO:0003700,IMP,F,YCR065W,20150120,SGD
S000000661,HCM1,Forkhead transcription factor,enables,GO:0003700,IMP,F,YCR065W,20150120,SGD
S000000661,HCM1,Forkhead transcription factor,enables,GO:0003700,IMP,F,YCR065W,20150120,SGD
S000000661,HCM1,Forkhead transcription factor,enables,GO:0003700,IMP,F,YCR065W,20150120,SGD
S000000661,HCM1,Forkhead transcription factor,enables,GO:0003700,IMP,F,YCR065W,20150120,SGD
S000000661,HCM1,Forkhead transcription factor,enables,GO:0003700,IMP,F,YCR065W,20150120,SGD
S000000661,HCM1,Forkhead transcription factor,enables,GO:0003700,IMP,F,YCR065W,20150120,SGD
S000000661,HCM1,Forkhead transcription factor,enables,GO:0003700,IMP,F,YCR065W,20150120,SGD
S000000661,HCM1,Forkhead transcription factor,involved_in,GO:0045944,IDA,P,YCR065W,20120106,SGD
S000006276,NOT5,"Component of the CCR4-NOT core complex, involved in mRNA decapping",involved_in,GO:0006355,IEA,P,YPR072W|CCR4-NOT core subunit NOT5,20210410,InterPro
S000006276,NOT5,"Component of the CCR4-NOT core complex, involved in mRNA decapping",involved_in,GO:0006355,IEA,P,YPR072W|CCR4-NOT core subunit NOT5,20210410,InterPro
S000006276,NOT5,"Component of the CCR4-NOT core complex, involved in mRNA decapping",involved_in,GO:0006355,IEA,P,YPR072W|CCR4-NOT core subunit NOT5,20210410,InterPro
S000005411,GAL11,Subunit of the RNA polymerase II mediator complex,involved_in,GO:0006355,IEA,P,YOL051W|MED15|RAR3|SDS4|SPT13|ABE1,20210410,InterPro
S000001498,PUT3,Transcriptional activator,involved_in,GO:0045944,IMP,P,YKL015W,20111026,SGD
S000001498,PUT3,Transcriptional activator,involved_in,GO:0045944,IMP,P,YKL015W,20111026,SGD
S000000516,SGF29,"Component of the HAT/Core module of the SAGA, SLIK, and ADA complexes",involved_in,GO:0045944,IMP,P,YCL010C,20110725,SGD
S000000560,KAR4,Transcription factor required for response to pheromones,enables,GO:0003700,IDA,F,YCL055W,20061127,SGD
S000000560,KAR4,Transcription factor required for response to pheromones,enables,GO:0003700,IMP,F,YCL055W,20061127,SGD
S000000560,KAR4,Transcription factor required for response to pheromones,enables,GO:0003700,IGI,F,YCL055W,20061127,SGD
S000002214,MBP1,Transcription factor,involved_in,GO:0045944,IEA,P,YDL056W|transcription factor MBP1,20210411,GOC
S000000677,SRB8,Subunit of the RNA polymerase II mediator complex,involved_in,GO:0000122,IMP,P,YCR081W|GIG1|NUT6|SSN5|MED12|YCR080W,20110124,SGD
S000000677,SRB8,Subunit of the RNA polymerase II mediator complex,involved_in,GO:0045944,IMP,P,YCR081W|GIG1|NUT6|SSN5|MED12|YCR080W,20110914,SGD
S000000689,CDC39,Subunit of the CCR4-NOT1 core complex,involved_in,GO:0006357,IPI,P,YCR093W|NOT1|ROS1|SMD6|CCR4-NOT core subunit CDC39,20020802,SGD
S000000689,CDC39,Subunit of the CCR4-NOT1 core complex,involved_in,GO:0006357,IPI,P,YCR093W|NOT1|ROS1|SMD6|CCR4-NOT core subunit CDC39,20020802,SGD
S000001742,DAL80,Negative regulator of genes in multiple nitrogen degradation pathways,involved_in,GO:0000122,IMP,P,YKR034W|UGA43,20100204,SGD
S000001742,DAL80,Negative regulator of genes in multiple nitrogen degradation pathways,involved_in,GO:0000122,IMP,P,YKR034W|UGA43,20100204,SGD
S000001742,DAL80,Negative regulator of genes in multiple nitrogen degradation pathways,involved_in,GO:0000122,IMP,P,YKR034W|UGA43,20091117,SGD
S000002530,INO2,Transcription factor,involved_in,GO:0045944,IMP,P,YDR123C|DIE1|SCS1,20141028,SGD
S000002530,INO2,Transcription factor,involved_in,GO:0045944,IPI,P,YDR123C|DIE1|SCS1,20141028,SGD
S000000069,BUD14,Protein involved in bud-site selection,involved_in,GO:0006355,IDA,P,YAR014C|protein phosphatase regulator BUD14,20050926,SGD
S000000069,BUD14,Protein involved in bud-site selection,involved_in,GO:0006355,IMP,P,YAR014C|protein phosphatase regulator BUD14,20050926,SGD
S000003003,MIG1,Transcription factor involved in glucose repression,involved_in,GO:0000122,IMP,P,YGL035C|SSN1|CAT4|TDS22|transcription factor MIG1,20140905,SGD
S000003003,MIG1,Transcription factor involved in glucose repression,involved_in,GO:0000122,IGI,P,YGL035C|SSN1|CAT4|TDS22|transcription factor MIG1,20140905,SGD
S000003003,MIG1,Transcription factor involved in glucose repression,involved_in,GO:0045944,IMP,P,YGL035C|SSN1|CAT4|TDS22|transcription factor MIG1,20110805,SGD
S000003003,MIG1,Transcription factor involved in glucose repression,involved_in,GO:0045944,IGI,P,YGL035C|SSN1|CAT4|TDS22|transcription factor MIG1,20110805,SGD
S000003038,RPB9,RNA polymerase II subunit B12.6,involved_in,GO:0006366,IMP,P,YGL070C|SHI|SSU73|B12.6|DNA-directed RNA polymerase II core subunit RPB9,20100119,SGD
S000000979,BMH1,"14-3-3 protein, major isoform",involved_in,GO:0000122,IMP,P,YER177W|APR6|14-3-3 family protein BMH1,20140121,SGD
S000005969,CAM1,One of two isoforms of the gamma subunit of eEF1B,enables,GO:0003700,IMP,F,YPL048W|TEF3|CPBP|translation elongation factor EF1B gamma,20150302,SGD
S000005969,CAM1,One of two isoforms of the gamma subunit of eEF1B,involved_in,GO:0045944,IMP,P,YPL048W|TEF3|CPBP|translation elongation factor EF1B gamma,20150302,SGD
S000000017,FUN30,Snf2p family member with ATP-dependent chromatin remodeling activity,involved_in,GO:0000122,IMP,P,YAL019W|DNA-dependent ATPase FUN30,20150123,SGD
S000000019,CCR4,Component of the CCR4-NOT transcriptional complex,involved_in,GO:0006357,IPI,P,YAL021C|FUN27|NUT21|CCR4-NOT core exoribonuclease subunit CCR4,20020802,SGD
S000000019,CCR4,Component of the CCR4-NOT transcriptional complex,involved_in,GO:0006357,IPI,P,YAL021C|FUN27|NUT21|CCR4-NOT core exoribonuclease subunit CCR4,20020802,SGD
S000000019,CCR4,Component of the CCR4-NOT transcriptional complex,involved_in,GO:0006357,IPI,P,YAL021C|FUN27|NUT21|CCR4-NOT core exoribonuclease subunit CCR4,20020802,SGD
S000000019,CCR4,Component of the CCR4-NOT transcriptional complex,involved_in,GO:0006357,IPI,P,YAL021C|FUN27|NUT21|CCR4-NOT core exoribonuclease subunit CCR4,20020802,SGD
S000000019,CCR4,Component of the CCR4-NOT transcriptional complex,involved_in,GO:0006357,IPI,P,YAL021C|FUN27|NUT21|CCR4-NOT core exoribonuclease subunit CCR4,20020802,SGD
S000000011,DEP1,Component of the Rpd3L histone deacetylase complex,involved_in,GO:0000122,IMP,P,YAL013W|FUN54|Rpd3L histone deacetylase complex subunit DEP1,20110720,SGD
S000000011,DEP1,Component of the Rpd3L histone deacetylase complex,involved_in,GO:0000122,IMP,P,YAL013W|FUN54|Rpd3L histone deacetylase complex subunit DEP1,20150203,SGD
S000000011,DEP1,Component of the Rpd3L histone deacetylase complex,involved_in,GO:0000122,IMP,P,YAL013W|FUN54|Rpd3L histone deacetylase complex subunit DEP1,20150203,SGD
S000000011,DEP1,Component of the Rpd3L histone deacetylase complex,involved_in,GO:0000122,IMP,P,YAL013W|FUN54|Rpd3L histone deacetylase complex subunit DEP1,20150203,SGD
S000000011,DEP1,Component of the Rpd3L histone deacetylase complex,involved_in,GO:0006357,IMP,P,YAL013W|FUN54|Rpd3L histone deacetylase complex subunit DEP1,20110720,SGD
S000000011,DEP1,Component of the Rpd3L histone deacetylase complex,involved_in,GO:0006357,IMP,P,YAL013W|FUN54|Rpd3L histone deacetylase complex subunit DEP1,20021101,SGD
S000000011,DEP1,Component of the Rpd3L histone deacetylase complex,involved_in,GO:0045944,IMP,P,YAL013W|FUN54|Rpd3L histone deacetylase complex subunit DEP1,20140930,SGD
S000000011,DEP1,Component of the Rpd3L histone deacetylase complex,involved_in,GO:0045944,IMP,P,YAL013W|FUN54|Rpd3L histone deacetylase complex subunit DEP1,20140930,SGD
S000005180,SIN4,Subunit of the RNA polymerase II mediator complex,involved_in,GO:0000122,IMP,P,YNL236W|MED16|BEL2|GAL22|SDI3|SSF5|SSN4|TSF3|RYE1|SSX3,20110907,SGD
S000005180,SIN4,Subunit of the RNA polymerase II mediator complex,involved_in,GO:0045944,IMP,P,YNL236W|MED16|BEL2|GAL22|SDI3|SSF5|SSN4|TSF3|RYE1|SSX3,20110907,SGD
S000000117,HAP3,Subunit of the Hap2p/3p/4p/5p CCAAT-binding complex,enables,GO:0001228,IEA,F,YBL021C,20210410,InterPro
S000001742,DAL80,Negative regulator of genes in multiple nitrogen degradation pathways,involved_in,GO:0006355,IEA,P,YKR034W|UGA43,20210410,InterPro
S000001742,DAL80,Negative regulator of genes in multiple nitrogen degradation pathways,involved_in,GO:0006355,IEA,P,YKR034W|UGA43,20210410,InterPro
S000001742,DAL80,Negative regulator of genes in multiple nitrogen degradation pathways,enables,GO:0003700,IEA,F,YKR034W|UGA43,20210410,InterPro
S000006003,MOT1,Essential protein involved in regulation of transcription,involved_in,GO:0006357,IDA,P,YPL082C|BTAF1|BUR3|LPF4|END10|DNA-binding ATPase,20021003,SGD
S000003276,RME1,Zinc finger protein involved in control of meiosis,involved_in,GO:0000122,IDA,P,YGR044C|CSP1,20030109,SGD
S000003276,RME1,Zinc finger protein involved in control of meiosis,involved_in,GO:0045944,IDA,P,YGR044C|CSP1,20111216,SGD
S000003276,RME1,Zinc finger protein involved in control of meiosis,involved_in,GO:0045944,IMP,P,YGR044C|CSP1,20111216,SGD
S000006260,TFB4,Subunit of TFIIH complex,involved_in,GO:0006355,IEA,P,YPR056W|TFIIH/NER complex subunit TFB4,20210410,InterPro
S000005047,MET4,Leucine-zipper transcriptional activator,involved_in,GO:0045944,IMP,P,YNL103W,20130514,SGD
S000005047,MET4,Leucine-zipper transcriptional activator,involved_in,GO:0045944,IDA,P,YNL103W,20021112,SGD
S000004395,SFP1,Regulates transcription of ribosomal protein and biogenesis genes,involved_in,GO:0045944,IMP,P,YLR403W|[ISP(+)]|[ISP+]|zinc-coordinating transcription factor SFP1,20120328,SGD
S000004395,SFP1,Regulates transcription of ribosomal protein and biogenesis genes,involved_in,GO:0045944,IMP,P,YLR403W|[ISP(+)]|[ISP+]|zinc-coordinating transcription factor SFP1,20120328,SGD
S000001672,HYM1,Component of the RAM signaling network,involved_in,GO:0006355,IMP,P,YKL189W,20050708,SGD
S000000104,HIR1,Subunit of the HIR complex,involved_in,GO:0000122,IDA,P,YBL008W,20141028,SGD
S000005564,HIR2,Subunit of HIR nucleosome assembly complex,involved_in,GO:0000122,IDA,P,YOR038C|SPT1,20141028,SGD
S000006212,HAA1,Transcriptional activator involved in adaptation to weak acid stress,enables,GO:0003700,IEA,F,YPR008W,20210410,InterPro
S000006212,HAA1,Transcriptional activator involved in adaptation to weak acid stress,enables,GO:0003700,IEA,F,YPR008W,20210410,InterPro
S000004103,HOG1,Mitogen-activated protein kinase involved in osmoregulation,involved_in,GO:0045944,IDA,P,YLR113W|SSK3|mitogen-activated protein kinase HOG1,20030731,SGD
S000006212,HAA1,Transcriptional activator involved in adaptation to weak acid stress,involved_in,GO:0006355,IEA,P,YPR008W,20210410,InterPro
S000006212,HAA1,Transcriptional activator involved in adaptation to weak acid stress,involved_in,GO:0006355,IEA,P,YPR008W,20210410,InterPro
S000003824,RPA12,RNA polymerase I subunit A12.2,involved_in,GO:0000122,IMP,P,YJR063W|RRN4|A12.2|DNA-directed RNA polymerase I core subunit RPA12,20161119,SGD
S000005274,RPD3,"Histone deacetylase, component of both the Rpd3S and Rpd3L complexes",involved_in,GO:0000122,IGI,P,YNL330C|MOF6|REC3|SDI2|SDS6|histone deacetylase RPD3,20100712,SGD
S000005274,RPD3,"Histone deacetylase, component of both the Rpd3S and Rpd3L complexes",involved_in,GO:0000122,IGI,P,YNL330C|MOF6|REC3|SDI2|SDS6|histone deacetylase RPD3,20100712,SGD
S000005274,RPD3,"Histone deacetylase, component of both the Rpd3S and Rpd3L complexes",involved_in,GO:0000122,IPI,P,YNL330C|MOF6|REC3|SDI2|SDS6|histone deacetylase RPD3,20100712,SGD
S000005274,RPD3,"Histone deacetylase, component of both the Rpd3S and Rpd3L complexes",involved_in,GO:0000122,IMP,P,YNL330C|MOF6|REC3|SDI2|SDS6|histone deacetylase RPD3,20100712,SGD
S000005274,RPD3,"Histone deacetylase, component of both the Rpd3S and Rpd3L complexes",involved_in,GO:0000122,IMP,P,YNL330C|MOF6|REC3|SDI2|SDS6|histone deacetylase RPD3,20110720,SGD
S000005274,RPD3,"Histone deacetylase, component of both the Rpd3S and Rpd3L complexes",involved_in,GO:0000122,IMP,P,YNL330C|MOF6|REC3|SDI2|SDS6|histone deacetylase RPD3,20100712,SGD
S000005274,RPD3,"Histone deacetylase, component of both the Rpd3S and Rpd3L complexes",involved_in,GO:0000122,IMP,P,YNL330C|MOF6|REC3|SDI2|SDS6|histone deacetylase RPD3,20160615,SGD
S000005274,RPD3,"Histone deacetylase, component of both the Rpd3S and Rpd3L complexes",involved_in,GO:0000122,IMP,P,YNL330C|MOF6|REC3|SDI2|SDS6|histone deacetylase RPD3,20160615,SGD
S000005274,RPD3,"Histone deacetylase, component of both the Rpd3S and Rpd3L complexes",involved_in,GO:0000122,IMP,P,YNL330C|MOF6|REC3|SDI2|SDS6|histone deacetylase RPD3,20160615,SGD
S000005274,RPD3,"Histone deacetylase, component of both the Rpd3S and Rpd3L complexes",involved_in,GO:0000122,IMP,P,YNL330C|MOF6|REC3|SDI2|SDS6|histone deacetylase RPD3,20160615,SGD
S000005274,RPD3,"Histone deacetylase, component of both the Rpd3S and Rpd3L complexes",involved_in,GO:0000122,IMP,P,YNL330C|MOF6|REC3|SDI2|SDS6|histone deacetylase RPD3,20160615,SGD
S000005274,RPD3,"Histone deacetylase, component of both the Rpd3S and Rpd3L complexes",involved_in,GO:0000122,IMP,P,YNL330C|MOF6|REC3|SDI2|SDS6|histone deacetylase RPD3,20160615,SGD
S000005274,RPD3,"Histone deacetylase, component of both the Rpd3S and Rpd3L complexes",involved_in,GO:0000122,IMP,P,YNL330C|MOF6|REC3|SDI2|SDS6|histone deacetylase RPD3,20150203,SGD
S000005274,RPD3,"Histone deacetylase, component of both the Rpd3S and Rpd3L complexes",involved_in,GO:0045944,IMP,P,YNL330C|MOF6|REC3|SDI2|SDS6|histone deacetylase RPD3,20100712,SGD
S000005274,RPD3,"Histone deacetylase, component of both the Rpd3S and Rpd3L complexes",involved_in,GO:0045944,IMP,P,YNL330C|MOF6|REC3|SDI2|SDS6|histone deacetylase RPD3,20100712,SGD
S000005274,RPD3,"Histone deacetylase, component of both the Rpd3S and Rpd3L complexes",involved_in,GO:0045944,IGI,P,YNL330C|MOF6|REC3|SDI2|SDS6|histone deacetylase RPD3,20100712,SGD
S000005274,RPD3,"Histone deacetylase, component of both the Rpd3S and Rpd3L complexes",involved_in,GO:0045944,IMP,P,YNL330C|MOF6|REC3|SDI2|SDS6|histone deacetylase RPD3,20100712,SGD
S000005274,RPD3,"Histone deacetylase, component of both the Rpd3S and Rpd3L complexes",involved_in,GO:0045944,IGI,P,YNL330C|MOF6|REC3|SDI2|SDS6|histone deacetylase RPD3,20100712,SGD
S000005274,RPD3,"Histone deacetylase, component of both the Rpd3S and Rpd3L complexes",involved_in,GO:0045944,IMP,P,YNL330C|MOF6|REC3|SDI2|SDS6|histone deacetylase RPD3,20090515,SGD
S000005274,RPD3,"Histone deacetylase, component of both the Rpd3S and Rpd3L complexes",involved_in,GO:0045944,IMP,P,YNL330C|MOF6|REC3|SDI2|SDS6|histone deacetylase RPD3,20140930,SGD
S000005274,RPD3,"Histone deacetylase, component of both the Rpd3S and Rpd3L complexes",involved_in,GO:0045944,IMP,P,YNL330C|MOF6|REC3|SDI2|SDS6|histone deacetylase RPD3,20140930,SGD
S000005274,RPD3,"Histone deacetylase, component of both the Rpd3S and Rpd3L complexes",involved_in,GO:0045944,IMP,P,YNL330C|MOF6|REC3|SDI2|SDS6|histone deacetylase RPD3,20140930,SGD
S000005274,RPD3,"Histone deacetylase, component of both the Rpd3S and Rpd3L complexes",involved_in,GO:0045944,IMP,P,YNL330C|MOF6|REC3|SDI2|SDS6|histone deacetylase RPD3,20140930,SGD
S000000824,SRB4,Subunit of the RNA polymerase II mediator complex,involved_in,GO:0045944,IDA,P,YER022W|MED17,20110815,SGD
S000000457,SRB6,Subunit of the RNA polymerase II mediator complex,involved_in,GO:0045944,IDA,P,YBR253W|MED22,20110815,SGD
S000003336,SRB5,Subunit of the RNA polymerase II mediator complex,involved_in,GO:0045944,IDA,P,YGR104C|MED18,20110815,SGD
S000003712,SWI3,Subunit of the SWI/SNF chromatin remodeling complex,involved_in,GO:0045944,IMP,P,YJL176C|HAF2|TYE2,20120215,SGD
S000003712,SWI3,Subunit of the SWI/SNF chromatin remodeling complex,involved_in,GO:0045944,IMP,P,YJL176C|HAF2|TYE2,20120214,SGD
S000001249,SKN7,Nuclear response regulator and transcription factor,enables,GO:0001228,IEA,F,YHR206W|BRY1|POS9|kinase-regulated stress-responsive transcription factor SKN7,20210410,InterPro
S000001249,SKN7,Nuclear response regulator and transcription factor,involved_in,GO:0045944,IEA,P,YHR206W|BRY1|POS9|kinase-regulated stress-responsive transcription factor SKN7,20210411,GOC
S000005428,RTG1,Transcription factor (bHLH) involved in interorganelle communication,involved_in,GO:0045944,IMP,P,YOL067C,20120103,SGD
S000005428,RTG1,Transcription factor (bHLH) involved in interorganelle communication,involved_in,GO:0045944,IDA,P,YOL067C,20111216,SGD
S000005428,RTG1,Transcription factor (bHLH) involved in interorganelle communication,involved_in,GO:0045944,IMP,P,YOL067C,20111215,SGD
S000003221,RTG2,Sensor of mitochondrial dysfunction,involved_in,GO:0006357,IMP,P,YGL252C,20111213,SGD
S000003221,RTG2,Sensor of mitochondrial dysfunction,involved_in,GO:0045944,IDA,P,YGL252C,20111213,SGD
S000003221,RTG2,Sensor of mitochondrial dysfunction,involved_in,GO:0045944,IMP,P,YGL252C,20111213,SGD
S000003221,RTG2,Sensor of mitochondrial dysfunction,involved_in,GO:0045944,IGI,P,YGL252C,20111213,SGD
S000000763,RAD23,Protein with ubiquitin-like N terminus,involved_in,GO:0000122,IMP,P,YEL037C,20151028,SGD
S000000847,ACA1,ATF/CREB family basic leucine zipper (bZIP) transcription factor,enables,GO:0001228,IEA,F,YER045C,20210410,InterPro
S000002719,TFB1,Subunit of TFIIH and nucleotide excision repair factor 3 complexes,involved_in,GO:0006366,IDA,P,YDR311W|TFIIH/NER complex subunit TFB1,20100519,SGD
S000001393,FKH1,Forkhead family transcription factor,involved_in,GO:0000122,IEA,P,YIL131C|forkhead family transcription factor FKH1,20210411,GOC
S000001298,CST6,Basic leucine zipper (bZIP) transcription factor from ATF/CREB family,enables,GO:0001228,IEA,F,YIL036W|SHF1|ACA2,20210410,InterPro
S000006098,CUP9,Homeodomain-containing transcriptional repressor,involved_in,GO:0006355,IEA,P,YPL177C,20210410,InterPro
S000001521,RGT1,Glucose-responsive transcription factor,involved_in,GO:0000122,IDA,P,YKL038W,20120218,SGD
S000001521,RGT1,Glucose-responsive transcription factor,involved_in,GO:0000122,IGI,P,YKL038W,20120218,SGD
S000001521,RGT1,Glucose-responsive transcription factor,involved_in,GO:0000122,IGI,P,YKL038W,20120218,SGD
S000001521,RGT1,Glucose-responsive transcription factor,involved_in,GO:0045944,IDA,P,YKL038W,20120218,SGD
S000002142,PAU8,Protein of unknown function,involved_in,GO:0045944,HMP,P,YAL068C|seripauperin PAU8,20061120,SGD
S000002488,PDC2,Transcription factor for thiamine-regulated genes,involved_in,GO:0045944,IDA,P,YDR081C,20111027,SGD
S000002488,PDC2,Transcription factor for thiamine-regulated genes,involved_in,GO:0045944,IMP,P,YDR081C,20091216,SGD
S000005160,RAP1,Essential DNA-binding transcription regulator that binds many loci,enables,GO:0003700,IDA,F,YNL216W|GRF1|TBA1|TUF1|DNA-binding transcription factor RAP1|GRC4,20180810,SGD
S000005160,RAP1,Essential DNA-binding transcription regulator that binds many loci,enables,GO:0003700,IDA,F,YNL216W|GRF1|TBA1|TUF1|DNA-binding transcription factor RAP1|GRC4,20180810,SGD
S000003295,SPT4,Spt4p/5p (DSIF) transcription elongation factor complex subunit,involved_in,GO:0006355,IMP,P,YGR063C|transcription elongation factor SPT4,20011205,SGD
S000005871,TYE7,Serine-rich protein that contains a bHLH DNA binding motif,enables,GO:0003700,IDA,F,YOR344C|SGC1,20050117,SGD
S000000101,PDR3,Transcriptional activator of the pleiotropic drug resistance network,involved_in,GO:0045944,IMP,P,YBL005W|AMY2|TPE2|drug-responsive transcription factor PDR3,20141029,SGD
S000000101,PDR3,Transcriptional activator of the pleiotropic drug resistance network,involved_in,GO:0045944,IMP,P,YBL005W|AMY2|TPE2|drug-responsive transcription factor PDR3,20141029,SGD
S000000101,PDR3,Transcriptional activator of the pleiotropic drug resistance network,involved_in,GO:0045944,IMP,P,YBL005W|AMY2|TPE2|drug-responsive transcription factor PDR3,20141029,SGD
S000005293,CSE2,Subunit of the RNA polymerase II mediator complex,involved_in,GO:0000122,IMP,P,YNR010W|MED9,20110718,SGD
S000005293,CSE2,Subunit of the RNA polymerase II mediator complex,involved_in,GO:0045944,IMP,P,YNR010W|MED9,20110718,SGD
S000001019,RIM101,Cys2His2 zinc-finger transcriptional repressor,involved_in,GO:0000122,IDA,P,YHL027W|RIM1|alkaline-responsive transcriptional regulator RIM101,20030218,SGD
S000001019,RIM101,Cys2His2 zinc-finger transcriptional repressor,involved_in,GO:0045944,IMP,P,YHL027W|RIM1|alkaline-responsive transcriptional regulator RIM101,20120225,SGD
S000001515,IXR1,Transcriptional repressor that regulates hypoxic genes during normoxia,involved_in,GO:0000122,IMP,P,YKL032C|ORD1|DNA-binding transcription repressor IXR1,20100224,SGD
S000000842,GLN3,Transcriptional activator in nitrogen catabolite repression system,involved_in,GO:0000122,IMP,P,YER040W|nitrogen-responsive transcriptional regulator GLN3,20180216,SGD
S000000842,GLN3,Transcriptional activator in nitrogen catabolite repression system,involved_in,GO:0000122,IMP,P,YER040W|nitrogen-responsive transcriptional regulator GLN3,20180216,SGD
S000005666,SFL1,Transcriptional repressor and activator,involved_in,GO:0045944,IDA,P,YOR140W,20180216,SGD
S000005666,SFL1,Transcriptional repressor and activator,involved_in,GO:0045944,IDA,P,YOR140W,20180216,SGD
S000005666,SFL1,Transcriptional repressor and activator,involved_in,GO:0045944,IDA,P,YOR140W,20180216,SGD
S000005666,SFL1,Transcriptional repressor and activator,involved_in,GO:0045944,IDA,P,YOR140W,20180216,SGD
S000005666,SFL1,Transcriptional repressor and activator,involved_in,GO:0045944,IDA,P,YOR140W,20180216,SGD
S000005666,SFL1,Transcriptional repressor and activator,involved_in,GO:0045944,IDA,P,YOR140W,20180216,SGD
S000005666,SFL1,Transcriptional repressor and activator,involved_in,GO:0045944,IDA,P,YOR140W,20180216,SGD
S000004640,MSN2,Stress-responsive transcriptional activator,involved_in,GO:0045944,IGI,P,YMR037C|stress-responsive transcriptional activator MSN2,20140930,SGD
S000004640,MSN2,Stress-responsive transcriptional activator,involved_in,GO:0045944,IGI,P,YMR037C|stress-responsive transcriptional activator MSN2,20140930,SGD
S000004640,MSN2,Stress-responsive transcriptional activator,involved_in,GO:0045944,IGI,P,YMR037C|stress-responsive transcriptional activator MSN2,20140930,SGD
S000004640,MSN2,Stress-responsive transcriptional activator,involved_in,GO:0045944,IGI,P,YMR037C|stress-responsive transcriptional activator MSN2,20140930,SGD
S000004640,MSN2,Stress-responsive transcriptional activator,involved_in,GO:0045944,IGI,P,YMR037C|stress-responsive transcriptional activator MSN2,20161119,SGD
S000000563,FYV5,De novo-originated gene from non-coding sequence,involved_in,GO:0000122,IMP,P,YCL058C|MDF1,20180216,SGD
S000000563,FYV5,De novo-originated gene from non-coding sequence,involved_in,GO:0000122,IMP,P,YCL058C|MDF1,20180216,SGD
S000000563,FYV5,De novo-originated gene from non-coding sequence,involved_in,GO:0000122,IMP,P,YCL058C|MDF1,20180216,SGD
S000000563,FYV5,De novo-originated gene from non-coding sequence,involved_in,GO:0000122,IMP,P,YCL058C|MDF1,20180216,SGD
S000001545,MSN4,Stress-responsive transcriptional activator,involved_in,GO:0045944,IGI,P,YKL062W|stress-responsive transcriptional activator MSN4,20140930,SGD
S000001545,MSN4,Stress-responsive transcriptional activator,involved_in,GO:0045944,IGI,P,YKL062W|stress-responsive transcriptional activator MSN4,20140930,SGD
S000001545,MSN4,Stress-responsive transcriptional activator,involved_in,GO:0045944,IGI,P,YKL062W|stress-responsive transcriptional activator MSN4,20140930,SGD
S000001545,MSN4,Stress-responsive transcriptional activator,involved_in,GO:0045944,IGI,P,YKL062W|stress-responsive transcriptional activator MSN4,20140930,SGD
S000001545,MSN4,Stress-responsive transcriptional activator,involved_in,GO:0045944,IGI,P,YKL062W|stress-responsive transcriptional activator MSN4,20161119,SGD
S000005020,MKS1,Pleiotropic negative transcriptional regulator,involved_in,GO:0000122,IMP,P,YNL076W|LYS80,20080717,SGD
S000005020,MKS1,Pleiotropic negative transcriptional regulator,involved_in,GO:0000122,IGI,P,YNL076W|LYS80,20080717,SGD
S000005020,MKS1,Pleiotropic negative transcriptional regulator,involved_in,GO:0000122,IGI,P,YNL076W|LYS80,20080717,SGD
S000003663,SPT10,Histone H3 acetylase with a role in transcriptional regulation,involved_in,GO:0000122,IMP,P,YJL127C|CRE1|SUD1,20180216,SGD
S000003663,SPT10,Histone H3 acetylase with a role in transcriptional regulation,involved_in,GO:0000122,IMP,P,YJL127C|CRE1|SUD1,20180216,SGD
S000003663,SPT10,Histone H3 acetylase with a role in transcriptional regulation,involved_in,GO:0000122,IMP,P,YJL127C|CRE1|SUD1,20180216,SGD
S000003663,SPT10,Histone H3 acetylase with a role in transcriptional regulation,involved_in,GO:0000122,IMP,P,YJL127C|CRE1|SUD1,20180216,SGD
S000003663,SPT10,Histone H3 acetylase with a role in transcriptional regulation,involved_in,GO:0000122,IMP,P,YJL127C|CRE1|SUD1,20180216,SGD
S000002812,RPB7,RNA polymerase II subunit B16,involved_in,GO:0006366,IGI,P,YDR404C|B16|DNA-directed RNA polymerase II subunit RPB7,20100119,SGD
S000001083,SRB2,Subunit of the RNA polymerase II mediator complex,involved_in,GO:0045944,IDA,P,YHR041C|MED20|HRS2,20110815,SGD
S000000150,TOD6,PAC motif binding protein involved in rRNA and ribosome biogenesis,involved_in,GO:0006357,IMP,P,YBL054W|PBF1,20090203,SGD
S000001593,KTI12,Protein that plays a role in modification of tRNA wobble nucleosides,involved_in,GO:0006357,IGI,P,YKL110C|TOT4,20060914,SGD
S000006050,TAF14,"Subunit of TFIID, TFIIF, INO80, SWI/SNF, and NuA3 complexes",involved_in,GO:0006366,IDA,P,YPL129W|ANC1|TafII30|SWP29|TAF30|TFG3|TATA-binding protein-associated factor TAF14,20090819,SGD
S000006050,TAF14,"Subunit of TFIID, TFIIF, INO80, SWI/SNF, and NuA3 complexes",involved_in,GO:0006366,IDA,P,YPL129W|ANC1|TafII30|SWP29|TAF30|TFG3|TATA-binding protein-associated factor TAF14,20090819,SGD
S000004623,MAC1,Copper-sensing transcription factor,involved_in,GO:0045944,IMP,P,YMR021C|CUA1,20111028,SGD
S000004623,MAC1,Copper-sensing transcription factor,involved_in,GO:0045944,IDA,P,YMR021C|CUA1,20111028,SGD
S000003663,SPT10,Histone H3 acetylase with a role in transcriptional regulation,involved_in,GO:0000122,IMP,P,YJL127C|CRE1|SUD1,20070604,SGD
S000004791,SPT21,Protein with a role in transcriptional silencing,involved_in,GO:0006357,IMP,P,YMR179W,20021114,SGD
S000001503,SPT23,ER membrane protein involved in regulation of OLE1 transcription,involved_in,GO:0045944,IMP,P,YKL020C,20021023,SGD
S000004216,BUR2,Cyclin for the Sgv1p (Bur1p) protein kinase,involved_in,GO:0006357,IEA,P,YLR226W|CST4,20210410,InterPro
S000001540,NUP120,Subunit of the Nup84p subcomplex of the nuclear pore complex (NPC),involved_in,GO:0000122,IMP,P,YKL057C|RAT2,20120607,SGD
S000001540,NUP120,Subunit of the Nup84p subcomplex of the nuclear pore complex (NPC),involved_in,GO:0045944,IMP,P,YKL057C|RAT2,20120607,SGD
S000001772,OAF3,Putative transcriptional repressor with Zn(2)-Cys(6) finger,involved_in,GO:0000122,IMP,P,YKR064W,20110923,SGD
S000001526,PHD1,Transcriptional activator that enhances pseudohyphal growth,enables,GO:0003700,IMP,F,YKL043W,20061026,SGD
S000001526,PHD1,Transcriptional activator that enhances pseudohyphal growth,involved_in,GO:0045944,IMP,P,YKL043W,20051211,SGD
S000001511,TFA1,TFIIE large subunit,involved_in,GO:0006366,IDA,P,YKL028W|transcription factor TFIIE subunit TFA1,20120113,SGD
S000001511,TFA1,TFIIE large subunit,involved_in,GO:0006366,IDA,P,YKL028W|transcription factor TFIIE subunit TFA1,20120113,SGD
S000001511,TFA1,TFIIE large subunit,involved_in,GO:0006366,IDA,P,YKL028W|transcription factor TFIIE subunit TFA1,20120113,SGD
S000001511,TFA1,TFIIE large subunit,involved_in,GO:0006366,IMP,P,YKL028W|transcription factor TFIIE subunit TFA1,20120113,SGD
S000001511,TFA1,TFIIE large subunit,involved_in,GO:0006366,IMP,P,YKL028W|transcription factor TFIIE subunit TFA1,20120113,SGD
S000001488,BYE1,Negative regulator of transcription elongation,involved_in,GO:0000122,IMP,P,YKL005C,20110606,SGD
S000001488,BYE1,Negative regulator of transcription elongation,involved_in,GO:0000122,IGI,P,YKL005C,20110606,SGD
S000001737,SET3,Defining member of the SET3 histone deacetylase complex,involved_in,GO:0006355,IMP,P,YKR029C|histone-binding protein SET3,20091021,SGD
S000001744,CAF4,WD40 repeat-containing protein associated with the CCR4-NOT complex,involved_in,GO:0006357,IMP,P,YKR036C,20090925,SGD
S000001744,CAF4,WD40 repeat-containing protein associated with the CCR4-NOT complex,involved_in,GO:0006357,IPI,P,YKR036C,20090925,SGD
S000001746,KAE1,Highly conserved ATPase of HSP70/DnaK family,involved_in,GO:0045944,IPI,P,YKR038C|tRNA N6-adenosine threonylcarbamoyltransferase,20060829,SGD
S000001770,TFA2,TFIIE small subunit,involved_in,GO:0006366,IDA,P,YKR062W|transcription factor TFIIE subunit TFA2,20120113,SGD
S000001770,TFA2,TFIIE small subunit,involved_in,GO:0006366,IDA,P,YKR062W|transcription factor TFIIE subunit TFA2,20120113,SGD
S000001770,TFA2,TFIIE small subunit,involved_in,GO:0006366,IDA,P,YKR062W|transcription factor TFIIE subunit TFA2,20120113,SGD
S000001770,TFA2,TFIIE small subunit,involved_in,GO:0006366,IGI,P,YKR062W|transcription factor TFIIE subunit TFA2,20120113,SGD
S000001790,NUP133,Subunit of Nup84p subcomplex of nuclear pore complex (NPC),involved_in,GO:0000122,IMP,P,YKR082W|RAT3,20120607,SGD
S000001790,NUP133,Subunit of Nup84p subcomplex of nuclear pore complex (NPC),involved_in,GO:0045944,IMP,P,YKR082W|RAT3,20120607,SGD
S000005346,PUL4,Putative zinc-cluster transcription factor,involved_in,GO:0006351,IEA,P,YNR063W,20210410,InterPro
S000005346,PUL4,Putative zinc-cluster transcription factor,involved_in,GO:0006355,IEA,P,YNR063W,20210410,InterPro
S000005346,PUL4,Putative zinc-cluster transcription factor,involved_in,GO:0006355,IEA,P,YNR063W,20210410,InterPro
S000006229,CCL1,Cyclin partner of the cyclin-dependent kinase (CDK) Kin28p,involved_in,GO:0006366,IDA,P,YPR025C|TFIIH complex kinase subunit CCL1,20100519,SGD
S000000386,SMP1,MADS-box transcription factor involved in osmotic stress response,enables,GO:0003700,IC,F,YBR182C,20141022,SGD
S000000386,SMP1,MADS-box transcription factor involved in osmotic stress response,enables,GO:0003700,IC,F,YBR182C,20141022,SGD
S000000402,TAF5,Subunit (90 kDa) of TFIID and SAGA complexes,involved_in,GO:0006366,IDA,P,YBR198C|TAF90|TafII90|chromatin modification protein,20090826,SGD
S000000402,TAF5,Subunit (90 kDa) of TFIID and SAGA complexes,involved_in,GO:0006366,IDA,P,YBR198C|TAF90|TafII90|chromatin modification protein,20090826,SGD
S000006010,RLM1,MADS-box transcription factor,involved_in,GO:0045944,IEA,P,YPL089C,20210410,InterPro
S000000443,ERT1,Transcriptional regulator,involved_in,GO:0000122,IMP,P,YBR239C,20140902,SGD
S000000444,THI2,Transcriptional activator of thiamine biosynthetic genes,involved_in,GO:0045944,IDA,P,YBR240C|PHO6|phoF,20111005,SGD
S000000449,ISW1,ATPase subunit of imitation-switch (ISWI) class chromatin remodelers,involved_in,GO:0045944,IMP,P,YBR245C|SGN2|chromatin-remodeling ATPase ISW1,20090513,SGD
S000000199,RTG3,bHLH/Zip transcription factor for retrograde (RTG) and TOR pathways,involved_in,GO:0045944,IMP,P,YBL103C,20120103,SGD
S000000199,RTG3,bHLH/Zip transcription factor for retrograde (RTG) and TOR pathways,involved_in,GO:0045944,IDA,P,YBL103C,20141030,SGD
S000000199,RTG3,bHLH/Zip transcription factor for retrograde (RTG) and TOR pathways,involved_in,GO:0045944,IMP,P,YBL103C,20141030,SGD
S000000199,RTG3,bHLH/Zip transcription factor for retrograde (RTG) and TOR pathways,involved_in,GO:0045944,IDA,P,YBL103C,20111213,SGD
S000000199,RTG3,bHLH/Zip transcription factor for retrograde (RTG) and TOR pathways,involved_in,GO:0045944,IMP,P,YBL103C,20111213,SGD
S000003977,YLL054C,Putative protein of unknown function with similarity to Pip2p,involved_in,GO:0006355,IEA,P,YLL054C,20210410,InterPro
S000003977,YLL054C,Putative protein of unknown function with similarity to Pip2p,involved_in,GO:0006355,IEA,P,YLL054C,20210410,InterPro
S000000299,RXT2,Component of the histone deacetylase Rpd3L complex,involved_in,GO:0000122,IMP,P,YBR095C|RAF60,20060808,SGD
S000004218,ECM22,Sterol regulatory element binding protein,involved_in,GO:0006355,IEA,P,YLR228C,20210410,InterPro
S000004218,ECM22,Sterol regulatory element binding protein,involved_in,GO:0006355,IEA,P,YLR228C,20210410,InterPro
S000000307,SIF2,WD40 repeat-containing subunit of Set3C histone deacetylase complex,involved_in,GO:0006355,IMP,P,YBR103W|EMB1,20091021,SGD
S000000397,MED8,Subunit of the RNA polymerase II mediator complex,involved_in,GO:0000122,IDA,P,YBR193C,20110815,SGD
S000000397,MED8,Subunit of the RNA polymerase II mediator complex,involved_in,GO:0045944,IMP,P,YBR193C,20110815,SGD
S000000483,PAF1,Component of the Paf1p complex involved in transcription elongation,involved_in,GO:0000122,IMP,P,YBR279W,20111028,SGD
S000000483,PAF1,Component of the Paf1p complex involved in transcription elongation,involved_in,GO:0006357,IMP,P,YBR279W,20111020,SGD
S000004876,SAP30,Component of Rpd3L histone deacetylase complex,involved_in,GO:0045944,IMP,P,YMR263W,20100712,SGD
S000004876,SAP30,Component of Rpd3L histone deacetylase complex,involved_in,GO:0045944,IMP,P,YMR263W,20140930,SGD
S000004876,SAP30,Component of Rpd3L histone deacetylase complex,involved_in,GO:0045944,IMP,P,YMR263W,20140930,SGD
S000003095,SOH1,Subunit of the RNA polymerase II mediator complex,involved_in,GO:0006366,IDA,P,YGL127C|MED31|mediator complex subunit SOH1,20090420,SGD
S000002329,UGA3,Transcriptional activator for GABA-dependent induction of GABA genes,involved_in,GO:0006355,IEA,P,YDL170W,20210410,InterPro
S000002329,UGA3,Transcriptional activator for GABA-dependent induction of GABA genes,involved_in,GO:0006355,IEA,P,YDL170W,20210410,InterPro
S000002329,UGA3,Transcriptional activator for GABA-dependent induction of GABA genes,involved_in,GO:0045944,IEA,P,YDL170W,20210411,GOC
S000001221,STB5,Transcription factor,enables,GO:0003700,IDA,F,YHR178W,20050114,SGD
S000001221,STB5,Transcription factor,enables,GO:0003700,IMP,F,YHR178W,20020617,SGD
S000001048,STP2,Transcription factor,involved_in,GO:0045944,IMP,P,YHR006W,20021023,SGD
S000005201,SIP3,Putative sterol transfer protein,involved_in,GO:0045944,IDA,P,YNL257C|LAM3,20080212,SGD
S000001001,YAP3,Basic leucine zipper (bZIP) transcription factor,enables,GO:0003700,IDA,F,YHL009C,20021021,SGD
S000001001,YAP3,Basic leucine zipper (bZIP) transcription factor,involved_in,GO:0006357,IDA,P,YHL009C,20021021,SGD
S000001098,RSC30,Component of the RSC chromatin remodeling complex,involved_in,GO:0006355,IMP,P,YHR056C,20010625,SGD
S000001100,MED6,Subunit of the RNA polymerase II mediator complex,involved_in,GO:0045944,IDA,P,YHR058C|mediator complex subunit MED6,20110815,SGD
S000001100,MED6,Subunit of the RNA polymerase II mediator complex,involved_in,GO:0045944,IMP,P,YHR058C|mediator complex subunit MED6,20110815,SGD
S000001141,TRA1,Subunit of SAGA and NuA4 histone acetyltransferase complexes,involved_in,GO:0045944,IMP,P,YHR099W|histone acetyltransferase TRA1,20110104,SGD
S000001161,SET1,"Histone methyltransferase, subunit of the COMPASS (Set1C) complex",involved_in,GO:0000122,IMP,P,YHR119W|YTX1|KMT2|histone methyltransferase SET1,20160811,SGD
S000001161,SET1,"Histone methyltransferase, subunit of the COMPASS (Set1C) complex",involved_in,GO:0045944,IMP,P,YHR119W|YTX1|KMT2|histone methyltransferase SET1,20160811,SGD
S000001166,NDT80,Meiosis-specific transcription factor,enables,GO:0003700,IDA,F,YHR124W|transcription factor NDT80,20020307,SGD
S000001166,NDT80,Meiosis-specific transcription factor,enables,GO:0003700,IMP,F,YHR124W|transcription factor NDT80,20020307,SGD
S000001166,NDT80,Meiosis-specific transcription factor,involved_in,GO:0045944,IMP,P,YHR124W|transcription factor NDT80,20150319,SGD
S000001166,NDT80,Meiosis-specific transcription factor,involved_in,GO:0045944,IMP,P,YHR124W|transcription factor NDT80,20150319,SGD
S000001166,NDT80,Meiosis-specific transcription factor,involved_in,GO:0045944,IMP,P,YHR124W|transcription factor NDT80,20150319,SGD
S000001166,NDT80,Meiosis-specific transcription factor,involved_in,GO:0045944,IMP,P,YHR124W|transcription factor NDT80,20150319,SGD
S000001166,NDT80,Meiosis-specific transcription factor,involved_in,GO:0045944,IMP,P,YHR124W|transcription factor NDT80,20150319,SGD
S000001166,NDT80,Meiosis-specific transcription factor,involved_in,GO:0045944,IMP,P,YHR124W|transcription factor NDT80,20150319,SGD
S000001166,NDT80,Meiosis-specific transcription factor,involved_in,GO:0045944,IMP,P,YHR124W|transcription factor NDT80,20150319,SGD
S000001166,NDT80,Meiosis-specific transcription factor,involved_in,GO:0045944,IMP,P,YHR124W|transcription factor NDT80,20150319,SGD
S000001166,NDT80,Meiosis-specific transcription factor,involved_in,GO:0045944,IMP,P,YHR124W|transcription factor NDT80,20150319,SGD
S000001220,ROF1,Putative transcription factor containing a WOPR domain,involved_in,GO:0045944,ISS,P,YHR177W,20141006,SGD
S000001249,SKN7,Nuclear response regulator and transcription factor,enables,GO:0003700,IDA,F,YHR206W|BRY1|POS9|kinase-regulated stress-responsive transcription factor SKN7,20050117,SGD
S000001249,SKN7,Nuclear response regulator and transcription factor,enables,GO:0003700,IDA,F,YHR206W|BRY1|POS9|kinase-regulated stress-responsive transcription factor SKN7,20020726,SGD
S000001249,SKN7,Nuclear response regulator and transcription factor,enables,GO:0003700,IMP,F,YHR206W|BRY1|POS9|kinase-regulated stress-responsive transcription factor SKN7,20020726,SGD
S000005365,RPB11,RNA polymerase II subunit B12.5,involved_in,GO:0006366,IMP,P,YOL005C|B12.5|DNA-directed RNA polymerase II core subunit RPB11,20100119,SGD
S000004045,SPT8,Subunit of the SAGA transcriptional regulatory complex,involved_in,GO:0000122,IDA,P,YLR055C|SAGA complex subunit SPT8,20060705,SGD
S000004045,SPT8,Subunit of the SAGA transcriptional regulatory complex,involved_in,GO:0000122,IMP,P,YLR055C|SAGA complex subunit SPT8,20060705,SGD
S000004045,SPT8,Subunit of the SAGA transcriptional regulatory complex,involved_in,GO:0045944,IMP,P,YLR055C|SAGA complex subunit SPT8,20060705,SGD
S000002851,SSN2,Subunit of the RNA polymerase II mediator complex,involved_in,GO:0000122,IMP,P,YDR443C|RYE3|MED13|NUT8|SCA1|SRB9|UME2|SSX5,20110914,SGD
S000002851,SSN2,Subunit of the RNA polymerase II mediator complex,involved_in,GO:0045944,IDA,P,YDR443C|RYE3|MED13|NUT8|SCA1|SRB9|UME2|SSX5,20110914,SGD
S000002480,SNF11,Subunit of the SWI/SNF chromatin remodeling complex,involved_in,GO:0045944,IMP,P,YDR073W,20120301,SGD
S000005963,SSN3,Component of the RNA polymerase II mediator complex,involved_in,GO:0000122,IPI,P,YPL042C|CDK8|RYE5|cyclin-dependent serine/threonine protein kinase SSN3|GIG2|NUT7|SRB10|UME5|SSX7|URR1,20110201,SGD
S000005963,SSN3,Component of the RNA polymerase II mediator complex,involved_in,GO:0000122,IMP,P,YPL042C|CDK8|RYE5|cyclin-dependent serine/threonine protein kinase SSN3|GIG2|NUT7|SRB10|UME5|SSX7|URR1,20110124,SGD
S000000064,SWD1,Subunit of the COMPASS (Set1C) complex,involved_in,GO:0006355,IMP,P,YAR003W|CPS50|SAF49|COMPASS subunit protein SWD1|FUN16,20050524,SGD
S000000048,OAF1,Oleate-activated transcription factor,involved_in,GO:0045944,IMP,P,YAL051W|YAF1|oleate-activated transcription factor OAF1,20141114,SGD
S000003237,TFG2,TFIIF (Transcription Factor II) middle subunit,involved_in,GO:0006366,IEA,P,YGR005C|transcription factor IIF subunit TFG2,20210410,InterPro
S000000927,RSP5,NEDD4 family E3 ubiquitin ligase,involved_in,GO:0045944,IMP,P,YER125W|MDP1|MUT2|NPI1|UBY1|SMM1|NEDD4 family E3 ubiquitin-protein ligase|HPG1,20081013,SGD
S000000971,RPH1,JmjC domain-containing histone demethylase,involved_in,GO:0000122,IDA,P,YER169W|KDM4,20021104,SGD
S000000971,RPH1,JmjC domain-containing histone demethylase,involved_in,GO:0000122,IMP,P,YER169W|KDM4,20151114,SGD
S000000971,RPH1,JmjC domain-containing histone demethylase,involved_in,GO:0000122,IMP,P,YER169W|KDM4,20151114,SGD
S000000971,RPH1,JmjC domain-containing histone demethylase,involved_in,GO:0000122,IMP,P,YER169W|KDM4,20151114,SGD
S000000971,RPH1,JmjC domain-containing histone demethylase,involved_in,GO:0000122,IMP,P,YER169W|KDM4,20151114,SGD
S000000971,RPH1,JmjC domain-containing histone demethylase,involved_in,GO:0000122,IMP,P,YER169W|KDM4,20151114,SGD
S000000971,RPH1,JmjC domain-containing histone demethylase,involved_in,GO:0000122,IMP,P,YER169W|KDM4,20151114,SGD
S000000971,RPH1,JmjC domain-containing histone demethylase,involved_in,GO:0000122,IMP,P,YER169W|KDM4,20151114,SGD
S000000971,RPH1,JmjC domain-containing histone demethylase,involved_in,GO:0000122,IGI,P,YER169W|KDM4,20151114,SGD
S000000971,RPH1,JmjC domain-containing histone demethylase,involved_in,GO:0000122,IGI,P,YER169W|KDM4,20151114,SGD
S000000971,RPH1,JmjC domain-containing histone demethylase,involved_in,GO:0000122,IGI,P,YER169W|KDM4,20151114,SGD
S000000971,RPH1,JmjC domain-containing histone demethylase,involved_in,GO:0000122,IGI,P,YER169W|KDM4,20151114,SGD
S000000971,RPH1,JmjC domain-containing histone demethylase,involved_in,GO:0000122,IGI,P,YER169W|KDM4,20151114,SGD
S000000971,RPH1,JmjC domain-containing histone demethylase,involved_in,GO:0000122,IGI,P,YER169W|KDM4,20151114,SGD
S000000971,RPH1,JmjC domain-containing histone demethylase,involved_in,GO:0000122,IGI,P,YER169W|KDM4,20151114,SGD
S000000986,TOG1,Transcriptional activator of oleate genes,enables,GO:0003700,IC,F,YER184C,20140823,SGD
S000000986,TOG1,Transcriptional activator of oleate genes,enables,GO:0003700,IC,F,YER184C,20140823,SGD
S000000986,TOG1,Transcriptional activator of oleate genes,enables,GO:0003700,IC,F,YER184C,20140823,SGD
S000000986,TOG1,Transcriptional activator of oleate genes,enables,GO:0003700,IC,F,YER184C,20140823,SGD
S000000986,TOG1,Transcriptional activator of oleate genes,enables,GO:0003700,IC,F,YER184C,20140823,SGD
S000000986,TOG1,Transcriptional activator of oleate genes,enables,GO:0003700,IC,F,YER184C,20140823,SGD
S000000986,TOG1,Transcriptional activator of oleate genes,enables,GO:0003700,IC,F,YER184C,20140823,SGD
S000000986,TOG1,Transcriptional activator of oleate genes,enables,GO:0003700,IC,F,YER184C,20140823,SGD
S000000986,TOG1,Transcriptional activator of oleate genes,enables,GO:0003700,IC,F,YER184C,20140823,SGD
S000000986,TOG1,Transcriptional activator of oleate genes,enables,GO:0003700,IC,F,YER184C,20140823,SGD
S000000986,TOG1,Transcriptional activator of oleate genes,enables,GO:0003700,IC,F,YER184C,20140823,SGD
S000000986,TOG1,Transcriptional activator of oleate genes,enables,GO:0003700,IC,F,YER184C,20140823,SGD
S000000986,TOG1,Transcriptional activator of oleate genes,enables,GO:0003700,IC,F,YER184C,20140823,SGD
S000000986,TOG1,Transcriptional activator of oleate genes,enables,GO:0003700,IC,F,YER184C,20140823,SGD
S000000986,TOG1,Transcriptional activator of oleate genes,enables,GO:0003700,IC,F,YER184C,20140823,SGD
S000000986,TOG1,Transcriptional activator of oleate genes,enables,GO:0003700,IC,F,YER184C,20140823,SGD
S000000986,TOG1,Transcriptional activator of oleate genes,enables,GO:0003700,IC,F,YER184C,20140823,SGD
S000000986,TOG1,Transcriptional activator of oleate genes,enables,GO:0003700,IC,F,YER184C,20140823,SGD
S000000986,TOG1,Transcriptional activator of oleate genes,involved_in,GO:0045944,IMP,P,YER184C,20140822,SGD
S000000847,ACA1,ATF/CREB family basic leucine zipper (bZIP) transcription factor,involved_in,GO:0045944,IDA,P,YER045C,20110804,SGD
S000000866,VHR2,Non-essential nuclear protein,involved_in,GO:0006355,IMP,P,YER064C,20040813,SGD
S000000890,DOT6,Protein involved in rRNA and ribosome biogenesis,involved_in,GO:0006357,IMP,P,YER088C|PBF2,20090203,SGD
S000000941,RTR1,Dual specificity protein phosphatase,involved_in,GO:0006366,IMP,P,YER139C|RNA polymerase II subunit B1 CTD phosphatase RTR1,20080521,SGD
S000000941,RTR1,Dual specificity protein phosphatase,involved_in,GO:0006366,IGI,P,YER139C|RNA polymerase II subunit B1 CTD phosphatase RTR1,20080521,SGD
S000000941,RTR1,Dual specificity protein phosphatase,involved_in,GO:0006366,IGI,P,YER139C|RNA polymerase II subunit B1 CTD phosphatase RTR1,20080521,SGD
S000000941,RTR1,Dual specificity protein phosphatase,involved_in,GO:0006366,IGI,P,YER139C|RNA polymerase II subunit B1 CTD phosphatase RTR1,20080521,SGD
S000000941,RTR1,Dual specificity protein phosphatase,involved_in,GO:0006366,IGI,P,YER139C|RNA polymerase II subunit B1 CTD phosphatase RTR1,20080521,SGD
S000000941,RTR1,Dual specificity protein phosphatase,involved_in,GO:0006366,IPI,P,YER139C|RNA polymerase II subunit B1 CTD phosphatase RTR1,20080521,SGD
S000000961,BUR6,Subunit of a heterodimeric NC2 transcription regulator complex,involved_in,GO:0000122,IMP,P,YER159C|NCB1|negative cofactor 2 transcription regulator complex subunit BUR6,20020918,SGD
S000000961,BUR6,Subunit of a heterodimeric NC2 transcription regulator complex,involved_in,GO:0000122,IGI,P,YER159C|NCB1|negative cofactor 2 transcription regulator complex subunit BUR6,20131210,SGD
S000000961,BUR6,Subunit of a heterodimeric NC2 transcription regulator complex,involved_in,GO:0000122,IDA,P,YER159C|NCB1|negative cofactor 2 transcription regulator complex subunit BUR6,20160112,SGD
S000000961,BUR6,Subunit of a heterodimeric NC2 transcription regulator complex,involved_in,GO:0000122,IDA,P,YER159C|NCB1|negative cofactor 2 transcription regulator complex subunit BUR6,20160112,SGD
S000000961,BUR6,Subunit of a heterodimeric NC2 transcription regulator complex,involved_in,GO:0000122,IDA,P,YER159C|NCB1|negative cofactor 2 transcription regulator complex subunit BUR6,20131210,SGD
S000000961,BUR6,Subunit of a heterodimeric NC2 transcription regulator complex,involved_in,GO:0045944,IDA,P,YER159C|NCB1|negative cofactor 2 transcription regulator complex subunit BUR6,20160112,SGD
S000005150,RTT106,Histone chaperone,involved_in,GO:0000122,IMP,P,YNL206C,20090925,SGD
S000004744,GAT2,Protein containing GATA family zinc finger motifs,involved_in,GO:0006357,ISA,P,YMR136W,20120309,SGD
S000004744,GAT2,Protein containing GATA family zinc finger motifs,involved_in,GO:0006357,ISA,P,YMR136W,20120309,SGD
S000004744,GAT2,Protein containing GATA family zinc finger motifs,involved_in,GO:0006357,ISA,P,YMR136W,20120309,SGD
S000004744,GAT2,Protein containing GATA family zinc finger motifs,involved_in,GO:0006357,ISA,P,YMR136W,20120309,SGD
S000003502,YTA7,Chromatin-binding ATPase that regulates histone gene expression,involved_in,GO:0000122,IMP,P,YGR270W,20110916,SGD
S000003502,YTA7,Chromatin-binding ATPase that regulates histone gene expression,involved_in,GO:0045944,IMP,P,YGR270W,20090925,SGD
S000002993,PGD1,Subunit of the RNA polymerase II mediator complex,involved_in,GO:0000122,IMP,P,YGL025C|HRS1|MED3,20110907,SGD
S000002993,PGD1,Subunit of the RNA polymerase II mediator complex,involved_in,GO:0045944,IMP,P,YGL025C|HRS1|MED3,20110907,SGD
S000001185,RPC10,"RNA polymerase subunit ABC10-alpha, found in RNA pol I, II, and III",involved_in,GO:0006366,IMP,P,YHR143W-A|RPB12|ABC10-alpha|DNA-directed RNA polymerase core subunit RPC10,20100119,SGD
S000001411,MLP2,Myosin-like protein associated with the nuclear envelope,involved_in,GO:0006355,IGI,P,YIL149C,20050427,SGD
S000000847,ACA1,ATF/CREB family basic leucine zipper (bZIP) transcription factor,enables,GO:0003700,IEA,F,YER045C,20210410,InterPro
S000001363,XBP1,Transcriptional repressor,enables,GO:0003700,IDA,F,YIL101C,20020221,SGD
S000001363,XBP1,Transcriptional repressor,involved_in,GO:0000122,IMP,P,YIL101C,20150310,SGD
S000001363,XBP1,Transcriptional repressor,involved_in,GO:0000122,IMP,P,YIL101C,20150310,SGD
S000001363,XBP1,Transcriptional repressor,involved_in,GO:0000122,IMP,P,YIL101C,20150310,SGD
S000001363,XBP1,Transcriptional repressor,involved_in,GO:0000122,IMP,P,YIL101C,20150310,SGD
S000001363,XBP1,Transcriptional repressor,involved_in,GO:0000122,IMP,P,YIL101C,20150310,SGD
S000001363,XBP1,Transcriptional repressor,involved_in,GO:0000122,IMP,P,YIL101C,20150310,SGD
S000001363,XBP1,Transcriptional repressor,involved_in,GO:0000122,IMP,P,YIL101C,20150310,SGD
S000001363,XBP1,Transcriptional repressor,involved_in,GO:0000122,IMP,P,YIL101C,20150310,SGD
S000001363,XBP1,Transcriptional repressor,involved_in,GO:0000122,IMP,P,YIL101C,20150310,SGD
S000001363,XBP1,Transcriptional repressor,involved_in,GO:0000122,IMP,P,YIL101C,20150310,SGD
S000001363,XBP1,Transcriptional repressor,involved_in,GO:0000122,IMP,P,YIL101C,20150310,SGD
S000005111,SKO1,Basic leucine zipper transcription factor of the ATF/CREB family,involved_in,GO:0006355,IEA,P,YNL167C|ACR1,20210410,InterPro
S000001346,SDS3,Component of the Rpd3L histone deacetylase complex,involved_in,GO:0000122,IMP,P,YIL084C,20150203,SGD
S000001346,SDS3,Component of the Rpd3L histone deacetylase complex,involved_in,GO:0000122,IMP,P,YIL084C,20150203,SGD
S000001346,SDS3,Component of the Rpd3L histone deacetylase complex,involved_in,GO:0000122,IMP,P,YIL084C,20150203,SGD
S000001346,SDS3,Component of the Rpd3L histone deacetylase complex,involved_in,GO:0045944,IMP,P,YIL084C,20100712,SGD
S000001346,SDS3,Component of the Rpd3L histone deacetylase complex,involved_in,GO:0045944,IMP,P,YIL084C,20140930,SGD
S000001346,SDS3,Component of the Rpd3L histone deacetylase complex,involved_in,GO:0045944,IMP,P,YIL084C,20140930,SGD
S000001318,VHR1,Transcriptional activator,involved_in,GO:0045944,IMP,P,YIL056W,20110812,SGD
S000001298,CST6,Basic leucine zipper (bZIP) transcription factor from ATF/CREB family,involved_in,GO:0045944,IDA,P,YIL036W|SHF1|ACA2,20111017,SGD
S000001456,MET28,bZIP transcriptional activator in the Cbf1p-Met4p-Met28p complex,involved_in,GO:0006357,IMP,P,YIR017C,20110722,SGD
S000001457,YAP5,Basic leucine zipper (bZIP) iron-sensing transcription factor,involved_in,GO:0000122,IMP,P,YIR018W,20110922,SGD
S000001457,YAP5,Basic leucine zipper (bZIP) iron-sensing transcription factor,involved_in,GO:0045944,IMP,P,YIR018W,20110922,SGD
S000001457,YAP5,Basic leucine zipper (bZIP) iron-sensing transcription factor,involved_in,GO:0045944,IDA,P,YIR018W,20021031,SGD
S000001472,MGA2,ER membrane protein involved in regulation of OLE1 transcription,involved_in,GO:0045944,IMP,P,YIR033W,20021023,SGD
S000002856,ADA2,Transcription coactivator,involved_in,GO:0006357,IEA,P,YDR448W|SWI8|chromatin-binding transcription regulator ADA2,20210410,InterPro
S000005554,CIN5,Basic leucine zipper (bZIP) transcription factor of the yAP-1 family,involved_in,GO:0006357,ISA,P,YOR028C|HAL6|YAP4,20120202,SGD
S000003149,GTS1,Protein involved in Arf3p regulation and in transcription regulation,involved_in,GO:0006357,IPI,P,YGL181W|LSR1|FHT1,20110621,SGD
S000003149,GTS1,Protein involved in Arf3p regulation and in transcription regulation,involved_in,GO:0045944,IMP,P,YGL181W|LSR1|FHT1,20110621,SGD
S000002441,LYS14,Transcriptional activator involved in regulating lysine biosynthesis,involved_in,GO:0045944,IDA,P,YDR034C,20111103,SGD
S000002441,LYS14,Transcriptional activator involved in regulating lysine biosynthesis,involved_in,GO:0045944,IMP,P,YDR034C,20111103,SGD
S000002441,LYS14,Transcriptional activator involved in regulating lysine biosynthesis,involved_in,GO:0045944,IDA,P,YDR034C,20111103,SGD
S000001863,HAC1,Basic leucine zipper (bZIP) transcription factor (ATF/CREB1 homolog),involved_in,GO:0045944,IDA,P,YFL031W|ERN4|IRE15|transcription factor HAC1,20120113,SGD
S000001863,HAC1,Basic leucine zipper (bZIP) transcription factor (ATF/CREB1 homolog),involved_in,GO:0045944,IMP,P,YFL031W|ERN4|IRE15|transcription factor HAC1,20120113,SGD
S000005639,AZF1,Zinc-finger transcription factor,involved_in,GO:0006357,IDA,P,YOR113W,20120223,SGD
S000005639,AZF1,Zinc-finger transcription factor,involved_in,GO:0006357,IMP,P,YOR113W,20120223,SGD
S000003432,ELP2,Subunit of Elongator complex,involved_in,GO:0006357,IMP,P,YGR200C|KTI3|TOT2|Elongator subunit ELP2,20020918,SGD
S000003646,GZF3,GATA zinc finger protein,involved_in,GO:0000122,IMP,P,YJL110C|DEH1|NIL2,20100326,SGD
S000003639,GSM1,Putative zinc cluster protein of unknown function,enables,GO:0003700,IDA,F,YJL103C,20121024,SGD
S000003639,GSM1,Putative zinc cluster protein of unknown function,enables,GO:0003700,IMP,F,YJL103C,20121024,SGD
S000003639,GSM1,Putative zinc cluster protein of unknown function,involved_in,GO:0006357,IDA,P,YJL103C,20121024,SGD
S000003639,GSM1,Putative zinc cluster protein of unknown function,involved_in,GO:0006357,IMP,P,YJL103C,20121024,SGD
S000001842,ZNF1,Zinc cluster transcription factor that regulates respiratory growth,enables,GO:0001228,IMP,F,YFL052W|DNA-binding domain containing protein,20150217,SGD
S000001845,SWP82,Member of the SWI/SNF chromatin remodeling complex,involved_in,GO:0045944,IC,P,YFL049W,20120312,SGD
S000001850,OTU1,Deubiquitylation enzyme that binds to the chaperone-ATPase Cdc48p,involved_in,GO:0006355,IMP,P,YFL044C|ubiquitin-specific protease OTU1,20050420,SGD
S000001866,CAF16,Part of evolutionarily-conserved CCR4-NOT regulatory complex,involved_in,GO:0006357,IMP,P,YFL028C|putative ATP-binding cassette family ATPase CAF16,20090925,SGD
S000001870,EPL1,"Subunit of NuA4, an essential histone H4/H2A acetyltransferase complex",involved_in,GO:0006357,IDA,P,YFL024C,20020918,SGD
S000001545,MSN4,Stress-responsive transcriptional activator,involved_in,GO:0045944,IGI,P,YKL062W|stress-responsive transcriptional activator MSN4,20200416,SGD
S000001545,MSN4,Stress-responsive transcriptional activator,involved_in,GO:0045944,IGI,P,YKL062W|stress-responsive transcriptional activator MSN4,20200416,SGD
S000001545,MSN4,Stress-responsive transcriptional activator,involved_in,GO:0045944,IGI,P,YKL062W|stress-responsive transcriptional activator MSN4,20200416,SGD
S000001545,MSN4,Stress-responsive transcriptional activator,involved_in,GO:0045944,IGI,P,YKL062W|stress-responsive transcriptional activator MSN4,20200416,SGD
S000001545,MSN4,Stress-responsive transcriptional activator,involved_in,GO:0045944,IMP,P,YKL062W|stress-responsive transcriptional activator MSN4,20200416,SGD
S000001545,MSN4,Stress-responsive transcriptional activator,involved_in,GO:0045944,IMP,P,YKL062W|stress-responsive transcriptional activator MSN4,20200416,SGD
S000001545,MSN4,Stress-responsive transcriptional activator,involved_in,GO:0045944,IGI,P,YKL062W|stress-responsive transcriptional activator MSN4,20200416,SGD
S000001545,MSN4,Stress-responsive transcriptional activator,involved_in,GO:0045944,IGI,P,YKL062W|stress-responsive transcriptional activator MSN4,20200416,SGD
S000001545,MSN4,Stress-responsive transcriptional activator,involved_in,GO:0045944,IGI,P,YKL062W|stress-responsive transcriptional activator MSN4,20200416,SGD
S000001545,MSN4,Stress-responsive transcriptional activator,involved_in,GO:0045944,IGI,P,YKL062W|stress-responsive transcriptional activator MSN4,20200416,SGD
S000001545,MSN4,Stress-responsive transcriptional activator,involved_in,GO:0045944,IGI,P,YKL062W|stress-responsive transcriptional activator MSN4,20200416,SGD
S000001545,MSN4,Stress-responsive transcriptional activator,involved_in,GO:0045944,IMP,P,YKL062W|stress-responsive transcriptional activator MSN4,20200416,SGD
S000001545,MSN4,Stress-responsive transcriptional activator,involved_in,GO:0045944,IGI,P,YKL062W|stress-responsive transcriptional activator MSN4,20200416,SGD
S000001545,MSN4,Stress-responsive transcriptional activator,involved_in,GO:0045944,IGI,P,YKL062W|stress-responsive transcriptional activator MSN4,20200416,SGD
S000001545,MSN4,Stress-responsive transcriptional activator,involved_in,GO:0045944,IGI,P,YKL062W|stress-responsive transcriptional activator MSN4,20200416,SGD
S000001545,MSN4,Stress-responsive transcriptional activator,involved_in,GO:0045944,IGI,P,YKL062W|stress-responsive transcriptional activator MSN4,20200416,SGD
S000001545,MSN4,Stress-responsive transcriptional activator,involved_in,GO:0045944,IGI,P,YKL062W|stress-responsive transcriptional activator MSN4,20200416,SGD
S000001545,MSN4,Stress-responsive transcriptional activator,involved_in,GO:0045944,IGI,P,YKL062W|stress-responsive transcriptional activator MSN4,20200416,SGD
S000001545,MSN4,Stress-responsive transcriptional activator,involved_in,GO:0045944,IGI,P,YKL062W|stress-responsive transcriptional activator MSN4,20200416,SGD
S000001545,MSN4,Stress-responsive transcriptional activator,involved_in,GO:0045944,IGI,P,YKL062W|stress-responsive transcriptional activator MSN4,20200416,SGD
S000001545,MSN4,Stress-responsive transcriptional activator,involved_in,GO:0045944,IGI,P,YKL062W|stress-responsive transcriptional activator MSN4,20200416,SGD
S000001545,MSN4,Stress-responsive transcriptional activator,involved_in,GO:0045944,IGI,P,YKL062W|stress-responsive transcriptional activator MSN4,20200416,SGD
S000001545,MSN4,Stress-responsive transcriptional activator,involved_in,GO:0045944,IGI,P,YKL062W|stress-responsive transcriptional activator MSN4,20200416,SGD
S000001545,MSN4,Stress-responsive transcriptional activator,involved_in,GO:0045944,IGI,P,YKL062W|stress-responsive transcriptional activator MSN4,20200416,SGD
S000001545,MSN4,Stress-responsive transcriptional activator,involved_in,GO:0045944,IGI,P,YKL062W|stress-responsive transcriptional activator MSN4,20200416,SGD
S000001545,MSN4,Stress-responsive transcriptional activator,involved_in,GO:0045944,IGI,P,YKL062W|stress-responsive transcriptional activator MSN4,20200416,SGD
S000001545,MSN4,Stress-responsive transcriptional activator,involved_in,GO:0045944,IGI,P,YKL062W|stress-responsive transcriptional activator MSN4,20200416,SGD
S000001545,MSN4,Stress-responsive transcriptional activator,involved_in,GO:0045944,IGI,P,YKL062W|stress-responsive transcriptional activator MSN4,20200416,SGD
S000001545,MSN4,Stress-responsive transcriptional activator,involved_in,GO:0045944,IGI,P,YKL062W|stress-responsive transcriptional activator MSN4,20200416,SGD
S000001545,MSN4,Stress-responsive transcriptional activator,involved_in,GO:0045944,IGI,P,YKL062W|stress-responsive transcriptional activator MSN4,20200416,SGD
S000000386,SMP1,MADS-box transcription factor involved in osmotic stress response,involved_in,GO:0045944,IMP,P,YBR182C,20200416,SGD
S000000386,SMP1,MADS-box transcription factor involved in osmotic stress response,involved_in,GO:0045944,IGI,P,YBR182C,20200416,SGD
S000004088,CHA4,DNA binding transcriptional activator,enables,GO:0003700,IDA,F,YLR098C|SIL2|SIL3,20030402,SGD
S000003506,TAF1,"TFIID subunit, involved in RNA pol II transcription initiation",involved_in,GO:0006366,IDA,P,YGR274C|TAF145|TAF130|TafII130|TafII145|KAT4|histone acetyltransferase,20090819,SGD
S000003506,TAF1,"TFIID subunit, involved in RNA pol II transcription initiation",involved_in,GO:0006366,IDA,P,YGR274C|TAF145|TAF130|TafII130|TafII145|KAT4|histone acetyltransferase,20090819,SGD
S000003506,TAF1,"TFIID subunit, involved in RNA pol II transcription initiation",involved_in,GO:0006366,IMP,P,YGR274C|TAF145|TAF130|TafII130|TafII145|KAT4|histone acetyltransferase,20090819,SGD
S000003506,TAF1,"TFIID subunit, involved in RNA pol II transcription initiation",involved_in,GO:0006366,IMP,P,YGR274C|TAF145|TAF130|TafII130|TafII145|KAT4|histone acetyltransferase,20090819,SGD
S000003888,RSF2,Zinc-finger protein,enables,GO:0003700,ISS,F,YJR127C|ZMS1,20030428,SGD
S000003888,RSF2,Zinc-finger protein,involved_in,GO:0006355,IMP,P,YJR127C|ZMS1,20051014,SGD
S000003720,GON7,Component of the EKC/KEOPS protein complex,involved_in,GO:0045944,IPI,P,YJL184W|LDB6|PCC2|chromatin DNA-binding EKC/KEOPS complex subunit GON7,20060829,SGD
S000003704,SET2,Histone methyltransferase with a role in transcriptional elongation,involved_in,GO:0006355,IDA,P,YJL168C|EZL1|KMT3|histone methyltransferase SET2,20020522,SGD
S000003704,SET2,Histone methyltransferase with a role in transcriptional elongation,involved_in,GO:0006355,IMP,P,YJL168C|EZL1|KMT3|histone methyltransferase SET2,20020522,SGD
S000003592,ZAP1,Zinc-regulated transcription factor,involved_in,GO:0045944,IDA,P,YJL056C|ZRG10,20141028,SGD
S000003880,JHD2,JmjC domain family histone demethylase,involved_in,GO:0000122,IMP,P,YJR119C|KDM5|histone demethylase,20160811,SGD
S000003880,JHD2,JmjC domain family histone demethylase,involved_in,GO:0045944,IMP,P,YJR119C|KDM5|histone demethylase,20150114,SGD
S000003880,JHD2,JmjC domain family histone demethylase,involved_in,GO:0045944,IMP,P,YJR119C|KDM5|histone demethylase,20160811,SGD
S000004970,SSN8,Cyclin-like component of RNA polymerase II holoenzyme,involved_in,GO:0000122,IMP,P,YNL025C|GIG3|NUT9|CycC|RYE2|SRB11|UME3|CNC1|cyclin-dependent protein serine/threonine kinase regulator SSN8,20110124,SGD
S000004970,SSN8,Cyclin-like component of RNA polymerase II holoenzyme,involved_in,GO:0045944,IDA,P,YNL025C|GIG3|NUT9|CycC|RYE2|SRB11|UME3|CNC1|cyclin-dependent protein serine/threonine kinase regulator SSN8,20110207,SGD
S000002716,SRB7,Subunit of the RNA polymerase II mediator complex,involved_in,GO:0000122,IMP,P,YDR308C|MED21|SSX1,20110727,SGD
S000002716,SRB7,Subunit of the RNA polymerase II mediator complex,involved_in,GO:0045944,IMP,P,YDR308C|MED21|SSX1,20110727,SGD
S000004166,RFX1,Major transcriptional repressor of DNA-damage-regulated genes,involved_in,GO:0000122,IMP,P,YLR176C|CRT1,20080318,SGD
S000004166,RFX1,Major transcriptional repressor of DNA-damage-regulated genes,involved_in,GO:0000122,IGI,P,YLR176C|CRT1,20080318,SGD
S000004166,RFX1,Major transcriptional repressor of DNA-damage-regulated genes,involved_in,GO:0000122,IGI,P,YLR176C|CRT1,20080318,SGD
S000004166,RFX1,Major transcriptional repressor of DNA-damage-regulated genes,involved_in,GO:0000122,IDA,P,YLR176C|CRT1,20021216,SGD
S000004166,RFX1,Major transcriptional repressor of DNA-damage-regulated genes,involved_in,GO:0045944,IMP,P,YLR176C|CRT1,20080215,SGD
S000004607,TAF4,TFIID subunit (48 kDa),involved_in,GO:0006366,IDA,P,YMR005W|MPT1|TAF48|TSG2|TafII48,20090826,SGD
S000004607,TAF4,TFIID subunit (48 kDa),involved_in,GO:0006366,IDA,P,YMR005W|MPT1|TAF48|TSG2|TafII48,20090826,SGD
S000005041,PHO23,Component of the Rpd3L histone deacetylase complex,involved_in,GO:0000122,IMP,P,YNL097C,20160914,SGD
S000005041,PHO23,Component of the Rpd3L histone deacetylase complex,involved_in,GO:0045944,IMP,P,YNL097C,20100712,SGD
S000005041,PHO23,Component of the Rpd3L histone deacetylase complex,involved_in,GO:0045944,IMP,P,YNL097C,20140930,SGD
S000005041,PHO23,Component of the Rpd3L histone deacetylase complex,involved_in,GO:0045944,IMP,P,YNL097C,20140930,SGD
S000002274,NUP84,Subunit of the Nup84p subcomplex of the nuclear pore complex (NPC),involved_in,GO:0045944,IMP,P,YDL116W,20120607,SGD
S000003177,MIG2,Zinc finger transcriptional repressor,involved_in,GO:0000122,IMP,P,YGL209W|MLZ1,20140905,SGD
S000003177,MIG2,Zinc finger transcriptional repressor,involved_in,GO:0000122,IGI,P,YGL209W|MLZ1,20140905,SGD
S000003177,MIG2,Zinc finger transcriptional repressor,involved_in,GO:0045944,IMP,P,YGL209W|MLZ1,20110805,SGD
S000003177,MIG2,Zinc finger transcriptional repressor,involved_in,GO:0045944,IGI,P,YGL209W|MLZ1,20110805,SGD
S000003080,TAF6,Subunit (60 kDa) of TFIID and SAGA complexes,involved_in,GO:0006366,IDA,P,YGL112C|TAF60|TafII60|TATA-binding protein-associated factor TAF6,20090818,SGD
S000003080,TAF6,Subunit (60 kDa) of TFIID and SAGA complexes,involved_in,GO:0006366,IDA,P,YGL112C|TAF60|TafII60|TATA-binding protein-associated factor TAF6,20090818,SGD
S000003213,RTF1,Subunit of RNAPII-associated chromatin remodeling Paf1 complex,involved_in,GO:0000122,IMP,P,YGL244W|CSL3,20111028,SGD
S000003213,RTF1,Subunit of RNAPII-associated chromatin remodeling Paf1 complex,involved_in,GO:0006357,IGI,P,YGL244W|CSL3,20111020,SGD
S000003162,HOS2,Histone deacetylase and subunit of Set3 and Rpd3L complexes,involved_in,GO:0006355,IMP,P,YGL194C|RTL1|histone deacetylase HOS2,20091021,SGD
S000003119,NUT1,Component of the RNA polymerase II mediator complex,involved_in,GO:0006357,IMP,P,YGL151W|MED5|SSX4,20020822,SGD
S000003119,NUT1,Component of the RNA polymerase II mediator complex,involved_in,GO:0006366,IDA,P,YGL151W|MED5|SSX4,20090420,SGD
S000003118,INO80,ATPase and nucleosome spacing factor,involved_in,GO:0006366,IDA,P,YGL150C|chromatin-remodeling ATPase INO80,20021011,SGD
S000003118,INO80,ATPase and nucleosome spacing factor,involved_in,GO:0006366,IMP,P,YGL150C|chromatin-remodeling ATPase INO80,20021011,SGD
S000003118,INO80,ATPase and nucleosome spacing factor,involved_in,GO:0045944,IMP,P,YGL150C|chromatin-remodeling ATPase INO80,20081022,SGD
S000000735,GCN4,bZIP transcriptional activator of amino acid biosynthetic genes,enables,GO:0003700,IEA,F,YEL009C|AAS3|ARG9|AAS101|amino acid starvation-responsive transcription factor GCN4,20210410,InterPro
S000003354,YGR122W,Protein that may be involved in pH regulation,involved_in,GO:0000122,IMP,P,YGR122W,20060203,SGD
S000003354,YGR122W,Protein that may be involved in pH regulation,involved_in,GO:0000122,IMP,P,YGR122W,20060203,SGD
S000003395,GTR2,Subunit of a TORC1-stimulating GTPase and the EGO/GSE complex,involved_in,GO:0045944,IDA,P,YGR163W,20080416,SGD
S000003494,BUD32,Protein kinase,involved_in,GO:0045944,IPI,P,YGR262C|LDB14|serine/threonine protein kinase BUD32,20060829,SGD
S000003520,MAL13,MAL-activator protein,enables,GO:0003700,ISS,F,YGR288W|MALR|transcription factor MAL13,20020605,SGD
S000003520,MAL13,MAL-activator protein,involved_in,GO:0006355,ISS,P,YGR288W|MALR|transcription factor MAL13,20020605,SGD
S000006214,RPA135,RNA polymerase I second largest subunit A135,involved_in,GO:0006351,IEA,P,YPR010C|A135|RPA2|RRN2|SRP3|DNA-directed RNA polymerase I core subunit RPA135,20210410,InterPro
S000006214,RPA135,RNA polymerase I second largest subunit A135,involved_in,GO:0006351,IEA,P,YPR010C|A135|RPA2|RRN2|SRP3|DNA-directed RNA polymerase I core subunit RPA135,20210410,InterPro
S000006214,RPA135,RNA polymerase I second largest subunit A135,involved_in,GO:0006351,IEA,P,YPR010C|A135|RPA2|RRN2|SRP3|DNA-directed RNA polymerase I core subunit RPA135,20210410,InterPro
S000006214,RPA135,RNA polymerase I second largest subunit A135,involved_in,GO:0006351,IEA,P,YPR010C|A135|RPA2|RRN2|SRP3|DNA-directed RNA polymerase I core subunit RPA135,20210410,InterPro
S000006214,RPA135,RNA polymerase I second largest subunit A135,involved_in,GO:0006351,IEA,P,YPR010C|A135|RPA2|RRN2|SRP3|DNA-directed RNA polymerase I core subunit RPA135,20210410,InterPro
S000006214,RPA135,RNA polymerase I second largest subunit A135,involved_in,GO:0006351,IEA,P,YPR010C|A135|RPA2|RRN2|SRP3|DNA-directed RNA polymerase I core subunit RPA135,20210410,InterPro
S000006214,RPA135,RNA polymerase I second largest subunit A135,involved_in,GO:0006351,IEA,P,YPR010C|A135|RPA2|RRN2|SRP3|DNA-directed RNA polymerase I core subunit RPA135,20210410,InterPro
S000006214,RPA135,RNA polymerase I second largest subunit A135,involved_in,GO:0006351,IEA,P,YPR010C|A135|RPA2|RRN2|SRP3|DNA-directed RNA polymerase I core subunit RPA135,20210410,InterPro
S000006214,RPA135,RNA polymerase I second largest subunit A135,involved_in,GO:0006351,IEA,P,YPR010C|A135|RPA2|RRN2|SRP3|DNA-directed RNA polymerase I core subunit RPA135,20210410,InterPro
S000006214,RPA135,RNA polymerase I second largest subunit A135,involved_in,GO:0006351,IEA,P,YPR010C|A135|RPA2|RRN2|SRP3|DNA-directed RNA polymerase I core subunit RPA135,20210410,InterPro
S000004618,SOK2,Nuclear protein that negatively regulates pseudohyphal differentiation,enables,GO:0003700,ISS,F,YMR016C,20010626,SGD
S000006048,HHO1,"Histone H1, linker histone with roles in meiosis and sporulation",involved_in,GO:0006355,IMP,P,YPL127C|histone H1,20020213,SGD
S000001293,ULP2,Peptidase that deconjugates Smt3/SUMO-1 peptides from proteins,involved_in,GO:0006355,IEA,P,YIL031W|SMT4|SUMO protease ULP2,20210411,GOC
S000006169,GAL4,DNA-binding transcription factor required for activating GAL genes,enables,GO:0001228,IDA,F,YPL248C|GAL81|galactose-responsive transcription factor GAL4,20110623,SGD
S000006169,GAL4,DNA-binding transcription factor required for activating GAL genes,enables,GO:0001228,IMP,F,YPL248C|GAL81|galactose-responsive transcription factor GAL4,20110623,SGD
S000005996,GCR1,Transcriptional activator of genes involved in glycolysis,enables,GO:0001228,IMP,F,YPL075W|LPF10|SIT3|transcription regulator GCR1,20110620,SGD
S000005996,GCR1,Transcriptional activator of genes involved in glycolysis,enables,GO:0001228,IDA,F,YPL075W|LPF10|SIT3|transcription regulator GCR1,20110620,SGD
S000002264,PHO2,Homeobox transcription factor,enables,GO:0001228,IDA,F,YDL106C|phoB|BAS2|GRF10,20110623,SGD
S000005306,SNF12,73 kDa subunit of the SWI/SNF chromatin remodeling complex,involved_in,GO:0045944,IGI,P,YNR023W|SWP73,20120216,SGD
S000005306,SNF12,73 kDa subunit of the SWI/SNF chromatin remodeling complex,involved_in,GO:0045944,IGI,P,YNR023W|SWP73,20120216,SGD
S000005306,SNF12,73 kDa subunit of the SWI/SNF chromatin remodeling complex,involved_in,GO:0045944,IMP,P,YNR023W|SWP73,20120216,SGD
S000003206,HAP2,Subunit of the Hap2p/3p/4p/5p CCAAT-binding complex,contributes_to,GO:0001228,IDA,F,YGL237C|transcription activator HAP2,20110701,SGD
S000002264,PHO2,Homeobox transcription factor,enables,GO:0001228,IMP,F,YDL106C|phoB|BAS2|GRF10,20110623,SGD
S000002264,PHO2,Homeobox transcription factor,enables,GO:0001228,IDA,F,YDL106C|phoB|BAS2|GRF10,20110623,SGD
S000002264,PHO2,Homeobox transcription factor,enables,GO:0001228,IMP,F,YDL106C|phoB|BAS2|GRF10,20110623,SGD
S000002264,PHO2,Homeobox transcription factor,enables,GO:0001228,IGI,F,YDL106C|phoB|BAS2|GRF10,20110623,SGD
S000002264,PHO2,Homeobox transcription factor,enables,GO:0001228,IDA,F,YDL106C|phoB|BAS2|GRF10,20110623,SGD
S000002264,PHO2,Homeobox transcription factor,enables,GO:0001228,IMP,F,YDL106C|phoB|BAS2|GRF10,20110623,SGD
S000002264,PHO2,Homeobox transcription factor,enables,GO:0001228,IGI,F,YDL106C|phoB|BAS2|GRF10,20110623,SGD
S000004443,LEU3,"Zinc-knuckle transcription factor, repressor and activator",enables,GO:0001227,IDA,F,YLR451W|leucine-responsive transcriptional regulator LEU3,20160107,SGD
S000004443,LEU3,"Zinc-knuckle transcription factor, repressor and activator",enables,GO:0001228,IDA,F,YLR451W|leucine-responsive transcriptional regulator LEU3,20160107,SGD
S000004246,HAP1,Zinc finger transcription factor,enables,GO:0001228,IDA,F,YLR256W|CYP1,20111018,SGD
S000004246,HAP1,Zinc finger transcription factor,enables,GO:0001228,IMP,F,YLR256W|CYP1,20111018,SGD
S000004646,MCM1,Transcription factor,enables,GO:0001227,IDA,F,YMR043W|FUN80|transcription factor MCM1,20120130,SGD
S000004646,MCM1,Transcription factor,enables,GO:0001228,IMP,F,YMR043W|FUN80|transcription factor MCM1,20120130,SGD
S000004646,MCM1,Transcription factor,enables,GO:0001228,IDA,F,YMR043W|FUN80|transcription factor MCM1,20120130,SGD
S000004646,MCM1,Transcription factor,enables,GO:0001228,IDA,F,YMR043W|FUN80|transcription factor MCM1,20120130,SGD
S000002981,PDR1,Transcription factor that regulates the pleiotropic drug response,enables,GO:0001228,IMP,F,YGL013C|AMY1|ANT1|BOR2|CYH3|NRA2|SMR2|TIL1|TPE1|TPE3|drug-responsive transcription factor PDR1,20110922,SGD
S000002981,PDR1,Transcription factor that regulates the pleiotropic drug response,enables,GO:0001228,IMP,F,YGL013C|AMY1|ANT1|BOR2|CYH3|NRA2|SMR2|TIL1|TPE1|TPE3|drug-responsive transcription factor PDR1,20110922,SGD
S000001595,ABF1,DNA binding protein with possible chromatin-reorganizing activity,enables,GO:0001228,IDA,F,YKL112W|SBF1|GFI|BAF1|OBF1|REB2|DNA-binding protein ABF1|SBF-B|EBF2,20120215,SGD
S000003821,CBF1,Basic helix-loop-helix (bHLH) protein,enables,GO:0001227,IDA,F,YJR060W|CP1|CEP1|CPF1|GFII,20110822,SGD
S000003821,CBF1,Basic helix-loop-helix (bHLH) protein,enables,GO:0001228,IDA,F,YJR060W|CP1|CEP1|CPF1|GFII,20110822,SGD
S000000287,TEC1,Transcription factor targeting filamentation genes and Ty1 expression,enables,GO:0001228,IDA,F,YBR083W|ROC1,20110930,SGD
S000006054,RDS2,Transcription factor involved in regulating gluconeogenesis,enables,GO:0001228,IMP,F,YPL133C,20110628,SGD
S000002831,CAD1,AP-1-like basic leucine zipper (bZIP) transcriptional activator,enables,GO:0001228,IDA,F,YDR423C|YAP2,20120226,SGD
S000006269,ROX1,Heme-dependent repressor of hypoxic genes,enables,GO:0001227,IMP,F,YPR065W|REO1,20111212,SGD
S000000913,SWI4,DNA binding component of the SBF complex (Swi4p-Swi6p),enables,GO:0001228,IMP,F,YER111C|ART1|SBF complex DNA-binding subunit SWI4,20120210,SGD
S000000913,SWI4,DNA binding component of the SBF complex (Swi4p-Swi6p),enables,GO:0001228,IMP,F,YER111C|ART1|SBF complex DNA-binding subunit SWI4,20120210,SGD
S000001498,PUT3,Transcriptional activator,enables,GO:0001228,IMP,F,YKL015W,20111027,SGD
S000002329,UGA3,Transcriptional activator for GABA-dependent induction of GABA genes,enables,GO:0001228,IDA,F,YDL170W,20111013,SGD
S000003003,MIG1,Transcription factor involved in glucose repression,enables,GO:0001227,IDA,F,YGL035C|SSN1|CAT4|TDS22|transcription factor MIG1,20110805,SGD
S000003003,MIG1,Transcription factor involved in glucose repression,enables,GO:0001227,IGI,F,YGL035C|SSN1|CAT4|TDS22|transcription factor MIG1,20110805,SGD
S000003003,MIG1,Transcription factor involved in glucose repression,enables,GO:0001227,IGI,F,YGL035C|SSN1|CAT4|TDS22|transcription factor MIG1,20110805,SGD
S000003003,MIG1,Transcription factor involved in glucose repression,enables,GO:0001227,IDA,F,YGL035C|SSN1|CAT4|TDS22|transcription factor MIG1,20110729,SGD
S000002530,INO2,Transcription factor,contributes_to,GO:0001228,IDA,F,YDR123C|DIE1|SCS1,20160112,SGD
S000002530,INO2,Transcription factor,contributes_to,GO:0001228,IMP,F,YDR123C|DIE1|SCS1,20160112,SGD
S000003003,MIG1,Transcription factor involved in glucose repression,enables,GO:0001227,IMP,F,YGL035C|SSN1|CAT4|TDS22|transcription factor MIG1,20110729,SGD
S000003003,MIG1,Transcription factor involved in glucose repression,enables,GO:0001227,IGI,F,YGL035C|SSN1|CAT4|TDS22|transcription factor MIG1,20110729,SGD
S000003223,FZF1,Transcription factor involved in sulfite metabolism,enables,GO:0001228,IDA,F,YGL254W|NRC299|RSU1|SUL1,20110830,SGD
S000003223,FZF1,Transcription factor involved in sulfite metabolism,enables,GO:0001228,IMP,F,YGL254W|NRC299|RSU1|SUL1,20110830,SGD
S000001521,RGT1,Glucose-responsive transcription factor,enables,GO:0001228,IDA,F,YKL038W,20120218,SGD
S000000101,PDR3,Transcriptional activator of the pleiotropic drug resistance network,enables,GO:0001228,IMP,F,YBL005W|AMY2|TPE2|drug-responsive transcription factor PDR3,20110922,SGD
S000000101,PDR3,Transcriptional activator of the pleiotropic drug resistance network,enables,GO:0001228,IMP,F,YBL005W|AMY2|TPE2|drug-responsive transcription factor PDR3,20110922,SGD
S000001019,RIM101,Cys2His2 zinc-finger transcriptional repressor,enables,GO:0001227,IDA,F,YHL027W|RIM1|alkaline-responsive transcriptional regulator RIM101,20120225,SGD
S000001019,RIM101,Cys2His2 zinc-finger transcriptional repressor,enables,GO:0001227,IMP,F,YHL027W|RIM1|alkaline-responsive transcriptional regulator RIM101,20120225,SGD
S000001019,RIM101,Cys2His2 zinc-finger transcriptional repressor,enables,GO:0001227,IGI,F,YHL027W|RIM1|alkaline-responsive transcriptional regulator RIM101,20120225,SGD
S000001668,ASH1,Component of the Rpd3L histone deacetylase complex,enables,GO:0001227,IMP,F,YKL185W|DNA-binding transcription repressor ASH1,20110808,SGD
S000001668,ASH1,Component of the Rpd3L histone deacetylase complex,enables,GO:0001227,IDA,F,YKL185W|DNA-binding transcription repressor ASH1,20110808,SGD
S000004623,MAC1,Copper-sensing transcription factor,enables,GO:0001228,IMP,F,YMR021C|CUA1,20111028,SGD
S000000443,ERT1,Transcriptional regulator,enables,GO:0001227,IMP,F,YBR239C,20140902,SGD
S000001048,STP2,Transcription factor,enables,GO:0001228,IDA,F,YHR006W,20110720,SGD
S000001048,STP2,Transcription factor,enables,GO:0001228,IMP,F,YHR006W,20110720,SGD
S000001048,STP2,Transcription factor,enables,GO:0001228,IDA,F,YHR006W,20110720,SGD
S000001048,STP2,Transcription factor,enables,GO:0001228,IMP,F,YHR006W,20110720,SGD
S000002615,UME6,Rpd3L histone deacetylase complex subunit,enables,GO:0001227,IDA,F,YDR207C|CAR80|NIM2|RIM16|DNA-binding transcriptional regulator UME6,20110802,SGD
S000002615,UME6,Rpd3L histone deacetylase complex subunit,enables,GO:0001227,IDA,F,YDR207C|CAR80|NIM2|RIM16|DNA-binding transcriptional regulator UME6,20110802,SGD
S000002615,UME6,Rpd3L histone deacetylase complex subunit,enables,GO:0001227,IMP,F,YDR207C|CAR80|NIM2|RIM16|DNA-binding transcriptional regulator UME6,20110802,SGD
S000004893,CAT8,Zinc cluster transcriptional activator,enables,GO:0001228,IDA,F,YMR280C|DIL1|MSP8|DNA-binding transcription factor CAT8,20110628,SGD
S000002214,MBP1,Transcription factor,enables,GO:0001228,IMP,F,YDL056W|transcription factor MBP1,20120210,SGD
S000000048,OAF1,Oleate-activated transcription factor,enables,GO:0001228,IMP,F,YAL051W|YAF1|oleate-activated transcription factor OAF1,20141114,SGD
S000000830,MIG3,Transcriptional regulator,enables,GO:0001227,IDA,F,YER028C,20110805,SGD
S000000830,MIG3,Transcriptional regulator,enables,GO:0001227,IGI,F,YER028C,20110805,SGD
S000000830,MIG3,Transcriptional regulator,enables,GO:0001227,IGI,F,YER028C,20110805,SGD
S000000971,RPH1,JmjC domain-containing histone demethylase,enables,GO:0001227,IDA,F,YER169W|KDM4,20111212,SGD
S000000971,RPH1,JmjC domain-containing histone demethylase,enables,GO:0001227,IMP,F,YER169W|KDM4,20120113,SGD
S000000847,ACA1,ATF/CREB family basic leucine zipper (bZIP) transcription factor,enables,GO:0001228,IDA,F,YER045C,20110804,SGD
S000005080,EAF7,Subunit of the NuA4 histone acetyltransferase complex,involved_in,GO:0006357,IMP,P,YNL136W,20040922,SGD
S000005080,EAF7,Subunit of the NuA4 histone acetyltransferase complex,involved_in,GO:0006357,IPI,P,YNL136W,20040922,SGD
S000000911,FLO8,Transcription factor,enables,GO:0001228,IDA,F,YER109C|PHD5|YER108C|STA10|transcription factor FLO8,20110712,SGD
S000001393,FKH1,Forkhead family transcription factor,enables,GO:0001227,IDA,F,YIL131C|forkhead family transcription factor FKH1,20111215,SGD
S000001393,FKH1,Forkhead family transcription factor,enables,GO:0001227,IGI,F,YIL131C|forkhead family transcription factor FKH1,20111215,SGD
S000001393,FKH1,Forkhead family transcription factor,enables,GO:0001228,IDA,F,YIL131C|forkhead family transcription factor FKH1,20111215,SGD
S000001393,FKH1,Forkhead family transcription factor,enables,GO:0001228,IGI,F,YIL131C|forkhead family transcription factor FKH1,20111215,SGD
S000001393,FKH1,Forkhead family transcription factor,enables,GO:0001228,IDA,F,YIL131C|forkhead family transcription factor FKH1,20111215,SGD
S000001393,FKH1,Forkhead family transcription factor,enables,GO:0001228,IGI,F,YIL131C|forkhead family transcription factor FKH1,20111215,SGD
S000001298,CST6,Basic leucine zipper (bZIP) transcription factor from ATF/CREB family,enables,GO:0001228,IDA,F,YIL036W|SHF1|ACA2,20111017,SGD
S000002441,LYS14,Transcriptional activator involved in regulating lysine biosynthesis,enables,GO:0001228,ISA,F,YDR034C,20111103,SGD
S000005639,AZF1,Zinc-finger transcription factor,enables,GO:0001228,IDA,F,YOR113W,20120223,SGD
S000005639,AZF1,Zinc-finger transcription factor,enables,GO:0001228,IMP,F,YOR113W,20120223,SGD
S000001873,GAT1,Transcriptional activator of nitrogen catabolite repression genes,enables,GO:0001228,IMP,F,YFL021W|NIL1|MEP80,20111222,SGD
S000002718,SUM1,Transcriptional repressor that regulates middle-sporulation genes,enables,GO:0001227,IDA,F,YDR310C,20110801,SGD
S000002718,SUM1,Transcriptional repressor that regulates middle-sporulation genes,enables,GO:0001227,IMP,F,YDR310C,20110801,SGD
S000003625,SIP4,C6 zinc cluster transcriptional activator,enables,GO:0001228,IDA,F,YJL089W,20110628,SGD
S000004972,CRZ1,"Transcription factor, activates transcription of stress response genes",involved_in,GO:0045944,IMP,P,YNL027W|HAL8|TCN1|DNA-binding transcription factor CRZ1,20110919,SGD
S000004972,CRZ1,"Transcription factor, activates transcription of stress response genes",involved_in,GO:0045944,IGI,P,YNL027W|HAL8|TCN1|DNA-binding transcription factor CRZ1,20110919,SGD
S000004972,CRZ1,"Transcription factor, activates transcription of stress response genes",involved_in,GO:0045944,IGI,P,YNL027W|HAL8|TCN1|DNA-binding transcription factor CRZ1,20141009,SGD
S000005890,PIP2,"Autoregulatory, oleate-activated transcription factor",enables,GO:0001228,IMP,F,YOR363C|oleate-activated transcription factor PIP2|OAF2,20141114,SGD
S000003177,MIG2,Zinc finger transcriptional repressor,enables,GO:0001227,IDA,F,YGL209W|MLZ1,20110729,SGD
S000003177,MIG2,Zinc finger transcriptional repressor,enables,GO:0001227,IGI,F,YGL209W|MLZ1,20110729,SGD
S000005890,PIP2,"Autoregulatory, oleate-activated transcription factor",contributes_to,GO:0001228,IDA,F,YOR363C|oleate-activated transcription factor PIP2|OAF2,20160108,SGD
S000005890,PIP2,"Autoregulatory, oleate-activated transcription factor",contributes_to,GO:0001228,IMP,F,YOR363C|oleate-activated transcription factor PIP2|OAF2,20160108,SGD
S000004972,CRZ1,"Transcription factor, activates transcription of stress response genes",enables,GO:0001228,IDA,F,YNL027W|HAL8|TCN1|DNA-binding transcription factor CRZ1,20110919,SGD
S000004972,CRZ1,"Transcription factor, activates transcription of stress response genes",enables,GO:0001228,IDA,F,YNL027W|HAL8|TCN1|DNA-binding transcription factor CRZ1,20110919,SGD
S000004968,FAP1,Protein that binds to Fpr1p,enables,GO:0003700,ISS,F,YNL023C,20020529,SGD
S000004966,HDA1,Putative catalytic subunit of a class II histone deacetylase complex,involved_in,GO:0000122,IMP,P,YNL021W|histone deacetylase HDA1,20090515,SGD
S000004966,HDA1,Putative catalytic subunit of a class II histone deacetylase complex,involved_in,GO:0000122,IMP,P,YNL021W|histone deacetylase HDA1,20100712,SGD
S000004966,HDA1,Putative catalytic subunit of a class II histone deacetylase complex,involved_in,GO:0045944,IMP,P,YNL021W|histone deacetylase HDA1,20090515,SGD
S000002871,STP1,Transcription factor,enables,GO:0001228,IDA,F,YDR463W|BAP1|SSY2,20110624,SGD
S000002871,STP1,Transcription factor,enables,GO:0001228,IMP,F,YDR463W|BAP1|SSY2,20110624,SGD
S000002871,STP1,Transcription factor,enables,GO:0001228,IDA,F,YDR463W|BAP1|SSY2,20110720,SGD
S000002871,STP1,Transcription factor,enables,GO:0001228,IMP,F,YDR463W|BAP1|SSY2,20110720,SGD
S000005111,SKO1,Basic leucine zipper transcription factor of the ATF/CREB family,enables,GO:0001227,IDA,F,YNL167C|ACR1,20111212,SGD
S000005111,SKO1,Basic leucine zipper transcription factor of the ATF/CREB family,enables,GO:0001227,IMP,F,YNL167C|ACR1,20111212,SGD
S000005111,SKO1,Basic leucine zipper transcription factor of the ATF/CREB family,enables,GO:0001227,IDA,F,YNL167C|ACR1,20111212,SGD
S000005111,SKO1,Basic leucine zipper transcription factor of the ATF/CREB family,enables,GO:0001227,IMP,F,YNL167C|ACR1,20111212,SGD
S000005111,SKO1,Basic leucine zipper transcription factor of the ATF/CREB family,enables,GO:0001227,IDA,F,YNL167C|ACR1,20111212,SGD
S000005111,SKO1,Basic leucine zipper transcription factor of the ATF/CREB family,enables,GO:0001227,IMP,F,YNL167C|ACR1,20111212,SGD
S000005111,SKO1,Basic leucine zipper transcription factor of the ATF/CREB family,enables,GO:0001227,IDA,F,YNL167C|ACR1,20111212,SGD
S000005111,SKO1,Basic leucine zipper transcription factor of the ATF/CREB family,enables,GO:0001227,IMP,F,YNL167C|ACR1,20111212,SGD
S000005111,SKO1,Basic leucine zipper transcription factor of the ATF/CREB family,enables,GO:0001228,IDA,F,YNL167C|ACR1,20111212,SGD
S000005111,SKO1,Basic leucine zipper transcription factor of the ATF/CREB family,enables,GO:0001228,IMP,F,YNL167C|ACR1,20111212,SGD
S000002450,NRG1,Transcriptional repressor,enables,GO:0001227,IDA,F,YDR043C|transcriptional regulator NRG1,20111215,SGD
S000002450,NRG1,Transcriptional repressor,enables,GO:0001227,IMP,F,YDR043C|transcriptional regulator NRG1,20111215,SGD
S000005885,HAP5,Subunit of the Hap2p/3p/4p/5p CCAAT-binding complex,contributes_to,GO:0001228,IC,F,YOR358W,20110701,SGD
S000005885,HAP5,Subunit of the Hap2p/3p/4p/5p CCAAT-binding complex,contributes_to,GO:0001228,IC,F,YOR358W,20110701,SGD
S000004674,MOT3,"Transcriptional repressor, activator",involved_in,GO:0000122,IMP,P,YMR070W|ROX7|[MOT3+]|[MOT3],20141030,SGD
S000004674,MOT3,"Transcriptional repressor, activator",involved_in,GO:0000122,IMP,P,YMR070W|ROX7|[MOT3+]|[MOT3],20111212,SGD
S000004674,MOT3,"Transcriptional repressor, activator",involved_in,GO:0000122,IMP,P,YMR070W|ROX7|[MOT3+]|[MOT3],20111212,SGD
S000004674,MOT3,"Transcriptional repressor, activator",involved_in,GO:0045944,IMP,P,YMR070W|ROX7|[MOT3+]|[MOT3],20111212,SGD
S000002178,RPN4,Transcription factor that stimulates expression of proteasome genes,enables,GO:0001228,IDA,F,YDL020C|SON1|UFD5|stress-regulated transcription factor RPN4,20111213,SGD
S000002503,GIS1,Histone demethylase and transcription factor,enables,GO:0001227,IDA,F,YDR096W|histone demethylase GIS1,20110707,SGD
S000002503,GIS1,Histone demethylase and transcription factor,enables,GO:0001227,IMP,F,YDR096W|histone demethylase GIS1,20110707,SGD
S000002503,GIS1,Histone demethylase and transcription factor,enables,GO:0001228,IC,F,YDR096W|histone demethylase GIS1,20110714,SGD
S000002503,GIS1,Histone demethylase and transcription factor,enables,GO:0001228,IC,F,YDR096W|histone demethylase GIS1,20110714,SGD
S000004218,ECM22,Sterol regulatory element binding protein,enables,GO:0001228,IDA,F,YLR228C,20110628,SGD
S000004218,ECM22,Sterol regulatory element binding protein,enables,GO:0001228,IMP,F,YLR228C,20110628,SGD
S000006403,ARR1,Transcriptional activator of the basic leucine zipper (bZIP) family,enables,GO:0001228,IDA,F,YPR199C|ACR1|YAP8,20111213,SGD
S000006403,ARR1,Transcriptional activator of the basic leucine zipper (bZIP) family,enables,GO:0001228,IMP,F,YPR199C|ACR1|YAP8,20111213,SGD
S000006123,AFT2,Iron-regulated transcriptional activator,enables,GO:0001228,IC,F,YPL202C,20120105,SGD
S000006123,AFT2,Iron-regulated transcriptional activator,enables,GO:0001228,IC,F,YPL202C,20120105,SGD
S000002621,UPC2,Sterol regulatory element binding protein,enables,GO:0001228,IDA,F,YDR213W|MOX4,20110628,SGD
S000002621,UPC2,Sterol regulatory element binding protein,enables,GO:0001228,IMP,F,YDR213W|MOX4,20110628,SGD
S000002576,STB3,Ribosomal RNA processing element (RRPE)-binding protein,enables,GO:0001228,IMP,F,YDR169C,20180601,SGD
S000003617,ARP4,Nuclear actin-related protein involved in chromatin remodeling,involved_in,GO:0006355,IMP,P,YJL081C|ACT3,20010118,SGD
S000003617,ARP4,Nuclear actin-related protein involved in chromatin remodeling,involved_in,GO:0006357,IDA,P,YJL081C|ACT3,20020918,SGD
S000004794,RGM1,Putative zinc finger DNA binding transcription factor,involved_in,GO:0045944,IMP,P,YMR182C,20120329,SGD
S000004794,RGM1,Putative zinc finger DNA binding transcription factor,involved_in,GO:0045944,IMP,P,YMR182C,20120329,SGD
S000001405,SSL2,Component of RNA polymerase transcription factor TFIIH holoenzyme,involved_in,GO:0006366,IDA,P,YIL143C|LOM3|RAD25|TFIIH/NER complex ATPase/helicase subunit SSL2,20100519,SGD
S000002871,STP1,Transcription factor,involved_in,GO:0045944,IMP,P,YDR463W|BAP1|SSY2,20021023,SGD
S000003098,CEG1,Guanylyltransferase involved in mRNA 5' capping,involved_in,GO:0045944,IMP,P,YGL130W|mRNA guanylyltransferase,20041213,SGD
S000003098,CEG1,Guanylyltransferase involved in mRNA 5' capping,involved_in,GO:0045944,IGI,P,YGL130W|mRNA guanylyltransferase,20041213,SGD
S000000871,"ARG5,6",Acetylglutamate kinase and N-acetyl-gamma-glutamyl-phosphate reductase,involved_in,GO:0006355,IMP,P,YER069W|argB|bifunctional acetylglutamate kinase/N-acetyl-gamma-glutamyl-phosphate reductase|argC,20041128,SGD
S000005183,LAP3,Cysteine aminopeptidase with homocysteine-thiolactonase activity,involved_in,GO:0000122,IMP,P,YNL239W|bleomycin hydrolase|BLH1|GAL6|YCP1,20110623,SGD
S000005143,GCR2,Transcriptional activator of genes involved in glycolysis,involved_in,GO:0000122,IDA,P,YNL199C,20160914,SGD
S000005143,GCR2,Transcriptional activator of genes involved in glycolysis,involved_in,GO:0000122,IMP,P,YNL199C,20160914,SGD
S000005143,GCR2,Transcriptional activator of genes involved in glycolysis,involved_in,GO:0000122,IMP,P,YNL199C,20160914,SGD
S000005143,GCR2,Transcriptional activator of genes involved in glycolysis,involved_in,GO:0045944,IMP,P,YNL199C,20030402,SGD
S000005143,GCR2,Transcriptional activator of genes involved in glycolysis,involved_in,GO:0045944,IMP,P,YNL199C,20110620,SGD
S000005143,GCR2,Transcriptional activator of genes involved in glycolysis,involved_in,GO:0045944,IMP,P,YNL199C,20160914,SGD
S000005143,GCR2,Transcriptional activator of genes involved in glycolysis,involved_in,GO:0045944,IMP,P,YNL199C,20110620,SGD
S000006209,HAL1,Cytoplasmic protein involved in halotolerance,involved_in,GO:0045944,IMP,P,YPR005C,20031013,SGD
S000005111,SKO1,Basic leucine zipper transcription factor of the ATF/CREB family,involved_in,GO:0000122,IMP,P,YNL167C|ACR1,20111212,SGD
S000005111,SKO1,Basic leucine zipper transcription factor of the ATF/CREB family,involved_in,GO:0000122,IMP,P,YNL167C|ACR1,20111212,SGD
S000005111,SKO1,Basic leucine zipper transcription factor of the ATF/CREB family,involved_in,GO:0000122,IMP,P,YNL167C|ACR1,20111212,SGD
S000005111,SKO1,Basic leucine zipper transcription factor of the ATF/CREB family,involved_in,GO:0000122,IMP,P,YNL167C|ACR1,20021115,SGD
S000005111,SKO1,Basic leucine zipper transcription factor of the ATF/CREB family,involved_in,GO:0000122,IMP,P,YNL167C|ACR1,20111212,SGD
S000005111,SKO1,Basic leucine zipper transcription factor of the ATF/CREB family,involved_in,GO:0000122,IMP,P,YNL167C|ACR1,20140905,SGD
S000005111,SKO1,Basic leucine zipper transcription factor of the ATF/CREB family,involved_in,GO:0000122,IGI,P,YNL167C|ACR1,20140905,SGD
S000005111,SKO1,Basic leucine zipper transcription factor of the ATF/CREB family,involved_in,GO:0000122,IGI,P,YNL167C|ACR1,20140905,SGD
S000002856,ADA2,Transcription coactivator,involved_in,GO:0006357,IMP,P,YDR448W|SWI8|chromatin-binding transcription regulator ADA2,20091013,SGD
S000004556,RPM2,Protein subunit of mitochondrial RNase P,involved_in,GO:0045944,IDA,P,YML091C|ribonuclease P,20070226,SGD
S000004556,RPM2,Protein subunit of mitochondrial RNase P,involved_in,GO:0045944,IMP,P,YML091C|ribonuclease P,20070226,SGD
S000005573,STD1,Protein involved in control of glucose-regulated gene expression,involved_in,GO:0006357,IMP,P,YOR047C|MSN3|SFS3,20020716,SGD
S000006022,ELP4,Subunit of hexameric RecA-like ATPase Elp456 Elongator subcomplex,involved_in,GO:0006357,IMP,P,YPL101W|KTI9|HAP1|TOT7|Elongator subunit ELP4,20020918,SGD
S000006007,ELP3,Subunit of Elongator complex,involved_in,GO:0006357,IMP,P,YPL086C|KTI8|TOT3|KAT9|HPA1|Elongator subunit ELP3,20020918,SGD
S000006043,TFB2,Subunit of TFIIH and nucleotide excision repair factor 3 complexes,involved_in,GO:0006366,IDA,P,YPL122C|TFIIH/NER complex subunit TFB2,20100519,SGD
S000006037,HOS3,Trichostatin A-insensitive homodimeric histone deacetylase (HDAC),involved_in,GO:0045944,IMP,P,YPL116W|histone deacetylase,20090515,SGD
S000006060,UME1,Component of both the Rpd3S and Rpd3L histone deacetylase complexes,involved_in,GO:0045944,IMP,P,YPL139C|WTM3,20100712,SGD
S000006060,UME1,Component of both the Rpd3S and Rpd3L histone deacetylase complexes,involved_in,GO:0045944,IMP,P,YPL139C|WTM3,20140930,SGD
S000006060,UME1,Component of both the Rpd3S and Rpd3L histone deacetylase complexes,involved_in,GO:0045944,IMP,P,YPL139C|WTM3,20140930,SGD
S000006059,SPP1,Subunit of COMPASS (Set1C),involved_in,GO:0006355,IMP,P,YPL138C|SAF41|CPS40,20020212,SGD
S000003704,SET2,Histone methyltransferase with a role in transcriptional elongation,involved_in,GO:0006355,IEA,P,YJL168C|EZL1|KMT3|histone methyltransferase SET2,20210410,InterPro
S000005968,SGF11,Integral subunit of SAGA histone acetyltransferase complex,involved_in,GO:0006357,IMP,P,YPL047W|SAGA histone acetyltransferase complex subunit SGF11,20050510,SGD
S000005959,MET31,Zinc-finger DNA-binding transcription factor,involved_in,GO:0000122,IMP,P,YPL038W,20130514,SGD
S000005959,MET31,Zinc-finger DNA-binding transcription factor,involved_in,GO:0006357,IDA,P,YPL038W,20110722,SGD
S000005959,MET31,Zinc-finger DNA-binding transcription factor,involved_in,GO:0006357,IMP,P,YPL038W,20110722,SGD
S000005959,MET31,Zinc-finger DNA-binding transcription factor,involved_in,GO:0006357,IGI,P,YPL038W,20110722,SGD
S000005959,MET31,Zinc-finger DNA-binding transcription factor,involved_in,GO:0045944,IMP,P,YPL038W,20130514,SGD
S000004596,RSC9,Component of the RSC chromatin remodeling complex,involved_in,GO:0006357,IMP,P,YML127W,20021018,SGD
S000002450,NRG1,Transcriptional repressor,involved_in,GO:0000122,IMP,P,YDR043C|transcriptional regulator NRG1,20120118,SGD
S000004783,HOT1,Transcription factor for glycerol biosynthetic genes,involved_in,GO:0045944,IMP,P,YMR172W,20111214,SGD
S000004783,HOT1,Transcription factor for glycerol biosynthetic genes,involved_in,GO:0045944,IMP,P,YMR172W,20111214,SGD
S000004783,HOT1,Transcription factor for glycerol biosynthetic genes,involved_in,GO:0045944,IGI,P,YMR172W,20111214,SGD
S000004783,HOT1,Transcription factor for glycerol biosynthetic genes,involved_in,GO:0045944,IMP,P,YMR172W,20150512,SGD
S000004890,FCP1,Carboxy-terminal domain (CTD) phosphatase,involved_in,GO:0006357,IMP,P,YMR277W|protein serine/threonine phosphatase,20110118,SGD
S000004890,FCP1,Carboxy-terminal domain (CTD) phosphatase,involved_in,GO:0006357,IGI,P,YMR277W|protein serine/threonine phosphatase,20110118,SGD
S000004890,FCP1,Carboxy-terminal domain (CTD) phosphatase,involved_in,GO:0006357,IGI,P,YMR277W|protein serine/threonine phosphatase,20110118,SGD
S000002868,TFB3,Subunit of TFIIH and nucleotide excision repair factor 3 complexes,involved_in,GO:0006366,IDA,P,YDR460W|RIG2|TFIIH/NER complex subunit TFB3,20100519,SGD
S000002178,RPN4,Transcription factor that stimulates expression of proteasome genes,involved_in,GO:0000122,IMP,P,YDL020C|SON1|UFD5|stress-regulated transcription factor RPN4,20120215,SGD
S000002178,RPN4,Transcription factor that stimulates expression of proteasome genes,involved_in,GO:0045944,IDA,P,YDL020C|SON1|UFD5|stress-regulated transcription factor RPN4,20111213,SGD
S000002178,RPN4,Transcription factor that stimulates expression of proteasome genes,involved_in,GO:0045944,IMP,P,YDL020C|SON1|UFD5|stress-regulated transcription factor RPN4,20120215,SGD
S000002178,RPN4,Transcription factor that stimulates expression of proteasome genes,involved_in,GO:0045944,IMP,P,YDL020C|SON1|UFD5|stress-regulated transcription factor RPN4,20120215,SGD
S000002178,RPN4,Transcription factor that stimulates expression of proteasome genes,involved_in,GO:0045944,IMP,P,YDL020C|SON1|UFD5|stress-regulated transcription factor RPN4,20120215,SGD
S000002178,RPN4,Transcription factor that stimulates expression of proteasome genes,involved_in,GO:0045944,IGI,P,YDL020C|SON1|UFD5|stress-regulated transcription factor RPN4,20111213,SGD
S000002178,RPN4,Transcription factor that stimulates expression of proteasome genes,involved_in,GO:0045944,IGI,P,YDL020C|SON1|UFD5|stress-regulated transcription factor RPN4,20111213,SGD
S000002178,RPN4,Transcription factor that stimulates expression of proteasome genes,involved_in,GO:0045944,IMP,P,YDL020C|SON1|UFD5|stress-regulated transcription factor RPN4,20120215,SGD
S000002178,RPN4,Transcription factor that stimulates expression of proteasome genes,involved_in,GO:0045944,IDA,P,YDL020C|SON1|UFD5|stress-regulated transcription factor RPN4,20111213,SGD
S000002178,RPN4,Transcription factor that stimulates expression of proteasome genes,involved_in,GO:0045944,IMP,P,YDL020C|SON1|UFD5|stress-regulated transcription factor RPN4,20120215,SGD
S000004541,WAR1,Homodimeric Zn2Cys6 zinc finger transcription factor,enables,GO:0003700,IC,F,YML076C,20140827,SGD
S000004541,WAR1,Homodimeric Zn2Cys6 zinc finger transcription factor,enables,GO:0003700,IC,F,YML076C,20140827,SGD
S000004500,CGI121,Component of the EKC/KEOPS complex,involved_in,GO:0045944,IPI,P,YML036W,20060829,SGD
S000004582,TAF8,TFIID subunit (65 kDa),involved_in,GO:0006366,IDA,P,YML114C|TAF65|TafII65,20090818,SGD
S000004582,TAF8,TFIID subunit (65 kDa),involved_in,GO:0006366,IDA,P,YML114C|TAF65|TafII65,20090818,SGD
S000002552,TAF12,Subunit (61/68 kDa) of TFIID and SAGA complexes,involved_in,GO:0006366,IMP,P,YDR145W|TAF61|TAF68|TafII68|TafII61,20090819,SGD
S000002552,TAF12,Subunit (61/68 kDa) of TFIID and SAGA complexes,involved_in,GO:0006366,IMP,P,YDR145W|TAF61|TAF68|TafII68|TafII61,20090819,SGD
S000002552,TAF12,Subunit (61/68 kDa) of TFIID and SAGA complexes,involved_in,GO:0006366,IDA,P,YDR145W|TAF61|TAF68|TafII68|TafII61,20090819,SGD
S000002552,TAF12,Subunit (61/68 kDa) of TFIID and SAGA complexes,involved_in,GO:0006366,IMP,P,YDR145W|TAF61|TAF68|TafII68|TafII61,20090819,SGD
S000002552,TAF12,Subunit (61/68 kDa) of TFIID and SAGA complexes,involved_in,GO:0006366,IDA,P,YDR145W|TAF61|TAF68|TafII68|TafII61,20090819,SGD
S000003038,RPB9,RNA polymerase II subunit B12.6,involved_in,GO:0006351,IEA,P,YGL070C|SHI|SSU73|B12.6|DNA-directed RNA polymerase II core subunit RPB9,20210410,InterPro
S000003038,RPB9,RNA polymerase II subunit B12.6,involved_in,GO:0006351,IEA,P,YGL070C|SHI|SSU73|B12.6|DNA-directed RNA polymerase II core subunit RPB9,20210410,InterPro
S000003038,RPB9,RNA polymerase II subunit B12.6,involved_in,GO:0006351,IEA,P,YGL070C|SHI|SSU73|B12.6|DNA-directed RNA polymerase II core subunit RPB9,20210410,InterPro
S000002503,GIS1,Histone demethylase and transcription factor,involved_in,GO:0000122,IMP,P,YDR096W|histone demethylase GIS1,20110707,SGD
S000002503,GIS1,Histone demethylase and transcription factor,involved_in,GO:0045944,IDA,P,YDR096W|histone demethylase GIS1,20110707,SGD
S000002503,GIS1,Histone demethylase and transcription factor,involved_in,GO:0045944,IMP,P,YDR096W|histone demethylase GIS1,20110707,SGD
S000002667,YAP6,Basic leucine zipper (bZIP) transcription factor,involved_in,GO:0000122,IMP,P,YDR259C|HAL7,20110922,SGD
S000002667,YAP6,Basic leucine zipper (bZIP) transcription factor,involved_in,GO:0000122,IPI,P,YDR259C|HAL7,20110923,SGD
S000002667,YAP6,Basic leucine zipper (bZIP) transcription factor,involved_in,GO:0000122,IPI,P,YDR259C|HAL7,20110923,SGD
S000002667,YAP6,Basic leucine zipper (bZIP) transcription factor,involved_in,GO:0045944,IMP,P,YDR259C|HAL7,20110922,SGD
S000002598,RVB1,"ATP-dependent DNA helicase, also known as pontin",involved_in,GO:0006357,IMP,P,YDR190C|TIP49A|TIH1|TIP49|RuvB family ATP-dependent DNA helicase pontin,20020926,SGD
S000002829,ARO80,Zinc finger transcriptional activator of the Zn2Cys6 family,involved_in,GO:0045944,IMP,P,YDR421W,20141030,SGD
S000002829,ARO80,Zinc finger transcriptional activator of the Zn2Cys6 family,involved_in,GO:0045944,IMP,P,YDR421W,20141030,SGD
S000002859,YHP1,Homeobox transcriptional repressor,involved_in,GO:0000122,IMP,P,YDR451C,20110914,SGD
S000004623,MAC1,Copper-sensing transcription factor,involved_in,GO:0006355,IEA,P,YMR021C|CUA1,20210410,InterPro
S000004623,MAC1,Copper-sensing transcription factor,involved_in,GO:0006355,IEA,P,YMR021C|CUA1,20210410,InterPro
S000004477,TAF11,TFIID subunit (40 kDa),involved_in,GO:0006366,IDA,P,YML015C|TAF40|TafII40|TATA-binding protein-associated factor TAF11,20090819,SGD
S000004477,TAF11,TFIID subunit (40 kDa),involved_in,GO:0006366,IDA,P,YML015C|TAF40|TafII40|TATA-binding protein-associated factor TAF11,20090819,SGD
S000004477,TAF11,TFIID subunit (40 kDa),involved_in,GO:0006366,IMP,P,YML015C|TAF40|TafII40|TATA-binding protein-associated factor TAF11,20090819,SGD
S000002935,RBA50,Protein involved in transcription,involved_in,GO:0006366,IMP,P,YDR527W,20050216,SGD
S000004640,MSN2,Stress-responsive transcriptional activator,involved_in,GO:0045944,IGI,P,YMR037C|stress-responsive transcriptional activator MSN2,20191014,SGD
S000001545,MSN4,Stress-responsive transcriptional activator,involved_in,GO:0045944,IGI,P,YKL062W|stress-responsive transcriptional activator MSN4,20191014,SGD
S000003995,SSL1,Subunit of the core form of RNA polymerase transcription factor TFIIH,involved_in,GO:0006366,IDA,P,YLR005W|TFIIH/NER complex subunit SSL1,20100519,SGD
S000001452,GAT4,Protein containing GATA family zinc finger motifs,involved_in,GO:0045944,IDA,P,YIR013C,20191014,SGD
S000004680,RCO1,Essential component of the Rpd3S histone deacetylase complex,involved_in,GO:0045944,IMP,P,YMR075W,20150203,SGD
S000004680,RCO1,Essential component of the Rpd3S histone deacetylase complex,involved_in,GO:0045944,IMP,P,YMR075W,20150203,SGD
S000004929,ELP6,Subunit of hexameric RecA-like ATPase Elp456 Elongator subcomplex,involved_in,GO:0006357,IMP,P,YMR312W|KTI4|HAP3|TOT6|Elongator subunit ELP6,20020918,SGD
S000004840,TAF7,TFIID subunit (67 kDa),involved_in,GO:0006366,IDA,P,YMR227C|TAF67|TafII67|TATA-binding protein-associated factor TAF7,20090818,SGD
S000004840,TAF7,TFIID subunit (67 kDa),involved_in,GO:0006366,IDA,P,YMR227C|TAF67|TafII67|TATA-binding protein-associated factor TAF7,20090818,SGD
S000004849,TAF9,Subunit (17 kDa) of TFIID and SAGA complexes,involved_in,GO:0006366,IMP,P,YMR236W|TAF17|TafII17|chromatin modification protein,20090819,SGD
S000004849,TAF9,Subunit (17 kDa) of TFIID and SAGA complexes,involved_in,GO:0006366,IDA,P,YMR236W|TAF17|TafII17|chromatin modification protein,20090818,SGD
S000004849,TAF9,Subunit (17 kDa) of TFIID and SAGA complexes,involved_in,GO:0006366,IDA,P,YMR236W|TAF17|TafII17|chromatin modification protein,20090818,SGD
S000004632,RSF1,Protein required for respiratory growth,involved_in,GO:0006366,IMP,P,YMR030W,20031014,SGD
S000004636,ARP9,Component of both the SWI/SNF and RSC chromatin remodeling complexes,involved_in,GO:0045944,IMP,P,YMR033W|RSC12|SWP59,20120216,SGD
S000003592,ZAP1,Zinc-regulated transcription factor,involved_in,GO:0006357,IMP,P,YJL056C|ZRG10,20191014,SGD
S000003592,ZAP1,Zinc-regulated transcription factor,involved_in,GO:0006357,IMP,P,YJL056C|ZRG10,20191014,SGD
S000003592,ZAP1,Zinc-regulated transcription factor,involved_in,GO:0006357,IMP,P,YJL056C|ZRG10,20191014,SGD
S000003592,ZAP1,Zinc-regulated transcription factor,involved_in,GO:0006357,IMP,P,YJL056C|ZRG10,20191014,SGD
S000003592,ZAP1,Zinc-regulated transcription factor,involved_in,GO:0006357,IMP,P,YJL056C|ZRG10,20191014,SGD
S000003592,ZAP1,Zinc-regulated transcription factor,involved_in,GO:0045944,IMP,P,YJL056C|ZRG10,20191014,SGD
S000006372,NUT2,Subunit of the RNA polymerase II mediator complex,involved_in,GO:0000122,IMP,P,YPR168W|MED10|mediator complex subunit NUT2,20110727,SGD
S000006372,NUT2,Subunit of the RNA polymerase II mediator complex,involved_in,GO:0000122,IGI,P,YPR168W|MED10|mediator complex subunit NUT2,20110727,SGD
S000006372,NUT2,Subunit of the RNA polymerase II mediator complex,involved_in,GO:0045944,IMP,P,YPR168W|MED10|mediator complex subunit NUT2,20110727,SGD
S000006337,SPN1,Protein involved in RNA polymerase II transcription,involved_in,GO:0006357,IGI,P,YPR133C|IWS1,20110826,SGD
S000006337,SPN1,Protein involved in RNA polymerase II transcription,involved_in,GO:0006357,IGI,P,YPR133C|IWS1,20110826,SGD
S000006337,SPN1,Protein involved in RNA polymerase II transcription,involved_in,GO:0006357,IGI,P,YPR133C|IWS1,20110826,SGD
S000006337,SPN1,Protein involved in RNA polymerase II transcription,involved_in,GO:0006357,IPI,P,YPR133C|IWS1,20110826,SGD
S000006337,SPN1,Protein involved in RNA polymerase II transcription,involved_in,GO:0006357,IPI,P,YPR133C|IWS1,20110826,SGD
S000006337,SPN1,Protein involved in RNA polymerase II transcription,involved_in,GO:0006357,IPI,P,YPR133C|IWS1,20110826,SGD
S000004774,MSS11,Transcription factor,involved_in,GO:0045944,IDA,P,YMR164C,20181024,SGD
S000006400,YPR196W,Putative maltose-responsive transcription factor,involved_in,GO:0006355,ISA,P,YPR196W|putative maltose-responsive transcription factor,20110420,SGD
S000006383,HDA3,Subunit of the HDA1 histone deacetylase complex,involved_in,GO:0000122,IMP,P,YPR179C|PLO1,20090515,SGD
S000002703,HDA2,Subunit of the HDA1 histone deacetylase complex,involved_in,GO:0000122,IMP,P,YDR295C|PLO2,20090515,SGD
S000002704,MHR1,Mitochondrial ribosomal protein of the large subunit,involved_in,GO:0006355,IPI,P,YDR296W|XTC1|mL67,20080103,SGD
S000002711,RSC3,Component of the RSC chromatin remodeling complex,involved_in,GO:0006355,IMP,P,YDR303C,20010625,SGD
S000004376,IKI3,Subunit of Elongator complex,involved_in,GO:0006357,IMP,P,YLR384C|KTI7|TOT1|ELP1|Elongator subunit IKI3,20020918,SGD
S000002232,BRE1,E3 ubiquitin ligase,involved_in,GO:0006366,IGI,P,YDL074C|E3 ubiquitin-protein ligase BRE1,20091111,SGD
S000002232,BRE1,E3 ubiquitin ligase,involved_in,GO:0006366,IPI,P,YDL074C|E3 ubiquitin-protein ligase BRE1,20091111,SGD
S000002238,THI3,Regulatory protein that binds Pdc2p and Thi2p transcription factors,involved_in,GO:0045944,IMP,P,YDL080C|KID1|branched-chain-2-oxoacid decarboxylase THI3,20060315,SGD
S000003646,GZF3,GATA zinc finger protein,enables,GO:0003700,IEA,F,YJL110C|DEH1|NIL2,20210410,InterPro
S000003646,GZF3,GATA zinc finger protein,involved_in,GO:0006355,IEA,P,YJL110C|DEH1|NIL2,20210410,InterPro
S000003646,GZF3,GATA zinc finger protein,involved_in,GO:0006355,IEA,P,YJL110C|DEH1|NIL2,20210410,InterPro
S000005388,YAP7,Transcriptional repressor of nitric oxide oxidase,involved_in,GO:0045944,ISS,P,YOL028C,20021031,SGD
S000005495,MED7,Subunit of the RNA polymerase II mediator complex,involved_in,GO:0000122,IMP,P,YOL135C|mediator complex subunit MED7,20110727,SGD
S000005495,MED7,Subunit of the RNA polymerase II mediator complex,involved_in,GO:0045944,IMP,P,YOL135C|mediator complex subunit MED7,20110727,SGD
S000005770,ESA1,Catalytic subunit of the histone acetyltransferase complex (NuA4),involved_in,GO:0006357,IMP,P,YOR244W|TAS1|KAT5|NuA4 histone acetyltransferase complex catalytic subunit ESA1,20020918,SGD
S000005907,RDR1,Transcriptional repressor involved in regulating multidrug resistance,enables,GO:0003700,IMP,F,YOR380W,20020617,SGD
S000006123,AFT2,Iron-regulated transcriptional activator,involved_in,GO:0045944,IDA,P,YPL202C,20120105,SGD
S000006123,AFT2,Iron-regulated transcriptional activator,involved_in,GO:0045944,IMP,P,YPL202C,20160808,SGD
S000006260,TFB4,Subunit of TFIIH complex,involved_in,GO:0006366,IDA,P,YPR056W|TFIIH/NER complex subunit TFB4,20100519,SGD
S000002574,TAF10,Subunit (145 kDa) of TFIID and SAGA complexes,involved_in,GO:0006366,IDA,P,YDR167W|TAF25|TAF23|TafII25,20090819,SGD
S000002574,TAF10,Subunit (145 kDa) of TFIID and SAGA complexes,involved_in,GO:0006366,IDA,P,YDR167W|TAF25|TAF23|TafII25,20090819,SGD
S000002574,TAF10,Subunit (145 kDa) of TFIID and SAGA complexes,involved_in,GO:0006366,IMP,P,YDR167W|TAF25|TAF23|TafII25,20090819,SGD
S000002661,MET32,Zinc-finger DNA-binding transcription factor,involved_in,GO:0000122,IMP,P,YDR253C,20130514,SGD
S000002661,MET32,Zinc-finger DNA-binding transcription factor,involved_in,GO:0006357,IDA,P,YDR253C,20110722,SGD
S000002661,MET32,Zinc-finger DNA-binding transcription factor,involved_in,GO:0006357,IGI,P,YDR253C,20110722,SGD
S000002661,MET32,Zinc-finger DNA-binding transcription factor,involved_in,GO:0045944,IMP,P,YDR253C,20130514,SGD
S000006175,HFI1,Adaptor protein required for structural integrity of the SAGA complex,involved_in,GO:0006366,IMP,P,YPL254W|ADA1|SUP110|GAN1|SRM12,20021114,SGD
S000004322,CHS5,Component of the exomer complex,involved_in,GO:0006355,IDA,P,YLR330W|CAL3,20071203,SGD
S000002163,MED2,Subunit of the RNA polymerase II mediator complex,involved_in,GO:0000122,IPI,P,YDL005C,20110907,SGD
S000002163,MED2,Subunit of the RNA polymerase II mediator complex,involved_in,GO:0045944,IDA,P,YDL005C,20110907,SGD
S000002621,UPC2,Sterol regulatory element binding protein,involved_in,GO:0045944,IMP,P,YDR213W|MOX4,20110623,SGD
S000005688,YRR1,Zn2-Cys6 zinc-finger transcription factor,involved_in,GO:0045944,IDA,P,YOR162C|PDR2,20160112,SGD
S000005449,HAL9,Putative transcription factor containing a zinc finger,involved_in,GO:0045944,IMP,P,YOL089C,20111214,SGD
S000005449,HAL9,Putative transcription factor containing a zinc finger,involved_in,GO:0045944,IMP,P,YOL089C,20111214,SGD
S000005755,WTM2,Transcriptional modulator,involved_in,GO:0045944,IDA,P,YOR229W|transcriptional modulator,20080321,SGD
S000005755,WTM2,Transcriptional modulator,involved_in,GO:0045944,IMP,P,YOR229W|transcriptional modulator,20080321,SGD
S000005755,WTM2,Transcriptional modulator,involved_in,GO:0045944,IGI,P,YOR229W|transcriptional modulator,20080321,SGD
S000006272,HOS1,Class I histone deacetylase (HDAC) family member,involved_in,GO:0045944,IMP,P,YPR068C|histone deacetylase|CST3,20090515,SGD
S000006010,RLM1,MADS-box transcription factor,involved_in,GO:0045944,IDA,P,YPL089C,20030318,SGD
S000006010,RLM1,MADS-box transcription factor,involved_in,GO:0045944,IMP,P,YPL089C,20140930,SGD
S000006010,RLM1,MADS-box transcription factor,involved_in,GO:0045944,IMP,P,YPL089C,20140930,SGD
S000006010,RLM1,MADS-box transcription factor,involved_in,GO:0045944,IDA,P,YPL089C,20120225,SGD
S000005932,TAF3,TFIID subunit (47 kDa),involved_in,GO:0006366,IDA,P,YPL011C|TAF47|TafII47,20090826,SGD
S000005932,TAF3,TFIID subunit (47 kDa),involved_in,GO:0006366,IDA,P,YPL011C|TAF47|TafII47,20090826,SGD
S000006274,MED1,Subunit of the RNA polymerase II mediator complex,involved_in,GO:0000122,IMP,P,YPR070W,20110727,SGD
S000006274,MED1,Subunit of the RNA polymerase II mediator complex,involved_in,GO:0045944,IMP,P,YPR070W,20110727,SGD
S000005698,YRM1,Zinc finger transcription factor involved in multidrug resistance,involved_in,GO:0006357,IDA,P,YOR172W,20110908,SGD
S000005698,YRM1,Zinc finger transcription factor involved in multidrug resistance,involved_in,GO:0006357,IMP,P,YOR172W,20110908,SGD
S000005700,MED4,Subunit of the RNA polymerase II mediator complex,involved_in,GO:0006366,IDA,P,YOR174W,20010118,SGD
S000005756,WTM1,Transcriptional modulator,involved_in,GO:0045944,IDA,P,YOR230W|transcriptional modulator,20080321,SGD
S000005756,WTM1,Transcriptional modulator,involved_in,GO:0045944,IMP,P,YOR230W|transcriptional modulator,20080321,SGD
S000005756,WTM1,Transcriptional modulator,involved_in,GO:0045944,IGI,P,YOR230W|transcriptional modulator,20080321,SGD
S000005558,HMS1,bHLH protein with similarity to myc-family transcription factors,enables,GO:0003700,ISS,F,YOR032C,20051108,SGD
S000006238,ARP7,Component of both the SWI/SNF and RSC chromatin remodeling complexes,involved_in,GO:0045944,IMP,P,YPR034W|RSC11|SWP61,20120216,SGD
S000006227,EAF3,Component of the Rpd3S histone deacetylase complex,involved_in,GO:0006357,IMP,P,YPR023C,20020918,SGD
S000005362,IZH2,Plasma membrane receptor for plant antifungal osmotin,involved_in,GO:0000122,IDA,P,YOL002C|PHO36|PAQR-type receptor,20130719,SGD
S000006156,RVB2,"ATP-dependent DNA helicase, also known as reptin",involved_in,GO:0006357,IMP,P,YPL235W|TIP49B|TIP48|TIH2|RuvB family ATP-dependent DNA helicase reptin,20020926,SGD
S000005947,SKS1,Putative serine/threonine protein kinase,involved_in,GO:0045944,IGI,P,YPL026C|SHA3|putative serine/threonine protein kinase SKS1,20021001,SGD
S000005372,HTZ1,Histone variant H2AZ,involved_in,GO:0006357,IMP,P,YOL012C|H2A.F/Z|H2AZ|HTA3|histone H2AZ,20010118,SGD
S000005372,HTZ1,Histone variant H2AZ,involved_in,GO:0006357,IGI,P,YOL012C|H2A.F/Z|H2AZ|HTA3|histone H2AZ,20010118,SGD
S000006234,CSR2,Nuclear ubiquitin protein ligase binding protein,involved_in,GO:0006357,IMP,P,YPR030W|ART8|MRG19,20030107,SGD
S000006234,CSR2,Nuclear ubiquitin protein ligase binding protein,involved_in,GO:0006357,IGI,P,YPR030W|ART8|MRG19,20030107,SGD
S000006212,HAA1,Transcriptional activator involved in adaptation to weak acid stress,involved_in,GO:0045944,IDA,P,YPR008W,20111212,SGD
S000006212,HAA1,Transcriptional activator involved in adaptation to weak acid stress,involved_in,GO:0045944,IMP,P,YPR008W,20111212,SGD
S000028518,ADF1,Transcriptional repressor encoded by the FYV5 antisense strand,involved_in,GO:0000122,IMP,P,YCL058W-A,20100310,SGD
S000007603,TFB5,Component of RNA polymerase II general transcription factor TFIIH,involved_in,GO:0006366,IDA,P,YDR079C-A|TFIIH complex subunit TFB5,20100519,SGD
S000028512,PCC1,Component of the EKC/KEOPS protein complex,involved_in,GO:0045944,IMP,P,YKR095W-A|chromatin DNA-binding EKC/KEOPS complex subunit PCC1,20060828,SGD
S000028510,SUS1,Component of both the SAGA histone acetylase and TREX-2 complexes,involved_in,GO:0045944,IMP,P,YBR111W-A,20040215,SGD
S000002805,NCB2,Subunit of a heterodimeric NC2 transcription regulator complex,involved_in,GO:0000122,IMP,P,YDR397C|YDR1|negative cofactor 2 transcription regulator complex subunit NCB2,20020918,SGD
S000002805,NCB2,Subunit of a heterodimeric NC2 transcription regulator complex,involved_in,GO:0000122,IGI,P,YDR397C|YDR1|negative cofactor 2 transcription regulator complex subunit NCB2,20131210,SGD
S000002805,NCB2,Subunit of a heterodimeric NC2 transcription regulator complex,involved_in,GO:0000122,IDA,P,YDR397C|YDR1|negative cofactor 2 transcription regulator complex subunit NCB2,20160112,SGD
S000002805,NCB2,Subunit of a heterodimeric NC2 transcription regulator complex,involved_in,GO:0000122,IDA,P,YDR397C|YDR1|negative cofactor 2 transcription regulator complex subunit NCB2,20160112,SGD
S000002805,NCB2,Subunit of a heterodimeric NC2 transcription regulator complex,involved_in,GO:0000122,IMP,P,YDR397C|YDR1|negative cofactor 2 transcription regulator complex subunit NCB2,20160112,SGD
S000002805,NCB2,Subunit of a heterodimeric NC2 transcription regulator complex,involved_in,GO:0000122,IDA,P,YDR397C|YDR1|negative cofactor 2 transcription regulator complex subunit NCB2,20131210,SGD
S000002805,NCB2,Subunit of a heterodimeric NC2 transcription regulator complex,involved_in,GO:0045944,IDA,P,YDR397C|YDR1|negative cofactor 2 transcription regulator complex subunit NCB2,20160112,SGD
S000004718,MED11,Subunit of the RNA polymerase II mediator complex,involved_in,GO:0000122,IMP,P,YMR112C,20110815,SGD
S000004718,MED11,Subunit of the RNA polymerase II mediator complex,involved_in,GO:0045944,IMP,P,YMR112C,20110815,SGD
S000132612,ICR1,Long intergenic regulatory ncRNA,involved_in,GO:0006357,IDA,P,ICR1,20110609,SGD
S000132612,ICR1,Long intergenic regulatory ncRNA,involved_in,GO:0006357,IMP,P,ICR1,20110609,SGD
S000132612,ICR1,Long intergenic regulatory ncRNA,involved_in,GO:0006357,IGI,P,ICR1,20110609,SGD
S000132614,PWR1,Intergenic regulatory ncRNA,involved_in,GO:0006357,IDA,P,PWR1,20111028,SGD
S000132614,PWR1,Intergenic regulatory ncRNA,involved_in,GO:0006357,IMP,P,PWR1,20111028,SGD
S000005476,MSN1,Transcriptional activator,involved_in,GO:0045944,IMP,P,YOL116W|FUP1|HRB382|MSS10|PHD2,20200512,SGD
S000005476,MSN1,Transcriptional activator,involved_in,GO:0045944,IMP,P,YOL116W|FUP1|HRB382|MSS10|PHD2,20200512,SGD
S000005476,MSN1,Transcriptional activator,involved_in,GO:0045944,IGI,P,YOL116W|FUP1|HRB382|MSS10|PHD2,20200512,SGD
S000005476,MSN1,Transcriptional activator,involved_in,GO:0045944,IMP,P,YOL116W|FUP1|HRB382|MSS10|PHD2,20200512,SGD
S000004103,HOG1,Mitogen-activated protein kinase involved in osmoregulation,involved_in,GO:0006357,IDA,P,YLR113W|SSK3|mitogen-activated protein kinase HOG1,20200512,SGD
S000004103,HOG1,Mitogen-activated protein kinase involved in osmoregulation,involved_in,GO:0045944,IMP,P,YLR113W|SSK3|mitogen-activated protein kinase HOG1,20200512,SGD
S000004103,HOG1,Mitogen-activated protein kinase involved in osmoregulation,involved_in,GO:0045944,IMP,P,YLR113W|SSK3|mitogen-activated protein kinase HOG1,20200512,SGD
S000004103,HOG1,Mitogen-activated protein kinase involved in osmoregulation,involved_in,GO:0045944,IMP,P,YLR113W|SSK3|mitogen-activated protein kinase HOG1,20200512,SGD
S000004103,HOG1,Mitogen-activated protein kinase involved in osmoregulation,involved_in,GO:0045944,IMP,P,YLR113W|SSK3|mitogen-activated protein kinase HOG1,20200512,SGD
S000004103,HOG1,Mitogen-activated protein kinase involved in osmoregulation,involved_in,GO:0045944,IMP,P,YLR113W|SSK3|mitogen-activated protein kinase HOG1,20200512,SGD
S000004103,HOG1,Mitogen-activated protein kinase involved in osmoregulation,involved_in,GO:0045944,IMP,P,YLR113W|SSK3|mitogen-activated protein kinase HOG1,20200512,SGD
S000004103,HOG1,Mitogen-activated protein kinase involved in osmoregulation,involved_in,GO:0045944,IMP,P,YLR113W|SSK3|mitogen-activated protein kinase HOG1,20200512,SGD
S000004103,HOG1,Mitogen-activated protein kinase involved in osmoregulation,involved_in,GO:0045944,IMP,P,YLR113W|SSK3|mitogen-activated protein kinase HOG1,20200512,SGD
S000004640,MSN2,Stress-responsive transcriptional activator,involved_in,GO:0045944,IGI,P,YMR037C|stress-responsive transcriptional activator MSN2,20200512,SGD
S000004640,MSN2,Stress-responsive transcriptional activator,involved_in,GO:0045944,IGI,P,YMR037C|stress-responsive transcriptional activator MSN2,20200512,SGD
S000004640,MSN2,Stress-responsive transcriptional activator,involved_in,GO:0045944,IGI,P,YMR037C|stress-responsive transcriptional activator MSN2,20200512,SGD
S000004640,MSN2,Stress-responsive transcriptional activator,involved_in,GO:0045944,IGI,P,YMR037C|stress-responsive transcriptional activator MSN2,20200512,SGD
S000004640,MSN2,Stress-responsive transcriptional activator,involved_in,GO:0045944,IGI,P,YMR037C|stress-responsive transcriptional activator MSN2,20200512,SGD
S000003639,GSM1,Putative zinc cluster protein of unknown function,involved_in,GO:0006355,IEA,P,YJL103C,20210410,InterPro
S000003639,GSM1,Putative zinc cluster protein of unknown function,involved_in,GO:0006355,IEA,P,YJL103C,20210410,InterPro
S000004972,CRZ1,"Transcription factor, activates transcription of stress response genes",involved_in,GO:0045944,IDA,P,YNL027W|HAL8|TCN1|DNA-binding transcription factor CRZ1,20200512,SGD
S000004972,CRZ1,"Transcription factor, activates transcription of stress response genes",involved_in,GO:0045944,IMP,P,YNL027W|HAL8|TCN1|DNA-binding transcription factor CRZ1,20200512,SGD
S000004972,CRZ1,"Transcription factor, activates transcription of stress response genes",involved_in,GO:0045944,IMP,P,YNL027W|HAL8|TCN1|DNA-binding transcription factor CRZ1,20200512,SGD
S000004972,CRZ1,"Transcription factor, activates transcription of stress response genes",involved_in,GO:0045944,IMP,P,YNL027W|HAL8|TCN1|DNA-binding transcription factor CRZ1,20200512,SGD
S000004972,CRZ1,"Transcription factor, activates transcription of stress response genes",involved_in,GO:0045944,IMP,P,YNL027W|HAL8|TCN1|DNA-binding transcription factor CRZ1,20200512,SGD
S000004972,CRZ1,"Transcription factor, activates transcription of stress response genes",involved_in,GO:0045944,IDA,P,YNL027W|HAL8|TCN1|DNA-binding transcription factor CRZ1,20200512,SGD
S000004972,CRZ1,"Transcription factor, activates transcription of stress response genes",involved_in,GO:0045944,IMP,P,YNL027W|HAL8|TCN1|DNA-binding transcription factor CRZ1,20200512,SGD
S000004674,MOT3,"Transcriptional repressor, activator",involved_in,GO:0045944,IMP,P,YMR070W|ROX7|[MOT3+]|[MOT3],20200512,SGD
S000004674,MOT3,"Transcriptional repressor, activator",involved_in,GO:0045944,IMP,P,YMR070W|ROX7|[MOT3+]|[MOT3],20200512,SGD
S000004674,MOT3,"Transcriptional repressor, activator",involved_in,GO:0045944,IMP,P,YMR070W|ROX7|[MOT3+]|[MOT3],20200512,SGD
S000004674,MOT3,"Transcriptional repressor, activator",involved_in,GO:0045944,IMP,P,YMR070W|ROX7|[MOT3+]|[MOT3],20200512,SGD
S000004674,MOT3,"Transcriptional repressor, activator",involved_in,GO:0045944,IMP,P,YMR070W|ROX7|[MOT3+]|[MOT3],20200512,SGD
S000005111,SKO1,Basic leucine zipper transcription factor of the ATF/CREB family,involved_in,GO:0045944,IMP,P,YNL167C|ACR1,20200512,SGD
S000005111,SKO1,Basic leucine zipper transcription factor of the ATF/CREB family,involved_in,GO:0045944,IMP,P,YNL167C|ACR1,20200512,SGD
S000005111,SKO1,Basic leucine zipper transcription factor of the ATF/CREB family,involved_in,GO:0045944,IGI,P,YNL167C|ACR1,20200512,SGD
S000005111,SKO1,Basic leucine zipper transcription factor of the ATF/CREB family,involved_in,GO:0045944,IMP,P,YNL167C|ACR1,20200512,SGD
S000005111,SKO1,Basic leucine zipper transcription factor of the ATF/CREB family,involved_in,GO:0045944,IGI,P,YNL167C|ACR1,20200512,SGD
S000005111,SKO1,Basic leucine zipper transcription factor of the ATF/CREB family,involved_in,GO:0045944,IDA,P,YNL167C|ACR1,20200512,SGD
S000005111,SKO1,Basic leucine zipper transcription factor of the ATF/CREB family,involved_in,GO:0045944,IMP,P,YNL167C|ACR1,20200512,SGD
S000004783,HOT1,Transcription factor for glycerol biosynthetic genes,involved_in,GO:0045944,IGI,P,YMR172W,20200512,SGD
S000004783,HOT1,Transcription factor for glycerol biosynthetic genes,involved_in,GO:0045944,IGI,P,YMR172W,20200512,SGD
S000004783,HOT1,Transcription factor for glycerol biosynthetic genes,involved_in,GO:0045944,IGI,P,YMR172W,20200512,SGD
S000006151,USV1,Putative transcription factor containing a C2H2 zinc finger,involved_in,GO:0006357,IMP,P,YPL230W|NSF1,20200512,SGD
S000001863,HAC1,Basic leucine zipper (bZIP) transcription factor (ATF/CREB1 homolog),involved_in,GO:0045944,IEA,P,YFL031W|ERN4|IRE15|transcription factor HAC1,20210410,InterPro
S000000986,TOG1,Transcriptional activator of oleate genes,involved_in,GO:0006355,IEA,P,YER184C,20210410,InterPro
S000000986,TOG1,Transcriptional activator of oleate genes,involved_in,GO:0006355,IEA,P,YER184C,20210410,InterPro
S000000847,ACA1,ATF/CREB family basic leucine zipper (bZIP) transcription factor,involved_in,GO:0006355,IEA,P,YER045C,20210410,InterPro
S000000781,POL5,Protein involved in 60S assembly and pre-40S AFs recycling,involved_in,GO:0006355,IEA,P,YEL055C|DNA-directed DNA polymerase,20210410,InterPro
S000004565,ARG81,Zinc finger transcription factor involved in arginine-responsive genes,involved_in,GO:0006357,IEA,P,YML099C|ARGRII|ARGR2,20210411,GOC
S000000824,SRB4,Subunit of the RNA polymerase II mediator complex,involved_in,GO:0006357,IEA,P,YER022W|MED17,20210410,InterPro
S000000457,SRB6,Subunit of the RNA polymerase II mediator complex,involved_in,GO:0006357,IEA,P,YBR253W|MED22,20210410,InterPro
S000000457,SRB6,Subunit of the RNA polymerase II mediator complex,involved_in,GO:0006357,IEA,P,YBR253W|MED22,20210410,InterPro
S000003336,SRB5,Subunit of the RNA polymerase II mediator complex,involved_in,GO:0006357,IEA,P,YGR104C|MED18,20210410,InterPro
S000001098,RSC30,Component of the RSC chromatin remodeling complex,involved_in,GO:0006357,IEA,P,YHR056C,20210411,GOC
S000001870,EPL1,"Subunit of NuA4, an essential histone H4/H2A acetyltransferase complex",involved_in,GO:0006357,IEA,P,YFL024C,20210410,InterPro
S000001384,POG1,DNA-binding transcriptional activator,involved_in,GO:0045944,IMP,P,YIL122W,20170228,SGD
S000001384,POG1,DNA-binding transcriptional activator,involved_in,GO:0045944,IMP,P,YIL122W,20170227,SGD
S000001384,POG1,DNA-binding transcriptional activator,involved_in,GO:0045944,IMP,P,YIL122W,20170227,SGD
S000001384,POG1,DNA-binding transcriptional activator,involved_in,GO:0045944,IMP,P,YIL122W,20170227,SGD
S000005274,RPD3,"Histone deacetylase, component of both the Rpd3S and Rpd3L complexes",involved_in,GO:0000122,IMP,P,YNL330C|MOF6|REC3|SDI2|SDS6|histone deacetylase RPD3,20170915,SGD
S000002615,UME6,Rpd3L histone deacetylase complex subunit,involved_in,GO:0000122,IMP,P,YDR207C|CAR80|NIM2|RIM16|DNA-binding transcriptional regulator UME6,20170915,SGD
S000005041,PHO23,Component of the Rpd3L histone deacetylase complex,involved_in,GO:0000122,IMP,P,YNL097C,20170915,SGD
S000003677,YAK1,Serine-threonine protein kinase,involved_in,GO:0045944,IMP,P,YJL141C|serine/threonine protein kinase YAK1,20171017,SGD
S000001861,RIM15,Protein kinase involved in cell proliferation in response to nutrients,involved_in,GO:0045944,IMP,P,YFL033C|TAK1|protein kinase RIM15,20171017,SGD
S000001861,RIM15,Protein kinase involved in cell proliferation in response to nutrients,involved_in,GO:0045944,IMP,P,YFL033C|TAK1|protein kinase RIM15,20171017,SGD
S000000316,CYC8,General transcriptional co-repressor,involved_in,GO:0045944,IMP,P,YBR112C|[OCT1+]|[OCT]|CRT8|SSN6|transcription regulator CYC8,20171116,SGD
S000000316,CYC8,General transcriptional co-repressor,involved_in,GO:0045944,IMP,P,YBR112C|[OCT1+]|[OCT]|CRT8|SSN6|transcription regulator CYC8,20171116,SGD
S000000316,CYC8,General transcriptional co-repressor,involved_in,GO:0045944,IMP,P,YBR112C|[OCT1+]|[OCT]|CRT8|SSN6|transcription regulator CYC8,20171116,SGD
S000000316,CYC8,General transcriptional co-repressor,involved_in,GO:0045944,IMP,P,YBR112C|[OCT1+]|[OCT]|CRT8|SSN6|transcription regulator CYC8,20171116,SGD
S000000316,CYC8,General transcriptional co-repressor,involved_in,GO:0045944,IMP,P,YBR112C|[OCT1+]|[OCT]|CRT8|SSN6|transcription regulator CYC8,20171116,SGD
S000000316,CYC8,General transcriptional co-repressor,involved_in,GO:0045944,IMP,P,YBR112C|[OCT1+]|[OCT]|CRT8|SSN6|transcription regulator CYC8,20171116,SGD
S000000316,CYC8,General transcriptional co-repressor,involved_in,GO:0045944,IMP,P,YBR112C|[OCT1+]|[OCT]|CRT8|SSN6|transcription regulator CYC8,20171116,SGD
S000000316,CYC8,General transcriptional co-repressor,involved_in,GO:0045944,IMP,P,YBR112C|[OCT1+]|[OCT]|CRT8|SSN6|transcription regulator CYC8,20171116,SGD
S000000680,TUP1,"General repressor of transcription, forms complex with Cyc8p",involved_in,GO:0045944,IMP,P,YCR084C|AAR1|AER2|AMM1|CRT4|CYC9|FLK1|ROX4|SFL2|UMR7|chromatin-silencing transcriptional regulator TUP1,20171116,SGD
S000000680,TUP1,"General repressor of transcription, forms complex with Cyc8p",involved_in,GO:0045944,IMP,P,YCR084C|AAR1|AER2|AMM1|CRT4|CYC9|FLK1|ROX4|SFL2|UMR7|chromatin-silencing transcriptional regulator TUP1,20171116,SGD
S000000680,TUP1,"General repressor of transcription, forms complex with Cyc8p",involved_in,GO:0045944,IMP,P,YCR084C|AAR1|AER2|AMM1|CRT4|CYC9|FLK1|ROX4|SFL2|UMR7|chromatin-silencing transcriptional regulator TUP1,20171116,SGD
S000000680,TUP1,"General repressor of transcription, forms complex with Cyc8p",involved_in,GO:0045944,IMP,P,YCR084C|AAR1|AER2|AMM1|CRT4|CYC9|FLK1|ROX4|SFL2|UMR7|chromatin-silencing transcriptional regulator TUP1,20171116,SGD
S000000680,TUP1,"General repressor of transcription, forms complex with Cyc8p",involved_in,GO:0045944,IMP,P,YCR084C|AAR1|AER2|AMM1|CRT4|CYC9|FLK1|ROX4|SFL2|UMR7|chromatin-silencing transcriptional regulator TUP1,20171116,SGD
S000000680,TUP1,"General repressor of transcription, forms complex with Cyc8p",involved_in,GO:0045944,IMP,P,YCR084C|AAR1|AER2|AMM1|CRT4|CYC9|FLK1|ROX4|SFL2|UMR7|chromatin-silencing transcriptional regulator TUP1,20171116,SGD
S000000680,TUP1,"General repressor of transcription, forms complex with Cyc8p",involved_in,GO:0045944,IMP,P,YCR084C|AAR1|AER2|AMM1|CRT4|CYC9|FLK1|ROX4|SFL2|UMR7|chromatin-silencing transcriptional regulator TUP1,20171116,SGD
S000000680,TUP1,"General repressor of transcription, forms complex with Cyc8p",involved_in,GO:0045944,IMP,P,YCR084C|AAR1|AER2|AMM1|CRT4|CYC9|FLK1|ROX4|SFL2|UMR7|chromatin-silencing transcriptional regulator TUP1,20171116,SGD
S000001048,STP2,Transcription factor,involved_in,GO:0045944,IMP,P,YHR006W,20171116,SGD
S000001048,STP2,Transcription factor,involved_in,GO:0045944,IMP,P,YHR006W,20171116,SGD
S000001048,STP2,Transcription factor,involved_in,GO:0045944,IMP,P,YHR006W,20171116,SGD
S000001048,STP2,Transcription factor,involved_in,GO:0045944,IMP,P,YHR006W,20171116,SGD
S000001048,STP2,Transcription factor,involved_in,GO:0045944,IMP,P,YHR006W,20171116,SGD
S000001048,STP2,Transcription factor,involved_in,GO:0045944,IGI,P,YHR006W,20171116,SGD
S000001048,STP2,Transcription factor,involved_in,GO:0045944,IGI,P,YHR006W,20171116,SGD
S000001048,STP2,Transcription factor,involved_in,GO:0045944,IGI,P,YHR006W,20171116,SGD
S000001048,STP2,Transcription factor,involved_in,GO:0045944,IGI,P,YHR006W,20171116,SGD
S000001048,STP2,Transcription factor,involved_in,GO:0045944,IGI,P,YHR006W,20171116,SGD
S000002871,STP1,Transcription factor,involved_in,GO:0045944,IMP,P,YDR463W|BAP1|SSY2,20171116,SGD
S000002871,STP1,Transcription factor,involved_in,GO:0045944,IMP,P,YDR463W|BAP1|SSY2,20171116,SGD
S000002871,STP1,Transcription factor,involved_in,GO:0045944,IMP,P,YDR463W|BAP1|SSY2,20171116,SGD
S000002871,STP1,Transcription factor,involved_in,GO:0045944,IMP,P,YDR463W|BAP1|SSY2,20171116,SGD
S000002871,STP1,Transcription factor,involved_in,GO:0045944,IMP,P,YDR463W|BAP1|SSY2,20171116,SGD
S000002871,STP1,Transcription factor,involved_in,GO:0045944,IMP,P,YDR463W|BAP1|SSY2,20171116,SGD
S000002871,STP1,Transcription factor,involved_in,GO:0045944,IGI,P,YDR463W|BAP1|SSY2,20171116,SGD
S000002871,STP1,Transcription factor,involved_in,GO:0045944,IGI,P,YDR463W|BAP1|SSY2,20171116,SGD
S000002871,STP1,Transcription factor,involved_in,GO:0045944,IGI,P,YDR463W|BAP1|SSY2,20171116,SGD
S000002871,STP1,Transcription factor,involved_in,GO:0045944,IGI,P,YDR463W|BAP1|SSY2,20171116,SGD
S000002871,STP1,Transcription factor,involved_in,GO:0045944,IGI,P,YDR463W|BAP1|SSY2,20171116,SGD
S000002503,GIS1,Histone demethylase and transcription factor,involved_in,GO:0000122,IMP,P,YDR096W|histone demethylase GIS1,20171114,SGD
S000000052,GPB2,Multistep regulator of cAMP-PKA signaling,involved_in,GO:0045944,HMP,P,YAL056W|KRH1,20061120,SGD
S000001279,VID28,"GID Complex subunit, serves as adaptor for regulatory subunit Vid24p",involved_in,GO:0045944,HMP,P,YIL017C|YIL017W|GID5|glucose-induced degradation complex subunit VID28,20061120,SGD
S000002178,RPN4,Transcription factor that stimulates expression of proteasome genes,involved_in,GO:0000122,HMP,P,YDL020C|SON1|UFD5|stress-regulated transcription factor RPN4,20111215,SGD
S000002178,RPN4,Transcription factor that stimulates expression of proteasome genes,involved_in,GO:0045944,HMP,P,YDL020C|SON1|UFD5|stress-regulated transcription factor RPN4,20111215,SGD
S000002920,EMI1,Non-essential protein of unknown function,involved_in,GO:0045944,HMP,P,YDR512C,20061120,SGD
S000002924,EMI2,Non-essential protein of unknown function,involved_in,GO:0045944,HMP,P,YDR516C|putative glucokinase,20061120,SGD
S000005432,SDH5,Protein required for flavinylation of Sdh1p,involved_in,GO:0045944,HMP,P,YOL071W|EMI5|succinate dehydrogenase assembly factor SDH5,20061120,SGD
S000005865,YOR338W,Putative protein of unknown function,involved_in,GO:0045944,HMP,P,YOR338W,20061120,SGD
S000000694,HMRA1,Silenced copy of a1 at HMR,involved_in,GO:0006357,IEA,P,YCR097W|YCR097WB,20210411,GOC
S000004893,CAT8,Zinc cluster transcriptional activator,involved_in,GO:0006355,IEA,P,YMR280C|DIL1|MSP8|DNA-binding transcription factor CAT8,20210410,InterPro
S000004893,CAT8,Zinc cluster transcriptional activator,involved_in,GO:0006355,IEA,P,YMR280C|DIL1|MSP8|DNA-binding transcription factor CAT8,20210410,InterPro
S000004893,CAT8,Zinc cluster transcriptional activator,involved_in,GO:0006351,IEA,P,YMR280C|DIL1|MSP8|DNA-binding transcription factor CAT8,20210410,InterPro
S000004565,ARG81,Zinc finger transcription factor involved in arginine-responsive genes,involved_in,GO:0006355,IEA,P,YML099C|ARGRII|ARGR2,20210410,InterPro
S000004565,ARG81,Zinc finger transcription factor involved in arginine-responsive genes,involved_in,GO:0006355,IEA,P,YML099C|ARGRII|ARGR2,20210410,InterPro
S000002324,CDC36,"Component of the CCR4-NOT core complex, involved in mRNA decapping",involved_in,GO:0006355,IEA,P,YDL165W|DNA19|NOT2|CCR4-NOT core subunit CDC36,20210410,InterPro
S000003206,HAP2,Subunit of the Hap2p/3p/4p/5p CCAAT-binding complex,enables,GO:0003700,IEA,F,YGL237C|transcription activator HAP2,20210410,InterPro
S000003206,HAP2,Subunit of the Hap2p/3p/4p/5p CCAAT-binding complex,involved_in,GO:0006355,IEA,P,YGL237C|transcription activator HAP2,20210410,InterPro
S000002800,SPT3,Subunit of the SAGA and SAGA-like transcriptional regulatory complexes,involved_in,GO:0006366,IEA,P,YDR392W|transcriptional regulator SPT3,20210410,InterPro
S000004004,PPR1,Zinc finger transcription factor,involved_in,GO:0006351,IEA,P,YLR014C,20210410,InterPro
S000004004,PPR1,Zinc finger transcription factor,involved_in,GO:0006355,IEA,P,YLR014C,20210410,InterPro
S000004004,PPR1,Zinc finger transcription factor,involved_in,GO:0006355,IEA,P,YLR014C,20210410,InterPro
S000003011,DST1,General transcription elongation factor TFIIS,involved_in,GO:0006351,IEA,P,YGL043W|P37|TFIIS|S-II|SII|PPR2|transcription elongation factor DST1,20210410,InterPro
S000003011,DST1,General transcription elongation factor TFIIS,involved_in,GO:0006351,IEA,P,YGL043W|P37|TFIIS|S-II|SII|PPR2|transcription elongation factor DST1,20210410,InterPro
S000003011,DST1,General transcription elongation factor TFIIS,involved_in,GO:0006351,IEA,P,YGL043W|P37|TFIIS|S-II|SII|PPR2|transcription elongation factor DST1,20210410,InterPro
S000003011,DST1,General transcription elongation factor TFIIS,involved_in,GO:0006351,IEA,P,YGL043W|P37|TFIIS|S-II|SII|PPR2|transcription elongation factor DST1,20210410,InterPro
S000003011,DST1,General transcription elongation factor TFIIS,involved_in,GO:0006355,IEA,P,YGL043W|P37|TFIIS|S-II|SII|PPR2|transcription elongation factor DST1,20210410,InterPro
S000002264,PHO2,Homeobox transcription factor,involved_in,GO:0006355,IEA,P,YDL106C|phoB|BAS2|GRF10,20210410,InterPro
S000005770,ESA1,Catalytic subunit of the histone acetyltransferase complex (NuA4),involved_in,GO:0006355,IEA,P,YOR244W|TAS1|KAT5|NuA4 histone acetyltransferase complex catalytic subunit ESA1,20210410,InterPro
S000005821,UAF30,Subunit of UAF (upstream activation factor) complex,involved_in,GO:0045944,IEA,P,YOR295W,20210411,GOC
S000004246,HAP1,Zinc finger transcription factor,involved_in,GO:0006351,IEA,P,YLR256W|CYP1,20210410,InterPro
S000005907,RDR1,Transcriptional repressor involved in regulating multidrug resistance,enables,GO:0003700,IEA,F,YOR380W,20210410,InterPro
S000005907,RDR1,Transcriptional repressor involved in regulating multidrug resistance,involved_in,GO:0006351,IEA,P,YOR380W,20210410,InterPro
S000005907,RDR1,Transcriptional repressor involved in regulating multidrug resistance,involved_in,GO:0006355,IEA,P,YOR380W,20210410,InterPro
S000005907,RDR1,Transcriptional repressor involved in regulating multidrug resistance,involved_in,GO:0006355,IEA,P,YOR380W,20210410,InterPro
S000005907,RDR1,Transcriptional repressor involved in regulating multidrug resistance,involved_in,GO:0006357,IEA,P,YOR380W,20210411,GOC
S000000635,MATALPHA2,Homeobox-domain protein,involved_in,GO:0000122,IEA,P,YCR039C|ALPHA2|homeodomain mating type protein alpha2,20210411,GOC
S000000572,HMLALPHA2,Silenced copy of ALPHA2 at HML,involved_in,GO:0000122,IEA,P,YCL067C|ALPHA2|homeodomain mating type protein alpha2,20210411,GOC
S000000694,HMRA1,Silenced copy of a1 at HMR,involved_in,GO:0006355,IEA,P,YCR097W|YCR097WB,20210410,InterPro
S000002981,PDR1,Transcription factor that regulates the pleiotropic drug response,involved_in,GO:0006351,IEA,P,YGL013C|AMY1|ANT1|BOR2|CYH3|NRA2|SMR2|TIL1|TPE1|TPE3|drug-responsive transcription factor PDR1,20210410,InterPro
S000002981,PDR1,Transcription factor that regulates the pleiotropic drug response,involved_in,GO:0006355,IEA,P,YGL013C|AMY1|ANT1|BOR2|CYH3|NRA2|SMR2|TIL1|TPE1|TPE3|drug-responsive transcription factor PDR1,20210410,InterPro
S000002981,PDR1,Transcription factor that regulates the pleiotropic drug response,involved_in,GO:0006355,IEA,P,YGL013C|AMY1|ANT1|BOR2|CYH3|NRA2|SMR2|TIL1|TPE1|TPE3|drug-responsive transcription factor PDR1,20210410,InterPro
S000005871,TYE7,Serine-rich protein that contains a bHLH DNA binding motif,involved_in,GO:0006355,IEA,P,YOR344C|SGC1,20210411,GOC
S000000101,PDR3,Transcriptional activator of the pleiotropic drug resistance network,involved_in,GO:0006351,IEA,P,YBL005W|AMY2|TPE2|drug-responsive transcription factor PDR3,20210410,InterPro
S000005293,CSE2,Subunit of the RNA polymerase II mediator complex,involved_in,GO:0006357,IEA,P,YNR010W|MED9,20210410,InterPro
S000000842,GLN3,Transcriptional activator in nitrogen catabolite repression system,involved_in,GO:0006355,IEA,P,YER040W|nitrogen-responsive transcriptional regulator GLN3,20210410,InterPro
S000000842,GLN3,Transcriptional activator in nitrogen catabolite repression system,involved_in,GO:0006355,IEA,P,YER040W|nitrogen-responsive transcriptional regulator GLN3,20210410,InterPro
S000000287,TEC1,Transcription factor targeting filamentation genes and Ty1 expression,enables,GO:0003700,IEA,F,YBR083W|ROC1,20210410,InterPro
S000006054,RDS2,Transcription factor involved in regulating gluconeogenesis,involved_in,GO:0006355,IEA,P,YPL133C,20210410,InterPro
S000006054,RDS2,Transcription factor involved in regulating gluconeogenesis,involved_in,GO:0006355,IEA,P,YPL133C,20210410,InterPro
S000004061,RGR1,Subunit of the RNA polymerase II mediator complex,involved_in,GO:0006357,IEA,P,YLR071C|MED14,20210410,InterPro
S000005411,GAL11,Subunit of the RNA polymerase II mediator complex,involved_in,GO:0006357,IEA,P,YOL051W|MED15|RAR3|SDS4|SPT13|ABE1,20210410,InterPro
S000004466,YAP1,Basic leucine zipper (bZIP) transcription factor,enables,GO:0003700,IEA,F,YML007W|PAR1|SNQ3|PDR4|DNA-binding transcription factor YAP1,20210410,InterPro
S000001731,RQT4,Subunit of ribosome-associated quality control trigger complex (RQT),involved_in,GO:0006355,IEA,P,YKR023W,20210410,InterPro
S000004466,YAP1,Basic leucine zipper (bZIP) transcription factor,involved_in,GO:0006355,IEA,P,YML007W|PAR1|SNQ3|PDR4|DNA-binding transcription factor YAP1,20210410,InterPro
S000004088,CHA4,DNA binding transcriptional activator,involved_in,GO:0006357,IEA,P,YLR098C|SIL2|SIL3,20210411,GOC
S000004088,CHA4,DNA binding transcriptional activator,involved_in,GO:0006351,IEA,P,YLR098C|SIL2|SIL3,20210410,InterPro
S000004088,CHA4,DNA binding transcriptional activator,involved_in,GO:0006355,IEA,P,YLR098C|SIL2|SIL3,20210410,InterPro
S000004088,CHA4,DNA binding transcriptional activator,involved_in,GO:0006355,IEA,P,YLR098C|SIL2|SIL3,20210410,InterPro
S000005816,SNF2,Catalytic subunit of the SWI/SNF chromatin remodeling complex,involved_in,GO:0006355,IEA,P,YOR290C|GAM1|HAF1|SWI2|TYE3|SWI/SNF catalytic subunit SNF2,20210410,InterPro
S000005736,RPB10,RNA polymerase subunit ABC10-beta,involved_in,GO:0006351,IEA,P,YOR210W|ABC10-beta|DNA-directed RNA polymerase core subunit RPB10,20210410,InterPro
S000005736,RPB10,RNA polymerase subunit ABC10-beta,involved_in,GO:0006351,IEA,P,YOR210W|ABC10-beta|DNA-directed RNA polymerase core subunit RPB10,20210410,InterPro
S000002800,SPT3,Subunit of the SAGA and SAGA-like transcriptional regulatory complexes,involved_in,GO:0006355,IEA,P,YDR392W|transcriptional regulator SPT3,20210411,GOC
S000005364,SIN3,Component of both the Rpd3S and Rpd3L histone deacetylase complexes,involved_in,GO:0006355,IEA,P,YOL004W|CPE1|GAM2|RPD1|SDI1|SDS16|UME4|transcriptional regulator SIN3,20210410,InterPro
S000005364,SIN3,Component of both the Rpd3S and Rpd3L histone deacetylase complexes,involved_in,GO:0006355,IEA,P,YOL004W|CPE1|GAM2|RPD1|SDI1|SDS16|UME4|transcriptional regulator SIN3,20210410,InterPro
S000002831,CAD1,AP-1-like basic leucine zipper (bZIP) transcriptional activator,enables,GO:0003700,IEA,F,YDR423C|YAP2,20210410,InterPro
S000002831,CAD1,AP-1-like basic leucine zipper (bZIP) transcriptional activator,involved_in,GO:0006355,IEA,P,YDR423C|YAP2,20210410,InterPro
S000000189,ROX3,Subunit of the RNA polymerase II mediator complex,involved_in,GO:0006357,IEA,P,YBL093C|MED19|NUT3|SSN7|SSX2|RMR1,20210410,InterPro
S000005720,TOA1,TFIIA large subunit,involved_in,GO:0006355,IEA,P,YOR194C|transcription initiation factor IIA large subunit,20210411,GOC
S000000661,HCM1,Forkhead transcription factor,enables,GO:0003700,IEA,F,YCR065W,20210410,InterPro
S000000661,HCM1,Forkhead transcription factor,enables,GO:0003700,IEA,F,YCR065W,20210410,InterPro
S000000661,HCM1,Forkhead transcription factor,enables,GO:0003700,IEA,F,YCR065W,20210410,InterPro
S000000661,HCM1,Forkhead transcription factor,involved_in,GO:0006355,IEA,P,YCR065W,20210410,InterPro
S000000661,HCM1,Forkhead transcription factor,involved_in,GO:0006355,IEA,P,YCR065W,20210410,InterPro
S000000661,HCM1,Forkhead transcription factor,involved_in,GO:0006355,IEA,P,YCR065W,20210410,InterPro
S000002812,RPB7,RNA polymerase II subunit B16,involved_in,GO:0006351,IEA,P,YDR404C|B16|DNA-directed RNA polymerase II subunit RPB7,20210410,InterPro
S000000677,SRB8,Subunit of the RNA polymerase II mediator complex,involved_in,GO:0006357,IEA,P,YCR081W|GIG1|NUT6|SSN5|MED12|YCR080W,20210410,InterPro
S000004470,SPT5,Spt4p/5p (DSIF) transcription elongation factor complex subunit,involved_in,GO:0006355,IEA,P,YML010W|transcription elongation factor SPT5,20210410,InterPro
S000004470,SPT5,Spt4p/5p (DSIF) transcription elongation factor complex subunit,involved_in,GO:0006355,IEA,P,YML010W|transcription elongation factor SPT5,20210410,InterPro
S000004470,SPT5,Spt4p/5p (DSIF) transcription elongation factor complex subunit,involved_in,GO:0006357,IEA,P,YML010W|transcription elongation factor SPT5,20210410,InterPro
S000004470,SPT5,Spt4p/5p (DSIF) transcription elongation factor complex subunit,involved_in,GO:0006357,IEA,P,YML010W|transcription elongation factor SPT5,20210410,InterPro
S000006394,RPC82,RNA polymerase III subunit C82,involved_in,GO:0006351,IEA,P,YPR190C|RPC80|RPC3|DNA-directed RNA polymerase III subunit C82,20210410,InterPro
S000000104,HIR1,Subunit of the HIR complex,involved_in,GO:0006351,IEA,P,YBL008W,20210410,InterPro
S000000104,HIR1,Subunit of the HIR complex,involved_in,GO:0006355,IEA,P,YBL008W,20210410,InterPro
S000005564,HIR2,Subunit of HIR nucleosome assembly complex,involved_in,GO:0006351,IEA,P,YOR038C|SPT1,20210410,InterPro
S000005564,HIR2,Subunit of HIR nucleosome assembly complex,involved_in,GO:0006355,IEA,P,YOR038C|SPT1,20210410,InterPro
S000003824,RPA12,RNA polymerase I subunit A12.2,involved_in,GO:0006351,IEA,P,YJR063W|RRN4|A12.2|DNA-directed RNA polymerase I core subunit RPA12,20210410,InterPro
S000003824,RPA12,RNA polymerase I subunit A12.2,involved_in,GO:0006351,IEA,P,YJR063W|RRN4|A12.2|DNA-directed RNA polymerase I core subunit RPA12,20210410,InterPro
S000003824,RPA12,RNA polymerase I subunit A12.2,involved_in,GO:0006351,IEA,P,YJR063W|RRN4|A12.2|DNA-directed RNA polymerase I core subunit RPA12,20210410,InterPro
S000000162,SEF1,Putative transcription factor,involved_in,GO:0006355,IEA,P,YBL066C,20210410,InterPro
S000000162,SEF1,Putative transcription factor,involved_in,GO:0006355,IEA,P,YBL066C,20210410,InterPro
S000000162,SEF1,Putative transcription factor,involved_in,GO:0006357,IEA,P,YBL066C,20210411,GOC
S000002719,TFB1,Subunit of TFIIH and nucleotide excision repair factor 3 complexes,involved_in,GO:0006351,IEA,P,YDR311W|TFIIH/NER complex subunit TFB1,20210410,InterPro
S000001521,RGT1,Glucose-responsive transcription factor,involved_in,GO:0006355,IEA,P,YKL038W,20210410,InterPro
S000001521,RGT1,Glucose-responsive transcription factor,involved_in,GO:0006355,IEA,P,YKL038W,20210410,InterPro
S000003295,SPT4,Spt4p/5p (DSIF) transcription elongation factor complex subunit,involved_in,GO:0006355,IEA,P,YGR063C|transcription elongation factor SPT4,20210410,InterPro
S000000101,PDR3,Transcriptional activator of the pleiotropic drug resistance network,involved_in,GO:0006355,IEA,P,YBL005W|AMY2|TPE2|drug-responsive transcription factor PDR3,20210410,InterPro
S000000101,PDR3,Transcriptional activator of the pleiotropic drug resistance network,involved_in,GO:0006355,IEA,P,YBL005W|AMY2|TPE2|drug-responsive transcription factor PDR3,20210410,InterPro
S000004623,MAC1,Copper-sensing transcription factor,enables,GO:0003700,IEA,F,YMR021C|CUA1,20210410,InterPro
S000004623,MAC1,Copper-sensing transcription factor,enables,GO:0003700,IEA,F,YMR021C|CUA1,20210410,InterPro
S000001705,YKL222C,Protein of unknown function,involved_in,GO:0006351,IEA,P,YKL222C,20210410,InterPro
S000001705,YKL222C,Protein of unknown function,involved_in,GO:0006355,IEA,P,YKL222C,20210410,InterPro
S000001705,YKL222C,Protein of unknown function,involved_in,GO:0006355,IEA,P,YKL222C,20210410,InterPro
S000001705,YKL222C,Protein of unknown function,involved_in,GO:0006357,IEA,P,YKL222C,20210411,GOC
S000006229,CCL1,Cyclin partner of the cyclin-dependent kinase (CDK) Kin28p,involved_in,GO:0006351,IEA,P,YPR025C|TFIIH complex kinase subunit CCL1,20210410,InterPro
S000000386,SMP1,MADS-box transcription factor involved in osmotic stress response,involved_in,GO:0045944,IEA,P,YBR182C,20210410,InterPro
S000001772,OAF3,Putative transcriptional repressor with Zn(2)-Cys(6) finger,involved_in,GO:0006355,IEA,P,YKR064W,20210410,InterPro
S000001772,OAF3,Putative transcriptional repressor with Zn(2)-Cys(6) finger,involved_in,GO:0006355,IEA,P,YKR064W,20210410,InterPro
S000000397,MED8,Subunit of the RNA polymerase II mediator complex,involved_in,GO:0006357,IEA,P,YBR193C,20210410,InterPro
S000001488,BYE1,Negative regulator of transcription elongation,involved_in,GO:0006351,IEA,P,YKL005C,20210410,InterPro
S000001488,BYE1,Negative regulator of transcription elongation,involved_in,GO:0006351,IEA,P,YKL005C,20210410,InterPro
S000005079,FPR1,Peptidyl-prolyl cis-trans isomerase (PPIase),enables,GO:0001228,IMP,F,YNL135C|FKB1|RBP1|peptidylprolyl isomerase FPR1,20200710,SGD
S000005079,FPR1,Peptidyl-prolyl cis-trans isomerase (PPIase),involved_in,GO:0006366,IMP,P,YNL135C|FKB1|RBP1|peptidylprolyl isomerase FPR1,20200710,SGD
S000001733,RPC37,RNA polymerase III subunit C37,involved_in,GO:0006351,IEA,P,YKR025W|C37|DNA-directed RNA polymerase III subunit C37,20210410,InterPro
S000001098,RSC30,Component of the RSC chromatin remodeling complex,involved_in,GO:0006355,IEA,P,YHR056C,20210410,InterPro
S000001098,RSC30,Component of the RSC chromatin remodeling complex,involved_in,GO:0006355,IEA,P,YHR056C,20210410,InterPro
S000001100,MED6,Subunit of the RNA polymerase II mediator complex,involved_in,GO:0006357,IEA,P,YHR058C|mediator complex subunit MED6,20210410,InterPro
S000001100,MED6,Subunit of the RNA polymerase II mediator complex,involved_in,GO:0006357,IEA,P,YHR058C|mediator complex subunit MED6,20210410,InterPro
S000005867,RPA43,RNA polymerase I subunit A43,involved_in,GO:0006351,IEA,P,YOR340C|A43|DNA-directed RNA polymerase I subunit RPA43,20210410,InterPro
S000006308,FHL1,Regulator of ribosomal protein (RP) transcription,enables,GO:0003700,IEA,F,YPR104C|SPP42,20210410,InterPro
S000006308,FHL1,Regulator of ribosomal protein (RP) transcription,enables,GO:0003700,IEA,F,YPR104C|SPP42,20210410,InterPro
S000006308,FHL1,Regulator of ribosomal protein (RP) transcription,enables,GO:0003700,IEA,F,YPR104C|SPP42,20210410,InterPro
S000003741,YJL206C,Putative protein of unknown function,involved_in,GO:0006355,IEA,P,YJL206C,20210410,InterPro
S000003741,YJL206C,Putative protein of unknown function,involved_in,GO:0006355,IEA,P,YJL206C,20210410,InterPro
S000003741,YJL206C,Putative protein of unknown function,involved_in,GO:0006351,IEA,P,YJL206C,20210410,InterPro
S000000048,OAF1,Oleate-activated transcription factor,involved_in,GO:0006355,IEA,P,YAL051W|YAF1|oleate-activated transcription factor OAF1,20210410,InterPro
S000000048,OAF1,Oleate-activated transcription factor,involved_in,GO:0006355,IEA,P,YAL051W|YAF1|oleate-activated transcription factor OAF1,20210410,InterPro
S000006229,CCL1,Cyclin partner of the cyclin-dependent kinase (CDK) Kin28p,involved_in,GO:0006357,IEA,P,YPR025C|TFIIH complex kinase subunit CCL1,20210410,InterPro
S000001393,FKH1,Forkhead family transcription factor,enables,GO:0003700,IEA,F,YIL131C|forkhead family transcription factor FKH1,20210410,InterPro
S000001393,FKH1,Forkhead family transcription factor,enables,GO:0003700,IEA,F,YIL131C|forkhead family transcription factor FKH1,20210410,InterPro
S000001393,FKH1,Forkhead family transcription factor,enables,GO:0003700,IEA,F,YIL131C|forkhead family transcription factor FKH1,20210410,InterPro
S000001393,FKH1,Forkhead family transcription factor,involved_in,GO:0006355,IEA,P,YIL131C|forkhead family transcription factor FKH1,20210410,InterPro
S000001393,FKH1,Forkhead family transcription factor,involved_in,GO:0006355,IEA,P,YIL131C|forkhead family transcription factor FKH1,20210410,InterPro
S000001393,FKH1,Forkhead family transcription factor,involved_in,GO:0006355,IEA,P,YIL131C|forkhead family transcription factor FKH1,20210410,InterPro
S000000237,EDS1,"Putative zinc cluster protein, predicted to be a transcription factor",involved_in,GO:0006355,IEA,P,YBR033W,20210410,InterPro
S000000237,EDS1,"Putative zinc cluster protein, predicted to be a transcription factor",involved_in,GO:0006355,IEA,P,YBR033W,20210410,InterPro
S000000237,EDS1,"Putative zinc cluster protein, predicted to be a transcription factor",involved_in,GO:0006357,IEA,P,YBR033W,20210411,GOC
S000001298,CST6,Basic leucine zipper (bZIP) transcription factor from ATF/CREB family,enables,GO:0003700,IEA,F,YIL036W|SHF1|ACA2,20210410,InterPro
S000000354,TBS1,Protein of unknown function,involved_in,GO:0006351,IEA,P,YBR150C,20210410,InterPro
S000000354,TBS1,Protein of unknown function,involved_in,GO:0006355,IEA,P,YBR150C,20210410,InterPro
S000000354,TBS1,Protein of unknown function,involved_in,GO:0006355,IEA,P,YBR150C,20210410,InterPro
S000000354,TBS1,Protein of unknown function,involved_in,GO:0006357,IEA,P,YBR150C,20210411,GOC
S000005554,CIN5,Basic leucine zipper (bZIP) transcription factor of the yAP-1 family,involved_in,GO:0006355,IEA,P,YOR028C|HAL6|YAP4,20210410,InterPro
S000004778,CEP3,Essential kinetochore protein,involved_in,GO:0006355,IEA,P,YMR168C|CBF3|CBF3B|CSL1,20210410,InterPro
S000004778,CEP3,Essential kinetochore protein,involved_in,GO:0006355,IEA,P,YMR168C|CBF3|CBF3B|CSL1,20210410,InterPro
S000004734,SAS2,Histone acetyltransferase (HAT) catalytic subunit of the SAS complex,involved_in,GO:0006355,IEA,P,YMR127C|KAT8|histone acetyltransferase,20210410,InterPro
S000004778,CEP3,Essential kinetochore protein,involved_in,GO:0006357,IEA,P,YMR168C|CBF3|CBF3B|CSL1,20210411,GOC
S000002441,LYS14,Transcriptional activator involved in regulating lysine biosynthesis,involved_in,GO:0006355,IEA,P,YDR034C,20210410,InterPro
S000002441,LYS14,Transcriptional activator involved in regulating lysine biosynthesis,involved_in,GO:0006355,IEA,P,YDR034C,20210410,InterPro
S000000443,ERT1,Transcriptional regulator,involved_in,GO:0006355,IEA,P,YBR239C,20210410,InterPro
S000000443,ERT1,Transcriptional regulator,involved_in,GO:0006355,IEA,P,YBR239C,20210410,InterPro
S000000443,ERT1,Transcriptional regulator,involved_in,GO:0006355,IEA,P,YBR239C,20210410,InterPro
S000000444,THI2,Transcriptional activator of thiamine biosynthetic genes,involved_in,GO:0006355,IEA,P,YBR240C|PHO6|phoF,20210410,InterPro
S000000444,THI2,Transcriptional activator of thiamine biosynthetic genes,involved_in,GO:0006355,IEA,P,YBR240C|PHO6|phoF,20210410,InterPro
S000005012,FKH2,Forkhead family transcription factor,enables,GO:0003700,IEA,F,YNL068C|forkhead family transcription factor FKH2,20210410,InterPro
S000005012,FKH2,Forkhead family transcription factor,enables,GO:0003700,IEA,F,YNL068C|forkhead family transcription factor FKH2,20210410,InterPro
S000005012,FKH2,Forkhead family transcription factor,enables,GO:0003700,IEA,F,YNL068C|forkhead family transcription factor FKH2,20210410,InterPro
S000005012,FKH2,Forkhead family transcription factor,involved_in,GO:0006355,IEA,P,YNL068C|forkhead family transcription factor FKH2,20210410,InterPro
S000005012,FKH2,Forkhead family transcription factor,involved_in,GO:0006355,IEA,P,YNL068C|forkhead family transcription factor FKH2,20210410,InterPro
S000005012,FKH2,Forkhead family transcription factor,involved_in,GO:0006355,IEA,P,YNL068C|forkhead family transcription factor FKH2,20210410,InterPro
S000000501,MAL33,MAL-activator protein,involved_in,GO:0006351,IEA,P,YBR297W|MAL3R|MALR|transcription factor MAL33,20210410,InterPro
S000000501,MAL33,MAL-activator protein,involved_in,GO:0006355,IEA,P,YBR297W|MAL3R|MALR|transcription factor MAL33,20210410,InterPro
S000000501,MAL33,MAL-activator protein,involved_in,GO:0006355,IEA,P,YBR297W|MAL3R|MALR|transcription factor MAL33,20210410,InterPro
S000000501,MAL33,MAL-activator protein,involved_in,GO:0006355,IEA,P,YBR297W|MAL3R|MALR|transcription factor MAL33,20210410,InterPro
S000000501,MAL33,MAL-activator protein,involved_in,GO:0006357,IEA,P,YBR297W|MAL3R|MALR|transcription factor MAL33,20210411,GOC
S000003543,CTK2,Beta subunit of C-terminal domain kinase I (CTDK-I),involved_in,GO:0006357,IEA,P,YJL006C,20210410,InterPro
S000001842,ZNF1,Zinc cluster transcription factor that regulates respiratory growth,involved_in,GO:0006355,IEA,P,YFL052W|DNA-binding domain containing protein,20210410,InterPro
S000001842,ZNF1,Zinc cluster transcription factor that regulates respiratory growth,involved_in,GO:0006355,IEA,P,YFL052W|DNA-binding domain containing protein,20210410,InterPro
S000001842,ZNF1,Zinc cluster transcription factor that regulates respiratory growth,involved_in,GO:0006355,IEA,P,YFL052W|DNA-binding domain containing protein,20210410,InterPro
S000001873,GAT1,Transcriptional activator of nitrogen catabolite repression genes,involved_in,GO:0006355,IEA,P,YFL021W|NIL1|MEP80,20210410,InterPro
S000001873,GAT1,Transcriptional activator of nitrogen catabolite repression genes,involved_in,GO:0006355,IEA,P,YFL021W|NIL1|MEP80,20210410,InterPro
S000003625,SIP4,C6 zinc cluster transcriptional activator,involved_in,GO:0006355,IEA,P,YJL089W,20210410,InterPro
S000003625,SIP4,C6 zinc cluster transcriptional activator,involved_in,GO:0006355,IEA,P,YJL089W,20210410,InterPro
S000001300,NOT3,"Component of the CCR4-NOT core complex, involved in mRNA decapping",involved_in,GO:0006355,IEA,P,YIL038C|CCR4-NOT core subunit NOT3,20210410,InterPro
S000001300,NOT3,"Component of the CCR4-NOT core complex, involved in mRNA decapping",involved_in,GO:0006355,IEA,P,YIL038C|CCR4-NOT core subunit NOT3,20210410,InterPro
S000001300,NOT3,"Component of the CCR4-NOT core complex, involved in mRNA decapping",involved_in,GO:0006355,IEA,P,YIL038C|CCR4-NOT core subunit NOT3,20210410,InterPro
S000003888,RSF2,Zinc-finger protein,involved_in,GO:0006351,IEA,P,YJR127C|ZMS1,20210410,InterPro
S000000287,TEC1,Transcription factor targeting filamentation genes and Ty1 expression,involved_in,GO:0006355,IEA,P,YBR083W|ROC1,20210410,InterPro
S000003095,SOH1,Subunit of the RNA polymerase II mediator complex,involved_in,GO:0006355,IEA,P,YGL127C|MED31|mediator complex subunit SOH1,20210410,InterPro
S000001221,STB5,Transcription factor,involved_in,GO:0006351,IEA,P,YHR178W,20210410,InterPro
S000001221,STB5,Transcription factor,involved_in,GO:0006355,IEA,P,YHR178W,20210410,InterPro
S000001221,STB5,Transcription factor,involved_in,GO:0006355,IEA,P,YHR178W,20210410,InterPro
S000002993,PGD1,Subunit of the RNA polymerase II mediator complex,involved_in,GO:0006357,IEA,P,YGL025C|HRS1|MED3,20210410,InterPro
S000005057,RPC19,RNA polymerase subunit AC19,involved_in,GO:0006351,IEA,P,YNL113W|AC19|DNA-directed RNA polymerase core subunit RPC19,20210410,InterPro
S000005057,RPC19,RNA polymerase subunit AC19,involved_in,GO:0006351,IEA,P,YNL113W|AC19|DNA-directed RNA polymerase core subunit RPC19,20210410,InterPro
S000005057,RPC19,RNA polymerase subunit AC19,involved_in,GO:0006351,IEA,P,YNL113W|AC19|DNA-directed RNA polymerase core subunit RPC19,20210410,InterPro
S000001185,RPC10,"RNA polymerase subunit ABC10-alpha, found in RNA pol I, II, and III",involved_in,GO:0006351,IEA,P,YHR143W-A|RPB12|ABC10-alpha|DNA-directed RNA polymerase core subunit RPC10,20210410,InterPro
S000001001,YAP3,Basic leucine zipper (bZIP) transcription factor,enables,GO:0003700,IEA,F,YHL009C,20210410,InterPro
S000001001,YAP3,Basic leucine zipper (bZIP) transcription factor,involved_in,GO:0006355,IEA,P,YHL009C,20210410,InterPro
S000001392,ASG1,Zinc cluster protein proposed to be a transcriptional regulator,involved_in,GO:0006351,IEA,P,YIL130W,20210410,InterPro
S000001392,ASG1,Zinc cluster protein proposed to be a transcriptional regulator,involved_in,GO:0006355,IEA,P,YIL130W,20210410,InterPro
S000001392,ASG1,Zinc cluster protein proposed to be a transcriptional regulator,involved_in,GO:0006355,IEA,P,YIL130W,20210410,InterPro
S000001166,NDT80,Meiosis-specific transcription factor,enables,GO:0003700,IEA,F,YHR124W|transcription factor NDT80,20210410,InterPro
S000001166,NDT80,Meiosis-specific transcription factor,enables,GO:0003700,IEA,F,YHR124W|transcription factor NDT80,20210410,InterPro
S000001166,NDT80,Meiosis-specific transcription factor,involved_in,GO:0006355,IEA,P,YHR124W|transcription factor NDT80,20210410,InterPro
S000000842,GLN3,Transcriptional activator in nitrogen catabolite repression system,involved_in,GO:0006357,IEA,P,YER040W|nitrogen-responsive transcriptional regulator GLN3,20210410,InterPro
S000003854,IME1,Master regulator of meiosis that is active only during meiotic events,involved_in,GO:0045944,IDA,P,YJR094C|transcription factor IME1,20181105,SGD
S000001742,DAL80,Negative regulator of genes in multiple nitrogen degradation pathways,involved_in,GO:0006357,IEA,P,YKR034W|UGA43,20210410,InterPro
S000002299,RPO21,RNA polymerase II largest subunit B220,involved_in,GO:0006366,IEA,P,YDL140C|RPB1|RPB220|SUA8|B220|DNA-directed RNA polymerase II core subunit RPO21|SIT1,20210410,InterPro
S000005677,RPB2,RNA polymerase II second largest subunit B150,involved_in,GO:0006351,IEA,P,YOR151C|B150|RPB150|RPO22|SIT2|SOH2|DNA-directed RNA polymerase II core subunit RPB2,20210410,InterPro
S000005677,RPB2,RNA polymerase II second largest subunit B150,involved_in,GO:0006351,IEA,P,YOR151C|B150|RPB150|RPO22|SIT2|SOH2|DNA-directed RNA polymerase II core subunit RPB2,20210410,InterPro
S000005677,RPB2,RNA polymerase II second largest subunit B150,involved_in,GO:0006351,IEA,P,YOR151C|B150|RPB150|RPO22|SIT2|SOH2|DNA-directed RNA polymerase II core subunit RPB2,20210410,InterPro
S000005677,RPB2,RNA polymerase II second largest subunit B150,involved_in,GO:0006351,IEA,P,YOR151C|B150|RPB150|RPO22|SIT2|SOH2|DNA-directed RNA polymerase II core subunit RPB2,20210410,InterPro
S000005677,RPB2,RNA polymerase II second largest subunit B150,involved_in,GO:0006351,IEA,P,YOR151C|B150|RPB150|RPO22|SIT2|SOH2|DNA-directed RNA polymerase II core subunit RPB2,20210410,InterPro
S000005677,RPB2,RNA polymerase II second largest subunit B150,involved_in,GO:0006351,IEA,P,YOR151C|B150|RPB150|RPO22|SIT2|SOH2|DNA-directed RNA polymerase II core subunit RPB2,20210410,InterPro
S000005677,RPB2,RNA polymerase II second largest subunit B150,involved_in,GO:0006351,IEA,P,YOR151C|B150|RPB150|RPO22|SIT2|SOH2|DNA-directed RNA polymerase II core subunit RPB2,20210410,InterPro
S000005677,RPB2,RNA polymerase II second largest subunit B150,involved_in,GO:0006351,IEA,P,YOR151C|B150|RPB150|RPO22|SIT2|SOH2|DNA-directed RNA polymerase II core subunit RPB2,20210410,InterPro
S000005677,RPB2,RNA polymerase II second largest subunit B150,involved_in,GO:0006351,IEA,P,YOR151C|B150|RPB150|RPO22|SIT2|SOH2|DNA-directed RNA polymerase II core subunit RPB2,20210410,InterPro
S000005677,RPB2,RNA polymerase II second largest subunit B150,involved_in,GO:0006351,IEA,P,YOR151C|B150|RPB150|RPO22|SIT2|SOH2|DNA-directed RNA polymerase II core subunit RPB2,20210410,InterPro
S000005677,RPB2,RNA polymerase II second largest subunit B150,involved_in,GO:0006351,IEA,P,YOR151C|B150|RPB150|RPO22|SIT2|SOH2|DNA-directed RNA polymerase II core subunit RPB2,20210410,InterPro
S000005868,RPA190,RNA polymerase I largest subunit A190,involved_in,GO:0006351,IEA,P,YOR341W|A190|RRN1|DNA-directed RNA polymerase I core subunit RPA190,20210410,InterPro
S000005868,RPA190,RNA polymerase I largest subunit A190,involved_in,GO:0006351,IEA,P,YOR341W|A190|RRN1|DNA-directed RNA polymerase I core subunit RPA190,20210410,InterPro
S000005868,RPA190,RNA polymerase I largest subunit A190,involved_in,GO:0006351,IEA,P,YOR341W|A190|RRN1|DNA-directed RNA polymerase I core subunit RPA190,20210410,InterPro
S000005868,RPA190,RNA polymerase I largest subunit A190,involved_in,GO:0006351,IEA,P,YOR341W|A190|RRN1|DNA-directed RNA polymerase I core subunit RPA190,20210410,InterPro
S000005868,RPA190,RNA polymerase I largest subunit A190,involved_in,GO:0006351,IEA,P,YOR341W|A190|RRN1|DNA-directed RNA polymerase I core subunit RPA190,20210410,InterPro
S000005868,RPA190,RNA polymerase I largest subunit A190,involved_in,GO:0006351,IEA,P,YOR341W|A190|RRN1|DNA-directed RNA polymerase I core subunit RPA190,20210410,InterPro
S000005868,RPA190,RNA polymerase I largest subunit A190,involved_in,GO:0006351,IEA,P,YOR341W|A190|RRN1|DNA-directed RNA polymerase I core subunit RPA190,20210410,InterPro
S000003134,CUP2,Copper-binding transcription factor,involved_in,GO:0006355,IEA,P,YGL166W|ACE1,20210410,InterPro
S000003134,CUP2,Copper-binding transcription factor,involved_in,GO:0006355,IEA,P,YGL166W|ACE1,20210410,InterPro
S000000842,GLN3,Transcriptional activator in nitrogen catabolite repression system,enables,GO:0003700,IEA,F,YER040W|nitrogen-responsive transcriptional regulator GLN3,20210410,InterPro
S000001462,DAL81,Positive regulator of genes in multiple nitrogen degradation pathways,involved_in,GO:0006355,IEA,P,YIR023W|UGA35|DURL,20210410,InterPro
S000001462,DAL81,Positive regulator of genes in multiple nitrogen degradation pathways,involved_in,GO:0006355,IEA,P,YIR023W|UGA35|DURL,20210410,InterPro
S000004489,YOX1,Homeobox transcriptional repressor,involved_in,GO:0006355,IEA,P,YML027W,20210410,InterPro
S000000162,SEF1,Putative transcription factor,involved_in,GO:0006351,IEA,P,YBL066C,20210410,InterPro
S000001668,ASH1,Component of the Rpd3L histone deacetylase complex,involved_in,GO:0006355,IEA,P,YKL185W|DNA-binding transcription repressor ASH1,20210410,InterPro
S000001668,ASH1,Component of the Rpd3L histone deacetylase complex,involved_in,GO:0006355,IEA,P,YKL185W|DNA-binding transcription repressor ASH1,20210410,InterPro
S000006050,TAF14,"Subunit of TFIID, TFIIF, INO80, SWI/SNF, and NuA3 complexes",involved_in,GO:0006355,IEA,P,YPL129W|ANC1|TafII30|SWP29|TAF30|TFG3|TATA-binding protein-associated factor TAF14,20210410,InterPro
S000000735,GCN4,bZIP transcriptional activator of amino acid biosynthetic genes,enables,GO:0001228,IMP,F,YEL009C|AAS3|ARG9|AAS101|amino acid starvation-responsive transcription factor GCN4,20200129,SGD
S000000735,GCN4,bZIP transcriptional activator of amino acid biosynthetic genes,enables,GO:0001228,IDA,F,YEL009C|AAS3|ARG9|AAS101|amino acid starvation-responsive transcription factor GCN4,20200129,SGD
S000000735,GCN4,bZIP transcriptional activator of amino acid biosynthetic genes,enables,GO:0001228,IMP,F,YEL009C|AAS3|ARG9|AAS101|amino acid starvation-responsive transcription factor GCN4,20200129,SGD
S000000735,GCN4,bZIP transcriptional activator of amino acid biosynthetic genes,enables,GO:0001228,IPI,F,YEL009C|AAS3|ARG9|AAS101|amino acid starvation-responsive transcription factor GCN4,20200129,SGD
S000000986,TOG1,Transcriptional activator of oleate genes,involved_in,GO:0006351,IEA,P,YER184C,20210410,InterPro
S000004744,GAT2,Protein containing GATA family zinc finger motifs,involved_in,GO:0006355,IEA,P,YMR136W,20210410,InterPro
S000004744,GAT2,Protein containing GATA family zinc finger motifs,involved_in,GO:0006355,IEA,P,YMR136W,20210410,InterPro
S000003646,GZF3,GATA zinc finger protein,involved_in,GO:0006357,IEA,P,YJL110C|DEH1|NIL2,20210410,InterPro
S000001873,GAT1,Transcriptional activator of nitrogen catabolite repression genes,involved_in,GO:0006357,IEA,P,YFL021W|NIL1|MEP80,20210410,InterPro
S000000287,TEC1,Transcription factor targeting filamentation genes and Ty1 expression,enables,GO:0001228,IMP,F,YBR083W|ROC1,20200129,SGD
S000000287,TEC1,Transcription factor targeting filamentation genes and Ty1 expression,enables,GO:0001228,IGI,F,YBR083W|ROC1,20200129,SGD
S000001249,SKN7,Nuclear response regulator and transcription factor,enables,GO:0003700,IEA,F,YHR206W|BRY1|POS9|kinase-regulated stress-responsive transcription factor SKN7,20210410,InterPro
S000001249,SKN7,Nuclear response regulator and transcription factor,enables,GO:0003700,IEA,F,YHR206W|BRY1|POS9|kinase-regulated stress-responsive transcription factor SKN7,20210410,InterPro
S000001249,SKN7,Nuclear response regulator and transcription factor,involved_in,GO:0006355,IEA,P,YHR206W|BRY1|POS9|kinase-regulated stress-responsive transcription factor SKN7,20210410,InterPro
S000001249,SKN7,Nuclear response regulator and transcription factor,involved_in,GO:0006355,IEA,P,YHR206W|BRY1|POS9|kinase-regulated stress-responsive transcription factor SKN7,20210410,InterPro
S000005365,RPB11,RNA polymerase II subunit B12.5,involved_in,GO:0006366,IEA,P,YOL005C|B12.5|DNA-directed RNA polymerase II core subunit RPB11,20210410,InterPro
S000000735,GCN4,bZIP transcriptional activator of amino acid biosynthetic genes,involved_in,GO:0006355,IEA,P,YEL009C|AAS3|ARG9|AAS101|amino acid starvation-responsive transcription factor GCN4,20210410,InterPro
S000002851,SSN2,Subunit of the RNA polymerase II mediator complex,involved_in,GO:0006357,IEA,P,YDR443C|RYE3|MED13|NUT8|SCA1|SRB9|UME2|SSX5,20210410,InterPro
S000000148,SAS3,Histone acetyltransferase catalytic subunit of NuA3 complex,involved_in,GO:0006355,IEA,P,YBL052C|KAT6|histone acetyltransferase,20210410,InterPro
S000000911,FLO8,Transcription factor,involved_in,GO:0045944,IMP,P,YER109C|PHD5|YER108C|STA10|transcription factor FLO8,20190813,SGD
S000000911,FLO8,Transcription factor,involved_in,GO:0045944,IMP,P,YER109C|PHD5|YER108C|STA10|transcription factor FLO8,20190813,SGD
S000000911,FLO8,Transcription factor,involved_in,GO:0045944,IMP,P,YER109C|PHD5|YER108C|STA10|transcription factor FLO8,20190813,SGD
S000000911,FLO8,Transcription factor,involved_in,GO:0045944,IMP,P,YER109C|PHD5|YER108C|STA10|transcription factor FLO8,20190813,SGD
S000000911,FLO8,Transcription factor,involved_in,GO:0045944,IMP,P,YER109C|PHD5|YER108C|STA10|transcription factor FLO8,20190813,SGD
S000000911,FLO8,Transcription factor,involved_in,GO:0045944,IMP,P,YER109C|PHD5|YER108C|STA10|transcription factor FLO8,20190813,SGD
S000000911,FLO8,Transcription factor,involved_in,GO:0045944,IMP,P,YER109C|PHD5|YER108C|STA10|transcription factor FLO8,20190813,SGD
S000000911,FLO8,Transcription factor,involved_in,GO:0045944,IMP,P,YER109C|PHD5|YER108C|STA10|transcription factor FLO8,20190813,SGD
S000005365,RPB11,RNA polymerase II subunit B12.5,involved_in,GO:0006351,IEA,P,YOL005C|B12.5|DNA-directed RNA polymerase II core subunit RPB11,20210410,InterPro
S000005365,RPB11,RNA polymerase II subunit B12.5,involved_in,GO:0006351,IEA,P,YOL005C|B12.5|DNA-directed RNA polymerase II core subunit RPB11,20210410,InterPro
S000005365,RPB11,RNA polymerase II subunit B12.5,involved_in,GO:0006351,IEA,P,YOL005C|B12.5|DNA-directed RNA polymerase II core subunit RPB11,20210410,InterPro
S000002299,RPO21,RNA polymerase II largest subunit B220,involved_in,GO:0006351,IEA,P,YDL140C|RPB1|RPB220|SUA8|B220|DNA-directed RNA polymerase II core subunit RPO21|SIT1,20210410,InterPro
S000002299,RPO21,RNA polymerase II largest subunit B220,involved_in,GO:0006351,IEA,P,YDL140C|RPB1|RPB220|SUA8|B220|DNA-directed RNA polymerase II core subunit RPO21|SIT1,20210410,InterPro
S000002299,RPO21,RNA polymerase II largest subunit B220,involved_in,GO:0006351,IEA,P,YDL140C|RPB1|RPB220|SUA8|B220|DNA-directed RNA polymerase II core subunit RPO21|SIT1,20210410,InterPro
S000002299,RPO21,RNA polymerase II largest subunit B220,involved_in,GO:0006351,IEA,P,YDL140C|RPB1|RPB220|SUA8|B220|DNA-directed RNA polymerase II core subunit RPO21|SIT1,20210410,InterPro
S000002299,RPO21,RNA polymerase II largest subunit B220,involved_in,GO:0006351,IEA,P,YDL140C|RPB1|RPB220|SUA8|B220|DNA-directed RNA polymerase II core subunit RPO21|SIT1,20210410,InterPro
S000002299,RPO21,RNA polymerase II largest subunit B220,involved_in,GO:0006351,IEA,P,YDL140C|RPB1|RPB220|SUA8|B220|DNA-directed RNA polymerase II core subunit RPO21|SIT1,20210410,InterPro
S000002299,RPO21,RNA polymerase II largest subunit B220,involved_in,GO:0006351,IEA,P,YDL140C|RPB1|RPB220|SUA8|B220|DNA-directed RNA polymerase II core subunit RPO21|SIT1,20210410,InterPro
S000002299,RPO21,RNA polymerase II largest subunit B220,involved_in,GO:0006351,IEA,P,YDL140C|RPB1|RPB220|SUA8|B220|DNA-directed RNA polymerase II core subunit RPO21|SIT1,20210410,InterPro
S000001457,YAP5,Basic leucine zipper (bZIP) iron-sensing transcription factor,involved_in,GO:0006355,IEA,P,YIR018W,20210410,InterPro
S000002624,ADR1,Carbon source-responsive zinc-finger transcription factor,involved_in,GO:0045944,IMP,P,YDR216W|DNA-binding transcription factor ADR1,20190822,SGD
S000002624,ADR1,Carbon source-responsive zinc-finger transcription factor,involved_in,GO:0045944,IMP,P,YDR216W|DNA-binding transcription factor ADR1,20190822,SGD
S000000316,CYC8,General transcriptional co-repressor,involved_in,GO:0006357,IMP,P,YBR112C|[OCT1+]|[OCT]|CRT8|SSN6|transcription regulator CYC8,20190822,SGD
S000000680,TUP1,"General repressor of transcription, forms complex with Cyc8p",involved_in,GO:0006357,IMP,P,YCR084C|AAR1|AER2|AMM1|CRT4|CYC9|FLK1|ROX4|SFL2|UMR7|chromatin-silencing transcriptional regulator TUP1,20190822,SGD
S000003821,CBF1,Basic helix-loop-helix (bHLH) protein,involved_in,GO:0045944,IMP,P,YJR060W|CP1|CEP1|CPF1|GFII,20190822,SGD
S000003821,CBF1,Basic helix-loop-helix (bHLH) protein,involved_in,GO:0045944,IMP,P,YJR060W|CP1|CEP1|CPF1|GFII,20190822,SGD
S000003134,CUP2,Copper-binding transcription factor,involved_in,GO:0045944,IMP,P,YGL166W|ACE1,20181129,SGD
S000001503,SPT23,ER membrane protein involved in regulation of OLE1 transcription,involved_in,GO:0045944,IGI,P,YKL020C,20190822,SGD
S000001472,MGA2,ER membrane protein involved in regulation of OLE1 transcription,involved_in,GO:0045944,IGI,P,YIR033W,20190822,SGD
S000004645,ARG80,Transcription factor involved in regulating arginine-responsive genes,involved_in,GO:0045944,IEA,P,YMR042W|ARGRI|ARGR1,20210410,InterPro
S000001592,HAP4,Transcription factor,involved_in,GO:0006355,IEA,P,YKL109W|transcription factor HAP4,20210410,InterPro
S000004646,MCM1,Transcription factor,involved_in,GO:0045944,IEA,P,YMR043W|FUN80|transcription factor MCM1,20210410,InterPro
S000004218,ECM22,Sterol regulatory element binding protein,involved_in,GO:0045944,IMP,P,YLR228C,20190822,SGD
S000004218,ECM22,Sterol regulatory element binding protein,involved_in,GO:0045944,IGI,P,YLR228C,20190822,SGD
S000002621,UPC2,Sterol regulatory element binding protein,involved_in,GO:0045944,IMP,P,YDR213W|MOX4,20190822,SGD
S000002621,UPC2,Sterol regulatory element binding protein,involved_in,GO:0045944,IGI,P,YDR213W|MOX4,20190822,SGD
S000006314,RPC40,RNA polymerase subunit AC40,involved_in,GO:0006351,IEA,P,YPR110C|RPC5|DNA-directed RNA polymerase core subunit RPC40,20210410,InterPro
S000006314,RPC40,RNA polymerase subunit AC40,involved_in,GO:0006351,IEA,P,YPR110C|RPC5|DNA-directed RNA polymerase core subunit RPC40,20210410,InterPro
S000006314,RPC40,RNA polymerase subunit AC40,involved_in,GO:0006351,IEA,P,YPR110C|RPC5|DNA-directed RNA polymerase core subunit RPC40,20210410,InterPro
S000006314,RPC40,RNA polymerase subunit AC40,involved_in,GO:0006351,IEA,P,YPR110C|RPC5|DNA-directed RNA polymerase core subunit RPC40,20210410,InterPro
S000002615,UME6,Rpd3L histone deacetylase complex subunit,involved_in,GO:0006355,IEA,P,YDR207C|CAR80|NIM2|RIM16|DNA-binding transcriptional regulator UME6,20210410,InterPro
S000002615,UME6,Rpd3L histone deacetylase complex subunit,involved_in,GO:0006355,IEA,P,YDR207C|CAR80|NIM2|RIM16|DNA-binding transcriptional regulator UME6,20210410,InterPro
S000004246,HAP1,Zinc finger transcription factor,involved_in,GO:0006355,IEA,P,YLR256W|CYP1,20210410,InterPro
S000004246,HAP1,Zinc finger transcription factor,involved_in,GO:0006355,IEA,P,YLR256W|CYP1,20210410,InterPro
S000005996,GCR1,Transcriptional activator of genes involved in glycolysis,involved_in,GO:0045944,IMP,P,YPL075W|LPF10|SIT3|transcription regulator GCR1,20190830,SGD
S000005996,GCR1,Transcriptional activator of genes involved in glycolysis,involved_in,GO:0045944,IMP,P,YPL075W|LPF10|SIT3|transcription regulator GCR1,20190830,SGD
S000005996,GCR1,Transcriptional activator of genes involved in glycolysis,involved_in,GO:0045944,IMP,P,YPL075W|LPF10|SIT3|transcription regulator GCR1,20190830,SGD
S000005996,GCR1,Transcriptional activator of genes involved in glycolysis,involved_in,GO:0045944,IMP,P,YPL075W|LPF10|SIT3|transcription regulator GCR1,20190830,SGD
S000005160,RAP1,Essential DNA-binding transcription regulator that binds many loci,involved_in,GO:0045944,IGI,P,YNL216W|GRF1|TBA1|TUF1|DNA-binding transcription factor RAP1|GRC4,20190830,SGD
S000003821,CBF1,Basic helix-loop-helix (bHLH) protein,involved_in,GO:0006357,IMP,P,YJR060W|CP1|CEP1|CPF1|GFII,20190829,SGD
S000003821,CBF1,Basic helix-loop-helix (bHLH) protein,involved_in,GO:0045944,IMP,P,YJR060W|CP1|CEP1|CPF1|GFII,20190830,SGD
S000003821,CBF1,Basic helix-loop-helix (bHLH) protein,involved_in,GO:0045944,IMP,P,YJR060W|CP1|CEP1|CPF1|GFII,20190830,SGD
S000006054,RDS2,Transcription factor involved in regulating gluconeogenesis,involved_in,GO:0045944,IMP,P,YPL133C,20190830,SGD
S000000011,DEP1,Component of the Rpd3L histone deacetylase complex,involved_in,GO:0000122,IMP,P,YAL013W|FUN54|Rpd3L histone deacetylase complex subunit DEP1,20190830,SGD
S000000011,DEP1,Component of the Rpd3L histone deacetylase complex,involved_in,GO:0000122,IMP,P,YAL013W|FUN54|Rpd3L histone deacetylase complex subunit DEP1,20190830,SGD
S000000011,DEP1,Component of the Rpd3L histone deacetylase complex,involved_in,GO:0000122,IMP,P,YAL013W|FUN54|Rpd3L histone deacetylase complex subunit DEP1,20190830,SGD
S000000011,DEP1,Component of the Rpd3L histone deacetylase complex,involved_in,GO:0045944,IMP,P,YAL013W|FUN54|Rpd3L histone deacetylase complex subunit DEP1,20190830,SGD
S000000011,DEP1,Component of the Rpd3L histone deacetylase complex,involved_in,GO:0045944,IMP,P,YAL013W|FUN54|Rpd3L histone deacetylase complex subunit DEP1,20190830,SGD
S000000011,DEP1,Component of the Rpd3L histone deacetylase complex,involved_in,GO:0045944,IMP,P,YAL013W|FUN54|Rpd3L histone deacetylase complex subunit DEP1,20190830,SGD
S000004640,MSN2,Stress-responsive transcriptional activator,involved_in,GO:0006357,IGI,P,YMR037C|stress-responsive transcriptional activator MSN2,20190830,SGD
S000001668,ASH1,Component of the Rpd3L histone deacetylase complex,involved_in,GO:0000122,IMP,P,YKL185W|DNA-binding transcription repressor ASH1,20190830,SGD
S000001668,ASH1,Component of the Rpd3L histone deacetylase complex,involved_in,GO:0000122,IMP,P,YKL185W|DNA-binding transcription repressor ASH1,20190830,SGD
S000000443,ERT1,Transcriptional regulator,involved_in,GO:0045944,IGI,P,YBR239C,20190830,SGD
S000002615,UME6,Rpd3L histone deacetylase complex subunit,involved_in,GO:0000122,IMP,P,YDR207C|CAR80|NIM2|RIM16|DNA-binding transcriptional regulator UME6,20190830,SGD
S000004893,CAT8,Zinc cluster transcriptional activator,involved_in,GO:0045944,IMP,P,YMR280C|DIL1|MSP8|DNA-binding transcription factor CAT8,20190830,SGD
S000004893,CAT8,Zinc cluster transcriptional activator,involved_in,GO:0045944,IMP,P,YMR280C|DIL1|MSP8|DNA-binding transcription factor CAT8,20190830,SGD
S000004893,CAT8,Zinc cluster transcriptional activator,involved_in,GO:0045944,IMP,P,YMR280C|DIL1|MSP8|DNA-binding transcription factor CAT8,20190830,SGD
S000004893,CAT8,Zinc cluster transcriptional activator,involved_in,GO:0045944,IMP,P,YMR280C|DIL1|MSP8|DNA-binding transcription factor CAT8,20190830,SGD
S000004893,CAT8,Zinc cluster transcriptional activator,involved_in,GO:0045944,IMP,P,YMR280C|DIL1|MSP8|DNA-binding transcription factor CAT8,20190830,SGD
S000005253,STB1,Protein with role in regulation of MBF-specific transcription at Start,involved_in,GO:0045944,IGI,P,YNL309W,20190830,SGD
S000005253,STB1,Protein with role in regulation of MBF-specific transcription at Start,involved_in,GO:0045944,IGI,P,YNL309W,20190830,SGD
S000003625,SIP4,C6 zinc cluster transcriptional activator,involved_in,GO:0045944,IGI,P,YJL089W,20190830,SGD
S000003625,SIP4,C6 zinc cluster transcriptional activator,involved_in,GO:0045944,IMP,P,YJL089W,20190830,SGD
S000004972,CRZ1,"Transcription factor, activates transcription of stress response genes",involved_in,GO:0045944,IMP,P,YNL027W|HAL8|TCN1|DNA-binding transcription factor CRZ1,20190829,SGD
S000004972,CRZ1,"Transcription factor, activates transcription of stress response genes",involved_in,GO:0045944,IMP,P,YNL027W|HAL8|TCN1|DNA-binding transcription factor CRZ1,20190829,SGD
S000004972,CRZ1,"Transcription factor, activates transcription of stress response genes",involved_in,GO:0045944,IMP,P,YNL027W|HAL8|TCN1|DNA-binding transcription factor CRZ1,20190829,SGD
S000004972,CRZ1,"Transcription factor, activates transcription of stress response genes",involved_in,GO:0045944,IGI,P,YNL027W|HAL8|TCN1|DNA-binding transcription factor CRZ1,20190829,SGD
S000004972,CRZ1,"Transcription factor, activates transcription of stress response genes",involved_in,GO:0045944,IMP,P,YNL027W|HAL8|TCN1|DNA-binding transcription factor CRZ1,20190829,SGD
S000004972,CRZ1,"Transcription factor, activates transcription of stress response genes",involved_in,GO:0045944,IMP,P,YNL027W|HAL8|TCN1|DNA-binding transcription factor CRZ1,20190829,SGD
S000005143,GCR2,Transcriptional activator of genes involved in glycolysis,involved_in,GO:0045944,IMP,P,YNL199C,20190830,SGD
S000005143,GCR2,Transcriptional activator of genes involved in glycolysis,involved_in,GO:0045944,IMP,P,YNL199C,20190830,SGD
S000004003,GAT3,Protein containing GATA family zinc finger motifs,involved_in,GO:0006357,ISS,P,YLR013W,20190826,SGD
S000003041,HSF1,Trimeric heat shock transcription factor,enables,GO:0003700,IEA,F,YGL073W|EXA3|MAS3|stress-responsive transcription factor HSF1,20210410,InterPro
S000003041,HSF1,Trimeric heat shock transcription factor,involved_in,GO:0006355,IEA,P,YGL073W|EXA3|MAS3|stress-responsive transcription factor HSF1,20210410,InterPro
S000001456,MET28,bZIP transcriptional activator in the Cbf1p-Met4p-Met28p complex,enables,GO:0003700,IEA,F,YIR017C,20210410,InterPro
S000001456,MET28,bZIP transcriptional activator in the Cbf1p-Met4p-Met28p complex,involved_in,GO:0006355,IEA,P,YIR017C,20210410,InterPro
S000001456,MET28,bZIP transcriptional activator in the Cbf1p-Met4p-Met28p complex,involved_in,GO:0045944,IEA,P,YIR017C,20210411,GOC
S000001452,GAT4,Protein containing GATA family zinc finger motifs,involved_in,GO:0006355,IEA,P,YIR013C,20210410,InterPro
S000001452,GAT4,Protein containing GATA family zinc finger motifs,involved_in,GO:0006355,IEA,P,YIR013C,20210410,InterPro
S000001457,YAP5,Basic leucine zipper (bZIP) iron-sensing transcription factor,enables,GO:0003700,IEA,F,YIR018W,20210410,InterPro
S000004564,TAF13,TFIID subunit (19 kDa),involved_in,GO:0006366,IEA,P,YML098W|TAF19|FUN81|TafII19,20210410,InterPro
S000005642,RPO31,RNA polymerase III largest subunit C160,involved_in,GO:0006351,IEA,P,YOR116C|C160|RPC1|RPC160|DNA-directed RNA polymerase III core subunit RPO31,20210410,InterPro
S000005642,RPO31,RNA polymerase III largest subunit C160,involved_in,GO:0006351,IEA,P,YOR116C|C160|RPC1|RPC160|DNA-directed RNA polymerase III core subunit RPO31,20210410,InterPro
S000005642,RPO31,RNA polymerase III largest subunit C160,involved_in,GO:0006351,IEA,P,YOR116C|C160|RPC1|RPC160|DNA-directed RNA polymerase III core subunit RPO31,20210410,InterPro
S000005642,RPO31,RNA polymerase III largest subunit C160,involved_in,GO:0006351,IEA,P,YOR116C|C160|RPC1|RPC160|DNA-directed RNA polymerase III core subunit RPO31,20210410,InterPro
S000005642,RPO31,RNA polymerase III largest subunit C160,involved_in,GO:0006351,IEA,P,YOR116C|C160|RPC1|RPC160|DNA-directed RNA polymerase III core subunit RPO31,20210410,InterPro
S000005642,RPO31,RNA polymerase III largest subunit C160,involved_in,GO:0006351,IEA,P,YOR116C|C160|RPC1|RPC160|DNA-directed RNA polymerase III core subunit RPO31,20210410,InterPro
S000005554,CIN5,Basic leucine zipper (bZIP) transcription factor of the yAP-1 family,enables,GO:0003700,IEA,F,YOR028C|HAL6|YAP4,20210410,InterPro
S000001858,RPO41,Mitochondrial RNA polymerase,involved_in,GO:0006351,IEA,P,YFL036W|DNA-directed RNA polymerase,20210410,InterPro
S000000117,HAP3,Subunit of the Hap2p/3p/4p/5p CCAAT-binding complex,involved_in,GO:0006355,IEA,P,YBL021C,20210410,InterPro
S000000117,HAP3,Subunit of the Hap2p/3p/4p/5p CCAAT-binding complex,involved_in,GO:0006355,IEA,P,YBL021C,20210410,InterPro
S000001126,STE12,Transcription factor that is activated by a MAPK signaling cascade,enables,GO:0003700,IEA,F,YHR084W|homeodomain family transcription factor STE12,20210410,InterPro
S000001126,STE12,Transcription factor that is activated by a MAPK signaling cascade,involved_in,GO:0006355,IEA,P,YHR084W|homeodomain family transcription factor STE12,20210410,InterPro
S000001863,HAC1,Basic leucine zipper (bZIP) transcription factor (ATF/CREB1 homolog),involved_in,GO:0006355,IEA,P,YFL031W|ERN4|IRE15|transcription factor HAC1,20210410,InterPro
S000001863,HAC1,Basic leucine zipper (bZIP) transcription factor (ATF/CREB1 homolog),enables,GO:0003700,IEA,F,YFL031W|ERN4|IRE15|transcription factor HAC1,20210410,InterPro
S000005639,AZF1,Zinc-finger transcription factor,involved_in,GO:0045944,IEA,P,YOR113W,20210411,GOC
S000003908,HMS2,Protein with similarity to heat shock transcription factors,enables,GO:0003700,IEA,F,YJR147W,20210410,InterPro
S000003908,HMS2,Protein with similarity to heat shock transcription factors,involved_in,GO:0006355,IEA,P,YJR147W,20210410,InterPro
S000003134,CUP2,Copper-binding transcription factor,enables,GO:0003700,IEA,F,YGL166W|ACE1,20210410,InterPro
S000003134,CUP2,Copper-binding transcription factor,enables,GO:0003700,IEA,F,YGL166W|ACE1,20210410,InterPro
S000006169,GAL4,DNA-binding transcription factor required for activating GAL genes,involved_in,GO:0006351,IEA,P,YPL248C|GAL81|galactose-responsive transcription factor GAL4,20210410,InterPro
S000004970,SSN8,Cyclin-like component of RNA polymerase II holoenzyme,involved_in,GO:0006357,IEA,P,YNL025C|GIG3|NUT9|CycC|RYE2|SRB11|UME3|CNC1|cyclin-dependent protein serine/threonine kinase regulator SSN8,20210410,InterPro
S000005864,TEA1,Ty1 enhancer activator involved in Ty enhancer-mediated transcription,involved_in,GO:0006351,IEA,P,YOR337W,20210410,InterPro
S000005864,TEA1,Ty1 enhancer activator involved in Ty enhancer-mediated transcription,involved_in,GO:0006355,IEA,P,YOR337W,20210410,InterPro
S000005864,TEA1,Ty1 enhancer activator involved in Ty enhancer-mediated transcription,involved_in,GO:0006355,IEA,P,YOR337W,20210410,InterPro
S000005864,TEA1,Ty1 enhancer activator involved in Ty enhancer-mediated transcription,involved_in,GO:0006357,IEA,P,YOR337W,20210411,GOC
S000000117,HAP3,Subunit of the Hap2p/3p/4p/5p CCAAT-binding complex,contributes_to,GO:0001228,IDA,F,YBL021C,20110701,SGD
S000005468,INO4,Transcription factor involved in phospholipid synthesis,contributes_to,GO:0001228,IDA,F,YOL108C,20160112,SGD
S000005468,INO4,Transcription factor involved in phospholipid synthesis,contributes_to,GO:0001228,IMP,F,YOL108C,20160112,SGD
S000000048,OAF1,Oleate-activated transcription factor,contributes_to,GO:0001228,IDA,F,YAL051W|YAF1|oleate-activated transcription factor OAF1,20160108,SGD
S000000048,OAF1,Oleate-activated transcription factor,contributes_to,GO:0001228,IMP,F,YAL051W|YAF1|oleate-activated transcription factor OAF1,20160108,SGD
S000005666,SFL1,Transcriptional repressor and activator,involved_in,GO:0000122,IMP,P,YOR140W,20190906,SGD
S000005666,SFL1,Transcriptional repressor and activator,involved_in,GO:0000122,IMP,P,YOR140W,20190906,SGD
S000005666,SFL1,Transcriptional repressor and activator,involved_in,GO:0000122,IMP,P,YOR140W,20190906,SGD
S000005666,SFL1,Transcriptional repressor and activator,involved_in,GO:0000122,IGI,P,YOR140W,20190906,SGD
S000005666,SFL1,Transcriptional repressor and activator,involved_in,GO:0000122,IGI,P,YOR140W,20190906,SGD
S000005476,MSN1,Transcriptional activator,involved_in,GO:0045944,IMP,P,YOL116W|FUP1|HRB382|MSS10|PHD2,20190903,SGD
S000005476,MSN1,Transcriptional activator,involved_in,GO:0045944,IMP,P,YOL116W|FUP1|HRB382|MSS10|PHD2,20190906,SGD
S000005476,MSN1,Transcriptional activator,involved_in,GO:0045944,IMP,P,YOL116W|FUP1|HRB382|MSS10|PHD2,20190906,SGD
S000005476,MSN1,Transcriptional activator,involved_in,GO:0045944,IMP,P,YOL116W|FUP1|HRB382|MSS10|PHD2,20190903,SGD
S000003276,RME1,Zinc finger protein involved in control of meiosis,involved_in,GO:0045944,IDA,P,YGR044C|CSP1,20190906,SGD
S000000270,NRG2,Transcriptional repressor,involved_in,GO:0000122,IGI,P,YBR066C,20190906,SGD
S000000270,NRG2,Transcriptional repressor,involved_in,GO:0000122,IGI,P,YBR066C,20190906,SGD
S000004166,RFX1,Major transcriptional repressor of DNA-damage-regulated genes,enables,GO:0003700,IEA,F,YLR176C|CRT1,20210410,InterPro
S000004166,RFX1,Major transcriptional repressor of DNA-damage-regulated genes,involved_in,GO:0006355,IEA,P,YLR176C|CRT1,20210410,InterPro
S000002450,NRG1,Transcriptional repressor,involved_in,GO:0000122,IGI,P,YDR043C|transcriptional regulator NRG1,20190906,SGD
S000002450,NRG1,Transcriptional repressor,involved_in,GO:0000122,IGI,P,YDR043C|transcriptional regulator NRG1,20190906,SGD
S000004774,MSS11,Transcription factor,involved_in,GO:0045944,IMP,P,YMR164C,20190906,SGD
S000004774,MSS11,Transcription factor,involved_in,GO:0045944,IGI,P,YMR164C,20190906,SGD
S000004774,MSS11,Transcription factor,involved_in,GO:0045944,IGI,P,YMR164C,20190906,SGD
S000004774,MSS11,Transcription factor,involved_in,GO:0045944,IGI,P,YMR164C,20190906,SGD
S000004774,MSS11,Transcription factor,involved_in,GO:0045944,IGI,P,YMR164C,20190906,SGD
S000004774,MSS11,Transcription factor,involved_in,GO:0045944,IMP,P,YMR164C,20190906,SGD
S000004774,MSS11,Transcription factor,involved_in,GO:0045944,IMP,P,YMR164C,20190903,SGD
S000004774,MSS11,Transcription factor,involved_in,GO:0045944,IDA,P,YMR164C,20190906,SGD
S000004774,MSS11,Transcription factor,involved_in,GO:0045944,IMP,P,YMR164C,20190903,SGD
S000004774,MSS11,Transcription factor,involved_in,GO:0045944,IMP,P,YMR164C,20190903,SGD
S000004774,MSS11,Transcription factor,involved_in,GO:0045944,IMP,P,YMR164C,20190903,SGD
S000004256,PDR8,Transcription factor,involved_in,GO:0045944,IMP,P,YLR266C,20190907,SGD
S000003821,CBF1,Basic helix-loop-helix (bHLH) protein,involved_in,GO:0000122,IMP,P,YJR060W|CP1|CEP1|CPF1|GFII,20200218,SGD
S000002615,UME6,Rpd3L histone deacetylase complex subunit,involved_in,GO:0045944,IMP,P,YDR207C|CAR80|NIM2|RIM16|DNA-binding transcriptional regulator UME6,20200218,SGD
S000002615,UME6,Rpd3L histone deacetylase complex subunit,involved_in,GO:0045944,IMP,P,YDR207C|CAR80|NIM2|RIM16|DNA-binding transcriptional regulator UME6,20200218,SGD
S000004443,LEU3,"Zinc-knuckle transcription factor, repressor and activator",involved_in,GO:0006355,IEA,P,YLR451W|leucine-responsive transcriptional regulator LEU3,20210410,InterPro
S000004443,LEU3,"Zinc-knuckle transcription factor, repressor and activator",involved_in,GO:0006355,IEA,P,YLR451W|leucine-responsive transcriptional regulator LEU3,20210410,InterPro
S000000611,SRD1,Protein involved in the processing of pre-rRNA to mature rRNA,involved_in,GO:0006355,IEA,P,YCR018C,20210410,InterPro
S000000611,SRD1,Protein involved in the processing of pre-rRNA to mature rRNA,involved_in,GO:0006355,IEA,P,YCR018C,20210410,InterPro
S000001462,DAL81,Positive regulator of genes in multiple nitrogen degradation pathways,involved_in,GO:0006351,IEA,P,YIR023W|UGA35|DURL,20210410,InterPro
S000005666,SFL1,Transcriptional repressor and activator,enables,GO:0003700,IEA,F,YOR140W,20210410,InterPro
S000005666,SFL1,Transcriptional repressor and activator,involved_in,GO:0006355,IEA,P,YOR140W,20210410,InterPro
S000000358,RPB5,RNA polymerase subunit ABC27,involved_in,GO:0006351,IEA,P,YBR154C|ABC27|DNA-directed RNA polymerase core subunit RPB5,20210410,InterPro
S000000358,RPB5,RNA polymerase subunit ABC27,involved_in,GO:0006351,IEA,P,YBR154C|ABC27|DNA-directed RNA polymerase core subunit RPB5,20210410,InterPro
S000000358,RPB5,RNA polymerase subunit ABC27,involved_in,GO:0006351,IEA,P,YBR154C|ABC27|DNA-directed RNA polymerase core subunit RPB5,20210410,InterPro
S000000358,RPB5,RNA polymerase subunit ABC27,involved_in,GO:0006351,IEA,P,YBR154C|ABC27|DNA-directed RNA polymerase core subunit RPB5,20210410,InterPro
S000006391,RPO26,RNA polymerase subunit ABC23,involved_in,GO:0006351,IEA,P,YPR187W|ABC23|RPB6|DNA-directed RNA polymerase core subunit RPO26,20210410,InterPro
S000006391,RPO26,RNA polymerase subunit ABC23,involved_in,GO:0006351,IEA,P,YPR187W|ABC23|RPB6|DNA-directed RNA polymerase core subunit RPO26,20210410,InterPro
S000006391,RPO26,RNA polymerase subunit ABC23,involved_in,GO:0006351,IEA,P,YPR187W|ABC23|RPB6|DNA-directed RNA polymerase core subunit RPO26,20210410,InterPro
S000006391,RPO26,RNA polymerase subunit ABC23,involved_in,GO:0006351,IEA,P,YPR187W|ABC23|RPB6|DNA-directed RNA polymerase core subunit RPO26,20210410,InterPro
S000006391,RPO26,RNA polymerase subunit ABC23,involved_in,GO:0006351,IEA,P,YPR187W|ABC23|RPB6|DNA-directed RNA polymerase core subunit RPO26,20210410,InterPro
S000006391,RPO26,RNA polymerase subunit ABC23,involved_in,GO:0006351,IEA,P,YPR187W|ABC23|RPB6|DNA-directed RNA polymerase core subunit RPO26,20210410,InterPro
S000005750,RPB8,RNA polymerase subunit ABC14.5,involved_in,GO:0006351,IEA,P,YOR224C|ABC14.5|DNA-directed RNA polymerase core subunit RPB8,20210410,InterPro
S000001283,RPB3,RNA polymerase II third largest subunit B44,involved_in,GO:0006351,IEA,P,YIL021W|B44|DNA-directed RNA polymerase II core subunit RPB3,20210410,InterPro
S000001283,RPB3,RNA polymerase II third largest subunit B44,involved_in,GO:0006351,IEA,P,YIL021W|B44|DNA-directed RNA polymerase II core subunit RPB3,20210410,InterPro
S000001283,RPB3,RNA polymerase II third largest subunit B44,involved_in,GO:0006351,IEA,P,YIL021W|B44|DNA-directed RNA polymerase II core subunit RPB3,20210410,InterPro
S000001283,RPB3,RNA polymerase II third largest subunit B44,involved_in,GO:0006351,IEA,P,YIL021W|B44|DNA-directed RNA polymerase II core subunit RPB3,20210410,InterPro
S000001126,STE12,Transcription factor that is activated by a MAPK signaling cascade,enables,GO:0003700,IDA,F,YHR084W|homeodomain family transcription factor STE12,20190503,SGD
S000001083,SRB2,Subunit of the RNA polymerase II mediator complex,involved_in,GO:0006357,IEA,P,YHR041C|MED20|HRS2,20210410,InterPro
S000001083,SRB2,Subunit of the RNA polymerase II mediator complex,involved_in,GO:0006357,IEA,P,YHR041C|MED20|HRS2,20210410,InterPro
S000001498,PUT3,Transcriptional activator,involved_in,GO:0006351,IEA,P,YKL015W,20210410,InterPro
S000001498,PUT3,Transcriptional activator,involved_in,GO:0006355,IEA,P,YKL015W,20210410,InterPro
S000001498,PUT3,Transcriptional activator,involved_in,GO:0006355,IEA,P,YKL015W,20210410,InterPro
S000004621,STB4,Putative transcription factor,involved_in,GO:0006351,IEA,P,YMR019W,20210410,InterPro
S000004621,STB4,Putative transcription factor,involved_in,GO:0006355,IEA,P,YMR019W,20210410,InterPro
S000004621,STB4,Putative transcription factor,involved_in,GO:0006355,IEA,P,YMR019W,20210410,InterPro
S000004621,STB4,Putative transcription factor,involved_in,GO:0006357,IEA,P,YMR019W,20210411,GOC
S000005890,PIP2,"Autoregulatory, oleate-activated transcription factor",involved_in,GO:0006355,IEA,P,YOR363C|oleate-activated transcription factor PIP2|OAF2,20210410,InterPro
S000005890,PIP2,"Autoregulatory, oleate-activated transcription factor",involved_in,GO:0006355,IEA,P,YOR363C|oleate-activated transcription factor PIP2|OAF2,20210410,InterPro
S000003130,SUT1,Zn(II)2Cys6 family transcription factor,involved_in,GO:0006355,IEA,P,YGL162W,20210410,InterPro
S000003130,SUT1,Zn(II)2Cys6 family transcription factor,involved_in,GO:0006355,IEA,P,YGL162W,20210410,InterPro
S000003481,MGA1,Protein similar to heat shock transcription factor,enables,GO:0003700,IEA,F,YGR249W,20210410,InterPro
S000003481,MGA1,Protein similar to heat shock transcription factor,involved_in,GO:0006355,IEA,P,YGR249W,20210410,InterPro
S000003119,NUT1,Component of the RNA polymerase II mediator complex,involved_in,GO:0006357,IEA,P,YGL151W|MED5|SSX4,20210410,InterPro
S000003118,INO80,ATPase and nucleosome spacing factor,involved_in,GO:0006351,IEA,P,YGL150C|chromatin-remodeling ATPase INO80,20210410,InterPro
S000003064,TOS8,Homeodomain-containing protein and putative transcription factor,involved_in,GO:0006355,IEA,P,YGL096W,20210410,InterPro
S000003520,MAL13,MAL-activator protein,involved_in,GO:0006355,IEA,P,YGR288W|MALR|transcription factor MAL13,20210410,InterPro
S000003520,MAL13,MAL-activator protein,involved_in,GO:0006355,IEA,P,YGR288W|MALR|transcription factor MAL13,20210410,InterPro
S000003520,MAL13,MAL-activator protein,involved_in,GO:0006355,IEA,P,YGR288W|MALR|transcription factor MAL13,20210410,InterPro
S000003520,MAL13,MAL-activator protein,involved_in,GO:0006357,IEA,P,YGR288W|MALR|transcription factor MAL13,20210411,GOC
S000003520,MAL13,MAL-activator protein,involved_in,GO:0006351,IEA,P,YGR288W|MALR|transcription factor MAL13,20210410,InterPro
S000005080,EAF7,Subunit of the NuA4 histone acetyltransferase complex,involved_in,GO:0006355,IEA,P,YNL136W,20210410,InterPro
S000005051,YAF9,Subunit of NuA4 histone H4 acetyltransferase and SWR1 complexes,involved_in,GO:0006355,IEA,P,YNL107W|YEATS domain-containing protein YAF9,20210410,InterPro
S000004968,FAP1,Protein that binds to Fpr1p,enables,GO:0003700,IEA,F,YNL023C,20210410,InterPro
S000004642,SUB1,Transcriptional regulator,involved_in,GO:0006355,IEA,P,YMR039C|TSP1|chromatin-binding transcription coactivator SUB1,20210410,InterPro
S000004642,SUB1,Transcriptional regulator,involved_in,GO:0006355,IEA,P,YMR039C|TSP1|chromatin-binding transcription coactivator SUB1,20210410,InterPro
S000005505,CTR9,Component of the Paf1p complex involved in transcription elongation,involved_in,GO:0006355,IEA,P,YOL145C|CDP1,20210410,InterPro
S000005192,RPA49,RNA polymerase I subunit A49,involved_in,GO:0006351,IEA,P,YNL248C|A49|DNA-directed RNA polymerase I subunit RPA49,20210410,InterPro
S000006049,TBF1,Telobox-containing general regulatory factor,involved_in,GO:0006357,IEA,P,YPL128C|LPI16,20210411,GOC
S000005885,HAP5,Subunit of the Hap2p/3p/4p/5p CCAAT-binding complex,enables,GO:0003700,IEA,F,YOR358W,20210410,InterPro
S000005885,HAP5,Subunit of the Hap2p/3p/4p/5p CCAAT-binding complex,involved_in,GO:0006355,IEA,P,YOR358W,20210410,InterPro
S000005942,ECM23,Non-essential protein of unconfirmed function,involved_in,GO:0006355,IEA,P,YPL021W|SRD2,20210410,InterPro
S000005942,ECM23,Non-essential protein of unconfirmed function,involved_in,GO:0006355,IEA,P,YPL021W|SRD2,20210410,InterPro
S000004596,RSC9,Component of the RSC chromatin remodeling complex,involved_in,GO:0006355,IEA,P,YML127W,20210410,InterPro
S000002893,VPS72,Htz1p-binding component of the SWR1 complex,involved_in,GO:0006355,IEA,P,YDR485C|SWC2,20210410,InterPro
S000004541,WAR1,Homodimeric Zn2Cys6 zinc finger transcription factor,involved_in,GO:0006355,IEA,P,YML076C,20210410,InterPro
S000004541,WAR1,Homodimeric Zn2Cys6 zinc finger transcription factor,involved_in,GO:0006355,IEA,P,YML076C,20210410,InterPro
S000002667,YAP6,Basic leucine zipper (bZIP) transcription factor,involved_in,GO:0006355,IEA,P,YDR259C|HAL7,20210410,InterPro
S000002829,ARO80,Zinc finger transcriptional activator of the Zn2Cys6 family,involved_in,GO:0006355,IEA,P,YDR421W,20210410,InterPro
S000002829,ARO80,Zinc finger transcriptional activator of the Zn2Cys6 family,involved_in,GO:0006355,IEA,P,YDR421W,20210410,InterPro
S000002859,YHP1,Homeobox transcriptional repressor,involved_in,GO:0006355,IEA,P,YDR451C,20210410,InterPro
S000002452,RPC11,RNA polymerase III subunit C11,involved_in,GO:0006351,IEA,P,YDR045C|C11|DNA-directed RNA polymerase III core subunit RPC11,20210410,InterPro
S000002452,RPC11,RNA polymerase III subunit C11,involved_in,GO:0006351,IEA,P,YDR045C|C11|DNA-directed RNA polymerase III core subunit RPC11,20210410,InterPro
S000002452,RPC11,RNA polymerase III subunit C11,involved_in,GO:0006351,IEA,P,YDR045C|C11|DNA-directed RNA polymerase III core subunit RPC11,20210410,InterPro
S000002928,URC2,Putative Zn(II)2Cys6 motif containing transcription factor,involved_in,GO:0006357,IEA,P,YDR520C|RRT4,20210411,GOC
S000002928,URC2,Putative Zn(II)2Cys6 motif containing transcription factor,involved_in,GO:0006355,IEA,P,YDR520C|RRT4,20210410,InterPro
S000002928,URC2,Putative Zn(II)2Cys6 motif containing transcription factor,involved_in,GO:0006355,IEA,P,YDR520C|RRT4,20210410,InterPro
S000002935,RBA50,Protein involved in transcription,involved_in,GO:0006366,IEA,P,YDR527W,20210410,InterPro
S000003995,SSL1,Subunit of the core form of RNA polymerase transcription factor TFIIH,involved_in,GO:0006351,IEA,P,YLR005W|TFIIH/NER complex subunit SSL1,20210410,InterPro
S000004846,TRI1,Non-essential sumoylated protein of unknown function,involved_in,GO:0045944,IEA,P,YMR233W,20210411,GOC
S000004268,YLR278C,Zinc-cluster protein,involved_in,GO:0006351,IEA,P,YLR278C,20210410,InterPro
S000004268,YLR278C,Zinc-cluster protein,involved_in,GO:0006355,IEA,P,YLR278C,20210410,InterPro
S000004268,YLR278C,Zinc-cluster protein,involved_in,GO:0006355,IEA,P,YLR278C,20210410,InterPro
S000004256,PDR8,Transcription factor,involved_in,GO:0006351,IEA,P,YLR266C,20210410,InterPro
S000004256,PDR8,Transcription factor,involved_in,GO:0006355,IEA,P,YLR266C,20210410,InterPro
S000004256,PDR8,Transcription factor,involved_in,GO:0006355,IEA,P,YLR266C,20210410,InterPro
S000006372,NUT2,Subunit of the RNA polymerase II mediator complex,involved_in,GO:0006357,IEA,P,YPR168W|MED10|mediator complex subunit NUT2,20210410,InterPro
S000006400,YPR196W,Putative maltose-responsive transcription factor,involved_in,GO:0006357,IEA,P,YPR196W|putative maltose-responsive transcription factor,20210411,GOC
S000002711,RSC3,Component of the RSC chromatin remodeling complex,involved_in,GO:0006355,IEA,P,YDR303C,20210410,InterPro
S000002711,RSC3,Component of the RSC chromatin remodeling complex,involved_in,GO:0006355,IEA,P,YDR303C,20210410,InterPro
S000002711,RSC3,Component of the RSC chromatin remodeling complex,involved_in,GO:0006357,IEA,P,YDR303C,20210411,GOC
S000003925,RTT109,Histone acetyltransferase,involved_in,GO:0006355,IEA,P,YLL002W|KIM2|REM50|KAT11|H3 histone acetyltransferase RTT109,20210410,InterPro
S000004003,GAT3,Protein containing GATA family zinc finger motifs,involved_in,GO:0006355,IEA,P,YLR013W,20210410,InterPro
S000004003,GAT3,Protein containing GATA family zinc finger motifs,involved_in,GO:0006355,IEA,P,YLR013W,20210410,InterPro
S000005388,YAP7,Transcriptional repressor of nitric oxide oxidase,involved_in,GO:0006355,IEA,P,YOL028C,20210410,InterPro
S000005388,YAP7,Transcriptional repressor of nitric oxide oxidase,involved_in,GO:0006355,IEA,P,YOL028C,20210410,InterPro
S000005388,YAP7,Transcriptional repressor of nitric oxide oxidase,enables,GO:0003700,IEA,F,YOL028C,20210410,InterPro
S000005495,MED7,Subunit of the RNA polymerase II mediator complex,involved_in,GO:0006357,IEA,P,YOL135C|mediator complex subunit MED7,20210410,InterPro
S000006226,SDD4,"Putative transcription factor, as suggested by computational analysis",involved_in,GO:0006351,IEA,P,YPR022C,20210410,InterPro
S000002621,UPC2,Sterol regulatory element binding protein,involved_in,GO:0006355,IEA,P,YDR213W|MOX4,20210410,InterPro
S000002621,UPC2,Sterol regulatory element binding protein,involved_in,GO:0006355,IEA,P,YDR213W|MOX4,20210410,InterPro
S000005688,YRR1,Zn2-Cys6 zinc-finger transcription factor,involved_in,GO:0006355,IEA,P,YOR162C|PDR2,20210410,InterPro
S000005688,YRR1,Zn2-Cys6 zinc-finger transcription factor,involved_in,GO:0006355,IEA,P,YOR162C|PDR2,20210410,InterPro
S000005449,HAL9,Putative transcription factor containing a zinc finger,involved_in,GO:0006355,IEA,P,YOL089C,20210410,InterPro
S000005449,HAL9,Putative transcription factor containing a zinc finger,involved_in,GO:0006355,IEA,P,YOL089C,20210410,InterPro
S000006274,MED1,Subunit of the RNA polymerase II mediator complex,involved_in,GO:0006357,IEA,P,YPR070W,20210410,InterPro
S000005698,YRM1,Zinc finger transcription factor involved in multidrug resistance,involved_in,GO:0006355,IEA,P,YOR172W,20210410,InterPro
S000005698,YRM1,Zinc finger transcription factor involved in multidrug resistance,involved_in,GO:0006355,IEA,P,YOR172W,20210410,InterPro
S000005700,MED4,Subunit of the RNA polymerase II mediator complex,involved_in,GO:0006357,IEA,P,YOR174W,20210410,InterPro
S000005558,HMS1,bHLH protein with similarity to myc-family transcription factors,involved_in,GO:0006355,IEA,P,YOR032C,20210411,GOC
S000002805,NCB2,Subunit of a heterodimeric NC2 transcription regulator complex,involved_in,GO:0000122,IEA,P,YDR397C|YDR1|negative cofactor 2 transcription regulator complex subunit NCB2,20210410,InterPro
S000004718,MED11,Subunit of the RNA polymerase II mediator complex,involved_in,GO:0006357,IEA,P,YMR112C,20210410,InterPro
S000005739,SAS5,"Subunit of the SAS complex (Sas2p, Sas4p, Sas5p)",involved_in,GO:0006355,IEA,P,YOR213C,20210410,InterPro
S000004645,ARG80,Transcription factor involved in regulating arginine-responsive genes,involved_in,GO:0045944,IBA,P,YMR042W|ARGRI|ARGR1,20200911,GO_Central
S000003095,SOH1,Subunit of the RNA polymerase II mediator complex,involved_in,GO:0006357,IBA,P,YGL127C|MED31|mediator complex subunit SOH1,20170228,GO_Central
S000002206,STP4,Protein containing a Kruppel-type zinc-finger domain,involved_in,GO:0006357,IBA,P,YDL048C,20210102,GO_Central
S000005666,SFL1,Transcriptional repressor and activator,involved_in,GO:0006357,IBA,P,YOR140W,20200929,GO_Central
S000001100,MED6,Subunit of the RNA polymerase II mediator complex,involved_in,GO:0006357,IBA,P,YHR058C|mediator complex subunit MED6,20170228,GO_Central
S000000629,SNT1,Set3C histone deacetylase scaffold,involved_in,GO:0000122,IBA,P,YCR033W|[ESI+],20200924,GO_Central
S000003617,ARP4,Nuclear actin-related protein involved in chromatin remodeling,involved_in,GO:0006357,IBA,P,YJL081C|ACT3,20190301,GO_Central
S000005821,UAF30,Subunit of UAF (upstream activation factor) complex,contributes_to,GO:0001228,IBA,F,YOR295W,20200618,GO_Central
S000003041,HSF1,Trimeric heat shock transcription factor,involved_in,GO:0006357,IBA,P,YGL073W|EXA3|MAS3|stress-responsive transcription factor HSF1,20200929,GO_Central
S000004443,LEU3,"Zinc-knuckle transcription factor, repressor and activator",involved_in,GO:0006355,IBA,P,YLR451W|leucine-responsive transcriptional regulator LEU3,20200809,GO_Central
S000004618,SOK2,Nuclear protein that negatively regulates pseudohyphal differentiation,involved_in,GO:0045944,IBA,P,YMR016C,20170228,GO_Central
S000000011,DEP1,Component of the Rpd3L histone deacetylase complex,involved_in,GO:0000122,IBA,P,YAL013W|FUN54|Rpd3L histone deacetylase complex subunit DEP1,20170228,GO_Central
S000000253,REB1,RNA polymerase I enhancer binding protein,involved_in,GO:0006355,IBA,P,YBR049C|GRF2|DNA-binding protein REB1|EBF1,20200911,GO_Central
S000004564,TAF13,TFIID subunit (19 kDa),involved_in,GO:0006366,IBA,P,YML098W|TAF19|FUN81|TafII19,20200601,GO_Central
S000001742,DAL80,Negative regulator of genes in multiple nitrogen degradation pathways,involved_in,GO:0006357,IBA,P,YKR034W|UGA43,20201217,GO_Central
S000001526,PHD1,Transcriptional activator that enhances pseudohyphal growth,enables,GO:0003700,IBA,F,YKL043W,20170228,GO_Central
S000001456,MET28,bZIP transcriptional activator in the Cbf1p-Met4p-Met28p complex,involved_in,GO:0006357,IBA,P,YIR017C,20200930,GO_Central
S000001392,ASG1,Zinc cluster protein proposed to be a transcriptional regulator,involved_in,GO:0045944,IBA,P,YIL130W,20201002,GO_Central
S000003011,DST1,General transcription elongation factor TFIIS,involved_in,GO:0000122,IBA,P,YGL043W|P37|TFIIS|S-II|SII|PPR2|transcription elongation factor DST1,20190312,GO_Central
S000004846,TRI1,Non-essential sumoylated protein of unknown function,contributes_to,GO:0001228,IBA,F,YMR233W,20200618,GO_Central
S000003543,CTK2,Beta subunit of C-terminal domain kinase I (CTDK-I),involved_in,GO:0006357,IBA,P,YJL006C,20180910,GO_Central
S000005428,RTG1,Transcription factor (bHLH) involved in interorganelle communication,involved_in,GO:0006357,IBA,P,YOL067C,20200921,GO_Central
S000004849,TAF9,Subunit (17 kDa) of TFIID and SAGA complexes,involved_in,GO:0045944,IBA,P,YMR236W|TAF17|TafII17|chromatin modification protein,20170228,GO_Central
S000002392,MFG1,Regulator of filamentous growth,involved_in,GO:0045944,IBA,P,YDL233W,20170828,GO_Central
S000004972,CRZ1,"Transcription factor, activates transcription of stress response genes",involved_in,GO:0006355,IBA,P,YNL027W|HAL8|TCN1|DNA-binding transcription factor CRZ1,20200930,GO_Central
S000001456,MET28,bZIP transcriptional activator in the Cbf1p-Met4p-Met28p complex,enables,GO:0001228,IBA,F,YIR017C,20200319,GO_Central
S000002856,ADA2,Transcription coactivator,involved_in,GO:0006357,IBA,P,YDR448W|SWI8|chromatin-binding transcription regulator ADA2,20170228,GO_Central
S000004680,RCO1,Essential component of the Rpd3S histone deacetylase complex,involved_in,GO:0045944,IBA,P,YMR075W,20180413,GO_Central
S000002716,SRB7,Subunit of the RNA polymerase II mediator complex,involved_in,GO:0006357,IBA,P,YDR308C|MED21|SSX1,20170228,GO_Central
S000002134,FUN19,Non-essential protein of unknown function,involved_in,GO:0006357,IBA,P,YAL034C,20170228,GO_Central
S000006219,YPR015C,Putative zinc finger transcription factor,involved_in,GO:0006357,IBA,P,YPR015C,20200908,GO_Central
S000000847,ACA1,ATF/CREB family basic leucine zipper (bZIP) transcription factor,involved_in,GO:0006357,IBA,P,YER045C,20200930,GO_Central
S000005306,SNF12,73 kDa subunit of the SWI/SNF chromatin remodeling complex,involved_in,GO:0045944,IBA,P,YNR023W|SWP73,20200618,GO_Central
S000000853,JHD1,JmjC domain family histone demethylase specific for H3-K36,involved_in,GO:0006357,IBA,P,YER051W|JHDM1|KDM2|[Histone H3]-lysine-36 demethylase,20200908,GO_Central
S000002392,MFG1,Regulator of filamentous growth,involved_in,GO:0000122,IBA,P,YDL233W,20170828,GO_Central
S000004004,PPR1,Zinc finger transcription factor,involved_in,GO:0045944,IBA,P,YLR014C,20201002,GO_Central
S000000337,HSL7,Protein arginine N-methyltransferase,involved_in,GO:0006355,IBA,P,YBR133C|protein arginine N-methyltransferase,20200807,GO_Central
S000003592,ZAP1,Zinc-regulated transcription factor,involved_in,GO:0006357,IBA,P,YJL056C|ZRG10,20200930,GO_Central
S000003336,SRB5,Subunit of the RNA polymerase II mediator complex,involved_in,GO:0006357,IBA,P,YGR104C|MED18,20170228,GO_Central
S000003646,GZF3,GATA zinc finger protein,involved_in,GO:0006357,IBA,P,YJL110C|DEH1|NIL2,20201217,GO_Central
S000003234,SWC4,Component of the Swr1p complex that incorporates Htz1p into chromatin,involved_in,GO:0000122,IBA,P,YGR002C|EAF2|GOD1,20190522,GO_Central
S000003821,CBF1,Basic helix-loop-helix (bHLH) protein,enables,GO:0003700,IBA,F,YJR060W|CP1|CEP1|CPF1|GFII,20200810,GO_Central
S000003977,YLL054C,Putative protein of unknown function with similarity to Pip2p,involved_in,GO:0045944,IBA,P,YLL054C,20201001,GO_Central
S000004246,HAP1,Zinc finger transcription factor,enables,GO:0001228,IBA,F,YLR256W|CYP1,20200619,GO_Central
S000003908,HMS2,Protein with similarity to heat shock transcription factors,enables,GO:0003700,IBA,F,YJR147W,20201204,GO_Central
S000003741,YJL206C,Putative protein of unknown function,involved_in,GO:0045944,IBA,P,YJL206C,20201002,GO_Central
S000005666,SFL1,Transcriptional repressor and activator,enables,GO:0003700,IBA,F,YOR140W,20201204,GO_Central
S000004849,TAF9,Subunit (17 kDa) of TFIID and SAGA complexes,involved_in,GO:0006366,IBA,P,YMR236W|TAF17|TafII17|chromatin modification protein,20200810,GO_Central
S000001772,OAF3,Putative transcriptional repressor with Zn(2)-Cys(6) finger,involved_in,GO:0045944,IBA,P,YKR064W,20201001,GO_Central
S000000402,TAF5,Subunit (90 kDa) of TFIID and SAGA complexes,involved_in,GO:0006355,IBA,P,YBR198C|TAF90|TafII90|chromatin modification protein,20200601,GO_Central
S000001866,CAF16,Part of evolutionarily-conserved CCR4-NOT regulatory complex,involved_in,GO:0006357,IBA,P,YFL028C|putative ATP-binding cassette family ATPase CAF16,20170412,GO_Central
S000006156,RVB2,"ATP-dependent DNA helicase, also known as reptin",involved_in,GO:0006357,IBA,P,YPL235W|TIP49B|TIP48|TIH2|RuvB family ATP-dependent DNA helicase reptin,20200807,GO_Central
S000001526,PHD1,Transcriptional activator that enhances pseudohyphal growth,involved_in,GO:0045944,IBA,P,YKL043W,20170228,GO_Central
S000004061,RGR1,Subunit of the RNA polymerase II mediator complex,involved_in,GO:0006357,IBA,P,YLR071C|MED14,20200808,GO_Central
S000002274,NUP84,Subunit of the Nup84p subcomplex of the nuclear pore complex (NPC),involved_in,GO:0006355,IBA,P,YDL116W,20200808,GO_Central
S000004791,SPT21,Protein with a role in transcriptional silencing,involved_in,GO:0006357,IBA,P,YMR179W,20170228,GO_Central
S000002703,HDA2,Subunit of the HDA1 histone deacetylase complex,involved_in,GO:0045944,IBA,P,YDR295C|PLO2,20200401,GO_Central
S000000703,RDS1,Putative zinc cluster transcription factor,involved_in,GO:0045944,IBA,P,YCR106W,20201001,GO_Central
S000000842,GLN3,Transcriptional activator in nitrogen catabolite repression system,involved_in,GO:0006357,IBA,P,YER040W|nitrogen-responsive transcriptional regulator GLN3,20201217,GO_Central
S000004968,FAP1,Protein that binds to Fpr1p,involved_in,GO:0000122,IBA,P,YNL023C,20200929,GO_Central
S000005080,EAF7,Subunit of the NuA4 histone acetyltransferase complex,involved_in,GO:0006357,IBA,P,YNL136W,20170228,GO_Central
S000006217,CMR3,Putative zinc finger protein,involved_in,GO:0006357,IBA,P,YPR013C,20200908,GO_Central
S000003481,MGA1,Protein similar to heat shock transcription factor,involved_in,GO:0006357,IBA,P,YGR249W,20200929,GO_Central
S000001593,KTI12,Protein that plays a role in modification of tRNA wobble nucleosides,involved_in,GO:0006357,IBA,P,YKL110C|TOT4,20181116,GO_Central
S000000961,BUR6,Subunit of a heterodimeric NC2 transcription regulator complex,involved_in,GO:0006355,IBA,P,YER159C|NCB1|negative cofactor 2 transcription regulator complex subunit BUR6,20200929,GO_Central
S000005639,AZF1,Zinc-finger transcription factor,enables,GO:0003700,IBA,F,YOR113W,20200930,GO_Central
S000005508,SPT20,Subunit of the SAGA transcriptional regulatory complex,involved_in,GO:0006357,IBA,P,YOL148C|ADA5,20180413,GO_Central
S000006226,SDD4,"Putative transcription factor, as suggested by computational analysis",involved_in,GO:0006357,IBA,P,YPR022C,20201216,GO_Central
S000004246,HAP1,Zinc finger transcription factor,involved_in,GO:0006357,IBA,P,YLR256W|CYP1,20200619,GO_Central
S000000307,SIF2,WD40 repeat-containing subunit of Set3C histone deacetylase complex,involved_in,GO:0006357,IBA,P,YBR103W|EMB1,20170228,GO_Central
S000005111,SKO1,Basic leucine zipper transcription factor of the ATF/CREB family,involved_in,GO:0006357,IBA,P,YNL167C|ACR1,20200930,GO_Central
S000005274,RPD3,"Histone deacetylase, component of both the Rpd3S and Rpd3L complexes",involved_in,GO:0045944,IBA,P,YNL330C|MOF6|REC3|SDI2|SDS6|histone deacetylase RPD3,20180703,GO_Central
S000000253,REB1,RNA polymerase I enhancer binding protein,enables,GO:0003700,IBA,F,YBR049C|GRF2|DNA-binding protein REB1|EBF1,20200911,GO_Central
S000000162,SEF1,Putative transcription factor,involved_in,GO:0006355,IBA,P,YBL066C,20200809,GO_Central
S000003041,HSF1,Trimeric heat shock transcription factor,enables,GO:0003700,IBA,F,YGL073W|EXA3|MAS3|stress-responsive transcription factor HSF1,20201204,GO_Central
S000001488,BYE1,Negative regulator of transcription elongation,involved_in,GO:0000122,IBA,P,YKL005C,20190312,GO_Central
S000003908,HMS2,Protein with similarity to heat shock transcription factors,involved_in,GO:0006357,IBA,P,YJR147W,20200929,GO_Central
S000002599,HST4,NAD(+)-dependent protein deacetylase,involved_in,GO:0000122,IBA,P,YDR191W|NAD-dependent histone deacetylase HST4,20180419,GO_Central
S000004618,SOK2,Nuclear protein that negatively regulates pseudohyphal differentiation,enables,GO:0003700,IBA,F,YMR016C,20170228,GO_Central
S000003995,SSL1,Subunit of the core form of RNA polymerase transcription factor TFIIH,involved_in,GO:0006357,IBA,P,YLR005W|TFIIH/NER complex subunit SSL1,20170228,GO_Central
S000006010,RLM1,MADS-box transcription factor,involved_in,GO:0006357,IBA,P,YPL089C,20200908,GO_Central
S000005720,TOA1,TFIIA large subunit,involved_in,GO:0006366,IBA,P,YOR194C|transcription initiation factor IIA large subunit,20200930,GO_Central
S000005816,SNF2,Catalytic subunit of the SWI/SNF chromatin remodeling complex,involved_in,GO:0045944,IBA,P,YOR290C|GAM1|HAF1|SWI2|TYE3|SWI/SNF catalytic subunit SNF2,20190308,GO_Central
S000004646,MCM1,Transcription factor,involved_in,GO:0006357,IBA,P,YMR043W|FUN80|transcription factor MCM1,20200911,GO_Central
S000002433,NSI1,RNA polymerase I termination factor,involved_in,GO:0006355,IBA,P,YDR026C|YTT1,20200911,GO_Central
S000001249,SKN7,Nuclear response regulator and transcription factor,enables,GO:0003700,IBA,F,YHR206W|BRY1|POS9|kinase-regulated stress-responsive transcription factor SKN7,20201204,GO_Central
S000002624,ADR1,Carbon source-responsive zinc-finger transcription factor,involved_in,GO:0006357,IBA,P,YDR216W|DNA-binding transcription factor ADR1,20200930,GO_Central
S000002805,NCB2,Subunit of a heterodimeric NC2 transcription regulator complex,involved_in,GO:0045944,IBA,P,YDR397C|YDR1|negative cofactor 2 transcription regulator complex subunit NCB2,20200810,GO_Central
S000003639,GSM1,Putative zinc cluster protein of unknown function,enables,GO:0003700,IBA,F,YJL103C,20200810,GO_Central
S000004365,VID22,Glycosylated integral membrane protein localized to plasma membrane,involved_in,GO:0006357,IBA,P,YLR373C,20200907,GO_Central
S000004121,ACE2,Transcription factor required for septum destruction after cytokinesis,involved_in,GO:0006357,IBA,P,YLR131C|DNA-binding transcription factor ACE2,20200930,GO_Central
S000000961,BUR6,Subunit of a heterodimeric NC2 transcription regulator complex,involved_in,GO:0006366,IBA,P,YER159C|NCB1|negative cofactor 2 transcription regulator complex subunit BUR6,20200929,GO_Central
S000003502,YTA7,Chromatin-binding ATPase that regulates histone gene expression,involved_in,GO:0045944,IBA,P,YGR270W,20170228,GO_Central
S000000397,MED8,Subunit of the RNA polymerase II mediator complex,involved_in,GO:0006357,IBA,P,YBR193C,20170228,GO_Central
S000001019,RIM101,Cys2His2 zinc-finger transcriptional repressor,involved_in,GO:0045944,IBA,P,YHL027W|RIM1|alkaline-responsive transcriptional regulator RIM101,20180413,GO_Central
S000001930,PHO4,Basic helix-loop-helix (bHLH) transcription factor of the myc-family,involved_in,GO:0006357,IBA,P,YFR034C|phoD|phosphate-sensing transcription factor PHO4,20201205,GO_Central
S000003223,FZF1,Transcription factor involved in sulfite metabolism,involved_in,GO:0006357,IBA,P,YGL254W|NRC299|RSU1|SUL1,20200724,GO_Central
S000003221,RTG2,Sensor of mitochondrial dysfunction,involved_in,GO:0006357,IBA,P,YGL252C,20170228,GO_Central
S000004470,SPT5,Spt4p/5p (DSIF) transcription elongation factor complex subunit,involved_in,GO:0006357,IBA,P,YML010W|transcription elongation factor SPT5,20201023,GO_Central
S000005865,YOR338W,Putative protein of unknown function,involved_in,GO:0006357,IBA,P,YOR338W,20170228,GO_Central
S000005667,ARP8,Nuclear actin-related protein involved in chromatin remodeling,involved_in,GO:0006355,IBA,P,YOR141C,20190301,GO_Central
S000005047,MET4,Leucine-zipper transcriptional activator,enables,GO:0001228,IBA,F,YNL103W,20200319,GO_Central
S000003888,RSF2,Zinc-finger protein,involved_in,GO:0006357,IBA,P,YJR127C|ZMS1,20201216,GO_Central
S000002553,SWI5,Transcription factor that recruits Mediator and Swi/Snf complexes,involved_in,GO:0006357,IBA,P,YDR146C|DNA-binding transcription factor SWI5,20200930,GO_Central
S000002805,NCB2,Subunit of a heterodimeric NC2 transcription regulator complex,involved_in,GO:0000122,IBA,P,YDR397C|YDR1|negative cofactor 2 transcription regulator complex subunit NCB2,20180115,GO_Central
S000006229,CCL1,Cyclin partner of the cyclin-dependent kinase (CDK) Kin28p,involved_in,GO:0006357,IBA,P,YPR025C|TFIIH complex kinase subunit CCL1,20180910,GO_Central
S000002868,TFB3,Subunit of TFIIH and nucleotide excision repair factor 3 complexes,involved_in,GO:0006357,IBA,P,YDR460W|RIG2|TFIIH/NER complex subunit TFB3,20170228,GO_Central
S000005012,FKH2,Forkhead family transcription factor,involved_in,GO:0006357,IBA,P,YNL068C|forkhead family transcription factor FKH2,20200908,GO_Central
S000002859,YHP1,Homeobox transcriptional repressor,involved_in,GO:0006357,IBA,P,YDR451C,20200925,GO_Central
S000005004,ARP5,Nuclear actin-related protein involved in chromatin remodeling,involved_in,GO:0006355,IBA,P,YNL059C,20190301,GO_Central
S000001393,FKH1,Forkhead family transcription factor,involved_in,GO:0006357,IBA,P,YIL131C|forkhead family transcription factor FKH1,20201024,GO_Central
S000004646,MCM1,Transcription factor,involved_in,GO:0045944,IBA,P,YMR043W|FUN80|transcription factor MCM1,20200911,GO_Central
S000004559,GIM5,Subunit of the heterohexameric cochaperone prefoldin complex,involved_in,GO:0006355,IBA,P,YML094W|PFD5,20200808,GO_Central
S000004218,ECM22,Sterol regulatory element binding protein,involved_in,GO:0006357,IBA,P,YLR228C,20201002,GO_Central
S000000973,RAD3,5' to 3' DNA helicase,involved_in,GO:0006366,IBA,P,YER171W|REM1|TFIIH/NER complex ATP-dependent 5'-3' DNA helicase subunit RAD3,20180220,GO_Central
S000000117,HAP3,Subunit of the Hap2p/3p/4p/5p CCAAT-binding complex,involved_in,GO:0006357,IBA,P,YBL021C,20200909,GO_Central
S000002246,ASM4,FG-nucleoporin component of central core of nuclear pore complex (NPC),involved_in,GO:0006355,IBA,P,YDL088C|NUP59|FG-nucleoporin ASM4,20170228,GO_Central
S000003119,NUT1,Component of the RNA polymerase II mediator complex,involved_in,GO:0006357,IBA,P,YGL151W|MED5|SSX4,20170228,GO_Central
S000002871,STP1,Transcription factor,involved_in,GO:0006357,IBA,P,YDR463W|BAP1|SSY2,20200908,GO_Central
S000002631,CRF1,Transcriptional corepressor,involved_in,GO:0006357,IBA,P,YDR223W,20200809,GO_Central
S000000287,TEC1,Transcription factor targeting filamentation genes and Ty1 expression,involved_in,GO:0006357,IBA,P,YBR083W|ROC1,20200908,GO_Central
S000004367,STP3,Zinc-finger protein of unknown function,involved_in,GO:0006357,IBA,P,YLR375W,20210102,GO_Central
S000002624,ADR1,Carbon source-responsive zinc-finger transcription factor,enables,GO:0001228,IBA,F,YDR216W|DNA-binding transcription factor ADR1,20200930,GO_Central
S000004968,FAP1,Protein that binds to Fpr1p,involved_in,GO:0006355,IBA,P,YNL023C,20190319,GO_Central
S000005364,SIN3,Component of both the Rpd3S and Rpd3L histone deacetylase complexes,involved_in,GO:0000122,IBA,P,YOL004W|CPE1|GAM2|RPD1|SDI1|SDS16|UME4|transcriptional regulator SIN3,20170228,GO_Central
S000000635,MATALPHA2,Homeobox-domain protein,involved_in,GO:0006357,IBA,P,YCR039C|ALPHA2|homeodomain mating type protein alpha2,20200929,GO_Central
S000000572,HMLALPHA2,Silenced copy of ALPHA2 at HML,involved_in,GO:0006357,IBA,P,YCL067C|ALPHA2|homeodomain mating type protein alpha2,20200929,GO_Central
S000000692,HMRA2,Silenced copy of a2 at HMR,involved_in,GO:0006357,IBA,P,YCR096C|A2|homeodomain mating type protein a2,20200929,GO_Central
S000000961,BUR6,Subunit of a heterodimeric NC2 transcription regulator complex,involved_in,GO:0045944,IBA,P,YER159C|NCB1|negative cofactor 2 transcription regulator complex subunit BUR6,20200605,GO_Central
S000001249,SKN7,Nuclear response regulator and transcription factor,involved_in,GO:0006357,IBA,P,YHR206W|BRY1|POS9|kinase-regulated stress-responsive transcription factor SKN7,20200929,GO_Central
S000004794,RGM1,Putative zinc finger DNA binding transcription factor,involved_in,GO:0006357,IBA,P,YMR182C,20200930,GO_Central
S000028510,SUS1,Component of both the SAGA histone acetylase and TREX-2 complexes,involved_in,GO:0006357,IBA,P,YBR111W-A,20170228,GO_Central
S000002264,PHO2,Homeobox transcription factor,involved_in,GO:0006357,IBA,P,YDL106C|phoB|BAS2|GRF10,20200925,GO_Central
S000004846,TRI1,Non-essential sumoylated protein of unknown function,involved_in,GO:0006357,IBA,P,YMR233W,20200618,GO_Central
S000002935,RBA50,Protein involved in transcription,involved_in,GO:0006366,IBA,P,YDR527W,20170228,GO_Central
S000002583,NGG1,Subunit of chromatin modifying histone acetyltransferase complexes,involved_in,GO:0006357,IBA,P,YDR176W|ADA3|SWI7|histone acetyltransferase NGG1,20170228,GO_Central
S000004636,ARP9,Component of both the SWI/SNF and RSC chromatin remodeling complexes,involved_in,GO:0006357,IBA,P,YMR033W|RSC12|SWP59,20200227,GO_Central
S000000961,BUR6,Subunit of a heterodimeric NC2 transcription regulator complex,involved_in,GO:0000122,IBA,P,YER159C|NCB1|negative cofactor 2 transcription regulator complex subunit BUR6,20200605,GO_Central
S000005885,HAP5,Subunit of the Hap2p/3p/4p/5p CCAAT-binding complex,involved_in,GO:0006355,IBA,P,YOR358W,20200929,GO_Central
S000001126,STE12,Transcription factor that is activated by a MAPK signaling cascade,enables,GO:0003700,IBA,F,YHR084W|homeodomain family transcription factor STE12,20180419,GO_Central
S000003704,SET2,Histone methyltransferase with a role in transcriptional elongation,involved_in,GO:0006355,IBA,P,YJL168C|EZL1|KMT3|histone methyltransferase SET2,20181004,GO_Central
S000004489,YOX1,Homeobox transcriptional repressor,involved_in,GO:0006357,IBA,P,YML027W,20200925,GO_Central
S000005821,UAF30,Subunit of UAF (upstream activation factor) complex,involved_in,GO:0006357,IBA,P,YOR295W,20200618,GO_Central
S000028512,PCC1,Component of the EKC/KEOPS protein complex,involved_in,GO:0045944,IBA,P,YKR095W-A|chromatin DNA-binding EKC/KEOPS complex subunit PCC1,20190410,GO_Central
S000006151,USV1,Putative transcription factor containing a C2H2 zinc finger,involved_in,GO:0006357,IBA,P,YPL230W|NSF1,20201216,GO_Central
S000003064,TOS8,Homeodomain-containing protein and putative transcription factor,involved_in,GO:0006357,IBA,P,YGL096W,20200929,GO_Central
S000002433,NSI1,RNA polymerase I termination factor,enables,GO:0003700,IBA,F,YDR026C|YTT1,20200911,GO_Central
S000004647,IOC4,Member of a complex (Isw1b) with Isw1p and Ioc2p,involved_in,GO:0006357,IBA,P,YMR044W,20200717,GO_Central
S000005890,PIP2,"Autoregulatory, oleate-activated transcription factor",involved_in,GO:0045944,IBA,P,YOR363C|oleate-activated transcription factor PIP2|OAF2,20201001,GO_Central
S000003206,HAP2,Subunit of the Hap2p/3p/4p/5p CCAAT-binding complex,involved_in,GO:0006357,IBA,P,YGL237C|transcription activator HAP2,20200914,GO_Central
S000003303,ENV11,Protein proposed to be involved in vacuolar functions,involved_in,GO:0006357,IBA,P,YGR071C,20200907,GO_Central
S000002829,ARO80,Zinc finger transcriptional activator of the Zn2Cys6 family,involved_in,GO:0045944,IBA,P,YDR421W,20170228,GO_Central
S000004623,MAC1,Copper-sensing transcription factor,involved_in,GO:0045944,IBA,P,YMR021C|CUA1,20200930,GO_Central
S000007603,TFB5,Component of RNA polymerase II general transcription factor TFIIH,involved_in,GO:0006366,IBA,P,YDR079C-A|TFIIH complex subunit TFB5,20181025,GO_Central
S000006212,HAA1,Transcriptional activator involved in adaptation to weak acid stress,involved_in,GO:0045944,IBA,P,YPR008W,20200930,GO_Central
S000000443,ERT1,Transcriptional regulator,enables,GO:0003700,IBA,F,YBR239C,20200810,GO_Central
S000004645,ARG80,Transcription factor involved in regulating arginine-responsive genes,involved_in,GO:0006357,IBA,P,YMR042W|ARGRI|ARGR1,20200911,GO_Central
S000004876,SAP30,Component of Rpd3L histone deacetylase complex,involved_in,GO:0006355,IBA,P,YMR263W,20201024,GO_Central
S000003080,TAF6,Subunit (60 kDa) of TFIID and SAGA complexes,involved_in,GO:0045944,IBA,P,YGL112C|TAF60|TafII60|TATA-binding protein-associated factor TAF6,20200601,GO_Central
S000001346,SDS3,Component of the Rpd3L histone deacetylase complex,involved_in,GO:0000122,IBA,P,YIL084C,20170228,GO_Central
S000002704,MHR1,Mitochondrial ribosomal protein of the large subunit,involved_in,GO:0006355,IBA,P,YDR296W|XTC1|mL67,20170228,GO_Central
S000005907,RDR1,Transcriptional repressor involved in regulating multidrug resistance,enables,GO:0003700,IBA,F,YOR380W,20170228,GO_Central
S000004313,SFH1,Component of the RSC chromatin remodeling complex,involved_in,GO:0006357,IBA,P,YLR321C,20200714,GO_Central
S000004596,RSC9,Component of the RSC chromatin remodeling complex,involved_in,GO:0006357,IBA,P,YML127W,20200808,GO_Central
S000006372,NUT2,Subunit of the RNA polymerase II mediator complex,involved_in,GO:0045944,IBA,P,YPR168W|MED10|mediator complex subunit NUT2,20180412,GO_Central
S000002598,RVB1,"ATP-dependent DNA helicase, also known as pontin",involved_in,GO:0006357,IBA,P,YDR190C|TIP49A|TIH1|TIP49|RuvB family ATP-dependent DNA helicase pontin,20200807,GO_Central
S000005306,SNF12,73 kDa subunit of the SWI/SNF chromatin remodeling complex,involved_in,GO:0006357,IBA,P,YNR023W|SWP73,20200618,GO_Central
S000002266,KIN28,"Ser/Thr protein kinase and subunit of TFIIK, a TFIIH subassembly",involved_in,GO:0045944,IBA,P,YDL108W|TFIIH complex serine/threonine-protein kinase subunit KIN28,20200809,GO_Central
S000000199,RTG3,bHLH/Zip transcription factor for retrograde (RTG) and TOR pathways,involved_in,GO:0006357,IBA,P,YBL103C,20200908,GO_Central
S000004166,RFX1,Major transcriptional repressor of DNA-damage-regulated genes,involved_in,GO:0006357,IBA,P,YLR176C|CRT1,20170228,GO_Central
S000005885,HAP5,Subunit of the Hap2p/3p/4p/5p CCAAT-binding complex,enables,GO:0001228,IBA,F,YOR358W,20200522,GO_Central
S000005937,SWI1,Subunit of the SWI/SNF chromatin remodeling complex,involved_in,GO:0006357,IBA,P,YPL016W|ADR6|GAM3|LPA1|[SWI+]|[SWI(+)],20200808,GO_Central
S000004546,TDA9,Transcription factor that regulates acetate production,involved_in,GO:0006357,IBA,P,YML081W|AAF1,20201216,GO_Central
S000004734,SAS2,Histone acetyltransferase (HAT) catalytic subunit of the SAS complex,involved_in,GO:0045944,IBA,P,YMR127C|KAT8|histone acetyltransferase,20180309,GO_Central
S000002625,RAD9,DNA damage-dependent checkpoint protein,involved_in,GO:0045944,IBA,P,YDR217C|chromatin-binding protein RAD9,20170228,GO_Central
S000000189,ROX3,Subunit of the RNA polymerase II mediator complex,involved_in,GO:0006357,IBA,P,YBL093C|MED19|NUT3|SSN7|SSX2|RMR1,20170228,GO_Central
S000005047,MET4,Leucine-zipper transcriptional activator,involved_in,GO:0006357,IBA,P,YNL103W,20200930,GO_Central
S000004213,IFH1,"Coactivator, regulates transcription of ribosomal protein (RP) genes",involved_in,GO:0006357,IBA,P,YLR223C,20200809,GO_Central
S000004970,SSN8,Cyclin-like component of RNA polymerase II holoenzyme,involved_in,GO:0006357,IBA,P,YNL025C|GIG3|NUT9|CycC|RYE2|SRB11|UME3|CNC1|cyclin-dependent protein serine/threonine kinase regulator SSN8,20180910,GO_Central
S000005505,CTR9,Component of the Paf1p complex involved in transcription elongation,involved_in,GO:0006355,IBA,P,YOL145C|CDP1,20200808,GO_Central
S000001930,PHO4,Basic helix-loop-helix (bHLH) transcription factor of the myc-family,involved_in,GO:0045944,IBA,P,YFR034C|phoD|phosphate-sensing transcription factor PHO4,20180308,GO_Central
S000004023,RSC58,Component of the RSC chromatin remodeling complex,involved_in,GO:0006357,IBA,P,YLR033W,20200714,GO_Central
S000002621,UPC2,Sterol regulatory element binding protein,involved_in,GO:0006357,IBA,P,YDR213W|MOX4,20200128,GO_Central
S000003134,CUP2,Copper-binding transcription factor,involved_in,GO:0045944,IBA,P,YGL166W|ACE1,20200930,GO_Central
S000000824,SRB4,Subunit of the RNA polymerase II mediator complex,involved_in,GO:0006357,IBA,P,YER022W|MED17,20200808,GO_Central
S000000493,SNF5,Subunit of the SWI/SNF chromatin remodeling complex,involved_in,GO:0006357,IBA,P,YBR289W|HAF4|SWI10|TYE4,20200714,GO_Central
S000000449,ISW1,ATPase subunit of imitation-switch (ISWI) class chromatin remodelers,involved_in,GO:0045944,IBA,P,YBR245C|SGN2|chromatin-remodeling ATPase ISW1,20190308,GO_Central
S000003625,SIP4,C6 zinc cluster transcriptional activator,involved_in,GO:0045944,IBA,P,YJL089W,20201002,GO_Central
S000001166,NDT80,Meiosis-specific transcription factor,involved_in,GO:0045944,IBA,P,YHR124W|transcription factor NDT80,20170228,GO_Central
S000006010,RLM1,MADS-box transcription factor,involved_in,GO:0045944,IBA,P,YPL089C,20200908,GO_Central
S000000285,SPT7,Subunit of the SAGA transcriptional regulatory complex,involved_in,GO:0006357,IBA,P,YBR081C|GIT2|SAGA histone acetyltransferase complex subunit SPT7,20180413,GO_Central
S000000270,NRG2,Transcriptional repressor,involved_in,GO:0006357,IBA,P,YBR066C,20200915,GO_Central
S000006390,PZF1,Transcription factor IIIA (TFIIIA),involved_in,GO:0045944,IBA,P,YPR186C|TFC2,20200709,GO_Central
S000002621,UPC2,Sterol regulatory element binding protein,enables,GO:0001228,IBA,F,YDR213W|MOX4,20200128,GO_Central
S000004419,MAG2,Cytoplasmic protein of unknown function,involved_in,GO:0045944,IBA,P,YLR427W,20190302,GO_Central
S000006098,CUP9,Homeodomain-containing transcriptional repressor,involved_in,GO:0006357,IBA,P,YPL177C,20200929,GO_Central
S000001221,STB5,Transcription factor,involved_in,GO:0045944,IBA,P,YHR178W,20201002,GO_Central
S000000648,RSC6,Component of the RSC chromatin remodeling complex,contributes_to,GO:0001228,IBA,F,YCR052W,20200618,GO_Central
S000000316,CYC8,General transcriptional co-repressor,involved_in,GO:0000122,IBA,P,YBR112C|[OCT1+]|[OCT]|CRT8|SSN6|transcription regulator CYC8,20201029,GO_Central
S000005736,RPB10,RNA polymerase subunit ABC10-beta,involved_in,GO:0006366,IBA,P,YOR210W|ABC10-beta|DNA-directed RNA polymerase core subunit RPB10,20190523,GO_Central
S000004970,SSN8,Cyclin-like component of RNA polymerase II holoenzyme,involved_in,GO:0045944,IBA,P,YNL025C|GIG3|NUT9|CycC|RYE2|SRB11|UME3|CNC1|cyclin-dependent protein serine/threonine kinase regulator SSN8,20180910,GO_Central
S000003418,TFG1,TFIIF (Transcription Factor II) largest subunit,involved_in,GO:0045944,IBA,P,YGR186W|SSU71|RAP74|transcription factor IIF subunit TFG1,20200220,GO_Central
S000007223,YCR087C-A,Putative protein of unknown function,involved_in,GO:0000122,IBA,P,YCR087C-A,20190301,GO_Central
S000004268,YLR278C,Zinc-cluster protein,involved_in,GO:0045944,IBA,P,YLR278C,20201002,GO_Central
S000003034,SGF73,Subunit of DUBm module of SAGA and SLIK,involved_in,GO:0006357,IBA,P,YGL066W|SCA7|deubiquitination module subunit SGF73,20200810,GO_Central
S000000048,OAF1,Oleate-activated transcription factor,involved_in,GO:0045944,IBA,P,YAL051W|YAF1|oleate-activated transcription factor OAF1,20201001,GO_Central
S000000648,RSC6,Component of the RSC chromatin remodeling complex,involved_in,GO:0006357,IBA,P,YCR052W,20200618,GO_Central
S000005020,MKS1,Pleiotropic negative transcriptional regulator,involved_in,GO:0000122,IBA,P,YNL076W|LYS80,20170228,GO_Central
S000000386,SMP1,MADS-box transcription factor involved in osmotic stress response,involved_in,GO:0045944,IBA,P,YBR182C,20200908,GO_Central
S000001083,SRB2,Subunit of the RNA polymerase II mediator complex,involved_in,GO:0006357,IBA,P,YHR041C|MED20|HRS2,20200808,GO_Central
S000002719,TFB1,Subunit of TFIIH and nucleotide excision repair factor 3 complexes,involved_in,GO:0006366,IBA,P,YDR311W|TFIIH/NER complex subunit TFB1,20170228,GO_Central
S000005160,RAP1,Essential DNA-binding transcription regulator that binds many loci,involved_in,GO:0006355,IBA,P,YNL216W|GRF1|TBA1|TUF1|DNA-binding transcription factor RAP1|GRC4,20200930,GO_Central
S000006175,HFI1,Adaptor protein required for structural integrity of the SAGA complex,involved_in,GO:0006357,IBA,P,YPL254W|ADA1|SUP110|GAN1|SRM12,20170228,GO_Central
S000001012,OPI1,Transcriptional regulator of a variety of genes,involved_in,GO:0006357,IBA,P,YHL020C|transcriptional regulator OPI1,20170228,GO_Central
S000006269,ROX1,Heme-dependent repressor of hypoxic genes,involved_in,GO:0006357,IBA,P,YPR065W|REO1,20201001,GO_Central
S000001870,EPL1,"Subunit of NuA4, an essential histone H4/H2A acetyltransferase complex",involved_in,GO:0006357,IBA,P,YFL024C,20170228,GO_Central
S000002450,NRG1,Transcriptional repressor,involved_in,GO:0006357,IBA,P,YDR043C|transcriptional regulator NRG1,20200915,GO_Central
S000000148,SAS3,Histone acetyltransferase catalytic subunit of NuA3 complex,involved_in,GO:0045944,IBA,P,YBL052C|KAT6|histone acetyltransferase,20180309,GO_Central
S000001388,STH1,ATPase component of the RSC chromatin remodeling complex,involved_in,GO:0045944,IBA,P,YIL126W|NPS1|RSC chromatin remodeling complex ATPase subunit STH1,20190308,GO_Central
S000005831,ISW2,ATP-dependent DNA translocase involved in chromatin remodeling,involved_in,GO:0045944,IBA,P,YOR304W|DNA translocase,20190308,GO_Central
S000005639,AZF1,Zinc-finger transcription factor,involved_in,GO:0006357,IBA,P,YOR113W,20210102,GO_Central
S000004045,SPT8,Subunit of the SAGA transcriptional regulatory complex,involved_in,GO:0006357,IBA,P,YLR055C|SAGA complex subunit SPT8,20181004,GO_Central
S000000648,RSC6,Component of the RSC chromatin remodeling complex,involved_in,GO:0045944,IBA,P,YCR052W,20200618,GO_Central
S000000661,HCM1,Forkhead transcription factor,involved_in,GO:0006357,IBA,P,YCR065W,20201024,GO_Central
S000003162,HOS2,Histone deacetylase and subunit of Set3 and Rpd3L complexes,involved_in,GO:0045944,IBA,P,YGL194C|RTL1|histone deacetylase HOS2,20180703,GO_Central
S000001873,GAT1,Transcriptional activator of nitrogen catabolite repression genes,involved_in,GO:0006357,IBA,P,YFL021W|NIL1|MEP80,20201217,GO_Central
S000005495,MED7,Subunit of the RNA polymerase II mediator complex,involved_in,GO:0006357,IBA,P,YOL135C|mediator complex subunit MED7,20170228,GO_Central
S000000386,SMP1,MADS-box transcription factor involved in osmotic stress response,involved_in,GO:0006357,IBA,P,YBR182C,20200908,GO_Central
S000006272,HOS1,Class I histone deacetylase (HDAC) family member,involved_in,GO:0045944,IBA,P,YPR068C|histone deacetylase|CST3,20180703,GO_Central
S000005700,MED4,Subunit of the RNA polymerase II mediator complex,involved_in,GO:0006357,IBA,P,YOR174W,20200808,GO_Central
S000001141,TRA1,Subunit of SAGA and NuA4 histone acetyltransferase complexes,involved_in,GO:0006355,IBA,P,YHR099W|histone acetyltransferase TRA1,20200807,GO_Central
S000001807,BAS1,Myb-related transcription factor,involved_in,GO:0006355,IBA,P,YKR099W,20201001,GO_Central
S000003299,YGR067C,Putative protein of unknown function,involved_in,GO:0006357,IBA,P,YGR067C,20201216,GO_Central
S000005306,SNF12,73 kDa subunit of the SWI/SNF chromatin remodeling complex,contributes_to,GO:0001228,IBA,F,YNR023W|SWP73,20200618,GO_Central
S000004762,NUP53,FG-nucleoporin component of central core of nuclear pore complex (NPC),involved_in,GO:0006355,IBA,P,YMR153W|FG-nucleoporin NUP53,20170228,GO_Central
S000002851,SSN2,Subunit of the RNA polymerase II mediator complex,involved_in,GO:0006357,IBA,P,YDR443C|RYE3|MED13|NUT8|SCA1|SRB9|UME2|SSX5,20200807,GO_Central
S000004216,BUR2,Cyclin for the Sgv1p (Bur1p) protein kinase,involved_in,GO:0006357,IBA,P,YLR226W|CST4,20180910,GO_Central
S000006238,ARP7,Component of both the SWI/SNF and RSC chromatin remodeling complexes,involved_in,GO:0006357,IBA,P,YPR034W|RSC11|SWP61,20190301,GO_Central
S000000735,GCN4,bZIP transcriptional activator of amino acid biosynthetic genes,involved_in,GO:0006357,IBA,P,YEL009C|AAS3|ARG9|AAS101|amino acid starvation-responsive transcription factor GCN4,20200929,GO_Central
S000003481,MGA1,Protein similar to heat shock transcription factor,enables,GO:0003700,IBA,F,YGR249W,20201204,GO_Central
S000001048,STP2,Transcription factor,involved_in,GO:0006357,IBA,P,YHR006W,20200908,GO_Central
S000005770,ESA1,Catalytic subunit of the histone acetyltransferase complex (NuA4),involved_in,GO:0045944,IBA,P,YOR244W|TAS1|KAT5|NuA4 histone acetyltransferase complex catalytic subunit ESA1,20180309,GO_Central
S000001166,NDT80,Meiosis-specific transcription factor,enables,GO:0003700,IBA,F,YHR124W|transcription factor NDT80,20170228,GO_Central
