tf_yeastract,tf_sgd,consensus,consensus_clean,length,ambiguity_fraction,specificity_score
Smp1p,SMP1,ACTACTAWWWWTAG,ACTACTAWWWWTAG,14,0.2857,0.7143
Ert1p,ERT1,CTCCGGG,CTCCGGG,7,0.0,1.0
Ert1p,ERT1,GCCCCGCGGG,GCCCCGCGGG,10,0.0,1.0
Ert1p,ERT1,GTCCGCA,GTCCGCA,7,0.0,1.0
Ert1p,ERT1,TCCGGTT,TCCGGTT,7,0.0,1.0
Ert1p,ERT1,ACTCCGA,ACTCCGA,7,0.0,1.0
Ert1p,ERT1,ACTCCGAG,ACTCCGAG,8,0.0,1.0
Ert1p,ERT1,ACTCCGATT,ACTCCGATT,9,0.0,1.0
Ert1p,ERT1,CCCCGCGG,CCCCGCGG,8,0.0,1.0
Ert1p,ERT1,CCGAGAA,CCGAGAA,7,0.0,1.0
Ert1p,ERT1,CCGCTCG,CCGCTCG,7,0.0,1.0
Ert1p,ERT1,CCGGGCT,CCGGGCT,7,0.0,1.0
Ert1p,ERT1,CCTCCGG,CCTCCGG,7,0.0,1.0
Ert1p,ERT1,CTCCGCC,CTCCGCC,7,0.0,1.0
Ert1p,ERT1,CTCCGCG,CTCCGCG,7,0.0,1.0
Ert1p,ERT1,CTCCGCGGAA,CTCCGCGGAA,10,0.0,1.0
Ert1p,ERT1,CTCCGGGC,CTCCGGGC,8,0.0,1.0
Ert1p,ERT1,GCCCCGC,GCCCCGC,7,0.0,1.0
Ert1p,ERT1,GCCCCGCGG,GCCCCGCGG,9,0.0,1.0
Ert1p,ERT1,GCCGGGT,GCCGGGT,7,0.0,1.0
Ert1p,ERT1,TCCGATA,TCCGATA,7,0.0,1.0
Ert1p,ERT1,TCCGATG,TCCGATG,7,0.0,1.0
Ert1p,ERT1,TCCGCGGA,TCCGCGGA,8,0.0,1.0
Ert1p,ERT1,TCCTCCGAGAAA,TCCTCCGAGAAA,12,0.0,1.0
Ert1p,ERT1,TCCTCCGGTT,TCCTCCGGTT,10,0.0,1.0
Ert1p,ERT1,TCTCCGGG,TCTCCGGG,8,0.0,1.0
Ert1p,ERT1,TTCCGCGGAA,TTCCGCGGAA,10,0.0,1.0
Ert1p,ERT1,TTCCGCGTCCGCA,TTCCGCGTCCGCA,13,0.0,1.0
Ert1p,ERT1,TTCCGTG,TTCCGTG,7,0.0,1.0
Ert1p,ERT1,TTCCGTGG,TTCCGTGG,8,0.0,1.0
Ert1p,ERT1,TTCTCCGCC,TTCTCCGCC,9,0.0,1.0
Ert1p,ERT1,TTTCTCCGG,TTTCTCCGG,9,0.0,1.0
Ert1p,ERT1,TTTCTCNG,TTTCTCNG,8,0.125,0.875
Ert1p,ERT1,ACTCCGATA,ACTCCGATA,9,0.0,1.0
Ert1p,ERT1,CTCCGCGGG,CTCCGCGGG,9,0.0,1.0
Ert1p,ERT1,TCCGCTC,TCCGCTC,7,0.0,1.0
Ert1p,ERT1,TCCGGTG,TCCGGTG,7,0.0,1.0
Ert1p,ERT1,TCCNCGGA,TCCNCGGA,8,0.125,0.875
Ert1p,ERT1,TCCTCCG,TCCTCCG,7,0.0,1.0
Ert1p,ERT1,TCCTCCGG,TCCTCCGG,8,0.0,1.0
Ert1p,ERT1,TTCCGAGAA,TTCCGAGAA,9,0.0,1.0
Ert1p,ERT1,TTCCGCGG,TTCCGCGG,8,0.0,1.0
Ert1p,ERT1,TTCCGCGGA,TTCCGCGGA,9,0.0,1.0
Ert1p,ERT1,TTCCGCGGG,TTCCGCGGG,9,0.0,1.0
Ert1p,ERT1,TTCCTCCGA,TTCCTCCGA,9,0.0,1.0
Ert1p,ERT1,TTCCTCCGG,TTCCTCCGG,9,0.0,1.0
Ert1p,ERT1,TTNTCCGG,TTNTCCGG,8,0.125,0.875
Ert1p,ERT1,TTNTCCGGGCT,TTNTCCGGGCT,11,0.0909,0.9091
Ert1p,ERT1,TTNTCCGGTG,TTNTCCGGTG,10,0.1,0.9
Ert1p,ERT1,TTTCTCCGAGG,TTTCTCCGAGG,11,0.0,1.0
Ert1p,ERT1,TTTCTCCGCGGAA,TTTCTCCGCGGAA,13,0.0,1.0
Ert1p,ERT1,TCCGGGCT,TCCGGGCT,8,0.0,1.0
Kar4p,KAR4,YAANNCAAANNCNGNYT,YAANNCAAANNCNGNYT,17,0.4706,0.5294
Kar4p,KAR4,CTAANNCAAANNCNGNYT,CTAANNCAAANNCNGNYT,18,0.3889,0.6111
Kar4p,KAR4,TTAANNCAAANNCNGNYT,TTAANNCAAANNCNGNYT,18,0.3889,0.6111
Hcm1p,HCM1,WAAYAAACAAW,WAAYAAACAAW,11,0.2727,0.7273
Rds1p,RDS1,BCGGCCG,BCGGCCG,7,0.1429,0.8571
Uga3p,UGA3,SGCGGNWTTT,SGCGGNWTTT,10,0.3,0.7
Pho2p,PHO2,WTAWTW,WTAWTW,6,0.5,0.5
Mbp1p,MBP1,ACGCGT,ACGCGT,6,0.0,1.0
Rpn4p,RPN4,GGTGGCAAA,GGTGGCAAA,9,0.0,1.0
Lys14p,LYS14,TCCRNYGGA,TCCRNYGGA,9,0.3333,0.6667
Nrg1p,NRG1,CCCCT,CCCCT,5,0.0,1.0
Nrg1p,NRG1,CCCTC,CCCTC,5,0.0,1.0
Nrg1p,NRG1,GGACCCT,GGACCCT,7,0.0,1.0
Gis1p,GIS1,TWAGGGAT,TWAGGGAT,8,0.125,0.875
Gis1p,GIS1,AGGGG,AGGGG,5,0.0,1.0
Ino2p,INO2,ATGTGAAAT,ATGTGAAAT,9,0.0,1.0
Ino2p,INO2,CATGTGAAAT,CATGTGAAAT,10,0.0,1.0
Ino2p,INO2,WYTTCAYRTGS,WYTTCAYRTGS,11,0.4545,0.5455
Ino2p,INO2,CACATGC,CACATGC,7,0.0,1.0
Ino2p,INO2,ACACATGCA,ACACATGCA,9,0.0,1.0
Ino2p,INO2,ACACATGCTG,ACACATGCTG,10,0.0,1.0
Ino2p,INO2,ACATGCC,ACATGCC,7,0.0,1.0
Ino2p,INO2,ACATGCTG,ACATGCTG,8,0.0,1.0
Ino2p,INO2,AGCACATGCAA,AGCACATGCAA,11,0.0,1.0
Ino2p,INO2,AGCACATGCCA,AGCACATGCCA,11,0.0,1.0
Ino2p,INO2,AGCACATGCG,AGCACATGCG,10,0.0,1.0
Ino2p,INO2,AGCACATGCGC,AGCACATGCGC,11,0.0,1.0
Ino2p,INO2,AGCACATGCTA,AGCACATGCTA,11,0.0,1.0
Ino2p,INO2,AGCACATGCTT,AGCACATGCTT,11,0.0,1.0
Ino2p,INO2,AGCACATGGG,AGCACATGGG,10,0.0,1.0
Ino2p,INO2,AGCACGTGC,AGCACGTGC,9,0.0,1.0
Ino2p,INO2,ATCACATG,ATCACATG,8,0.0,1.0
Ino2p,INO2,ATCACATGCA,ATCACATGCA,10,0.0,1.0
Ino2p,INO2,ATCACATGCTG,ATCACATGCTG,11,0.0,1.0
Ino2p,INO2,CACGTTC,CACGTTC,7,0.0,1.0
Ino2p,INO2,CATATGCAA,CATATGCAA,9,0.0,1.0
Ino2p,INO2,CCACGTGC,CCACGTGC,8,0.0,1.0
Ino2p,INO2,CCACGTGCT,CCACGTGCT,9,0.0,1.0
Ino2p,INO2,CCTCATGC,CCTCATGC,8,0.0,1.0
Ino2p,INO2,CGCACANG,CGCACANG,8,0.125,0.875
Ino2p,INO2,CGCACATG,CGCACATG,8,0.0,1.0
Ino2p,INO2,CGCACNTGG,CGCACNTGG,9,0.1111,0.8889
Ino2p,INO2,CTCATGCCG,CTCATGCCG,9,0.0,1.0
Ino2p,INO2,GCACGTTC,GCACGTTC,8,0.0,1.0
Ino2p,INO2,GCNCATGC,GCNCATGC,8,0.125,0.875
Ino2p,INO2,GCTCATGCT,GCTCATGCT,9,0.0,1.0
Ino2p,INO2,GGCACATGCAA,GGCACATGCAA,11,0.0,1.0
Ino2p,INO2,GGCACATGG,GGCACATGG,9,0.0,1.0
Ino2p,INO2,GGCATATGCT,GGCATATGCT,10,0.0,1.0
Ino2p,INO2,TCACATGCA,TCACATGCA,9,0.0,1.0
Ino2p,INO2,TCACATGCAA,TCACATGCAA,10,0.0,1.0
Ino2p,INO2,TCACATGCCA,TCACATGCCA,10,0.0,1.0
Ino2p,INO2,TCACGTGCT,TCACGTGCT,9,0.0,1.0
Ino2p,INO2,TCCACATGCAC,TCCACATGCAC,11,0.0,1.0
Ino2p,INO2,TCCACATGCCA,TCCACATGCCA,11,0.0,1.0
Ino2p,INO2,TCCACATGCTT,TCCACATGCTT,11,0.0,1.0
Ino2p,INO2,TCCACATGGG,TCCACATGGG,10,0.0,1.0
Ino2p,INO2,TGCACATGCGC,TGCACATGCGC,11,0.0,1.0
Ino2p,INO2,TGCACATGCTA,TGCACATGCTA,11,0.0,1.0
Ino2p,INO2,TGCACATGCTG,TGCACATGCTG,11,0.0,1.0
Ino2p,INO2,TGCACGTGC,TGCACGTGC,9,0.0,1.0
Ino2p,INO2,TGCATATGCAA,TGCATATGCAA,11,0.0,1.0
Ino2p,INO2,TTCACAAGC,TTCACAAGC,9,0.0,1.0
Ino2p,INO2,TTCACAAGCAG,TTCACAAGCAG,11,0.0,1.0
Ino2p,INO2,TTCACATG,TTCACATG,8,0.0,1.0
Ino2p,INO2,TTCACATGCA,TTCACATGCA,10,0.0,1.0
Ino2p,INO2,TTCACATGCAC,TTCACATGCAC,11,0.0,1.0
Ino2p,INO2,TTCACATGCC,TTCACATGCC,10,0.0,1.0
Ino2p,INO2,TTCACATGCCA,TTCACATGCCA,11,0.0,1.0
Ino2p,INO2,TTCACATGCCG,TTCACATGCCG,11,0.0,1.0
Ino2p,INO2,TTCACATGCG,TTCACATGCG,10,0.0,1.0
Ino2p,INO2,TTCACATGCGC,TTCACATGCGC,11,0.0,1.0
Ino2p,INO2,TTCACATGCT,TTCACATGCT,10,0.0,1.0
Ino2p,INO2,TTCACATGCTA,TTCACATGCTA,11,0.0,1.0
Ino2p,INO2,TTCACATGCTG,TTCACATGCTG,11,0.0,1.0
Ino2p,INO2,TTCACATGGA,TTCACATGGA,10,0.0,1.0
Ino2p,INO2,TTCACATGGC,TTCACATGGC,10,0.0,1.0
Ino2p,INO2,TTCACATGNT,TTCACATGNT,10,0.1,0.9
Ino2p,INO2,TTCACATNC,TTCACATNC,9,0.1111,0.8889
Ino2p,INO2,TTCACATNCA,TTCACATNCA,10,0.1,0.9
Ino2p,INO2,TTCACGTGC,TTCACGTGC,9,0.0,1.0
Ino2p,INO2,TTCACGTGCTG,TTCACGTGCTG,11,0.0,1.0
Ino2p,INO2,TTCATATGC,TTCATATGC,9,0.0,1.0
Ino2p,INO2,TTCATATGCA,TTCATATGCA,10,0.0,1.0
Ino2p,INO2,TTCATATGCAA,TTCATATGCAA,11,0.0,1.0
Ino2p,INO2,TTCATATGCC,TTCATATGCC,10,0.0,1.0
Ino2p,INO2,TTCATATGCTA,TTCATATGCTA,11,0.0,1.0
Ino2p,INO2,TTCNCGTG,TTCNCGTG,8,0.125,0.875
Ino2p,INO2,TTCATATGCT,TTCATATGCT,10,0.0,1.0
Ino2p,INO2,TTCATATGCGG,TTCATATGCGG,11,0.0,1.0
Ino2p,INO2,TTCATATG,TTCATATG,8,0.0,1.0
Ino2p,INO2,TTCACGTG,TTCACGTG,8,0.0,1.0
Ino2p,INO2,TTCACATGG,TTCACATGG,9,0.0,1.0
Ino2p,INO2,TGCATATGCT,TGCATATGCT,10,0.0,1.0
Ino2p,INO2,TGCATATGCAG,TGCATATGCAG,11,0.0,1.0
Ino2p,INO2,TGCACGTTCT,TGCACGTTCT,10,0.0,1.0
Ino2p,INO2,TGCACGTTC,TGCACGTTC,9,0.0,1.0
Ino2p,INO2,TGCACGTGCT,TGCACGTGCT,10,0.0,1.0
Ino2p,INO2,TGCACGT,TGCACGT,7,0.0,1.0
Ino2p,INO2,TGCACATGCA,TGCACATGCA,10,0.0,1.0
Ino2p,INO2,TCTCATGCT,TCTCATGCT,9,0.0,1.0
Ino2p,INO2,TCCACATGG,TCCACATGG,9,0.0,1.0
Ino2p,INO2,TCCACATGCG,TCCACATGCG,10,0.0,1.0
Ino2p,INO2,TCCACATG,TCCACATG,8,0.0,1.0
Ino2p,INO2,TCATATGCT,TCATATGCT,9,0.0,1.0
Ino2p,INO2,TCATATGCGG,TCATATGCGG,10,0.0,1.0
Ino2p,INO2,TCATATGCAA,TCATATGCAA,10,0.0,1.0
Ino2p,INO2,TCACGTGCTG,TCACGTGCTG,10,0.0,1.0
Ino2p,INO2,TCACGTGCGG,TCACGTGCGG,10,0.0,1.0
Ino2p,INO2,TCACGTGC,TCACGTGC,8,0.0,1.0
Ino2p,INO2,TCACGTG,TCACGTG,7,0.0,1.0
Ino2p,INO2,TCACATNC,TCACATNC,8,0.125,0.875
Ino2p,INO2,TCACATGGG,TCACATGGG,9,0.0,1.0
Ino2p,INO2,TCACATGGA,TCACATGGA,9,0.0,1.0
Ino2p,INO2,TCACATGG,TCACATGG,8,0.0,1.0
Ino2p,INO2,TCACATGCTT,TCACATGCTT,10,0.0,1.0
Ino2p,INO2,TCACATG,TCACATG,7,0.0,1.0
Ino2p,INO2,GGNACNTGC,GGNACNTGC,9,0.2222,0.7778
Ino2p,INO2,GGNACGTGCT,GGNACGTGCT,10,0.1,0.9
Ino2p,INO2,GGCATATGCTA,GGCATATGCTA,11,0.0,1.0
Ino2p,INO2,GGCATATGCAG,GGCATATGCAG,11,0.0,1.0
Ino2p,INO2,GGCANATG,GGCANATG,8,0.125,0.875
Ino2p,INO2,GGCACATGGG,GGCACATGGG,10,0.0,1.0
Ino2p,INO2,GGCACATGCTG,GGCACATGCTG,11,0.0,1.0
Ino2p,INO2,GGCACATGCG,GGCACATGCG,10,0.0,1.0
Ino2p,INO2,GGCACATG,GGCACATG,8,0.0,1.0
Ino2p,INO2,GCTCATGCCG,GCTCATGCCG,10,0.0,1.0
Ino2p,INO2,GCTCATGCC,GCTCATGCC,9,0.0,1.0
Ino2p,INO2,GCTCATGC,GCTCATGC,8,0.0,1.0
Ino2p,INO2,GCCACATGGG,GCCACATGGG,10,0.0,1.0
Ino2p,INO2,GCCACATGCGG,GCCACATGCGG,11,0.0,1.0
Ino2p,INO2,GCCACATGCG,GCCACATGCG,10,0.0,1.0
Ino2p,INO2,GCCACATGCCG,GCCACATGCCG,11,0.0,1.0
Ino2p,INO2,GCCACATGCCA,GCCACATGCCA,11,0.0,1.0
Ino2p,INO2,GCCACATGCAA,GCCACATGCAA,11,0.0,1.0
Ino2p,INO2,GCCACATG,GCCACATG,8,0.0,1.0
Ino2p,INO2,GCATATGCTA,GCATATGCTA,10,0.0,1.0
Ino2p,INO2,GCACGTTCT,GCACGTTCT,9,0.0,1.0
Ino2p,INO2,GCACGTTCC,GCACGTTCC,9,0.0,1.0
Ino2p,INO2,GCACATGGG,GCACATGGG,9,0.0,1.0
Ino2p,INO2,GCACATGGC,GCACATGGC,9,0.0,1.0
Ino2p,INO2,GCACATGGA,GCACATGGA,9,0.0,1.0
Ino2p,INO2,GCACANGC,GCACANGC,8,0.125,0.875
Ino2p,INO2,CTCATGCT,CTCATGCT,8,0.0,1.0
Ino2p,INO2,CTCATGCC,CTCATGCC,8,0.0,1.0
Ino2p,INO2,CTCATGC,CTCATGC,7,0.0,1.0
Ino2p,INO2,CGCTCATGCCG,CGCTCATGCCG,11,0.0,1.0
Ino2p,INO2,CGCTCATGCC,CGCTCATGCC,10,0.0,1.0
Ino2p,INO2,CGCNCATG,CGCNCATG,8,0.125,0.875
Ino2p,INO2,CGCACGTGCTC,CGCACGTGCTC,11,0.0,1.0
Ino2p,INO2,CGCACGTGCGG,CGCACGTGCGG,11,0.0,1.0
Ino2p,INO2,CGCACATGGC,CGCACATGGC,10,0.0,1.0
Ino2p,INO2,CGCACATGGA,CGCACATGGA,10,0.0,1.0
Ino2p,INO2,CGCACATGCTT,CGCACATGCTT,11,0.0,1.0
Ino2p,INO2,CGCACATGCTA,CGCACATGCTA,11,0.0,1.0
Ino2p,INO2,CGCACATGCC,CGCACATGCC,10,0.0,1.0
Ino2p,INO2,CGCACANGC,CGCACANGC,9,0.1111,0.8889
Ino2p,INO2,CCTCATGCCG,CCTCATGCCG,10,0.0,1.0
Ino2p,INO2,CCTCATGCC,CCTCATGCC,9,0.0,1.0
Ino2p,INO2,CCACGTGCTG,CCACGTGCTG,10,0.0,1.0
Ino2p,INO2,CCACGTGCTC,CCACGTGCTC,10,0.0,1.0
Ino2p,INO2,CCACGTGCGG,CCACGTGCGG,10,0.0,1.0
Ino2p,INO2,CCACATGG,CCACATGG,8,0.0,1.0
Ino2p,INO2,CCACATGCTA,CCACATGCTA,10,0.0,1.0
Ino2p,INO2,CATATGCGG,CATATGCGG,9,0.0,1.0
Ino2p,INO2,CATATGCC,CATATGCC,8,0.0,1.0
Ino2p,INO2,CACGTTCT,CACGTTCT,8,0.0,1.0
Ino2p,INO2,CACGTGCT,CACGTGCT,8,0.0,1.0
Ino2p,INO2,CACGTGCGG,CACGTGCGG,9,0.0,1.0
Ino2p,INO2,CACATGGG,CACATGGG,8,0.0,1.0
Ino2p,INO2,CACATGGC,CACATGGC,8,0.0,1.0
Ino2p,INO2,CACANNCAC,CACANNCAC,9,0.2222,0.7778
Ino2p,INO2,CACAAGCAG,CACAAGCAG,9,0.0,1.0
Ino2p,INO2,CACAAGCA,CACAAGCA,8,0.0,1.0
Ino2p,INO2,CACAAGC,CACAAGC,7,0.0,1.0
Ino2p,INO2,ATCACATGNT,ATCACATGNT,10,0.1,0.9
Ino2p,INO2,ATCACATGGA,ATCACATGGA,10,0.0,1.0
Ino2p,INO2,ATCACATGG,ATCACATGG,9,0.0,1.0
Ino2p,INO2,ATCACATGCTT,ATCACATGCTT,11,0.0,1.0
Ino2p,INO2,ATCACATGCG,ATCACATGCG,10,0.0,1.0
Ino2p,INO2,ATCACATGCAA,ATCACATGCAA,11,0.0,1.0
Ino2p,INO2,ATATGCAA,ATATGCAA,8,0.0,1.0
Ino2p,INO2,ATATGCA,ATATGCA,7,0.0,1.0
Ino2p,INO2,ANATGCTA,ANATGCTA,8,0.125,0.875
Ino2p,INO2,ANATGCGG,ANATGCGG,8,0.125,0.875
Ino2p,INO2,AGCACNTG,AGCACNTG,8,0.125,0.875
Ino2p,INO2,AGCACGTGCT,AGCACGTGCT,10,0.0,1.0
Ino2p,INO2,AGCACGTGCGG,AGCACGTGCGG,11,0.0,1.0
Ino2p,INO2,AGCACATGGC,AGCACATGGC,10,0.0,1.0
Ino2p,INO2,AGCACATGGA,AGCACATGGA,10,0.0,1.0
Ino2p,INO2,AGCACATGCCG,AGCACATGCCG,11,0.0,1.0
Ino2p,INO2,AGCACATGCA,AGCACATGCA,10,0.0,1.0
Ino2p,INO2,AGCACATG,AGCACATG,8,0.0,1.0
Ino2p,INO2,ACNTGCGG,ACNTGCGG,8,0.125,0.875
Ino2p,INO2,ACGTGCTG,ACGTGCTG,8,0.0,1.0
Ino2p,INO2,ACATGGC,ACATGGC,7,0.0,1.0
Ino2p,INO2,ACATGCTA,ACATGCTA,8,0.0,1.0
Ino2p,INO2,ACATGCGG,ACATGCGG,8,0.0,1.0
Ino2p,INO2,ACATGCGC,ACATGCGC,8,0.0,1.0
Ino2p,INO2,ACATGCG,ACATGCG,7,0.0,1.0
Ino2p,INO2,ACATGCCG,ACATGCCG,8,0.0,1.0
Ino2p,INO2,ACATGCAC,ACATGCAC,8,0.0,1.0
Ino2p,INO2,ACATGCAA,ACATGCAA,8,0.0,1.0
Ino2p,INO2,ACATGCA,ACATGCA,7,0.0,1.0
Ino2p,INO2,ACATATGCC,ACATATGCC,9,0.0,1.0
Ino2p,INO2,ACATATGCAG,ACATATGCAG,10,0.0,1.0
Ino2p,INO2,ACATATGCA,ACATATGCA,9,0.0,1.0
Ino2p,INO2,ACACAAGCAG,ACACAAGCAG,10,0.0,1.0
Ino2p,INO2,ACACAAGCA,ACACAAGCA,9,0.0,1.0
Ino2p,INO2,ACACAAGC,ACACAAGC,8,0.0,1.0
Ino2p,INO2,TTCACGTGCT,TTCACGTGCT,10,0.0,1.0
Ino2p,INO2,TCACATNCA,TCACATNCA,9,0.1111,0.8889
Ino2p,INO2,TCACATGCGG,TCACATGCGG,10,0.0,1.0
Ino2p,INO2,TTCATATGCAG,TTCATATGCAG,11,0.0,1.0
Ino2p,INO2,GCACATGG,GCACATGG,8,0.0,1.0
Ino2p,INO2,CGCACATGCCG,CGCACATGCCG,11,0.0,1.0
Ino2p,INO2,CCACATGCTG,CCACATGCTG,10,0.0,1.0
Ino2p,INO2,CATATGCTA,CATATGCTA,9,0.0,1.0
Ino2p,INO2,ACGTGCT,ACGTGCT,7,0.0,1.0
Swi5p,SWI5,ACCAGC,ACCAGC,6,0.0,1.0
Ume6p,UME6,TAGCCGCCGA,TAGCCGCCGA,10,0.0,1.0
Ume6p,UME6,TAGGCGGC,TAGGCGGC,8,0.0,1.0
Ume6p,UME6,TCGGCGGCT,TCGGCGGCT,9,0.0,1.0
Ume6p,UME6,TGGGTGGCTA,TGGGTGGCTA,10,0.0,1.0
Upc2p,UPC2,TCGTATA,TCGTATA,7,0.0,1.0
Upc2p,UPC2,TCGTTYAG,TCGTTYAG,8,0.125,0.875
Upc2p,UPC2,TCGTWCC,TCGTWCC,7,0.1429,0.8571
Upc2p,UPC2,TATACGA,TATACGA,7,0.0,1.0
Upc2p,UPC2,TAAACGA,TAAACGA,7,0.0,1.0
Adr1p,ADR1,"TTGGRGN{6,38}CYCCAA",TTGGRGNCYCCAA,13,0.2308,0.7692
Adr1p,ADR1,TTGGRG,TTGGRG,6,0.1667,0.8333
Met32p,MET32,AAACTGTGG,AAACTGTGG,9,0.0,1.0
Met32p,MET32,AAACTGTG,AAACTGTG,8,0.0,1.0
Met32p,MET32,CTGTGGC,CTGTGGC,7,0.0,1.0
Sum1p,SUM1,GNCRCAAAW,GNCRCAAAW,9,0.3333,0.6667
Cad1p,CAD1,TTACTAA,TTACTAA,7,0.0,1.0
Stp1p,STP1,CGGCTC,CGGCTC,6,0.0,1.0
Stp1p,STP1,CGGCN{6}CGGC,CGGCNCGGC,9,0.1111,0.8889
Stp1p,STP1,RYRCGGCRC,RYRCGGCRC,9,0.4444,0.5556
Gcn4p,GCN4,TTACGTAA,TTACGTAA,8,0.0,1.0
Gcn4p,GCN4,TGATTCA,TGATTCA,7,0.0,1.0
Gcn4p,GCN4,TGACTGA,TGACTGA,7,0.0,1.0
Gcn4p,GCN4,TGACTMT,TGACTMT,7,0.1429,0.8571
Gcn4p,GCN4,RRTGACTC,RRTGACTC,8,0.25,0.75
Gcn4p,GCN4,TGACTC,TGACTC,6,0.0,1.0
Gcn4p,GCN4,TGASTCA,TGASTCA,7,0.1429,0.8571
Gcn4p,GCN4,TTGCGCAA,TTGCGCAA,8,0.0,1.0
Gcn4p,GCN4,TTGCGTGA,TTGCGTGA,8,0.0,1.0
Gcn4p,GCN4,GCACGTAG,GCACGTAG,8,0.0,1.0
Gcn4p,GCN4,CACGTG,CACGTG,6,0.0,1.0
Gcn4p,GCN4,AAATGACTCATCC,AAATGACTCATCC,13,0.0,1.0
Gcn4p,GCN4,AAGTGAGTCACCT,AAGTGAGTCACCT,13,0.0,1.0
Gcn4p,GCN4,AAGTGAGTCACG,AAGTGAGTCACG,12,0.0,1.0
Gcn4p,GCN4,AATGANTCACT,AATGANTCACT,11,0.0909,0.9091
Gcn4p,GCN4,AGATGAGTCAGC,AGATGAGTCAGC,12,0.0,1.0
Gcn4p,GCN4,AGGTGAGTCATGG,AGGTGAGTCATGG,13,0.0,1.0
Gcn4p,GCN4,AGTGAGTCAGC,AGTGAGTCAGC,11,0.0,1.0
Gcn4p,GCN4,AGTGAGTCATCC,AGTGAGTCATCC,12,0.0,1.0
Gcn4p,GCN4,ATATGACTCATCC,ATATGACTCATCC,13,0.0,1.0
Gcn4p,GCN4,CATGAGTCACTA,CATGAGTCACTA,12,0.0,1.0
Gcn4p,GCN4,CATTAGTCAC,CATTAGTCAC,10,0.0,1.0
Gcn4p,GCN4,CGTGAGTCACTG,CGTGAGTCACTG,12,0.0,1.0
Gcn4p,GCN4,CTGACTCATCA,CTGACTCATCA,11,0.0,1.0
Gcn4p,GCN4,CTGAGTCATAC,CTGAGTCATAC,11,0.0,1.0
Gcn4p,GCN4,CTGAGTCATCA,CTGAGTCATCA,11,0.0,1.0
Gcn4p,GCN4,GAATGAGTCAGC,GAATGAGTCAGC,12,0.0,1.0
Gcn4p,GCN4,GGTGAGTCATAC,GGTGAGTCATAC,12,0.0,1.0
Gcn4p,GCN4,GGTTAGTCATAT,GGTTAGTCATAT,12,0.0,1.0
Gcn4p,GCN4,GGTTAGTCATCT,GGTTAGTCATCT,12,0.0,1.0
Gcn4p,GCN4,GTGACTCATCC,GTGACTCATCC,11,0.0,1.0
Gcn4p,GCN4,GTGANTCATAT,GTGANTCATAT,11,0.0909,0.9091
Gcn4p,GCN4,TAAGAGTCATTCA,TAAGAGTCATTCA,13,0.0,1.0
Gcn4p,GCN4,TCTGAGTCATCA,TCTGAGTCATCA,12,0.0,1.0
Gcn4p,GCN4,TCTGAGTCATTC,TCTGAGTCATTC,12,0.0,1.0
Gcn4p,GCN4,TGTTAGTCATCT,TGTTAGTCATCT,12,0.0,1.0
Gcn4p,GCN4,TTACTCATT,TTACTCATT,9,0.0,1.0
Gcn4p,GCN4,TTATGAGTCACG,TTATGAGTCACG,12,0.0,1.0
Gcn4p,GCN4,TTGTGAGTCACTG,TTGTGAGTCACTG,13,0.0,1.0
Gcn4p,GCN4,AAAAGAGTCACA,AAAAGAGTCACA,12,0.0,1.0
Gcn4p,GCN4,AAAAGAGTCACCG,AAAAGAGTCACCG,13,0.0,1.0
Gcn4p,GCN4,AAAAGAGTCAGA,AAAAGAGTCAGA,12,0.0,1.0
Gcn4p,GCN4,AAAAGAGTCATCC,AAAAGAGTCATCC,13,0.0,1.0
Gcn4p,GCN4,AAAAGAGTCATCT,AAAAGAGTCATCT,13,0.0,1.0
Gcn4p,GCN4,AAAAGAGTCATTA,AAAAGAGTCATTA,13,0.0,1.0
Gcn4p,GCN4,AAAAGAGTCATTC,AAAAGAGTCATTC,13,0.0,1.0
Gcn4p,GCN4,AAAAGAGTCATTG,AAAAGAGTCATTG,13,0.0,1.0
Gcn4p,GCN4,AAAGAGTCACAG,AAAGAGTCACAG,12,0.0,1.0
Gcn4p,GCN4,AAAGAGTCACT,AAAGAGTCACT,11,0.0,1.0
Gcn4p,GCN4,AAAGAGTCACTA,AAAGAGTCACTA,12,0.0,1.0
Gcn4p,GCN4,AAAGAGTCAG,AAAGAGTCAG,10,0.0,1.0
Gcn4p,GCN4,AAAGAGTCATAA,AAAGAGTCATAA,12,0.0,1.0
Gcn4p,GCN4,AAAGAGTCATCT,AAAGAGTCATCT,12,0.0,1.0
Gcn4p,GCN4,AAATGAATCACA,AAATGAATCACA,12,0.0,1.0
Gcn4p,GCN4,AAATGAATCATC,AAATGAATCATC,12,0.0,1.0
Gcn4p,GCN4,AAATGAGTC,AAATGAGTC,9,0.0,1.0
Gcn4p,GCN4,AAATGAGTCA,AAATGAGTCA,10,0.0,1.0
Gcn4p,GCN4,AAATGAGTCACG,AAATGAGTCACG,12,0.0,1.0
Gcn4p,GCN4,AAATGAGTNATT,AAATGAGTNATT,12,0.0833,0.9167
Gcn4p,GCN4,AAATGANTCA,AAATGANTCA,10,0.1,0.9
Gcn4p,GCN4,AAATGANTCATAT,AAATGANTCATAT,13,0.0769,0.9231
Gcn4p,GCN4,AAATTAGTCA,AAATTAGTCA,10,0.0,1.0
Gcn4p,GCN4,AAATTAGTCACT,AAATTAGTCACT,12,0.0,1.0
Gcn4p,GCN4,AAATTAGTCATAT,AAATTAGTCATAT,13,0.0,1.0
Gcn4p,GCN4,AAATTAGTCATGT,AAATTAGTCATGT,13,0.0,1.0
Gcn4p,GCN4,AAATTAGTCATTC,AAATTAGTCATTC,13,0.0,1.0
Gcn4p,GCN4,AAATTAGTCATTT,AAATTAGTCATTT,13,0.0,1.0
Gcn4p,GCN4,AAGAGTCAGA,AAGAGTCAGA,10,0.0,1.0
Gcn4p,GCN4,AAGAGTCATCAT,AAGAGTCATCAT,12,0.0,1.0
Gcn4p,GCN4,AAGAGTCATTT,AAGAGTCATTT,11,0.0,1.0
Gcn4p,GCN4,AAGTGAGTCA,AAGTGAGTCA,10,0.0,1.0
Gcn4p,GCN4,AAGTGAGTCACAT,AAGTGAGTCACAT,13,0.0,1.0
Gcn4p,GCN4,AATCAGTCAT,AATCAGTCAT,10,0.0,1.0
Gcn4p,GCN4,AATGAATCAT,AATGAATCAT,10,0.0,1.0
Gcn4p,GCN4,AATGAGTNATA,AATGAGTNATA,11,0.0909,0.9091
Gcn4p,GCN4,AATGAGTNATT,AATGAGTNATT,11,0.0909,0.9091
Gcn4p,GCN4,AATGANTCATAA,AATGANTCATAA,12,0.0833,0.9167
Gcn4p,GCN4,AATGTGTCATAC,AATGTGTCATAC,12,0.0,1.0
Gcn4p,GCN4,AATGTGTCATC,AATGTGTCATC,11,0.0,1.0
Gcn4p,GCN4,AATGTGTCATT,AATGTGTCATT,11,0.0,1.0
Gcn4p,GCN4,AATNAGTCA,AATNAGTCA,9,0.1111,0.8889
Gcn4p,GCN4,AATTACTCATCA,AATTACTCATCA,12,0.0,1.0
Gcn4p,GCN4,AATTAGTCAGC,AATTAGTCAGC,11,0.0,1.0
Gcn4p,GCN4,AATTAGTCATAT,AATTAGTCATAT,12,0.0,1.0
Gcn4p,GCN4,AATTAGTCATCG,AATTAGTCATCG,12,0.0,1.0
Gcn4p,GCN4,AATTAGTCATGT,AATTAGTCATGT,12,0.0,1.0
Gcn4p,GCN4,AATTAGTCATTC,AATTAGTCATTC,12,0.0,1.0
Gcn4p,GCN4,AATTAGTCATTT,AATTAGTCATTT,12,0.0,1.0
Gcn4p,GCN4,AGAGTCACCA,AGAGTCACCA,10,0.0,1.0
Gcn4p,GCN4,AGAGTCATAC,AGAGTCATAC,10,0.0,1.0
Gcn4p,GCN4,AGAGTCATCAT,AGAGTCATCAT,11,0.0,1.0
Gcn4p,GCN4,AGAGTCATCC,AGAGTCATCC,10,0.0,1.0
Gcn4p,GCN4,AGAGTCATCG,AGAGTCATCG,10,0.0,1.0
Gcn4p,GCN4,AGAGTCATCT,AGAGTCATCT,10,0.0,1.0
Gcn4p,GCN4,AGAGTCATCTA,AGAGTCATCTA,11,0.0,1.0
Gcn4p,GCN4,AGAGTCATTT,AGAGTCATTT,10,0.0,1.0
Gcn4p,GCN4,AGATGAGTCATTT,AGATGAGTCATTT,13,0.0,1.0
Gcn4p,GCN4,AGGTGAGTCACG,AGGTGAGTCACG,12,0.0,1.0
Gcn4p,GCN4,AGGTGAGTCANA,AGGTGAGTCANA,12,0.0833,0.9167
Gcn4p,GCN4,AGTGAGTCACTT,AGTGAGTCACTT,12,0.0,1.0
Gcn4p,GCN4,AGTGAGTCANT,AGTGAGTCANT,11,0.0909,0.9091
Gcn4p,GCN4,AGTGAGTNATA,AGTGAGTNATA,11,0.0909,0.9091
Gcn4p,GCN4,AGTGTGTCATT,AGTGTGTCATT,11,0.0,1.0
Gcn4p,GCN4,ATAGTCATAT,ATAGTCATAT,10,0.0,1.0
Gcn4p,GCN4,ATATGAGTCACG,ATATGAGTCACG,12,0.0,1.0
Gcn4p,GCN4,ATATGAGTCATTC,ATATGAGTCATTC,13,0.0,1.0
Gcn4p,GCN4,ATATGAGTCATTCA,ATATGAGTCATTCA,14,0.0,1.0
Gcn4p,GCN4,ATATGANTCATA,ATATGANTCATA,12,0.0833,0.9167
Gcn4p,GCN4,ATATGANTCATAA,ATATGANTCATAA,13,0.0769,0.9231
Gcn4p,GCN4,ATATGANTCATAT,ATATGANTCATAT,13,0.0769,0.9231
Gcn4p,GCN4,ATCAGTCATAC,ATCAGTCATAC,11,0.0,1.0
Gcn4p,GCN4,ATCAGTCATCC,ATCAGTCATCC,11,0.0,1.0
Gcn4p,GCN4,ATCAGTCATTG,ATCAGTCATTG,11,0.0,1.0
Gcn4p,GCN4,ATGAGTNATA,ATGAGTNATA,10,0.1,0.9
Gcn4p,GCN4,ATGANTCACT,ATGANTCACT,10,0.1,0.9
Gcn4p,GCN4,ATGANTCATAT,ATGANTCATAT,11,0.0909,0.9091
Gcn4p,GCN4,ATGCGTCAC,ATGCGTCAC,9,0.0,1.0
Gcn4p,GCN4,ATGCGTCAT,ATGCGTCAT,9,0.0,1.0
Gcn4p,GCN4,ATGCGTCATAA,ATGCGTCATAA,11,0.0,1.0
Gcn4p,GCN4,ATGTGTCAC,ATGTGTCAC,9,0.0,1.0
Gcn4p,GCN4,ATGTGTCATT,ATGTGTCATT,10,0.0,1.0
Gcn4p,GCN4,ATTACTCATC,ATTACTCATC,10,0.0,1.0
Gcn4p,GCN4,ATTACTCATTT,ATTACTCATTT,11,0.0,1.0
Gcn4p,GCN4,ATTACTCATTTTT,ATTACTCATTTTT,13,0.0,1.0
Gcn4p,GCN4,ATTAGTCAC,ATTAGTCAC,9,0.0,1.0
Gcn4p,GCN4,ATTAGTCATCT,ATTAGTCATCT,11,0.0,1.0
Gcn4p,GCN4,ATTGACTCATG,ATTGACTCATG,11,0.0,1.0
Gcn4p,GCN4,ATTGACTCATTT,ATTGACTCATTT,12,0.0,1.0
Gcn4p,GCN4,ATTGAGTCACA,ATTGAGTCACA,11,0.0,1.0
Gcn4p,GCN4,ATTGAGTCACAG,ATTGAGTCACAG,12,0.0,1.0
Gcn4p,GCN4,ATTGAGTCACAT,ATTGAGTCACAT,12,0.0,1.0
Gcn4p,GCN4,ATTGAGTCACG,ATTGAGTCACG,11,0.0,1.0
Gcn4p,GCN4,ATTGAGTCAGAT,ATTGAGTCAGAT,12,0.0,1.0
Gcn4p,GCN4,ATTGAGTCATAT,ATTGAGTCATAT,12,0.0,1.0
Gcn4p,GCN4,ATTGAGTCATCG,ATTGAGTCATCG,12,0.0,1.0
Gcn4p,GCN4,ATTTGAGTCACAG,ATTTGAGTCACAG,13,0.0,1.0
Gcn4p,GCN4,ATTTGAGTCATCC,ATTTGAGTCATCC,13,0.0,1.0
Gcn4p,GCN4,ATTTGAGTCATGG,ATTTGAGTCATGG,13,0.0,1.0
Gcn4p,GCN4,ATTTGAGTCATTG,ATTTGAGTCATTG,13,0.0,1.0
Gcn4p,GCN4,CAATGAGTCATCT,CAATGAGTCATCT,13,0.0,1.0
Gcn4p,GCN4,CATGAGTCATCA,CATGAGTCATCA,12,0.0,1.0
Gcn4p,GCN4,CATGAGTCATCC,CATGAGTCATCC,12,0.0,1.0
Gcn4p,GCN4,CATGAGTCATG,CATGAGTCATG,11,0.0,1.0
Gcn4p,GCN4,CATGAGTCATGG,CATGAGTCATGG,12,0.0,1.0
Gcn4p,GCN4,CATTAGTCACA,CATTAGTCACA,11,0.0,1.0
Gcn4p,GCN4,CATTAGTCACT,CATTAGTCACT,11,0.0,1.0
Gcn4p,GCN4,CATTAGTCATG,CATTAGTCATG,11,0.0,1.0
Gcn4p,GCN4,CCTTAGTCAGC,CCTTAGTCAGC,11,0.0,1.0
Gcn4p,GCN4,CCTTAGTCATAT,CCTTAGTCATAT,12,0.0,1.0
Gcn4p,GCN4,CCTTAGTCATCA,CCTTAGTCATCA,12,0.0,1.0
Gcn4p,GCN4,CCTTAGTCATCT,CCTTAGTCATCT,12,0.0,1.0
Gcn4p,GCN4,CCTTAGTCATGG,CCTTAGTCATGG,12,0.0,1.0
Gcn4p,GCN4,CGATGAGTCAGA,CGATGAGTCAGA,12,0.0,1.0
Gcn4p,GCN4,CGATGAGTCAGC,CGATGAGTCAGC,12,0.0,1.0
Gcn4p,GCN4,CGATGAGTCANA,CGATGAGTCANA,12,0.0833,0.9167
Gcn4p,GCN4,CGATGAGTNATT,CGATGAGTNATT,12,0.0833,0.9167
Gcn4p,GCN4,CGTGAGTCA,CGTGAGTCA,9,0.0,1.0
Gcn4p,GCN4,CGTGAGTCAGTT,CGTGAGTCAGTT,12,0.0,1.0
Gcn4p,GCN4,CTGAGTCAGA,CTGAGTCAGA,10,0.0,1.0
Gcn4p,GCN4,CTGAGTCATCT,CTGAGTCATCT,11,0.0,1.0
Gcn4p,GCN4,CTGAGTCATCTA,CTGAGTCATCTA,12,0.0,1.0
Gcn4p,GCN4,CTGAGTCATGA,CTGAGTCATGA,11,0.0,1.0
Gcn4p,GCN4,CTGAGTCATTC,CTGAGTCATTC,11,0.0,1.0
Gcn4p,GCN4,CTGAGTCATTTTT,CTGAGTCATTTTT,13,0.0,1.0
Gcn4p,GCN4,CTTACTCATC,CTTACTCATC,10,0.0,1.0
Gcn4p,GCN4,CTTACTCATCA,CTTACTCATCA,11,0.0,1.0
Gcn4p,GCN4,CTTACTCATTT,CTTACTCATTT,11,0.0,1.0
Gcn4p,GCN4,CTTTAGTCACT,CTTTAGTCACT,11,0.0,1.0
Gcn4p,GCN4,GAAGAGTCACAT,GAAGAGTCACAT,12,0.0,1.0
Gcn4p,GCN4,GAAGAGTCACC,GAAGAGTCACC,11,0.0,1.0
Gcn4p,GCN4,GAAGAGTCAGA,GAAGAGTCAGA,11,0.0,1.0
Gcn4p,GCN4,GAAGAGTCATAT,GAAGAGTCATAT,12,0.0,1.0
Gcn4p,GCN4,GAAGAGTCATCA,GAAGAGTCATCA,12,0.0,1.0
Gcn4p,GCN4,GAAGAGTCATTG,GAAGAGTCATTG,12,0.0,1.0
Gcn4p,GCN4,GAATGAGTCANA,GAATGAGTCANA,12,0.0833,0.9167
Gcn4p,GCN4,GAATGAGTCANT,GAATGAGTCANT,12,0.0833,0.9167
Gcn4p,GCN4,GAATGAGTCATTG,GAATGAGTCATTG,13,0.0,1.0
Gcn4p,GCN4,GAGAGTCATATT,GAGAGTCATATT,12,0.0,1.0
Gcn4p,GCN4,GAGAGTCATCG,GAGAGTCATCG,11,0.0,1.0
Gcn4p,GCN4,GAGAGTCATGA,GAGAGTCATGA,11,0.0,1.0
Gcn4p,GCN4,GAGTCATCG,GAGTCATCG,9,0.0,1.0
Gcn4p,GCN4,GAGTCATCT,GAGTCATCT,9,0.0,1.0
Gcn4p,GCN4,GAGTCATCTA,GAGTCATCTA,10,0.0,1.0
Gcn4p,GCN4,GAGTCATTC,GAGTCATTC,9,0.0,1.0
Gcn4p,GCN4,GAGTCATTCA,GAGTCATTCA,10,0.0,1.0
Gcn4p,GCN4,GAGTCATTG,GAGTCATTG,9,0.0,1.0
Gcn4p,GCN4,GATGACTCATCA,GATGACTCATCA,12,0.0,1.0
Gcn4p,GCN4,GATGANTCATA,GATGANTCATA,11,0.0909,0.9091
Gcn4p,GCN4,GATGANTCATT,GATGANTCATT,11,0.0909,0.9091
Gcn4p,GCN4,GATGCGTCAC,GATGCGTCAC,10,0.0,1.0
Gcn4p,GCN4,GATGCGTCATA,GATGCGTCATA,11,0.0,1.0
Gcn4p,GCN4,GATGCGTCATT,GATGCGTCATT,11,0.0,1.0
Gcn4p,GCN4,GCTGAGTCACG,GCTGAGTCACG,11,0.0,1.0
Gcn4p,GCN4,GCTGAGTCACTG,GCTGAGTCACTG,12,0.0,1.0
Gcn4p,GCN4,GCTGAGTCATG,GCTGAGTCATG,11,0.0,1.0
Gcn4p,GCN4,GCTGAGTCATTA,GCTGAGTCATTA,12,0.0,1.0
Gcn4p,GCN4,GCTGAGTCATTC,GCTGAGTCATTC,12,0.0,1.0
Gcn4p,GCN4,GCTTACTCACT,GCTTACTCACT,11,0.0,1.0
Gcn4p,GCN4,GCTTACTCATC,GCTTACTCATC,11,0.0,1.0
Gcn4p,GCN4,GGAAGAGTCACA,GGAAGAGTCACA,12,0.0,1.0
Gcn4p,GCN4,GGAAGAGTCAGAT,GGAAGAGTCAGAT,13,0.0,1.0
Gcn4p,GCN4,GGAAGAGTCATTC,GGAAGAGTCATTC,13,0.0,1.0
Gcn4p,GCN4,GGAAGAGTCATTT,GGAAGAGTCATTT,13,0.0,1.0
Gcn4p,GCN4,GGATGAGTCANA,GGATGAGTCANA,12,0.0833,0.9167
Gcn4p,GCN4,GGTGACTCATCC,GGTGACTCATCC,12,0.0,1.0
Gcn4p,GCN4,GGTGAGTCACCA,GGTGAGTCACCA,12,0.0,1.0
Gcn4p,GCN4,GGTGAGTCAGC,GGTGAGTCAGC,11,0.0,1.0
Gcn4p,GCN4,GGTTAGTCATCA,GGTTAGTCATCA,12,0.0,1.0
Gcn4p,GCN4,GGTTAGTCATCG,GGTTAGTCATCG,12,0.0,1.0
Gcn4p,GCN4,GGTTAGTCATG,GGTTAGTCATG,11,0.0,1.0
Gcn4p,GCN4,GTCAGTCATAA,GTCAGTCATAA,11,0.0,1.0
Gcn4p,GCN4,GTCAGTCATCT,GTCAGTCATCT,11,0.0,1.0
Gcn4p,GCN4,GTCAGTCATTC,GTCAGTCATTC,11,0.0,1.0
Gcn4p,GCN4,GTGAATCAT,GTGAATCAT,9,0.0,1.0
Gcn4p,GCN4,GTGAATCATC,GTGAATCATC,10,0.0,1.0
Gcn4p,GCN4,GTGAGTNATAT,GTGAGTNATAT,11,0.0909,0.9091
Gcn4p,GCN4,GTGTGTCATAC,GTGTGTCATAC,11,0.0,1.0
Gcn4p,GCN4,GTGTGTCATTT,GTGTGTCATTT,11,0.0,1.0
Gcn4p,GCN4,GTTAGTCATG,GTTAGTCATG,10,0.0,1.0
Gcn4p,GCN4,TAAGAGTCACCG,TAAGAGTCACCG,12,0.0,1.0
Gcn4p,GCN4,TAAGAGTCAGA,TAAGAGTCAGA,11,0.0,1.0
Gcn4p,GCN4,TAAGAGTCATTT,TAAGAGTCATTT,12,0.0,1.0
Gcn4p,GCN4,TAATGAGTCACCT,TAATGAGTCACCT,13,0.0,1.0
Gcn4p,GCN4,TAATGAGTCAGC,TAATGAGTCAGC,12,0.0,1.0
Gcn4p,GCN4,TAATGAGTCAGTT,TAATGAGTCAGTT,13,0.0,1.0
Gcn4p,GCN4,TAGTCATTT,TAGTCATTT,9,0.0,1.0
Gcn4p,GCN4,TATGACTCATCA,TATGACTCATCA,12,0.0,1.0
Gcn4p,GCN4,TATGAGTNAT,TATGAGTNAT,10,0.1,0.9
Gcn4p,GCN4,TATGAGTNATT,TATGAGTNATT,11,0.0909,0.9091
Gcn4p,GCN4,TATGANTCATG,TATGANTCATG,11,0.0909,0.9091
Gcn4p,GCN4,TATTACTCATT,TATTACTCATT,11,0.0,1.0
Gcn4p,GCN4,TATTACTCATTT,TATTACTCATTT,12,0.0,1.0
Gcn4p,GCN4,TATTAGTCAC,TATTAGTCAC,10,0.0,1.0
Gcn4p,GCN4,TATTAGTCACAT,TATTAGTCACAT,12,0.0,1.0
Gcn4p,GCN4,TATTAGTCAGC,TATTAGTCAGC,11,0.0,1.0
Gcn4p,GCN4,TATTAGTCATA,TATTAGTCATA,11,0.0,1.0
Gcn4p,GCN4,TATTAGTCATAA,TATTAGTCATAA,12,0.0,1.0
Gcn4p,GCN4,TATTAGTCATAT,TATTAGTCATAT,12,0.0,1.0
Gcn4p,GCN4,TATTAGTCATGT,TATTAGTCATGT,12,0.0,1.0
Gcn4p,GCN4,TATTAGTCATTG,TATTAGTCATTG,12,0.0,1.0
Gcn4p,GCN4,TATTAGTCATTTTT,TATTAGTCATTTTT,14,0.0,1.0
Gcn4p,GCN4,TCAGTCATTC,TCAGTCATTC,10,0.0,1.0
Gcn4p,GCN4,TCTGACTCACG,TCTGACTCACG,11,0.0,1.0
Gcn4p,GCN4,TCTGAGTCAGC,TCTGAGTCAGC,11,0.0,1.0
Gcn4p,GCN4,TCTTACTCATC,TCTTACTCATC,11,0.0,1.0
Gcn4p,GCN4,TCTTACTCATT,TCTTACTCATT,11,0.0,1.0
Gcn4p,GCN4,TCTTAGTCA,TCTTAGTCA,9,0.0,1.0
Gcn4p,GCN4,TCTTAGTCACT,TCTTAGTCACT,11,0.0,1.0
Gcn4p,GCN4,TCTTAGTCATCA,TCTTAGTCATCA,12,0.0,1.0
Gcn4p,GCN4,TCTTAGTCATTC,TCTTAGTCATTC,12,0.0,1.0
Gcn4p,GCN4,TCTTAGTCATTG,TCTTAGTCATTG,12,0.0,1.0
Gcn4p,GCN4,TGAATCATC,TGAATCATC,9,0.0,1.0
Gcn4p,GCN4,TGANTCATT,TGANTCATT,9,0.1111,0.8889
Gcn4p,GCN4,TGATGAGTCACCA,TGATGAGTCACCA,13,0.0,1.0
Gcn4p,GCN4,TGATGAGTCAGA,TGATGAGTCAGA,12,0.0,1.0
Gcn4p,GCN4,TGCGTCATAA,TGCGTCATAA,10,0.0,1.0
Gcn4p,GCN4,TGCGTCATT,TGCGTCATT,9,0.0,1.0
Gcn4p,GCN4,TGTGAGTCANA,TGTGAGTCANA,11,0.0909,0.9091
Gcn4p,GCN4,TGTGAGTCATCAT,TGTGAGTCATCAT,13,0.0,1.0
Gcn4p,GCN4,TGTGAGTCATGA,TGTGAGTCATGA,12,0.0,1.0
Gcn4p,GCN4,TGTTAGTCAC,TGTTAGTCAC,10,0.0,1.0
Gcn4p,GCN4,TGTTAGTCAGC,TGTTAGTCAGC,11,0.0,1.0
Gcn4p,GCN4,TGTTAGTCATCA,TGTTAGTCATCA,12,0.0,1.0
Gcn4p,GCN4,TNGAGTCATAC,TNGAGTCATAC,11,0.0909,0.9091
Gcn4p,GCN4,TTAAGAGTCATCAT,TTAAGAGTCATCAT,14,0.0,1.0
Gcn4p,GCN4,TTATGAGTCATCT,TTATGAGTCATCT,13,0.0,1.0
Gcn4p,GCN4,TTATGATTAAGAGTCATAC,TTATGATTAAGAGTCATAC,19,0.0,1.0
Gcn4p,GCN4,TTATTAGTCACA,TTATTAGTCACA,12,0.0,1.0
Gcn4p,GCN4,TTATTAGTCATAC,TTATTAGTCATAC,13,0.0,1.0
Gcn4p,GCN4,TTATTAGTCATAT,TTATTAGTCATAT,13,0.0,1.0
Gcn4p,GCN4,TTATTAGTCATTC,TTATTAGTCATTC,13,0.0,1.0
Gcn4p,GCN4,TTCAGTCATCT,TTCAGTCATCT,11,0.0,1.0
Gcn4p,GCN4,TTCTGAGTCACG,TTCTGAGTCACG,12,0.0,1.0
Gcn4p,GCN4,TTGACTCATTC,TTGACTCATTC,11,0.0,1.0
Gcn4p,GCN4,TTGAGTCACTG,TTGAGTCACTG,11,0.0,1.0
Gcn4p,GCN4,TTGAGTCATCG,TTGAGTCATCG,11,0.0,1.0
Gcn4p,GCN4,TTGAGTCATG,TTGAGTCATG,10,0.0,1.0
Gcn4p,GCN4,TTGAGTCATGG,TTGAGTCATGG,11,0.0,1.0
Gcn4p,GCN4,TTGTGAGTCANA,TTGTGAGTCANA,12,0.0833,0.9167
Gcn4p,GCN4,TTGTGAGTCATAT,TTGTGAGTCATAT,13,0.0,1.0
Gcn4p,GCN4,TTTACTCATA,TTTACTCATA,10,0.0,1.0
Gcn4p,GCN4,TTTACTCATC,TTTACTCATC,10,0.0,1.0
Gcn4p,GCN4,TTTACTCATCA,TTTACTCATCA,11,0.0,1.0
Gcn4p,GCN4,TTTAGTCATA,TTTAGTCATA,10,0.0,1.0
Gcn4p,GCN4,TTTAGTCATAA,TTTAGTCATAA,11,0.0,1.0
Gcn4p,GCN4,TTTAGTCATAT,TTTAGTCATAT,11,0.0,1.0
Gcn4p,GCN4,TTTAGTCATCC,TTTAGTCATCC,11,0.0,1.0
Gcn4p,GCN4,TTTGACTCATCA,TTTGACTCATCA,12,0.0,1.0
Gcn4p,GCN4,TTTGACTCATG,TTTGACTCATG,11,0.0,1.0
Gcn4p,GCN4,TTTGACTCATTG,TTTGACTCATTG,12,0.0,1.0
Gcn4p,GCN4,TTTGAGTCAGA,TTTGAGTCAGA,11,0.0,1.0
Gcn4p,GCN4,TTTGAGTCAGC,TTTGAGTCAGC,11,0.0,1.0
Gcn4p,GCN4,TTTGAGTCATAA,TTTGAGTCATAA,12,0.0,1.0
Gcn4p,GCN4,TTTGAGTCATCC,TTTGAGTCATCC,12,0.0,1.0
Gcn4p,GCN4,TTTTAGTCACA,TTTTAGTCACA,11,0.0,1.0
Gcn4p,GCN4,TTTTAGTCATA,TTTTAGTCATA,11,0.0,1.0
Gcn4p,GCN4,TTTTAGTCATCC,TTTTAGTCATCC,12,0.0,1.0
Gcn4p,GCN4,TTTTAGTCATCG,TTTTAGTCATCG,12,0.0,1.0
Gcn4p,GCN4,TTTTAGTCATTC,TTTTAGTCATTC,12,0.0,1.0
Gcn4p,GCN4,AAAAGAGTCATAA,AAAAGAGTCATAA,13,0.0,1.0
Gcn4p,GCN4,AAATTAGTCAGC,AAATTAGTCAGC,12,0.0,1.0
Gcn4p,GCN4,AATGTGTCAC,AATGTGTCAC,10,0.0,1.0
Gcn4p,GCN4,AATTAGTCACT,AATTAGTCACT,11,0.0,1.0
Gcn4p,GCN4,AGGTGAGTCATG,AGGTGAGTCATG,12,0.0,1.0
Gcn4p,GCN4,ATGAATCATC,ATGAATCATC,10,0.0,1.0
Gcn4p,GCN4,GAAGAGTCA,GAAGAGTCA,9,0.0,1.0
Gcn4p,GCN4,GAAGAGTCATGG,GAAGAGTCATGG,12,0.0,1.0
Gcn4p,GCN4,GAAGAGTCATTC,GAAGAGTCATTC,12,0.0,1.0
Gcn4p,GCN4,GACTCATCT,GACTCATCT,9,0.0,1.0
Gcn4p,GCN4,GCTTACTCATA,GCTTACTCATA,11,0.0,1.0
Gcn4p,GCN4,GGAAGAGTCA,GGAAGAGTCA,10,0.0,1.0
Gcn4p,GCN4,GNTAGTCATNT,GNTAGTCATNT,11,0.1818,0.8182
Gcn4p,GCN4,TATTAGTCAG,TATTAGTCAG,10,0.0,1.0
Gcn4p,GCN4,TCTTACTCATCA,TCTTACTCATCA,12,0.0,1.0
Gcn4p,GCN4,TGTGAGTCANT,TGTGAGTCANT,11,0.0909,0.9091
Gcn4p,GCN4,TGTGAGTCATAC,TGTGAGTCATAC,12,0.0,1.0
Gcn4p,GCN4,TTATTAGTCACAT,TTATTAGTCACAT,13,0.0,1.0
Gcn4p,GCN4,TTCAGTCATTT,TTCAGTCATTT,11,0.0,1.0
Gcn4p,GCN4,TTTACTCATT,TTTACTCATT,10,0.0,1.0
Gcn4p,GCN4,AAAAGAGTCA,AAAAGAGTCA,10,0.0,1.0
Gcn4p,GCN4,AAAAGAGTCACCT,AAAAGAGTCACCT,13,0.0,1.0
Gcn4p,GCN4,AAATTAGTCATAC,AAATTAGTCATAC,13,0.0,1.0
Gcn4p,GCN4,AAATTAGTCATTG,AAATTAGTCATTG,13,0.0,1.0
Gcn4p,GCN4,AATCAGTCATT,AATCAGTCATT,11,0.0,1.0
Gcn4p,GCN4,AATTACTCATA,AATTACTCATA,11,0.0,1.0
Gcn4p,GCN4,AATTACTCATTT,AATTACTCATTT,12,0.0,1.0
Gcn4p,GCN4,AGAGTCATGA,AGAGTCATGA,10,0.0,1.0
Gcn4p,GCN4,AGTGTGTCATA,AGTGTGTCATA,11,0.0,1.0
Gcn4p,GCN4,ATATGAGTCACCG,ATATGAGTCACCG,13,0.0,1.0
Gcn4p,GCN4,ATATGAGTCATCG,ATATGAGTCATCG,13,0.0,1.0
Gcn4p,GCN4,ATCAGTCATCT,ATCAGTCATCT,11,0.0,1.0
Gcn4p,GCN4,ATGCGTCATT,ATGCGTCATT,10,0.0,1.0
Gcn4p,GCN4,ATGTGTCATA,ATGTGTCATA,10,0.0,1.0
Gcn4p,GCN4,ATGTGTCATAC,ATGTGTCATAC,11,0.0,1.0
Gcn4p,GCN4,ATGTGTCATC,ATGTGTCATC,10,0.0,1.0
Gcn4p,GCN4,ATTGAGTCATTA,ATTGAGTCATTA,12,0.0,1.0
Gcn4p,GCN4,ATTTGAGTCATTC,ATTTGAGTCATTC,13,0.0,1.0
Gcn4p,GCN4,CAATGAGTC,CAATGAGTC,9,0.0,1.0
Gcn4p,GCN4,CATTAGTCAGC,CATTAGTCAGC,11,0.0,1.0
Gcn4p,GCN4,CGTGAGTCATG,CGTGAGTCATG,11,0.0,1.0
Gcn4p,GCN4,CTGAGTCAGTT,CTGAGTCAGTT,11,0.0,1.0
Gcn4p,GCN4,CTGAGTCANA,CTGAGTCANA,10,0.1,0.9
Gcn4p,GCN4,CTTAGTCATAT,CTTAGTCATAT,11,0.0,1.0
Gcn4p,GCN4,CTTTAGTCAGC,CTTTAGTCAGC,11,0.0,1.0
Gcn4p,GCN4,CTTTAGTCATGT,CTTTAGTCATGT,12,0.0,1.0
Gcn4p,GCN4,GAAGAGTCAGAT,GAAGAGTCAGAT,12,0.0,1.0
Gcn4p,GCN4,GAGAGTCATCA,GAGAGTCATCA,11,0.0,1.0
Gcn4p,GCN4,GAGTCATCAT,GAGTCATCAT,10,0.0,1.0
Gcn4p,GCN4,GAGTCATTTT,GAGTCATTTT,10,0.0,1.0
Gcn4p,GCN4,GATGANTCAT,GATGANTCAT,10,0.1,0.9
Gcn4p,GCN4,GGAAGAGTCACG,GGAAGAGTCACG,12,0.0,1.0
Gcn4p,GCN4,GGTTAGTCAGC,GGTTAGTCAGC,11,0.0,1.0
Gcn4p,GCN4,GTGACTCATTA,GTGACTCATTA,11,0.0,1.0
Gcn4p,GCN4,GTGACTCATTG,GTGACTCATTG,11,0.0,1.0
Gcn4p,GCN4,GTTAGTCATT,GTTAGTCATT,10,0.0,1.0
Gcn4p,GCN4,TAAGAGTCATCA,TAAGAGTCATCA,12,0.0,1.0
Gcn4p,GCN4,TAATGAGTC,TAATGAGTC,9,0.0,1.0
Gcn4p,GCN4,TATGAGTCATG,TATGAGTCATG,11,0.0,1.0
Gcn4p,GCN4,TATGAGTNATAT,TATGAGTNATAT,12,0.0833,0.9167
Gcn4p,GCN4,TCTGAGTCAGA,TCTGAGTCAGA,11,0.0,1.0
Gcn4p,GCN4,TCTTACTCATA,TCTTACTCATA,11,0.0,1.0
Gcn4p,GCN4,TGANTCATTT,TGANTCATTT,10,0.1,0.9
Gcn4p,GCN4,TGTGTCATTT,TGTGTCATTT,10,0.0,1.0
Gcn4p,GCN4,TGTTAGTCATAT,TGTTAGTCATAT,12,0.0,1.0
Gcn4p,GCN4,TTATGAGTCANA,TTATGAGTCANA,12,0.0833,0.9167
Gcn4p,GCN4,TTGACTCATG,TTGACTCATG,10,0.0,1.0
Gcn4p,GCN4,TTTGACTCATTTTT,TTTGACTCATTTTT,14,0.0,1.0
Gcn4p,GCN4,TTTGAGTCATCA,TTTGAGTCATCA,12,0.0,1.0
Gcn4p,GCN4,TTTTAGTCACT,TTTTAGTCACT,11,0.0,1.0
Gcn4p,GCN4,TTTTAGTCATTG,TTTTAGTCATTG,12,0.0,1.0
Mig3p,MIG3,AATTRTCCGGGG,AATTRTCCGGGG,12,0.0833,0.9167
Mig3p,MIG3,TATAGTGCGGGG,TATAGTGCGGGG,12,0.0,1.0
Mig3p,MIG3,ATTTTTGTGGGG,ATTTTTGTGGGG,12,0.0,1.0
Mig3p,MIG3,GAATAYCTGGGG,GAATAYCTGGGG,12,0.0833,0.9167
Mig3p,MIG3,TTATTTCTGGGG,TTATTTCTGGGG,12,0.0,1.0
Mig3p,MIG3,TAAAAGCCGGGG,TAAAAGCCGGGG,12,0.0,1.0
Mig3p,MIG3,TTAAAAGCGGGG,TTAAAAGCGGGG,12,0.0,1.0
Mig3p,MIG3,TTAAACGTGGGG,TTAAACGTGGGG,12,0.0,1.0
Mig3p,MIG3,ATAAAACTGGGG,ATAAAACTGGGG,12,0.0,1.0
Mig3p,MIG3,ATAAACGCGGGG,ATAAACGCGGGG,12,0.0,1.0
Mig3p,MIG3,ATTAATGTGGGG,ATTAATGTGGGG,12,0.0,1.0
Mig3p,MIG3,AAAAATGCGGGG,AAAAATGCGGGG,12,0.0,1.0
Mig3p,MIG3,ATTTTGCGGGG,ATTTTGCGGGG,11,0.0,1.0
Gln3p,GLN3,GATAAG,GATAAG,6,0.0,1.0
Gln3p,GLN3,GATTAG,GATTAG,6,0.0,1.0
Aca1p,ACA1,TGACGTCA,TGACGTCA,8,0.0,1.0
Aca1p,ACA1,TTACGTAA,TTACGTAA,8,0.0,1.0
Mot2p,MOT2,ATATA,ATATA,5,0.0,1.0
Flo8p,FLO8,TTTGCN{97}GCAAA,TTTGCNGCAAA,11,0.0909,0.9091
Flo8p,FLO8,CGGGGTTTTCT,CGGGGTTTTCT,11,0.0,1.0
Swi4p,SWI4,CACGAAA,CACGAAA,7,0.0,1.0
Swi4p,SWI4,TTTTCGCT,TTTTCGCT,8,0.0,1.0
Com2p,COM2,AGGGG,AGGGG,5,0.0,1.0
Com2p,COM2,TCAGGGGT,TCAGGGGT,8,0.0,1.0
Com2p,COM2,AATAGGAG,AATAGGAG,8,0.0,1.0
Com2p,COM2,ATAGGGG,ATAGGGG,7,0.0,1.0
Com2p,COM2,ATAGGAG,ATAGGAG,7,0.0,1.0
Com2p,COM2,ATAGGGT,ATAGGGT,7,0.0,1.0
Rph1p,RPH1,CCCCT,CCCCT,5,0.0,1.0
Rph1p,RPH1,AGGGG,AGGGG,5,0.0,1.0
Znf1p,ZNF1,CGGN{9}CGG,CGGNCGG,7,0.1429,0.8571
Hac1p,HAC1,CAGCGTG,CAGCGTG,7,0.0,1.0
Hac1p,HAC1,ATGGTATCAT,ATGGTATCAT,10,0.0,1.0
Hac1p,HAC1,TGACGTCA,TGACGTCA,8,0.0,1.0
Hac1p,HAC1,CCAGC,CCAGC,5,0.0,1.0
Gat1p,GAT1,GATAAG,GATAAG,6,0.0,1.0
Pho4p,PHO4,CACGTK,CACGTK,6,0.1667,0.8333
Pho4p,PHO4,CACGTGGG,CACGTGGG,8,0.0,1.0
Fzf1p,FZF1,CGTATCGTATAAGGCAACAATAG,CGTATCGTATAAGGCAACAATAG,23,0.0,1.0
Fzf1p,FZF1,YGSMNMCTATCAYTTYY,YGSMNMCTATCAYTTYY,17,0.4706,0.5294
Hap2p,HAP2,TNATTGGT,TNATTGGT,8,0.125,0.875
Mig2p,MIG2,AATTRTCCGGGG,AATTRTCCGGGG,12,0.0833,0.9167
Mig2p,MIG2,TATAGTGCGGGG,TATAGTGCGGGG,12,0.0,1.0
Mig2p,MIG2,ATTTTTGTGGGG,ATTTTTGTGGGG,12,0.0,1.0
Mig2p,MIG2,GAATAYCTGGGG,GAATAYCTGGGG,12,0.0833,0.9167
Mig2p,MIG2,TTATTTCTGGGG,TTATTTCTGGGG,12,0.0,1.0
Mig2p,MIG2,TAAAAGCCGGGG,TAAAAGCCGGGG,12,0.0,1.0
Mig2p,MIG2,TTAAAAGCGGGG,TTAAAAGCGGGG,12,0.0,1.0
Mig2p,MIG2,TTAAACGTGGGG,TTAAACGTGGGG,12,0.0,1.0
Mig2p,MIG2,ATAAAACTGGGG,ATAAAACTGGGG,12,0.0,1.0
Mig2p,MIG2,ATAAACGCGGGG,ATAAACGCGGGG,12,0.0,1.0
Mig2p,MIG2,ATTAATGTGGGG,ATTAATGTGGGG,12,0.0,1.0
Mig2p,MIG2,AAAAATGCGGGG,AAAAATGCGGGG,12,0.0,1.0
Mig2p,MIG2,ATTTTGCGGGG,ATTTTGCGGGG,11,0.0,1.0
Mig2p,MIG2,CCCCRC,CCCCRC,6,0.1667,0.8333
Cup2p,CUP2,HTHNNGCTGD,HTHNNGCTGD,10,0.5,0.5
Cup2p,CUP2,GCGTCTTTTCCGCTGA,GCGTCTTTTCCGCTGA,16,0.0,1.0
Cup2p,CUP2,TCTTTTGCTG,TCTTTTGCTG,10,0.0,1.0
Cup2p,CUP2,TCTTTTTGCTG,TCTTTTTGCTG,11,0.0,1.0
Cup2p,CUP2,TCTTTTTTGCTG,TCTTTTTTGCTG,12,0.0,1.0
Sut1p,SUT1,TGTCGCCG,TGTCGCCG,8,0.0,1.0
Sut1p,SUT1,GCGCCGGGT,GCGCCGGGT,9,0.0,1.0
Sut1p,SUT1,GCACGGCG,GCACGGCG,8,0.0,1.0
Sut1p,SUT1,GAACGCCGGG,GAACGCCGGG,10,0.0,1.0
Sut1p,SUT1,TTTTTCAGCGCCGTG,TTTTTCAGCGCCGTG,15,0.0,1.0
Sut1p,SUT1,TTTTGCAAACGCCGAAT,TTTTGCAAACGCCGAAT,17,0.0,1.0
Sut1p,SUT1,TTTTCCGC,TTTTCCGC,8,0.0,1.0
Sut1p,SUT1,TTCGCCGAAT,TTCGCCGAAT,10,0.0,1.0
Sut1p,SUT1,GCGCCGTG,GCGCCGTG,8,0.0,1.0
Sut1p,SUT1,GCGCCGGGC,GCGCCGGGC,9,0.0,1.0
Sut1p,SUT1,GCGCCGGG,GCGCCGGG,8,0.0,1.0
Sut1p,SUT1,GCCGAAGG,GCCGAAGG,8,0.0,1.0
Sut1p,SUT1,GCACGCCGCG,GCACGCCGCG,10,0.0,1.0
Sut1p,SUT1,GACGCCGAT,GACGCCGAT,9,0.0,1.0
Sut1p,SUT1,GACGCCGAAT,GACGCCGAAT,10,0.0,1.0
Sut1p,SUT1,GACGCCGAAAAA,GACGCCGAAAAA,12,0.0,1.0
Sut1p,SUT1,GAACGCCGAAT,GAACGCCGAAT,11,0.0,1.0
Sut1p,SUT1,GAACGCCG,GAACGCCG,8,0.0,1.0
Sut1p,SUT1,CGGCGCCGAAAAA,CGGCGCCGAAAAA,13,0.0,1.0
Sut1p,SUT1,CGGAAAAA,CGGAAAAA,8,0.0,1.0
Sut1p,SUT1,CCCGCCGAAAAA,CCCGCCGAAAAA,12,0.0,1.0
Sut1p,SUT1,CAGCGCCGAGAT,CAGCGCCGAGAT,12,0.0,1.0
Sut1p,SUT1,CAGCGCCG,CAGCGCCG,8,0.0,1.0
Sut1p,SUT1,ACGCCGGTC,ACGCCGGTC,9,0.0,1.0
Sut1p,SUT1,ACGCCGGAG,ACGCCGGAG,9,0.0,1.0
Sut1p,SUT1,ACGCCGCAT,ACGCCGCAT,9,0.0,1.0
Sut1p,SUT1,AAGGGAAACGCCGGAGGCGACG,AAGGGAAACGCCGGAGGCGACG,22,0.0,1.0
Sut1p,SUT1,AAGGGAAA,AAGGGAAA,8,0.0,1.0
Sut1p,SUT1,AACGGCGCCG,AACGGCGCCG,10,0.0,1.0
Sut1p,SUT1,AACGCCGAC,AACGCCGAC,9,0.0,1.0
Sut1p,SUT1,AAACGCCGCG,AAACGCCGCG,10,0.0,1.0
Sut1p,SUT1,AAACGCCGAAT,AAACGCCGAAT,11,0.0,1.0
Sut1p,SUT1,TTCGCCGAGC,TTCGCCGAGC,10,0.0,1.0
Sut1p,SUT1,TTCGCCGAGAT,TTCGCCGAGAT,11,0.0,1.0
Sut1p,SUT1,TTCGCCGAGA,TTCGCCGAGA,10,0.0,1.0
Sut1p,SUT1,TTCGCCGAAAC,TTCGCCGAAAC,11,0.0,1.0
Sut1p,SUT1,TTCGCCGAAAA,TTCGCCGAAAA,11,0.0,1.0
Sut1p,SUT1,TTCGCCGA,TTCGCCGA,8,0.0,1.0
Sut1p,SUT1,TGCCGTCG,TGCCGTCG,8,0.0,1.0
Sut1p,SUT1,TGCCGATA,TGCCGATA,8,0.0,1.0
Sut1p,SUT1,TGCCGAGCA,TGCCGAGCA,9,0.0,1.0
Sut1p,SUT1,TGCCGAAAC,TGCCGAAAC,9,0.0,1.0
Sut1p,SUT1,TGCCGAAAA,TGCCGAAAA,9,0.0,1.0
Sut1p,SUT1,TGCCGAAA,TGCCGAAA,8,0.0,1.0
Sut1p,SUT1,TCGCCGGGT,TCGCCGGGT,9,0.0,1.0
Sut1p,SUT1,TCGCCGGGC,TCGCCGGGC,9,0.0,1.0
Sut1p,SUT1,TCGCCGAGC,TCGCCGAGC,9,0.0,1.0
Sut1p,SUT1,TCGCCGAAGA,TCGCCGAAGA,10,0.0,1.0
Sut1p,SUT1,TAGCGCCGCAT,TAGCGCCGCAT,11,0.0,1.0
Sut1p,SUT1,TAGCGCCG,TAGCGCCG,8,0.0,1.0
Sut1p,SUT1,TAGCAGCCAAGC,TAGCAGCCAAGC,12,0.0,1.0
Sut1p,SUT1,TACGCCGAATG,TACGCCGAATG,11,0.0,1.0
Sut1p,SUT1,GTTCCGAT,GTTCCGAT,8,0.0,1.0
Sut1p,SUT1,GTGCGGTG,GTGCGGTG,8,0.0,1.0
Sut1p,SUT1,GGGCGCCG,GGGCGCCG,8,0.0,1.0
Sut1p,SUT1,GGCGCCGCAT,GGCGCCGCAT,10,0.0,1.0
Sut1p,SUT1,GGCGCCGCA,GGCGCCGCA,9,0.0,1.0
Sut1p,SUT1,GGCGCCGAAGG,GGCGCCGAAGG,11,0.0,1.0
Sut1p,SUT1,GCTCCGCCG,GCTCCGCCG,9,0.0,1.0
Sut1p,SUT1,GCTCCGCC,GCTCCGCC,8,0.0,1.0
Sut1p,SUT1,GCGCCGAAGA,GCGCCGAAGA,10,0.0,1.0
Sut1p,SUT1,GCCGCCGAGC,GCCGCCGAGC,10,0.0,1.0
Sut1p,SUT1,GCCGCCGAGAAA,GCCGCCGAGAAA,12,0.0,1.0
Sut1p,SUT1,GCCGCCGAAGA,GCCGCCGAAGA,11,0.0,1.0
Sut1p,SUT1,GCCGCCGAAG,GCCGCCGAAG,10,0.0,1.0
Sut1p,SUT1,GCCGCCGAAC,GCCGCCGAAC,10,0.0,1.0
Sut1p,SUT1,GCCGCCGAAAC,GCCGCCGAAAC,11,0.0,1.0
Sut1p,SUT1,GCCGCCGAAA,GCCGCCGAAA,10,0.0,1.0
Sut1p,SUT1,GCCGAGAT,GCCGAGAT,8,0.0,1.0
Sut1p,SUT1,GCCGAGAAA,GCCGAGAAA,9,0.0,1.0
Sut1p,SUT1,GCCGAATG,GCCGAATG,8,0.0,1.0
Sut1p,SUT1,GCCGAAAC,GCCGAAAC,8,0.0,1.0
Sut1p,SUT1,GCCGAAAAA,GCCGAAAAA,9,0.0,1.0
Sut1p,SUT1,GCCGAAAA,GCCGAAAA,8,0.0,1.0
Sut1p,SUT1,GCACGCCGAATG,GCACGCCGAATG,12,0.0,1.0
Sut1p,SUT1,GACGCCGAC,GACGCCGAC,9,0.0,1.0
Sut1p,SUT1,GACGCCGAAA,GACGCCGAAA,10,0.0,1.0
Sut1p,SUT1,GAACGCCGGGT,GAACGCCGGGT,11,0.0,1.0
Sut1p,SUT1,GAACGCCGCG,GAACGCCGCG,10,0.0,1.0
Sut1p,SUT1,GAACGCCGCA,GAACGCCGCA,10,0.0,1.0
Sut1p,SUT1,CTCCGCCG,CTCCGCCG,8,0.0,1.0
Sut1p,SUT1,CTACGCCGGTC,CTACGCCGGTC,11,0.0,1.0
Sut1p,SUT1,CTACGCCGAGA,CTACGCCGAGA,11,0.0,1.0
Sut1p,SUT1,CTACGCCGAAAA,CTACGCCGAAAA,12,0.0,1.0
Sut1p,SUT1,CGGCGCCGCGT,CGGCGCCGCGT,11,0.0,1.0
Sut1p,SUT1,CGGCGCCGAAA,CGGCGCCGAAA,11,0.0,1.0
Sut1p,SUT1,CGGCGCCGA,CGGCGCCGA,9,0.0,1.0
Sut1p,SUT1,CGCTTAAAAGCCGAACGCTCTAC,CGCTTAAAAGCCGAACGCTCTAC,23,0.0,1.0
Sut1p,SUT1,CGCTTAAA,CGCTTAAA,8,0.0,1.0
Sut1p,SUT1,CGCTCTAC,CGCTCTAC,8,0.0,1.0
Sut1p,SUT1,CGCCGAGAA,CGCCGAGAA,9,0.0,1.0
Sut1p,SUT1,CGCCGAGA,CGCCGAGA,8,0.0,1.0
Sut1p,SUT1,CGCATAAACGCCGAAAA,CGCATAAACGCCGAAAA,17,0.0,1.0
Sut1p,SUT1,CCTTGCCG,CCTTGCCG,8,0.0,1.0
Sut1p,SUT1,CCGGGGAA,CCGGGGAA,8,0.0,1.0
Sut1p,SUT1,CCGCCGAAT,CCGCCGAAT,9,0.0,1.0
Sut1p,SUT1,CCGAAAAA,CCGAAAAA,8,0.0,1.0
Sut1p,SUT1,CCCGCCGAACGGCGA,CCCGCCGAACGGCGA,15,0.0,1.0
Sut1p,SUT1,CCCGCCGA,CCCGCCGA,8,0.0,1.0
Sut1p,SUT1,CATCGCCGAAGA,CATCGCCGAAGA,12,0.0,1.0
Sut1p,SUT1,CAGCCAAGC,CAGCCAAGC,9,0.0,1.0
Sut1p,SUT1,CACGGCAT,CACGGCAT,8,0.0,1.0
Sut1p,SUT1,CAACGCCGGGT,CAACGCCGGGT,11,0.0,1.0
Sut1p,SUT1,CAACGCCGAGAA,CAACGCCGAGAA,12,0.0,1.0
Sut1p,SUT1,CAACGCCGACA,CAACGCCGACA,11,0.0,1.0
Sut1p,SUT1,CAACGCCGAAGG,CAACGCCGAAGG,12,0.0,1.0
Sut1p,SUT1,ATTTTGCC,ATTTTGCC,8,0.0,1.0
Sut1p,SUT1,ATGCCGAAGG,ATGCCGAAGG,10,0.0,1.0
Sut1p,SUT1,ATGCCGAAAC,ATGCCGAAAC,10,0.0,1.0
Sut1p,SUT1,ATGCCGAAA,ATGCCGAAA,9,0.0,1.0
Sut1p,SUT1,ATGCCGAA,ATGCCGAA,8,0.0,1.0
Sut1p,SUT1,ATCGCCGAAC,ATCGCCGAAC,10,0.0,1.0
Sut1p,SUT1,ATCGCCGAAA,ATCGCCGAAA,10,0.0,1.0
Sut1p,SUT1,AGTGGCAA,AGTGGCAA,8,0.0,1.0
Sut1p,SUT1,AGCCGAAC,AGCCGAAC,8,0.0,1.0
Sut1p,SUT1,ACGCCGGGT,ACGCCGGGT,9,0.0,1.0
Sut1p,SUT1,ACGCCGGA,ACGCCGGA,8,0.0,1.0
Sut1p,SUT1,ACGCCGCGT,ACGCCGCGT,9,0.0,1.0
Sut1p,SUT1,ACGCCGCG,ACGCCGCG,8,0.0,1.0
Sut1p,SUT1,ACGCCGAC,ACGCCGAC,8,0.0,1.0
Sut1p,SUT1,AAGCCGAAAC,AAGCCGAAAC,10,0.0,1.0
Sut1p,SUT1,AAGCCGAA,AAGCCGAA,8,0.0,1.0
Sut1p,SUT1,AACGGCGA,AACGGCGA,8,0.0,1.0
Sut1p,SUT1,AACGGAAG,AACGGAAG,8,0.0,1.0
Sut1p,SUT1,AACGCCGAGC,AACGCCGAGC,10,0.0,1.0
Sut1p,SUT1,AACGCCGAAGG,AACGCCGAAGG,11,0.0,1.0
Sut1p,SUT1,AAAGCCGAA,AAAGCCGAA,9,0.0,1.0
Sut1p,SUT1,AAACGCCGGGT,AAACGCCGGGT,11,0.0,1.0
Sut1p,SUT1,AAACGCCGGGC,AAACGCCGGGC,11,0.0,1.0
Sut1p,SUT1,AAACGCCGCA,AAACGCCGCA,10,0.0,1.0
Sut1p,SUT1,AAACGCCGACA,AAACGCCGACA,11,0.0,1.0
Sut1p,SUT1,AAACGCCG,AAACGCCG,8,0.0,1.0
Sut1p,SUT1,TTCGCCGAG,TTCGCCGAG,9,0.0,1.0
Sut1p,SUT1,TTCGCCGAAC,TTCGCCGAAC,10,0.0,1.0
Sut1p,SUT1,TACGCCGAC,TACGCCGAC,9,0.0,1.0
Sut1p,SUT1,TACGCCGAAG,TACGCCGAAG,10,0.0,1.0
Sut1p,SUT1,GGCGCCGAGAT,GGCGCCGAGAT,11,0.0,1.0
Sut1p,SUT1,GCACGCCGGT,GCACGCCGGT,10,0.0,1.0
Sut1p,SUT1,ATGCCGAAAA,ATGCCGAAAA,10,0.0,1.0
Sut1p,SUT1,ACGCCGAAA,ACGCCGAAA,9,0.0,1.0
Sut1p,SUT1,AAACGCCGGAG,AAACGCCGGAG,11,0.0,1.0
Hsf1p,HSF1,NGAANNTTCN,NGAANNTTCN,10,0.4,0.6
Hsf1p,HSF1,NTTCNNGAAN,NTTCNNGAAN,10,0.4,0.6
Hsf1p,HSF1,NGAANNTTCNNGAAN,NGAANNTTCNNGAAN,15,0.4,0.6
Hsf1p,HSF1,NGAANNNNNNNGAANNNNNNNGAAN,NGAANNNNNNNGAANNNNNNNGAAN,25,0.64,0.36
Hsf1p,HSF1,CTTCATGAAA,CTTCATGAAA,10,0.0,1.0
Hsf1p,HSF1,TTCTAGAANNTTCTAGAA,TTCTAGAANNTTCTAGAA,18,0.1111,0.8889
Hsf1p,HSF1,TTCNNGAA,TTCNNGAA,8,0.25,0.75
Hsf1p,HSF1,TTCNNGAANNTTC,TTCNNGAANNTTC,13,0.3077,0.6923
Hsf1p,HSF1,GAANNTTCNNGAA,GAANNTTCNNGAA,13,0.3077,0.6923
Hsf1p,HSF1,TTCNNGAANNTTCNNGAA,TTCNNGAANNTTCNNGAA,18,0.3333,0.6667
Hsf1p,HSF1,TTCNNGAANNNNNNNGAA,TTCNNGAANNNNNNNGAA,18,0.5,0.5
Hsf1p,HSF1,TTCNNNNNNNTTCNNGAA,TTCNNNNNNNTTCNNGAA,18,0.5,0.5
Hsf1p,HSF1,TTCNNNNNNNTTCNNNNNNNTTC,TTCNNNNNNNTTCNNNNNNNTTC,23,0.6087,0.3913
Hsf1p,HSF1,GAANNNNNNNGAANNNNNNNGAA,GAANNNNNNNGAANNNNNNNGAA,23,0.6087,0.3913
Hsf1p,HSF1,TTCTTCNNNNNNNTTC,TTCTTCNNNNNNNTTC,16,0.4375,0.5625
Aft1p,AFT1,YRCACCCR,YRCACCCR,8,0.375,0.625
Aft1p,AFT1,TGCACCC,TGCACCC,7,0.0,1.0
Aft1p,AFT1,GGCACCC,GGCACCC,7,0.0,1.0
Aft1p,AFT1,TGCACCCA,TGCACCCA,8,0.0,1.0
Mig1p,MIG1,AATTRTCCGGGG,AATTRTCCGGGG,12,0.0833,0.9167
Mig1p,MIG1,TATAGTGCGGGG,TATAGTGCGGGG,12,0.0,1.0
Mig1p,MIG1,ATTTTTGTGGGG,ATTTTTGTGGGG,12,0.0,1.0
Mig1p,MIG1,GAATAYCTGGGG,GAATAYCTGGGG,12,0.0833,0.9167
Mig1p,MIG1,TTATTTCTGGGG,TTATTTCTGGGG,12,0.0,1.0
Mig1p,MIG1,TAAAAGCCGGGG,TAAAAGCCGGGG,12,0.0,1.0
Mig1p,MIG1,TTAAAAGCGGGG,TTAAAAGCGGGG,12,0.0,1.0
Mig1p,MIG1,TTAAACGTGGGG,TTAAACGTGGGG,12,0.0,1.0
Mig1p,MIG1,ATAAAACTGGGG,ATAAAACTGGGG,12,0.0,1.0
Mig1p,MIG1,ATAAACGCGGGG,ATAAACGCGGGG,12,0.0,1.0
Mig1p,MIG1,ATTAATGTGGGG,ATTAATGTGGGG,12,0.0,1.0
Mig1p,MIG1,AAAAATGCGGGG,AAAAATGCGGGG,12,0.0,1.0
Mig1p,MIG1,ATTTTGCGGGG,ATTTTGCGGGG,11,0.0,1.0
Mig1p,MIG1,CCCCRC,CCCCRC,6,0.1667,0.8333
Mig1p,MIG1,SYGGRG,SYGGRG,6,0.5,0.5
Pdr1p,PDR1,TCCGCGGA,TCCGCGGA,8,0.0,1.0
Pdr1p,PDR1,TCCGTGGA,TCCGTGGA,8,0.0,1.0
Pdr1p,PDR1,TCCACGGA,TCCACGGA,8,0.0,1.0
Pdr1p,PDR1,TCCGCGCA,TCCGCGCA,8,0.0,1.0
Pdr1p,PDR1,TCCGCGGG,TCCGCGGG,8,0.0,1.0
Rme1p,RME1,GTACCACAAAA,GTACCACAAAA,11,0.0,1.0
Rme1p,RME1,GTACCTCAAAA,GTACCTCAAAA,11,0.0,1.0
Rme1p,RME1,GAACCTCAARA,GAACCTCAARA,11,0.0909,0.9091
Rim101p,RIM101,TGCCAAG,TGCCAAG,7,0.0,1.0
Rim101p,RIM101,CTTGGCR,CTTGGCR,7,0.1429,0.8571
Yap3p,YAP3,TTACTAA,TTACTAA,7,0.0,1.0
Yap3p,YAP3,TGACTCA,TGACTCA,7,0.0,1.0
Yap3p,YAP3,ATTACGTAAT,ATTACGTAAT,10,0.0,1.0
Stp2p,STP2,CGGCTC,CGGCTC,6,0.0,1.0
Stp2p,STP2,CGGGGTGNNNNNNNCGCACCG,CGGGGTGNNNNNNNCGCACCG,21,0.3333,0.6667
Stp2p,STP2,CNCACCNG,CNCACCNG,8,0.25,0.75
Ste12p,STE12,TGAAACA,TGAAACA,7,0.0,1.0
Ste12p,STE12,MTGAAACA,MTGAAACA,8,0.125,0.875
Ste12p,STE12,ATGAAACA,ATGAAACA,8,0.0,1.0
Ste12p,STE12,GGAAACA,GGAAACA,7,0.0,1.0
Ste12p,STE12,TGTTTCAN{21}GGAAACG,TGTTTCANGGAAACG,15,0.0667,0.9333
Ste12p,STE12,TGTTTCCN{18}TGTTTCT,TGTTTCCNTGTTTCT,15,0.0667,0.9333
Ste12p,STE12,ATAAAACA,ATAAAACA,8,0.0,1.0
Ste12p,STE12,ATGCAACA,ATGCAACA,8,0.0,1.0
Ste12p,STE12,ATGAAACAATGAAACA,ATGAAACAATGAAACA,16,0.0,1.0
Ste12p,STE12,TTGAAACAATGAAACA,TTGAAACAATGAAACA,16,0.0,1.0
Ste12p,STE12,ATGAAACAATGAGACA,ATGAAACAATGAGACA,16,0.0,1.0
Ste12p,STE12,ATGAAACAATGAAACG,ATGAAACAATGAAACG,16,0.0,1.0
Ste12p,STE12,TTGAAACAATGAAACG,TTGAAACAATGAAACG,16,0.0,1.0
Ste12p,STE12,CGTTTCAAAATGAAACA,CGTTTCAAAATGAAACA,17,0.0,1.0
Ste12p,STE12,ATGAACAN{3}ATGAAACA,ATGAACANATGAAACA,16,0.0625,0.9375
Ste12p,STE12,ATGAACAN{40}ATGAAACA,ATGAACANATGAAACA,16,0.0625,0.9375
Ste12p,STE12,CGTTTCAN{40}ATGAAACA,CGTTTCANATGAAACA,16,0.0625,0.9375
Ste12p,STE12,TGTTTCA,TGTTTCA,7,0.0,1.0
Ste12p,STE12,GTTTCANNNTGAAAC,GTTTCANNNTGAAAC,15,0.2,0.8
Ndt80p,NDT80,GNCRCAAAW,GNCRCAAAW,9,0.3333,0.6667
Ndt80p,NDT80,CACAAA,CACAAA,6,0.0,1.0
Rof1p,ROF1,TTAAGGTT,TTAAGGTT,8,0.0,1.0
Stb5p,STB5,TCTCCGCGAAC,TCTCCGCGAAC,11,0.0,1.0
Stb5p,STB5,CGGNS,CGGNS,5,0.4,0.6
Stb5p,STB5,TATCTCCG,TATCTCCG,8,0.0,1.0
Stb5p,STB5,TATCTCC,TATCTCC,7,0.0,1.0
Stb5p,STB5,TATCACC,TATCACC,7,0.0,1.0
Stb5p,STB5,TANNTCCG,TANNTCCG,8,0.25,0.75
Stb5p,STB5,TANCNCCG,TANCNCCG,8,0.25,0.75
Stb5p,STB5,TAANNCCG,TAANNCCG,8,0.25,0.75
Stb5p,STB5,TAAGTCCG,TAAGTCCG,8,0.0,1.0
Stb5p,STB5,TAAGTCC,TAAGTCC,7,0.0,1.0
Stb5p,STB5,TAAGCCCG,TAAGCCCG,8,0.0,1.0
Stb5p,STB5,TAACTCCG,TAACTCCG,8,0.0,1.0
Stb5p,STB5,TAACTCC,TAACTCC,7,0.0,1.0
Stb5p,STB5,TAACNCCG,TAACNCCG,8,0.125,0.875
Stb5p,STB5,TAACCCCG,TAACCCCG,8,0.0,1.0
Stb5p,STB5,TAACCCC,TAACCCC,7,0.0,1.0
Stb5p,STB5,TAACACCGC,TAACACCGC,9,0.0,1.0
Stb5p,STB5,TAACACCG,TAACACCG,8,0.0,1.0
Stb5p,STB5,TAACACC,TAACACC,7,0.0,1.0
Stb5p,STB5,CACCGC,CACCGC,6,0.0,1.0
Stb5p,STB5,ATGTCCG,ATGTCCG,7,0.0,1.0
Stb5p,STB5,ATCTCCG,ATCTCCG,7,0.0,1.0
Stb5p,STB5,ATAACTCCG,ATAACTCCG,9,0.0,1.0
Stb5p,STB5,ATAACTCC,ATAACTCC,8,0.0,1.0
Stb5p,STB5,ATAACNCCG,ATAACNCCG,9,0.1111,0.8889
Stb5p,STB5,ATAACCCCG,ATAACCCCG,9,0.0,1.0
Stb5p,STB5,ATAACACCGC,ATAACACCGC,10,0.0,1.0
Stb5p,STB5,ATAACACCG,ATAACACCG,9,0.0,1.0
Stb5p,STB5,ACTCCG,ACTCCG,6,0.0,1.0
Stb5p,STB5,ACCCCG,ACCCCG,6,0.0,1.0
Stb5p,STB5,ACACCGC,ACACCGC,7,0.0,1.0
Stb5p,STB5,ACACCG,ACACCG,6,0.0,1.0
Stb5p,STB5,AAGTCCG,AAGTCCG,7,0.0,1.0
Stb5p,STB5,AAGCCCG,AAGCCCG,7,0.0,1.0
Stb5p,STB5,AACTCC,AACTCC,6,0.0,1.0
Stb5p,STB5,AACACCGC,AACACCGC,8,0.0,1.0
Stb5p,STB5,AACACC,AACACC,6,0.0,1.0
Stb5p,STB5,AAANNCCG,AAANNCCG,8,0.25,0.75
Stb5p,STB5,AAACTCCG,AAACTCCG,8,0.0,1.0
Stb5p,STB5,AAACCCCG,AAACCCCG,8,0.0,1.0
Stb5p,STB5,AAACACCGC,AAACACCGC,9,0.0,1.0
Stb5p,STB5,AAACACCG,AAACACCG,8,0.0,1.0
Stb5p,STB5,AAACACC,AAACACC,7,0.0,1.0
Stb5p,STB5,AAAACACCGC,AAAACACCGC,10,0.0,1.0
Stb5p,STB5,AAAACACCG,AAAACACCG,9,0.0,1.0
Stb5p,STB5,TATCACCGC,TATCACCGC,9,0.0,1.0
Stb5p,STB5,TAAGCCC,TAAGCCC,7,0.0,1.0
Stb5p,STB5,TAACNCC,TAACNCC,7,0.1429,0.8571
Stb5p,STB5,ATAACCCC,ATAACCCC,8,0.0,1.0
Stb5p,STB5,ATAACACC,ATAACACC,8,0.0,1.0
Stb5p,STB5,AACTCCG,AACTCCG,7,0.0,1.0
Stb5p,STB5,AACCCCG,AACCCCG,7,0.0,1.0
Stb5p,STB5,AAAACACC,AAAACACC,8,0.0,1.0
Stb5p,STB5,ATAACNCC,ATAACNCC,8,0.125,0.875
Stb5p,STB5,AACACCG,AACACCG,7,0.0,1.0
Skn7p,SKN7,GGCYGGC,GGCYGGC,7,0.1429,0.8571
Skn7p,SKN7,AGAACGTTC,AGAACGTTC,9,0.0,1.0
Skn7p,SKN7,ATTTGGYTGGGCC,ATTTGGYTGGGCC,13,0.0769,0.9231
Skn7p,SKN7,GGCGAGATCT,GGCGAGATCT,10,0.0,1.0
Skn7p,SKN7,GGCCCAGA,GGCCCAGA,8,0.0,1.0
Skn7p,SKN7,GGCCGGC,GGCCGGC,7,0.0,1.0
Skn7p,SKN7,GGCCAGA,GGCCAGA,7,0.0,1.0
Skn7p,SKN7,GGCTGGC,GGCTGGC,7,0.0,1.0
Skn7p,SKN7,GGCCR,GGCCR,5,0.2,0.8
Fkh1p,FKH1,GTMAACAA,GTMAACAA,8,0.125,0.875
Fkh1p,FKH1,RTAAAYAA,RTAAAYAA,8,0.25,0.75
Fkh1p,FKH1,RYMAAYA,RYMAAYA,7,0.5714,0.4286
Fkh1p,FKH1,RYAAACAWW,RYAAACAWW,9,0.4444,0.5556
Fkh1p,FKH1,AAACA,AAACA,5,0.0,1.0
Fkh1p,FKH1,GTAAACAA,GTAAACAA,8,0.0,1.0
Xbp1p,XBP1,CTCGA,CTCGA,5,0.0,1.0
Cst6p,CST6,TGACGTCA,TGACGTCA,8,0.0,1.0
Cst6p,CST6,TTACGTAA,TTACGTAA,8,0.0,1.0
Cst6p,CST6,GTGACGT,GTGACGT,7,0.0,1.0
Yap5p,YAP5,TTACTAA,TTACTAA,7,0.0,1.0
Dal81p,DAL81,SAAAWNTGCGBT,SAAAWNTGCGBT,12,0.3333,0.6667
Dal81p,DAL81,GAAAATTGCGTT,GAAAATTGCGTT,12,0.0,1.0
Dal81p,DAL81,CGGCN{6}GCCG,CGGCNGCCG,9,0.1111,0.8889
Gzf3p,GZF3,GATAAG,GATAAG,6,0.0,1.0
Gsm1p,GSM1,CGGNNNNNNNNCGG,CGGNNNNNNNNCGG,14,0.5714,0.4286
Gsm1p,GSM1,CGGNNNNNNNNNCGG,CGGNNNNNNNNNCGG,15,0.6,0.4
Cbf1p,CBF1,RTCACGTG,RTCACGTG,8,0.125,0.875
Cbf1p,CBF1,RTCACRTG,RTCACRTG,8,0.25,0.75
Cbf1p,CBF1,TCACGTT,TCACGTT,7,0.0,1.0
Cbf1p,CBF1,CACGTG,CACGTG,6,0.0,1.0
Cbf1p,CBF1,AAAGCACGTG,AAAGCACGTG,10,0.0,1.0
Cbf1p,CBF1,AAAGCACGTGAACA,AAAGCACGTGAACA,14,0.0,1.0
Cbf1p,CBF1,AAAGCACGTGAG,AAAGCACGTGAG,12,0.0,1.0
Cbf1p,CBF1,AAAGCACGTGCNCA,AAAGCACGTGCNCA,14,0.0714,0.9286
Cbf1p,CBF1,AAAGCACGTGGNC,AAAGCACGTGGNC,13,0.0769,0.9231
Cbf1p,CBF1,AAANCACGTG,AAANCACGTG,10,0.1,0.9
Cbf1p,CBF1,AAATCACGT,AAATCACGT,9,0.0,1.0
Cbf1p,CBF1,AAATCACGTGACA,AAATCACGTGACA,13,0.0,1.0
Cbf1p,CBF1,AAATCACGTGCGA,AAATCACGTGCGA,13,0.0,1.0
Cbf1p,CBF1,AAATCACGTGGT,AAATCACGTGGT,12,0.0,1.0
Cbf1p,CBF1,AAATCACGTGT,AAATCACGTGT,11,0.0,1.0
Cbf1p,CBF1,AAATCACGTTT,AAATCACGTTT,11,0.0,1.0
Cbf1p,CBF1,AACCACGTG,AACCACGTG,9,0.0,1.0
Cbf1p,CBF1,AACCACGTGTAT,AACCACGTGTAT,12,0.0,1.0
Cbf1p,CBF1,AAGCACGT,AAGCACGT,8,0.0,1.0
Cbf1p,CBF1,AAGTCACGTGAAA,AAGTCACGTGAAA,13,0.0,1.0
Cbf1p,CBF1,AAGTCACGTGCAA,AAGTCACGTGCAA,13,0.0,1.0
Cbf1p,CBF1,AAGTCACGTGCAC,AAGTCACGTGCAC,13,0.0,1.0
Cbf1p,CBF1,AAGTCACGTGG,AAGTCACGTGG,11,0.0,1.0
Cbf1p,CBF1,AAGTCACGTGTT,AAGTCACGTGTT,12,0.0,1.0
Cbf1p,CBF1,AANCACGTG,AANCACGTG,9,0.1111,0.8889
Cbf1p,CBF1,AATCACGTGGGA,AATCACGTGGGA,12,0.0,1.0
Cbf1p,CBF1,AATCACGTGTG,AATCACGTGTG,11,0.0,1.0
Cbf1p,CBF1,ACATCACGTGAAA,ACATCACGTGAAA,13,0.0,1.0
Cbf1p,CBF1,ACATCACGTGAAT,ACATCACGTGAAT,13,0.0,1.0
Cbf1p,CBF1,ACATCACGTGATA,ACATCACGTGATA,13,0.0,1.0
Cbf1p,CBF1,ACATCACGTGCACA,ACATCACGTGCACA,14,0.0,1.0
Cbf1p,CBF1,AGAGCACGTGCGA,AGAGCACGTGCGA,13,0.0,1.0
Cbf1p,CBF1,AGATCACG,AGATCACG,8,0.0,1.0
Cbf1p,CBF1,AGATCACGTGAAT,AGATCACGTGAAT,13,0.0,1.0
Cbf1p,CBF1,AGATCACGTGCAA,AGATCACGTGCAA,13,0.0,1.0
Cbf1p,CBF1,AGATCACGTGCACA,AGATCACGTGCACA,14,0.0,1.0
Cbf1p,CBF1,AGATCACGTGGAG,AGATCACGTGGAG,13,0.0,1.0
Cbf1p,CBF1,AGCACNTGC,AGCACNTGC,9,0.1111,0.8889
Cbf1p,CBF1,AGGCACGTGAT,AGGCACGTGAT,11,0.0,1.0
Cbf1p,CBF1,AGGCACGTGCTA,AGGCACGTGCTA,12,0.0,1.0
Cbf1p,CBF1,AGGTCACGTGAAG,AGGTCACGTGAAG,13,0.0,1.0
Cbf1p,CBF1,AGGTCACGTGANC,AGGTCACGTGANC,13,0.0769,0.9231
Cbf1p,CBF1,AGGTCACGTGC,AGGTCACGTGC,11,0.0,1.0
Cbf1p,CBF1,AGGTCACGTGTTT,AGGTCACGTGTTT,13,0.0,1.0
Cbf1p,CBF1,AGGTCACGTT,AGGTCACGTT,10,0.0,1.0
Cbf1p,CBF1,AGTCACGTGANA,AGTCACGTGANA,12,0.0833,0.9167
Cbf1p,CBF1,AGTCANGTGA,AGTCANGTGA,10,0.1,0.9
Cbf1p,CBF1,AGTCANGTGAT,AGTCANGTGAT,11,0.0909,0.9091
Cbf1p,CBF1,ANGCACGTG,ANGCACGTG,9,0.1111,0.8889
Cbf1p,CBF1,ANGCACGTGC,ANGCACGTGC,10,0.1,0.9
Cbf1p,CBF1,ANTCACGTGATC,ANTCACGTGATC,12,0.0833,0.9167
Cbf1p,CBF1,ATATCACGTGAAT,ATATCACGTGAAT,13,0.0,1.0
Cbf1p,CBF1,ATATCACGTGATT,ATATCACGTGATT,13,0.0,1.0
Cbf1p,CBF1,ATATCACGTGCTT,ATATCACGTGCTT,13,0.0,1.0
Cbf1p,CBF1,ATATCACGTGGA,ATATCACGTGGA,12,0.0,1.0
Cbf1p,CBF1,ATCACATGAC,ATCACATGAC,10,0.0,1.0
Cbf1p,CBF1,ATCACATGATA,ATCACATGATA,11,0.0,1.0
Cbf1p,CBF1,ATGGCACGTGTAT,ATGGCACGTGTAT,13,0.0,1.0
Cbf1p,CBF1,ATGTCACGTGCAC,ATGTCACGTGCAC,13,0.0,1.0
Cbf1p,CBF1,ATGTCACGTGCACA,ATGTCACGTGCACA,14,0.0,1.0
Cbf1p,CBF1,ATGTCACGTGCTT,ATGTCACGTGCTT,13,0.0,1.0
Cbf1p,CBF1,ATGTCACGTTTT,ATGTCACGTTTT,12,0.0,1.0
Cbf1p,CBF1,ATNTCACGTGG,ATNTCACGTGG,11,0.0909,0.9091
Cbf1p,CBF1,CACGTGAAA,CACGTGAAA,9,0.0,1.0
Cbf1p,CBF1,CACGTGAAT,CACGTGAAT,9,0.0,1.0
Cbf1p,CBF1,CACGTGAG,CACGTGAG,8,0.0,1.0
Cbf1p,CBF1,CACGTGGAA,CACGTGGAA,9,0.0,1.0
Cbf1p,CBF1,CAGCACGTG,CAGCACGTG,9,0.0,1.0
Cbf1p,CBF1,CAGCACGTGGG,CAGCACGTGGG,11,0.0,1.0
Cbf1p,CBF1,CAGTCACGTGANA,CAGTCACGTGANA,13,0.0769,0.9231
Cbf1p,CBF1,CAGTCACGTGTAT,CAGTCACGTGTAT,13,0.0,1.0
Cbf1p,CBF1,CANCACGTG,CANCACGTG,9,0.1111,0.8889
Cbf1p,CBF1,CANCACGTGAG,CANCACGTGAG,11,0.0909,0.9091
Cbf1p,CBF1,CANTCACGTGATC,CANTCACGTGATC,13,0.0769,0.9231
Cbf1p,CBF1,CCATCACGTGATA,CCATCACGTGATA,13,0.0,1.0
Cbf1p,CBF1,CCATCACGTGTA,CCATCACGTGTA,12,0.0,1.0
Cbf1p,CBF1,CCGTCACGTGGAA,CCGTCACGTGGAA,13,0.0,1.0
Cbf1p,CBF1,CGATCACGTGAAT,CGATCACGTGAAT,13,0.0,1.0
Cbf1p,CBF1,CGATCACGTGGAA,CGATCACGTGGAA,13,0.0,1.0
Cbf1p,CBF1,CGATCACGTGGTC,CGATCACGTGGTC,13,0.0,1.0
Cbf1p,CBF1,CGGCACGTGAT,CGGCACGTGAT,11,0.0,1.0
Cbf1p,CBF1,CGTCACGTGCAC,CGTCACGTGCAC,12,0.0,1.0
Cbf1p,CBF1,CGTCACGTGGGA,CGTCACGTGGGA,12,0.0,1.0
Cbf1p,CBF1,CGTCACGTGTAA,CGTCACGTGTAA,12,0.0,1.0
Cbf1p,CBF1,CNTCACGTGCNA,CNTCACGTGCNA,12,0.1667,0.8333
Cbf1p,CBF1,CTATCACGTGATA,CTATCACGTGATA,13,0.0,1.0
Cbf1p,CBF1,CTATCACGTGCCA,CTATCACGTGCCA,13,0.0,1.0
Cbf1p,CBF1,CTATCACGTGT,CTATCACGTGT,11,0.0,1.0
Cbf1p,CBF1,CTATCACGTGTG,CTATCACGTGTG,12,0.0,1.0
Cbf1p,CBF1,CTATCACGTGTTT,CTATCACGTGTTT,13,0.0,1.0
Cbf1p,CBF1,GAAGCACGTG,GAAGCACGTG,10,0.0,1.0
Cbf1p,CBF1,GAGCACGTGA,GAGCACGTGA,10,0.0,1.0
Cbf1p,CBF1,GANCACGTGA,GANCACGTGA,10,0.1,0.9
Cbf1p,CBF1,GATCACATG,GATCACATG,9,0.0,1.0
Cbf1p,CBF1,GATCACGTGATC,GATCACGTGATC,12,0.0,1.0
Cbf1p,CBF1,GATCACGTGCTA,GATCACGTGCTA,12,0.0,1.0
Cbf1p,CBF1,GATCACGTGGG,GATCACGTGGG,11,0.0,1.0
Cbf1p,CBF1,GATCANGTGA,GATCANGTGA,10,0.1,0.9
Cbf1p,CBF1,GATCANGTGAT,GATCANGTGAT,11,0.0909,0.9091
Cbf1p,CBF1,GCACGTGAAC,GCACGTGAAC,10,0.0,1.0
Cbf1p,CBF1,GCACGTGCNC,GCACGTGCNC,10,0.1,0.9
Cbf1p,CBF1,GCAGCACGTG,GCAGCACGTG,10,0.0,1.0
Cbf1p,CBF1,GCATCACGTGAAA,GCATCACGTGAAA,13,0.0,1.0
Cbf1p,CBF1,GCATCACGTGACT,GCATCACGTGACT,13,0.0,1.0
Cbf1p,CBF1,GGCACGTGAT,GGCACGTGAT,10,0.0,1.0
Cbf1p,CBF1,GGCCACGTGA,GGCCACGTGA,10,0.0,1.0
Cbf1p,CBF1,GGGTCACGTGAT,GGGTCACGTGAT,12,0.0,1.0
Cbf1p,CBF1,GGGTCACGTGCAT,GGGTCACGTGCAT,13,0.0,1.0
Cbf1p,CBF1,GGGTCACGTGCGG,GGGTCACGTGCGG,13,0.0,1.0
Cbf1p,CBF1,GGGTCACGTGGGA,GGGTCACGTGGGA,13,0.0,1.0
Cbf1p,CBF1,GGGTCACGTGTAT,GGGTCACGTGTAT,13,0.0,1.0
Cbf1p,CBF1,GGGTCACGTGTGT,GGGTCACGTGTGT,13,0.0,1.0
Cbf1p,CBF1,GGTCACATGGT,GGTCACATGGT,11,0.0,1.0
Cbf1p,CBF1,GGTCACGTGANT,GGTCACGTGANT,12,0.0833,0.9167
Cbf1p,CBF1,GGTCACGTGCGG,GGTCACGTGCGG,12,0.0,1.0
Cbf1p,CBF1,GGTCACGTGCTCA,GGTCACGTGCTCA,13,0.0,1.0
Cbf1p,CBF1,GGTCACGTGTAA,GGTCACGTGTAA,12,0.0,1.0
Cbf1p,CBF1,GGTCANGTGA,GGTCANGTGA,10,0.1,0.9
Cbf1p,CBF1,GGTCANGTGAT,GGTCANGTGAT,11,0.0909,0.9091
Cbf1p,CBF1,GNTCACGTGCTC,GNTCACGTGCTC,12,0.0833,0.9167
Cbf1p,CBF1,GTCANGTGA,GTCANGTGA,9,0.1111,0.8889
Cbf1p,CBF1,GTCANGTGAT,GTCANGTGAT,10,0.1,0.9
Cbf1p,CBF1,GTGTCACGTGAG,GTGTCACGTGAG,12,0.0,1.0
Cbf1p,CBF1,GTGTCACGTGANA,GTGTCACGTGANA,13,0.0769,0.9231
Cbf1p,CBF1,GTGTCACGTGATA,GTGTCACGTGATA,13,0.0,1.0
Cbf1p,CBF1,GTGTCACGTGATC,GTGTCACGTGATC,13,0.0,1.0
Cbf1p,CBF1,TAAGCACGTGCNCA,TAAGCACGTGCNCA,14,0.0714,0.9286
Cbf1p,CBF1,TAAGCACGTGCNG,TAAGCACGTGCNG,13,0.0769,0.9231
Cbf1p,CBF1,TAATCACGTGACT,TAATCACGTGACT,13,0.0,1.0
Cbf1p,CBF1,TAATCACGTGATC,TAATCACGTGATC,13,0.0,1.0
Cbf1p,CBF1,TAATCACGTGCG,TAATCACGTGCG,12,0.0,1.0
Cbf1p,CBF1,TAGCACGTG,TAGCACGTG,9,0.0,1.0
Cbf1p,CBF1,TAGTCACGTGANA,TAGTCACGTGANA,13,0.0769,0.9231
Cbf1p,CBF1,TAGTCACGTGCG,TAGTCACGTGCG,12,0.0,1.0
Cbf1p,CBF1,TAGTCACGTGCTC,TAGTCACGTGCTC,13,0.0,1.0
Cbf1p,CBF1,TAGTCACGTGGG,TAGTCACGTGGG,12,0.0,1.0
Cbf1p,CBF1,TAGTCACGTGGT,TAGTCACGTGGT,12,0.0,1.0
Cbf1p,CBF1,TAGTCACGTGGTC,TAGTCACGTGGTC,13,0.0,1.0
Cbf1p,CBF1,TATATCACGTGATC,TATATCACGTGATC,14,0.0,1.0
Cbf1p,CBF1,TATATCACGTGCTCA,TATATCACGTGCTCA,15,0.0,1.0
Cbf1p,CBF1,TATCACGTGCAA,TATCACGTGCAA,12,0.0,1.0
Cbf1p,CBF1,TATCACGTTTT,TATCACGTTTT,11,0.0,1.0
Cbf1p,CBF1,TATCANGTG,TATCANGTG,9,0.1111,0.8889
Cbf1p,CBF1,TCACGTGANC,TCACGTGANC,10,0.1,0.9
Cbf1p,CBF1,TCACGTGATA,TCACGTGATA,10,0.0,1.0
Cbf1p,CBF1,TCACGTGATC,TCACGTGATC,10,0.0,1.0
Cbf1p,CBF1,TCACGTGATT,TCACGTGATT,10,0.0,1.0
Cbf1p,CBF1,TCACGTGCTCA,TCACGTGCTCA,11,0.0,1.0
Cbf1p,CBF1,TCATCACGTGGA,TCATCACGTGGA,12,0.0,1.0
Cbf1p,CBF1,TGATCACGTGAAA,TGATCACGTGAAA,13,0.0,1.0
Cbf1p,CBF1,TGATCACGTGATA,TGATCACGTGATA,13,0.0,1.0
Cbf1p,CBF1,TGATCACGTGATT,TGATCACGTGATT,13,0.0,1.0
Cbf1p,CBF1,TGATCACGTGCGA,TGATCACGTGCGA,13,0.0,1.0
Cbf1p,CBF1,TGATCACGTT,TGATCACGTT,10,0.0,1.0
Cbf1p,CBF1,TGCCACGTGA,TGCCACGTGA,10,0.0,1.0
Cbf1p,CBF1,TGGCACGTGA,TGGCACGTGA,10,0.0,1.0
Cbf1p,CBF1,TGGCACGTGCNA,TGGCACGTGCNA,12,0.0833,0.9167
Cbf1p,CBF1,TGGTCACGTGAAT,TGGTCACGTGAAT,13,0.0,1.0
Cbf1p,CBF1,TGGTCACGTGCAA,TGGTCACGTGCAA,13,0.0,1.0
Cbf1p,CBF1,TGGTCACGTGCAT,TGGTCACGTGCAT,13,0.0,1.0
Cbf1p,CBF1,TGGTCACGTGCG,TGGTCACGTGCG,12,0.0,1.0
Cbf1p,CBF1,TGGTCACGTGCGG,TGGTCACGTGCGG,13,0.0,1.0
Cbf1p,CBF1,TGGTCACGTGG,TGGTCACGTGG,11,0.0,1.0
Cbf1p,CBF1,TGGTCACGTGGA,TGGTCACGTGGA,12,0.0,1.0
Cbf1p,CBF1,TGGTCACGTGGTC,TGGTCACGTGGTC,13,0.0,1.0
Cbf1p,CBF1,TGGTCACGTGGTT,TGGTCACGTGGTT,13,0.0,1.0
Cbf1p,CBF1,TGGTCACGTGTG,TGGTCACGTGTG,12,0.0,1.0
Cbf1p,CBF1,TGNTCACGTGA,TGNTCACGTGA,11,0.0909,0.9091
Cbf1p,CBF1,TGTCACATGAC,TGTCACATGAC,11,0.0,1.0
Cbf1p,CBF1,TGTCACGTGCAA,TGTCACGTGCAA,12,0.0,1.0
Cbf1p,CBF1,TTATCACGTGACT,TTATCACGTGACT,13,0.0,1.0
Cbf1p,CBF1,TTATCACGTGAT,TTATCACGTGAT,12,0.0,1.0
Cbf1p,CBF1,TTATCACGTGATC,TTATCACGTGATC,13,0.0,1.0
Cbf1p,CBF1,TTATCACGTGTG,TTATCACGTGTG,12,0.0,1.0
Cbf1p,CBF1,TTCATCACGTGCG,TTCATCACGTGCG,13,0.0,1.0
Cbf1p,CBF1,TTCATCACGTGTGT,TTCATCACGTGTGT,14,0.0,1.0
Cbf1p,CBF1,TTGATCACGTGAAA,TTGATCACGTGAAA,14,0.0,1.0
Cbf1p,CBF1,TTGATCACGTGACA,TTGATCACGTGACA,14,0.0,1.0
Cbf1p,CBF1,TTGATCACGTGATT,TTGATCACGTGATT,14,0.0,1.0
Cbf1p,CBF1,TTNTCACGTGAT,TTNTCACGTGAT,12,0.0833,0.9167
Cbf1p,CBF1,AAACCACGTGAAAA,AAACCACGTGAAAA,14,0.0,1.0
Cbf1p,CBF1,AAACCACGTGAG,AAACCACGTGAG,12,0.0,1.0
Cbf1p,CBF1,AAAGCACGTGTG,AAAGCACGTGTG,12,0.0,1.0
Cbf1p,CBF1,AAANCACGTGTA,AAANCACGTGTA,12,0.0833,0.9167
Cbf1p,CBF1,AAGTCACGTT,AAGTCACGTT,10,0.0,1.0
Cbf1p,CBF1,AAGTCACGTTT,AAGTCACGTTT,11,0.0,1.0
Cbf1p,CBF1,AATCACGTTTT,AATCACGTTTT,11,0.0,1.0
Cbf1p,CBF1,ACATCACGTGTG,ACATCACGTGTG,12,0.0,1.0
Cbf1p,CBF1,ACATCACGTGTGT,ACATCACGTGTGT,13,0.0,1.0
Cbf1p,CBF1,ACATCACGTT,ACATCACGTT,10,0.0,1.0
Cbf1p,CBF1,ACATCACGTTT,ACATCACGTTT,11,0.0,1.0
Cbf1p,CBF1,AGATCACGTTT,AGATCACGTTT,11,0.0,1.0
Cbf1p,CBF1,AGCCACGTGTA,AGCCACGTGTA,11,0.0,1.0
Cbf1p,CBF1,AGGCACGTGCTGC,AGGCACGTGCTGC,13,0.0,1.0
Cbf1p,CBF1,AGGCACGTGGA,AGGCACGTGGA,11,0.0,1.0
Cbf1p,CBF1,AGGCACGTGGT,AGGCACGTGGT,11,0.0,1.0
Cbf1p,CBF1,AGGCACGTGTAT,AGGCACGTGTAT,12,0.0,1.0
Cbf1p,CBF1,AGGCACGTGTG,AGGCACGTGTG,11,0.0,1.0
Cbf1p,CBF1,AGTCACGTTT,AGTCACGTTT,10,0.0,1.0
Cbf1p,CBF1,AGTCANGTG,AGTCANGTG,9,0.1111,0.8889
Cbf1p,CBF1,ANCACGTGC,ANCACGTGC,9,0.1111,0.8889
Cbf1p,CBF1,ANCACGTGCNC,ANCACGTGCNC,11,0.1818,0.8182
Cbf1p,CBF1,ANGCACGTGAACA,ANGCACGTGAACA,13,0.0769,0.9231
Cbf1p,CBF1,ANGCACGTGGT,ANGCACGTGGT,11,0.0909,0.9091
Cbf1p,CBF1,ANTCACGTGCAA,ANTCACGTGCAA,12,0.0833,0.9167
Cbf1p,CBF1,ANTCACGTGCTC,ANTCACGTGCTC,12,0.0833,0.9167
Cbf1p,CBF1,ATCACATG,ATCACATG,8,0.0,1.0
Cbf1p,CBF1,ATCACATGA,ATCACATGA,9,0.0,1.0
Cbf1p,CBF1,ATCACATGGT,ATCACATGGT,10,0.0,1.0
Cbf1p,CBF1,ATGGCACGTGAG,ATGGCACGTGAG,12,0.0,1.0
Cbf1p,CBF1,ATGGCACGTGCGA,ATGGCACGTGCGA,13,0.0,1.0
Cbf1p,CBF1,ATGGCACGTGTG,ATGGCACGTGTG,12,0.0,1.0
Cbf1p,CBF1,ATNTCACGTGAAT,ATNTCACGTGAAT,13,0.0769,0.9231
Cbf1p,CBF1,ATNTCACGTGAT,ATNTCACGTGAT,12,0.0833,0.9167
Cbf1p,CBF1,CACATGAC,CACATGAC,8,0.0,1.0
Cbf1p,CBF1,CACATGAT,CACATGAT,8,0.0,1.0
Cbf1p,CBF1,CACGTGAACA,CACGTGAACA,10,0.0,1.0
Cbf1p,CBF1,CACGTGAAG,CACGTGAAG,9,0.0,1.0
Cbf1p,CBF1,CACGTGCAA,CACGTGCAA,9,0.0,1.0
Cbf1p,CBF1,CACGTGCGA,CACGTGCGA,9,0.0,1.0
Cbf1p,CBF1,CACGTGCGG,CACGTGCGG,9,0.0,1.0
Cbf1p,CBF1,CACGTGCTGC,CACGTGCTGC,10,0.0,1.0
Cbf1p,CBF1,CACGTGGAG,CACGTGGAG,9,0.0,1.0
Cbf1p,CBF1,CACGTGGGA,CACGTGGGA,9,0.0,1.0
Cbf1p,CBF1,CACGTGGNC,CACGTGGNC,9,0.1111,0.8889
Cbf1p,CBF1,CACGTGGT,CACGTGGT,8,0.0,1.0
Cbf1p,CBF1,CACGTGTT,CACGTGTT,8,0.0,1.0
Cbf1p,CBF1,CACGTGTTT,CACGTGTTT,9,0.0,1.0
Cbf1p,CBF1,CAGCACGTGC,CAGCACGTGC,10,0.0,1.0
Cbf1p,CBF1,CAGCACGTGTTT,CAGCACGTGTTT,12,0.0,1.0
Cbf1p,CBF1,CAGTCACGTT,CAGTCACGTT,10,0.0,1.0
Cbf1p,CBF1,CANTCACGTGTAA,CANTCACGTGTAA,13,0.0769,0.9231
Cbf1p,CBF1,CCATCACGTGGA,CCATCACGTGGA,12,0.0,1.0
Cbf1p,CBF1,CCATCACGTGTT,CCATCACGTGTT,12,0.0,1.0
Cbf1p,CBF1,CCGTCACGTGAAG,CCGTCACGTGAAG,13,0.0,1.0
Cbf1p,CBF1,CCGTCACGTGG,CCGTCACGTGG,11,0.0,1.0
Cbf1p,CBF1,CGATCACGTGTG,CGATCACGTGTG,12,0.0,1.0
Cbf1p,CBF1,CGGCACGTGAG,CGGCACGTGAG,11,0.0,1.0
Cbf1p,CBF1,CGTCACGTTTT,CGTCACGTTTT,11,0.0,1.0
Cbf1p,CBF1,CNTCACGTGCTG,CNTCACGTGCTG,12,0.0833,0.9167
Cbf1p,CBF1,GAGCACGTGGT,GAGCACGTGGT,11,0.0,1.0
Cbf1p,CBF1,GANCACGTGGTC,GANCACGTGGTC,12,0.0833,0.9167
Cbf1p,CBF1,GATCACATGA,GATCACATGA,10,0.0,1.0
Cbf1p,CBF1,GATCACGTTTT,GATCACGTTTT,11,0.0,1.0
Cbf1p,CBF1,GCACGTGCAC,GCACGTGCAC,10,0.0,1.0
Cbf1p,CBF1,GCACGTGCG,GCACGTGCG,9,0.0,1.0
Cbf1p,CBF1,GCACGTGGAA,GCACGTGGAA,10,0.0,1.0
Cbf1p,CBF1,GCAGCACGTGGG,GCAGCACGTGGG,12,0.0,1.0
Cbf1p,CBF1,GCCACGTGTTT,GCCACGTGTTT,11,0.0,1.0
Cbf1p,CBF1,GGCACGTGAAT,GGCACGTGAAT,11,0.0,1.0
Cbf1p,CBF1,GGCCACGTGCAG,GGCCACGTGCAG,12,0.0,1.0
Cbf1p,CBF1,GGGTCACGTTT,GGGTCACGTTT,11,0.0,1.0
Cbf1p,CBF1,GGTCACATG,GGTCACATG,9,0.0,1.0
Cbf1p,CBF1,GGTCACATGATA,GGTCACATGATA,12,0.0,1.0
Cbf1p,CBF1,GGTCANGTG,GGTCANGTG,9,0.1111,0.8889
Cbf1p,CBF1,GNTCACGTGGTT,GNTCACGTGGTT,12,0.0833,0.9167
Cbf1p,CBF1,GTCACATG,GTCACATG,8,0.0,1.0
Cbf1p,CBF1,GTCACATGATA,GTCACATGATA,11,0.0,1.0
Cbf1p,CBF1,TAGTCACGTTT,TAGTCACGTTT,11,0.0,1.0
Cbf1p,CBF1,TAGTCACGTTTT,TAGTCACGTTTT,12,0.0,1.0
Cbf1p,CBF1,TATATCACGTT,TATATCACGTT,11,0.0,1.0
Cbf1p,CBF1,TATCACATG,TATCACATG,9,0.0,1.0
Cbf1p,CBF1,TATCACGTGGAA,TATCACGTGGAA,12,0.0,1.0
Cbf1p,CBF1,TATCACGTT,TATCACGTT,9,0.0,1.0
Cbf1p,CBF1,TATCANGTGNT,TATCANGTGNT,11,0.1818,0.8182
Cbf1p,CBF1,TCACATGA,TCACATGA,8,0.0,1.0
Cbf1p,CBF1,TCACATGAC,TCACATGAC,9,0.0,1.0
Cbf1p,CBF1,TCACGTGC,TCACGTGC,8,0.0,1.0
Cbf1p,CBF1,TCACGTGCTA,TCACGTGCTA,10,0.0,1.0
Cbf1p,CBF1,TCACGTGGAG,TCACGTGGAG,10,0.0,1.0
Cbf1p,CBF1,TCATCACGTGT,TCATCACGTGT,11,0.0,1.0
Cbf1p,CBF1,TGAGCACGT,TGAGCACGT,9,0.0,1.0
Cbf1p,CBF1,TGATCACG,TGATCACG,8,0.0,1.0
Cbf1p,CBF1,TGATCACGTTT,TGATCACGTTT,11,0.0,1.0
Cbf1p,CBF1,TGCCACGTGAAA,TGCCACGTGAAA,12,0.0,1.0
Cbf1p,CBF1,TGCCACGTGC,TGCCACGTGC,10,0.0,1.0
Cbf1p,CBF1,TGCCACGTGCGA,TGCCACGTGCGA,12,0.0,1.0
Cbf1p,CBF1,TGGCACGTGGG,TGGCACGTGGG,11,0.0,1.0
Cbf1p,CBF1,TGNGCACGTGGT,TGNGCACGTGGT,12,0.0833,0.9167
Cbf1p,CBF1,TGTCACATG,TGTCACATG,9,0.0,1.0
Cbf1p,CBF1,TGTCACATGAT,TGTCACATGAT,11,0.0,1.0
Cbf1p,CBF1,TGTCACGTTT,TGTCACGTTT,10,0.0,1.0
Cbf1p,CBF1,TNTCACGTGAG,TNTCACGTGAG,11,0.0909,0.9091
Cbf1p,CBF1,TTATCACGT,TTATCACGT,9,0.0,1.0
Cbf1p,CBF1,TTCATCACGTGTAA,TTCATCACGTGTAA,14,0.0,1.0
Cbf1p,CBF1,TTGATCACGTGGG,TTGATCACGTGGG,13,0.0,1.0
Cbf1p,CBF1,TTGATCACGTT,TTGATCACGTT,11,0.0,1.0
Cbf1p,CBF1,TTGATCACGTTT,TTGATCACGTTT,12,0.0,1.0
Cbf1p,CBF1,TTNTCACGTGATA,TTNTCACGTGATA,13,0.0769,0.9231
Cbf1p,CBF1,TTNTCACGTGCTA,TTNTCACGTGCTA,13,0.0769,0.9231
Cbf1p,CBF1,AAAGCACGT,AAAGCACGT,9,0.0,1.0
Cbf1p,CBF1,AAANCACGTGCAG,AAANCACGTGCAG,13,0.0769,0.9231
Cbf1p,CBF1,AACCACGTGTT,AACCACGTGTT,11,0.0,1.0
Cbf1p,CBF1,AAGCACGTGTA,AAGCACGTGTA,11,0.0,1.0
Cbf1p,CBF1,AATCACGT,AATCACGT,8,0.0,1.0
Cbf1p,CBF1,ACATCACGTGGAA,ACATCACGTGGAA,13,0.0,1.0
Cbf1p,CBF1,AGGCACGTGTTT,AGGCACGTGTTT,12,0.0,1.0
Cbf1p,CBF1,AGGTCACGTTTT,AGGTCACGTTTT,12,0.0,1.0
Cbf1p,CBF1,AGTCACGT,AGTCACGT,8,0.0,1.0
Cbf1p,CBF1,AGTCACGTTTT,AGTCACGTTTT,11,0.0,1.0
Cbf1p,CBF1,ATGTCACGT,ATGTCACGT,9,0.0,1.0
Cbf1p,CBF1,ATNTCACGTGTA,ATNTCACGTGTA,12,0.0833,0.9167
Cbf1p,CBF1,CACGTGCAG,CACGTGCAG,9,0.0,1.0
Cbf1p,CBF1,CACGTGTAT,CACGTGTAT,9,0.0,1.0
Cbf1p,CBF1,CANCACGTGCAT,CANCACGTGCAT,12,0.0833,0.9167
Cbf1p,CBF1,CANCACGTGCNA,CANCACGTGCNA,12,0.1667,0.8333
Cbf1p,CBF1,CANTCACGTGCTTA,CANTCACGTGCTTA,14,0.0714,0.9286
Cbf1p,CBF1,CTATCACGTT,CTATCACGTT,10,0.0,1.0
Cbf1p,CBF1,GANCACGTGAACA,GANCACGTGAACA,13,0.0769,0.9231
Cbf1p,CBF1,GANCACGTGAAT,GANCACGTGAAT,12,0.0833,0.9167
Cbf1p,CBF1,GATCACATGGT,GATCACATGGT,11,0.0,1.0
Cbf1p,CBF1,GATCACGTT,GATCACGTT,9,0.0,1.0
Cbf1p,CBF1,GCACGTGAAAA,GCACGTGAAAA,11,0.0,1.0
Cbf1p,CBF1,GCACGTGTTTC,GCACGTGTTTC,11,0.0,1.0
Cbf1p,CBF1,GCAGCACGT,GCAGCACGT,9,0.0,1.0
Cbf1p,CBF1,GCATCACGTT,GCATCACGTT,10,0.0,1.0
Cbf1p,CBF1,GGCACGTGG,GGCACGTGG,9,0.0,1.0
Cbf1p,CBF1,TAGCACGTGC,TAGCACGTGC,10,0.0,1.0
Cbf1p,CBF1,TATCACATGAT,TATCACATGAT,11,0.0,1.0
Cbf1p,CBF1,TCATCACGTGTA,TCATCACGTGTA,12,0.0,1.0
Cbf1p,CBF1,TGCCACGTGGG,TGCCACGTGGG,11,0.0,1.0
Cbf1p,CBF1,TTATCACG,TTATCACG,8,0.0,1.0
Cbf1p,CBF1,TTATCACGTTT,TTATCACGTTT,11,0.0,1.0
Cbf1p,CBF1,TTNTCACGTGC,TTNTCACGTGC,11,0.0909,0.9091
Ime1p,IME1,TTTTCHHCG,TTTTCHHCG,9,0.2222,0.7778
Ash1p,ASH1,YTGAT,YTGAT,5,0.2,0.8
Abf1p,ABF1,AGCCGTAAATAGTTATCTTCCAAG,AGCCGTAAATAGTTATCTTCCAAG,24,0.0,1.0
Abf1p,ABF1,RTCRYYYN{3}ACG,RTCRYYYNACG,11,0.5455,0.4545
Abf1p,ABF1,RTCRYBN{4}ACG,RTCRYBNACG,10,0.5,0.5
Abf1p,ABF1,TCN{7}ACG,TCNACG,6,0.1667,0.8333
Abf1p,ABF1,RTCRN{6}ACGNR,RTCRNACGNR,10,0.5,0.5
Abf1p,ABF1,TCRTN{5}AYGA,TCRTNAYGA,9,0.3333,0.6667
Abf1p,ABF1,TNNCGTNNNNNNTGAT,TNNCGTNNNNNNTGAT,16,0.5,0.5
Hap4p,HAP4,TNATTGGT,TNATTGGT,8,0.125,0.875
Hap4p,HAP4,TTTGCC,TTTGCC,6,0.0,1.0
Hap4p,HAP4,TTGGTT,TTGGTT,6,0.0,1.0
Hap4p,HAP4,TTGGTC,TTGGTC,6,0.0,1.0
Hap4p,HAP4,TTGGCT,TTGGCT,6,0.0,1.0
Hap4p,HAP4,TTCCATTGGTT,TTCCATTGGTT,11,0.0,1.0
Hap4p,HAP4,TTCCAT,TTCCAT,6,0.0,1.0
Hap4p,HAP4,TCTTGGTT,TCTTGGTT,8,0.0,1.0
Hap4p,HAP4,TCTTGGT,TCTTGGT,7,0.0,1.0
Hap4p,HAP4,TCTTGGG,TCTTGGG,7,0.0,1.0
Hap4p,HAP4,TATTGGCT,TATTGGCT,8,0.0,1.0
Hap4p,HAP4,GCTGAT,GCTGAT,6,0.0,1.0
Hap4p,HAP4,GATTCGC,GATTCGC,7,0.0,1.0
Hap4p,HAP4,CTTTGG,CTTTGG,6,0.0,1.0
Hap4p,HAP4,CTTGGTC,CTTGGTC,7,0.0,1.0
Hap4p,HAP4,CTTGGG,CTTGGG,6,0.0,1.0
Hap4p,HAP4,CTAATT,CTAATT,6,0.0,1.0
Hap4p,HAP4,CGCATTCGC,CGCATTCGC,9,0.0,1.0
Hap4p,HAP4,CGCATT,CGCATT,6,0.0,1.0
Hap4p,HAP4,CCATAT,CCATAT,6,0.0,1.0
Hap4p,HAP4,CATTTG,CATTTG,6,0.0,1.0
Hap4p,HAP4,ATTGGTT,ATTGGTT,7,0.0,1.0
Hap4p,HAP4,ATTGGTC,ATTGGTC,7,0.0,1.0
Hap4p,HAP4,ATTGGT,ATTGGT,6,0.0,1.0
Hap4p,HAP4,ATTCGG,ATTCGG,6,0.0,1.0
Hap4p,HAP4,ATTCGC,ATTCGC,6,0.0,1.0
Hap4p,HAP4,AGCGCTCTTGGTT,AGCGCTCTTGGTT,13,0.0,1.0
Hap4p,HAP4,AGCGCT,AGCGCT,6,0.0,1.0
Msn4p,MSN4,CCCCT,CCCCT,5,0.0,1.0
Msn4p,MSN4,AGGGG,AGGGG,5,0.0,1.0
Rgt1p,RGT1,CGGANNA,CGGANNA,7,0.2857,0.7143
Ixr1p,IXR1,KTTSAAYKGTTYASA,KTTSAAYKGTTYASA,15,0.4,0.6
Put3p,PUT3,CGGN{10}CCG,CGGNCCG,7,0.1429,0.8571
Dal80p,DAL80,"GATAAGN{15,20}GATAAG",GATAAGNGATAAG,13,0.0769,0.9231
Bas1p,BAS1,TGACTC,TGACTC,6,0.0,1.0
Ppr1p,PPR1,CGGN{6}CCG,CGGNCCG,7,0.1429,0.8571
Cha4p,CHA4,CGGN{10}CCG,CGGNCCG,7,0.1429,0.8571
Cha4p,CHA4,CGGN{10}CCA,CGGNCCA,7,0.1429,0.8571
Ace2p,ACE2,ACCAGC,ACCAGC,6,0.0,1.0
Rfx1p,RFX1,TCGCCATGGCAAC,TCGCCATGGCAAC,13,0.0,1.0
Rfx1p,RFX1,TTGCCATGGCAAC,TTGCCATGGCAAC,13,0.0,1.0
Rfx1p,RFX1,TCGCCATGACAAC,TCGCCATGACAAC,13,0.0,1.0
Rfx1p,RFX1,CTATTGCTGCAAC,CTATTGCTGCAAC,13,0.0,1.0
Rfx1p,RFX1,TCTCTGTGGCAAC,TCTCTGTGGCAAC,13,0.0,1.0
Rfx1p,RFX1,TTGTCACAGCAAC,TTGTCACAGCAAC,13,0.0,1.0
Rfx1p,RFX1,TTGTCGCAGCAAC,TTGTCGCAGCAAC,13,0.0,1.0
Rfx1p,RFX1,TTGTTGTGGCAAC,TTGTTGTGGCAAC,13,0.0,1.0
Rfx1p,RFX1,TTTCCACAGCAAC,TTTCCACAGCAAC,13,0.0,1.0
Rfx1p,RFX1,TYGCCATGCCAAC,TYGCCATGCCAAC,13,0.0769,0.9231
Ecm22p,ECM22,TCGTATA,TCGTATA,7,0.0,1.0
Hap1p,HAP1,CGGN{3}TANCGG,CGGNTANCGG,10,0.2,0.8
Hap1p,HAP1,CGGN{6}CGG,CGGNCGG,7,0.1429,0.8571
Hap1p,HAP1,CGGN{3}TANCGGN{3}TA,CGGNTANCGGNTA,13,0.2308,0.7692
Hap1p,HAP1,TCGCGTTCATATATATCGGATATACTCTTGAGGCACAATT,TCGCGTTCATATATATCGGATATACTCTTGAGGCACAATT,40,0.0,1.0
Hap1p,HAP1,CGCATTTATCGC,CGCATTTATCGC,12,0.0,1.0
Hap1p,HAP1,CCGNTATNTCC,CCGNTATNTCC,11,0.1818,0.8182
Hap1p,HAP1,CCGATA,CCGATA,6,0.0,1.0
Hap1p,HAP1,CCGXTATXTCC,CCGXTATXTCC,11,0.0,1.0
Hap1p,HAP1,TCCGATATA,TCCGATATA,9,0.0,1.0
Hap1p,HAP1,TCCGATAAC,TCCGATAAC,9,0.0,1.0
Hap1p,HAP1,TCCGATAAA,TCCGATAAA,9,0.0,1.0
Hap1p,HAP1,TCCGATA,TCCGATA,7,0.0,1.0
Hap1p,HAP1,GGNGATAA,GGNGATAA,8,0.125,0.875
Hap1p,HAP1,GGCGATAT,GGCGATAT,8,0.0,1.0
Hap1p,HAP1,GGCGATAA,GGCGATAA,8,0.0,1.0
Hap1p,HAP1,GGCCGATAAC,GGCCGATAAC,10,0.0,1.0
Hap1p,HAP1,GCCGATATA,GCCGATATA,9,0.0,1.0
Hap1p,HAP1,GCCGATAT,GCCGATAT,8,0.0,1.0
Hap1p,HAP1,GCCGATAAA,GCCGATAAA,9,0.0,1.0
Hap1p,HAP1,GCCGATA,GCCGATA,7,0.0,1.0
Hap1p,HAP1,GCCGAT,GCCGAT,6,0.0,1.0
Hap1p,HAP1,GACCGATAT,GACCGATAT,9,0.0,1.0
Hap1p,HAP1,GACCGATAAA,GACCGATAAA,10,0.0,1.0
Hap1p,HAP1,GACCGATA,GACCGATA,8,0.0,1.0
Hap1p,HAP1,GACCGA,GACCGA,6,0.0,1.0
Hap1p,HAP1,CNGATTG,CNGATTG,7,0.1429,0.8571
Hap1p,HAP1,CGATAT,CGATAT,6,0.0,1.0
Hap1p,HAP1,CGATAAA,CGATAAA,7,0.0,1.0
Hap1p,HAP1,CCNANAAC,CCNANAAC,8,0.25,0.75
Hap1p,HAP1,CCGATAAA,CCGATAAA,8,0.0,1.0
Hap1p,HAP1,ANCGATAT,ANCGATAT,8,0.125,0.875
Hap1p,HAP1,ANCGATAAA,ANCGATAAA,9,0.1111,0.8889
Hap1p,HAP1,ANCGATA,ANCGATA,7,0.1429,0.8571
Hap1p,HAP1,ACCGATAAC,ACCGATAAC,9,0.0,1.0
Hap1p,HAP1,ACCGATA,ACCGATA,7,0.0,1.0
Hap1p,HAP1,ACCGAT,ACCGAT,6,0.0,1.0
Hap1p,HAP1,ACCGANA,ACCGANA,7,0.1429,0.8571
Hap1p,HAP1,ACCGAAATA,ACCGAAATA,9,0.0,1.0
Hap1p,HAP1,ACCGATAA,ACCGATAA,8,0.0,1.0
Hap1p,HAP1,ACCGATAAA,ACCGATAAA,9,0.0,1.0
Hap1p,HAP1,ACCGATAT,ACCGATAT,8,0.0,1.0
Hap1p,HAP1,ANCGATAA,ANCGATAA,8,0.125,0.875
Hap1p,HAP1,ANCGATATA,ANCGATATA,9,0.1111,0.8889
Hap1p,HAP1,ATNTCCG,ATNTCCG,7,0.1429,0.8571
Hap1p,HAP1,CCGAAAT,CCGAAAT,7,0.0,1.0
Hap1p,HAP1,CCGAAATA,CCGAAATA,8,0.0,1.0
Hap1p,HAP1,CCGATAA,CCGATAA,7,0.0,1.0
Hap1p,HAP1,CCGATAG,CCGATAG,7,0.0,1.0
Hap1p,HAP1,CCGATAT,CCGATAT,7,0.0,1.0
Hap1p,HAP1,CCGATTG,CCGATTG,7,0.0,1.0
Hap1p,HAP1,CGATATA,CGATATA,7,0.0,1.0
Hap1p,HAP1,CNGAAAT,CNGAAAT,7,0.1429,0.8571
Hap1p,HAP1,GCCGATAA,GCCGATAA,8,0.0,1.0
Hap1p,HAP1,GCCGATAAC,GCCGATAAC,9,0.0,1.0
Hap1p,HAP1,GCCGATAG,GCCGATAG,8,0.0,1.0
Hap1p,HAP1,GCCGATTG,GCCGATTG,8,0.0,1.0
Hap1p,HAP1,GCCGNTAAA,GCCGNTAAA,9,0.1111,0.8889
Hap1p,HAP1,GCNGANAT,GCNGANAT,8,0.25,0.75
Hap1p,HAP1,GGCCGAT,GGCCGAT,7,0.0,1.0
Hap1p,HAP1,GGCCGATAA,GGCCGATAA,9,0.0,1.0
Hap1p,HAP1,GGCCGATAAA,GGCCGATAAA,10,0.0,1.0
Hap1p,HAP1,GGCCGATAG,GGCCGATAG,9,0.0,1.0
Hap1p,HAP1,GGCGATAAA,GGCGATAAA,9,0.0,1.0
Hap1p,HAP1,GGCGATATA,GGCGATATA,9,0.0,1.0
Hap1p,HAP1,GGNGATA,GGNGATA,7,0.1429,0.8571
Hap1p,HAP1,GNCGNTAA,GNCGNTAA,8,0.25,0.75
Hap1p,HAP1,TCCGAT,TCCGAT,6,0.0,1.0
Hap1p,HAP1,TCCGATAG,TCCGATAG,8,0.0,1.0
Hap1p,HAP1,TCCGATAT,TCCGATAT,8,0.0,1.0
Hap1p,HAP1,GACCGANA,GACCGANA,8,0.125,0.875
Hap1p,HAP1,GACCGAAAT,GACCGAAAT,9,0.0,1.0
Hap1p,HAP1,CGATAA,CGATAA,6,0.0,1.0
Hap1p,HAP1,CCGNTANA,CCGNTANA,8,0.25,0.75
Hap1p,HAP1,ACCGATTG,ACCGATTG,8,0.0,1.0
Hap1p,HAP1,ACCGATATA,ACCGATATA,9,0.0,1.0
Hap1p,HAP1,ACCGATAG,ACCGATAG,8,0.0,1.0
Hap1p,HAP1,TCCGATTG,TCCGATTG,8,0.0,1.0
Hap1p,HAP1,TCCGATAA,TCCGATAA,8,0.0,1.0
Hap1p,HAP1,GCCGNTA,GCCGNTA,7,0.1429,0.8571
Hap1p,HAP1,GACCGAT,GACCGAT,7,0.0,1.0
Pdr8p,PDR8,TCCGHGGA,TCCGHGGA,8,0.125,0.875
Leu3p,LEU3,CCGN{4}CGG,CCGNCGG,7,0.1429,0.8571
Leu3p,LEU3,CCGGNNCCGG,CCGGNNCCGG,10,0.2,0.8
Leu3p,LEU3,CCGTTAACGG,CCGTTAACGG,10,0.0,1.0
Leu3p,LEU3,CCGGAAC,CCGGAAC,7,0.0,1.0
Leu3p,LEU3,TCGCCGGTCCCG,TCGCCGGTCCCG,12,0.0,1.0
Leu3p,LEU3,TCCGGTAGCAA,TCCGGTAGCAA,11,0.0,1.0
Leu3p,LEU3,TTAACGG,TTAACGG,7,0.0,1.0
Leu3p,LEU3,TCGCCGGTTT,TCGCCGGTTT,10,0.0,1.0
Leu3p,LEU3,TCGCCGG,TCGCCGG,7,0.0,1.0
Leu3p,LEU3,TCCGTTACCG,TCCGTTACCG,10,0.0,1.0
Leu3p,LEU3,TCCGTTAC,TCCGTTAC,8,0.0,1.0
Leu3p,LEU3,TCCGGTACCG,TCCGGTACCG,10,0.0,1.0
Leu3p,LEU3,GTCCGGTAGC,GTCCGGTAGC,10,0.0,1.0
Leu3p,LEU3,GGGCNGGT,GGGCNGGT,8,0.125,0.875
Leu3p,LEU3,GGCCCGGTTCCG,GGCCCGGTTCCG,12,0.0,1.0
Leu3p,LEU3,GGCCCGGAAC,GGCCCGGAAC,10,0.0,1.0
Leu3p,LEU3,GCGGAAT,GCGGAAT,7,0.0,1.0
Leu3p,LEU3,GCCGGTTCCG,GCCGGTTCCG,10,0.0,1.0
Leu3p,LEU3,GCCGGTACCG,GCCGGTACCG,10,0.0,1.0
Leu3p,LEU3,GCAGAAC,GCAGAAC,7,0.0,1.0
Leu3p,LEU3,CTGCCGGTA,CTGCCGGTA,9,0.0,1.0
Leu3p,LEU3,CTGCCGG,CTGCCGG,7,0.0,1.0
Leu3p,LEU3,CCTGTTCC,CCTGTTCC,8,0.0,1.0
Leu3p,LEU3,CCGTTTCCG,CCGTTTCCG,9,0.0,1.0
Leu3p,LEU3,CCGTTTC,CCGTTTC,7,0.0,1.0
Leu3p,LEU3,CCGTTANCG,CCGTTANCG,9,0.1111,0.8889
Leu3p,LEU3,CCGTTANC,CCGTTANC,8,0.125,0.875
Leu3p,LEU3,CCGTTACCGG,CCGTTACCGG,10,0.0,1.0
Leu3p,LEU3,CCGTTAC,CCGTTAC,7,0.0,1.0
Leu3p,LEU3,CCGGTCCCG,CCGGTCCCG,9,0.0,1.0
Leu3p,LEU3,CCGGTCCC,CCGGTCCC,8,0.0,1.0
Leu3p,LEU3,CCGGTAGC,CCGGTAGC,8,0.0,1.0
Leu3p,LEU3,CCGGCCC,CCGGCCC,7,0.0,1.0
Leu3p,LEU3,CCCGGTTT,CCCGGTTT,8,0.0,1.0
Leu3p,LEU3,GTTGCCGGTAC,GTTGCCGGTAC,11,0.0,1.0
Leu3p,LEU3,GCCGGTTT,GCCGGTTT,8,0.0,1.0
Leu3p,LEU3,CTGCCGGT,CTGCCGGT,8,0.0,1.0
Leu3p,LEU3,CCTGTTC,CCTGTTC,7,0.0,1.0
Leu3p,LEU3,CCCGCTCC,CCCGCTCC,8,0.0,1.0
Leu3p,LEU3,ACCGTTACCGGA,ACCGTTACCGGA,12,0.0,1.0
Arg81p,ARG81,WWN{3}YARNHN{3}VVCGR,WWNYARNHNVVCGR,14,0.7857,0.2143
Arg81p,ARG81,AAGTACAGTTAATAACGA,AAGTACAGTTAATAACGA,18,0.0,1.0
Arg81p,ARG81,AAGTACAGTTAATAACGG,AAGTACAGTTAATAACGG,18,0.0,1.0
Arg81p,ARG81,AAGTGCAACTGACTGCGA,AAGTGCAACTGACTGCGA,18,0.0,1.0
Arg81p,ARG81,AATGGAAATGGATAGCGA,AATGGAAATGGATAGCGA,18,0.0,1.0
Tda9p,TDA9,GAGGGG,GAGGGG,6,0.0,1.0
War1p,WAR1,CGGN{23}CCG,CGGNCCG,7,0.1429,0.8571
Yap1p,YAP1,TTACTAA,TTACTAA,7,0.0,1.0
Yap1p,YAP1,TGACTCA,TGACTCA,7,0.0,1.0
Yap1p,YAP1,TGACTAA,TGACTAA,7,0.0,1.0
Yap1p,YAP1,TKACAAA,TKACAAA,7,0.1429,0.8571
Yap1p,YAP1,TTACTCA,TTACTCA,7,0.0,1.0
Yap1p,YAP1,TGACAA,TGACAA,6,0.0,1.0
Stb4p,STB4,YTCGGAA,YTCGGAA,7,0.1429,0.8571
Mac1p,MAC1,TTTGCKCR,TTTGCKCR,8,0.25,0.75
Mac1p,MAC1,WWWTTTGCTCR,WWWTTTGCTCR,11,0.3636,0.6364
Msn2p,MSN2,CCCCT,CCCCT,5,0.0,1.0
Msn2p,MSN2,RGGGG,RGGGG,5,0.2,0.8
Msn2p,MSN2,AGGGG,AGGGG,5,0.0,1.0
Msn2p,MSN2,TCAGGGGT,TCAGGGGT,8,0.0,1.0
Msn2p,MSN2,AACGGGGT,AACGGGGT,8,0.0,1.0
Arg80p,ARG80,CCTCTAAAGG,CCTCTAAAGG,10,0.0,1.0
Mcm1p,MCM1,TTACCNAATTNGGTAA,TTACCNAATTNGGTAA,16,0.125,0.875
Mcm1p,MCM1,TTWCCYAAWNNGGWAAWW,TTWCCYAAWNNGGWAAWW,18,0.4444,0.5556
Mcm1p,MCM1,DCCYWWWNNRG,DCCYWWWNNRG,11,0.7273,0.2727
Mcm1p,MCM1,CCYWWWNNRG,CCYWWWNNRG,10,0.7,0.3
Mcm1p,MCM1,CCTAATTAGG,CCTAATTAGG,10,0.0,1.0
Mot3p,MOT3,WAGGTA,WAGGTA,6,0.1667,0.8333
Mot3p,MOT3,CAGGYA,CAGGYA,6,0.1667,0.8333
Mot3p,MOT3,AAGAGG,AAGAGG,6,0.0,1.0
Mot3p,MOT3,ATGGAT,ATGGAT,6,0.0,1.0
Mot3p,MOT3,TAGGTA,TAGGTA,6,0.0,1.0
Mot3p,MOT3,TAGGAT,TAGGAT,6,0.0,1.0
Mot3p,MOT3,TMGGAA,TMGGAA,6,0.1667,0.8333
Mot3p,MOT3,AAGGKA,AAGGKA,6,0.1667,0.8333
Mot3p,MOT3,AAGGWT,AAGGWT,6,0.1667,0.8333
Mss11p,MSS11,TTTGCN{97}GCAAA,TTTGCNGCAAA,11,0.0909,0.9091
Hot1p,HOT1,GGGACAAA,GGGACAAA,8,0.0,1.0
Hot1p,HOT1,CATTTGGC,CATTTGGC,8,0.0,1.0
Hot1p,HOT1,CACTTTGAC,CACTTTGAC,9,0.0,1.0
Cat8p,CAT8,NCCDTYNVNCCGN,NCCDTYNVNCCGN,13,0.5385,0.4615
Cat8p,CAT8,YCCNYTNRRCCGN,YCCNYTNRRCCGN,13,0.5385,0.4615
Cat8p,CAT8,GCAGGCG,GCAGGCG,7,0.0,1.0
Cat8p,CAT8,TCCATTG,TCCATTG,7,0.0,1.0
Cat8p,CAT8,GCAGAAA,GCAGAAA,7,0.0,1.0
Cat8p,CAT8,CCGGTGG,CCGGTGG,7,0.0,1.0
Cat8p,CAT8,GGCAATGAC,GGCAATGAC,9,0.0,1.0
Cat8p,CAT8,GCGGTTC,GCGGTTC,7,0.0,1.0
Cat8p,CAT8,CGGATGA,CGGATGA,7,0.0,1.0
Cat8p,CAT8,CCATTGGCC,CCATTGGCC,9,0.0,1.0
Cat8p,CAT8,CNACGGCC,CNACGGCC,8,0.125,0.875
Cat8p,CAT8,CCGATGA,CCGATGA,7,0.0,1.0
Cat8p,CAT8,GCATATT,GCATATT,7,0.0,1.0
Cat8p,CAT8,GATGAAG,GATGAAG,7,0.0,1.0
Cat8p,CAT8,CCATTGG,CCATTGG,7,0.0,1.0
Cat8p,CAT8,AGCGGCG,AGCGGCG,7,0.0,1.0
Cat8p,CAT8,GGCCAATGAC,GGCCAATGAC,10,0.0,1.0
Cat8p,CAT8,AGCCGCT,AGCCGCT,7,0.0,1.0
Cat8p,CAT8,GCGGAGG,GCGGAGG,7,0.0,1.0
Cat8p,CAT8,GGCTACGGCCGAATGGGC,GGCTACGGCCGAATGGGC,18,0.0,1.0
Cat8p,CAT8,GGNCCNATG,GGNCCNATG,9,0.2222,0.7778
Cat8p,CAT8,CGCCGGGC,CGCCGGGC,8,0.0,1.0
Cat8p,CAT8,GGCGGTT,GGCGGTT,7,0.0,1.0
Cat8p,CAT8,GCCGAAA,GCCGAAA,7,0.0,1.0
Cat8p,CAT8,TCAACCGAGATG,TCAACCGAGATG,12,0.0,1.0
Cat8p,CAT8,GTCCATT,GTCCATT,7,0.0,1.0
Cat8p,CAT8,AATGGGC,AATGGGC,7,0.0,1.0
Cat8p,CAT8,CAAAGGG,CAAAGGG,7,0.0,1.0
Cat8p,CAT8,CATTTGCC,CATTTGCC,8,0.0,1.0
Cat8p,CAT8,GCCGGGNA,GCCGGGNA,8,0.125,0.875
Cat8p,CAT8,GCCGTGC,GCCGTGC,7,0.0,1.0
Cat8p,CAT8,GGCGATTC,GGCGATTC,8,0.0,1.0
Cat8p,CAT8,GGCAATG,GGCAATG,7,0.0,1.0
Cat8p,CAT8,CATCCGA,CATCCGA,7,0.0,1.0
Cat8p,CAT8,GCCGCAG,GCCGCAG,7,0.0,1.0
Cat8p,CAT8,GCATATTNGGCAATG,GCATATTNGGCAATG,15,0.0667,0.9333
Cat8p,CAT8,CAACCGA,CAACCGA,7,0.0,1.0
Cat8p,CAT8,AAGCGGA,AAGCGGA,7,0.0,1.0
Cat8p,CAT8,CGCCGGG,CGCCGGG,7,0.0,1.0
Cat8p,CAT8,TCCATTGG,TCCATTGG,8,0.0,1.0
Cat8p,CAT8,TGCCGGT,TGCCGGT,7,0.0,1.0
Cat8p,CAT8,AAGCGGCG,AAGCGGCG,8,0.0,1.0
Cat8p,CAT8,GGCCAATG,GGCCAATG,8,0.0,1.0
Cat8p,CAT8,AAGCGGCGATTC,AAGCGGCGATTC,12,0.0,1.0
Cat8p,CAT8,GGTGCTG,GGTGCTG,7,0.0,1.0
Cat8p,CAT8,GCCGAAT,GCCGAAT,7,0.0,1.0
Cat8p,CAT8,TCAACCGA,TCAACCGA,8,0.0,1.0
Cat8p,CAT8,GCCGGGC,GCCGGGC,7,0.0,1.0
Cat8p,CAT8,GCCAATG,GCCAATG,7,0.0,1.0
Cat8p,CAT8,CCCGATA,CCCGATA,7,0.0,1.0
Cat8p,CAT8,CCCGATAG,CCCGATAG,8,0.0,1.0
Cat8p,CAT8,CCGAATG,CCGAATG,7,0.0,1.0
Cat8p,CAT8,GCCGAATG,GCCGAATG,8,0.0,1.0
Cat8p,CAT8,CTACGGC,CTACGGC,7,0.0,1.0
Cat8p,CAT8,TCCGAAG,TCCGAAG,7,0.0,1.0
Cat8p,CAT8,TGCCGGTGG,TGCCGGTGG,9,0.0,1.0
Cat8p,CAT8,GAGCGGC,GAGCGGC,7,0.0,1.0
Cat8p,CAT8,GTGCGGCGATTC,GTGCGGCGATTC,12,0.0,1.0
Cat8p,CAT8,GGGCNNATG,GGGCNNATG,9,0.2222,0.7778
Cat8p,CAT8,GGCTGTG,GGCTGTG,7,0.0,1.0
Cat8p,CAT8,GTGCGGCTGTG,GTGCGGCTGTG,11,0.0,1.0
Cat8p,CAT8,ACCGAGA,ACCGAGA,7,0.0,1.0
Cat8p,CAT8,GAGCGGCG,GAGCGGCG,8,0.0,1.0
Cat8p,CAT8,GGNCNGATG,GGNCNGATG,9,0.2222,0.7778
Cat8p,CAT8,CATTTGC,CATTTGC,7,0.0,1.0
Cat8p,CAT8,CCATTGGGC,CCATTGGGC,9,0.0,1.0
Cat8p,CAT8,GGCTACG,GGCTACG,7,0.0,1.0
Cat8p,CAT8,TGCCGGTG,TGCCGGTG,8,0.0,1.0
Cat8p,CAT8,GGCCNAATG,GGCCNAATG,9,0.1111,0.8889
Cat8p,CAT8,CGAGATG,CGAGATG,7,0.0,1.0
Cat8p,CAT8,GGCCGAT,GGCCGAT,7,0.0,1.0
Cat8p,CAT8,CCGATGAAG,CCGATGAAG,9,0.0,1.0
Cat8p,CAT8,ATTGGGC,ATTGGGC,7,0.0,1.0
Cat8p,CAT8,TCATCCGA,TCATCCGA,8,0.0,1.0
Cat8p,CAT8,AGCGGCGAT,AGCGGCGAT,9,0.0,1.0
Dal82p,DAL82,SAAAWNTGCGBT,SAAAWNTGCGBT,12,0.3333,0.6667
Dal82p,DAL82,GAAAATTGCGTT,GAAAATTGCGTT,12,0.0,1.0
Rap1p,RAP1,ACACCCRYACAY,ACACCCRYACAY,12,0.25,0.75
Rap1p,RAP1,ACACCCAYACAYYY,ACACCCAYACAYYY,14,0.2857,0.7143
Gcr2p,GCR2,GTTGCAACA,GTTGCAACA,9,0.0,1.0
Gcr2p,GCR2,AAAGAGAG,AAAGAGAG,8,0.0,1.0
Gcr2p,GCR2,AAAAAATG,AAAAAATG,8,0.0,1.0
Gcr2p,GCR2,GCTTCCTCT,GCTTCCTCT,9,0.0,1.0
Gcr2p,GCR2,GAAAAAAG,GAAAAAAG,8,0.0,1.0
Gcr2p,GCR2,CAGGCAAAAAACG,CAGGCAAAAAACG,13,0.0,1.0
Gcr2p,GCR2,ATGGTGATNATTGCAAA,ATGGTGATNATTGCAAA,17,0.0588,0.9412
Gcr2p,GCR2,ATGGCAAACAAAAG,ATGGCAAACAAAAG,14,0.0,1.0
Gcr2p,GCR2,ATGGAAAA,ATGGAAAA,8,0.0,1.0
Gcr2p,GCR2,AAACAAAA,AAACAAAA,8,0.0,1.0
Gcr2p,GCR2,AAAAGAAA,AAAAGAAA,8,0.0,1.0
Gcr2p,GCR2,TCTCTCAA,TCTCTCAA,8,0.0,1.0
Gcr2p,GCR2,ACTTTGCCATATGCAAAA,ACTTTGCCATATGCAAAA,18,0.0,1.0
Gcr2p,GCR2,ACTTTGCC,ACTTTGCC,8,0.0,1.0
Gcr2p,GCR2,AATGCAAA,AATGCAAA,8,0.0,1.0
Gcr2p,GCR2,TATGGAAA,TATGGAAA,8,0.0,1.0
Gcr2p,GCR2,AAGGAAGC,AAGGAAGC,8,0.0,1.0
Sko1p,SKO1,TGACGTTT,TGACGTTT,8,0.0,1.0
Sko1p,SKO1,TGACGTCA,TGACGTCA,8,0.0,1.0
Sko1p,SKO1,TTACGTAA,TTACGTAA,8,0.0,1.0
Sko1p,SKO1,ATGACGTA,ATGACGTA,8,0.0,1.0
Met4p,MET4,TCACGTG,TCACGTG,7,0.0,1.0
Fkh2p,FKH2,GTMAACAA,GTMAACAA,8,0.125,0.875
Fkh2p,FKH2,RTAAAYAA,RTAAAYAA,8,0.25,0.75
Fkh2p,FKH2,RYMAAYA,RYMAAYA,7,0.5714,0.4286
Fkh2p,FKH2,RYAAACAWW,RYAAACAWW,9,0.4444,0.5556
Fkh2p,FKH2,AAACA,AAACA,5,0.0,1.0
Fkh2p,FKH2,GTAAACAA,GTAAACAA,8,0.0,1.0
Crz1p,CRZ1,CACCAGTCGGTGGCTGTGCGCTTG,CACCAGTCGGTGGCTGTGCGCTTG,24,0.0,1.0
Crz1p,CRZ1,GAATGGCTG,GAATGGCTG,9,0.0,1.0
Crz1p,CRZ1,GGGTGGCTG,GGGTGGCTG,9,0.0,1.0
Crz1p,CRZ1,GNGGCKCA,GNGGCKCA,8,0.25,0.75
Crz1p,CRZ1,GGGGCTG,GGGGCTG,7,0.0,1.0
Crz1p,CRZ1,GAGCCC,GAGCCC,6,0.0,1.0
Crz1p,CRZ1,CAGCCAC,CAGCCAC,7,0.0,1.0
Ino4p,INO4,ATGTGAAAT,ATGTGAAAT,9,0.0,1.0
Ino4p,INO4,CATGTGAAAT,CATGTGAAAT,10,0.0,1.0
Ino4p,INO4,WYTTCAYRTGS,WYTTCAYRTGS,11,0.4545,0.5455
Ino4p,INO4,TYTTCACATGY,TYTTCACATGY,11,0.1818,0.8182
Ino4p,INO4,CACATGC,CACATGC,7,0.0,1.0
Ino4p,INO4,TTCATATGCAA,TTCATATGCAA,11,0.0,1.0
Ino4p,INO4,TTCATATGCA,TTCATATGCA,10,0.0,1.0
Ino4p,INO4,TTCATATGC,TTCATATGC,9,0.0,1.0
Ino4p,INO4,TTCACGTGCT,TTCACGTGCT,10,0.0,1.0
Ino4p,INO4,TTCACGTGCA,TTCACGTGCA,10,0.0,1.0
Ino4p,INO4,TTCACGTGC,TTCACGTGC,9,0.0,1.0
Ino4p,INO4,TTCACATTCT,TTCACATTCT,10,0.0,1.0
Ino4p,INO4,TTCACATTCA,TTCACATTCA,10,0.0,1.0
Ino4p,INO4,TTCACATGCTG,TTCACATGCTG,11,0.0,1.0
Ino4p,INO4,TTCACATGCTA,TTCACATGCTA,11,0.0,1.0
Ino4p,INO4,TTCACATGCT,TTCACATGCT,10,0.0,1.0
Ino4p,INO4,TTCACATGCGG,TTCACATGCGG,11,0.0,1.0
Ino4p,INO4,TTCACATGCGC,TTCACATGCGC,11,0.0,1.0
Ino4p,INO4,TTCACATGCG,TTCACATGCG,10,0.0,1.0
Ino4p,INO4,TTCACATGCCG,TTCACATGCCG,11,0.0,1.0
Ino4p,INO4,TTCACATGCCA,TTCACATGCCA,11,0.0,1.0
Ino4p,INO4,TTCACATGCC,TTCACATGCC,10,0.0,1.0
Ino4p,INO4,TTCACATGCAT,TTCACATGCAT,11,0.0,1.0
Ino4p,INO4,TTCACANGCA,TTCACANGCA,10,0.1,0.9
Ino4p,INO4,TTCACANGC,TTCACANGC,9,0.1111,0.8889
Ino4p,INO4,TTCACAGGC,TTCACAGGC,9,0.0,1.0
Ino4p,INO4,TNCACATGCTT,TNCACATGCTT,11,0.0909,0.9091
Ino4p,INO4,TNCACATGCCA,TNCACATGCCA,11,0.0909,0.9091
Ino4p,INO4,TNCACATGCAC,TNCACATGCAC,11,0.0909,0.9091
Ino4p,INO4,TGCATATGCAA,TGCATATGCAA,11,0.0,1.0
Ino4p,INO4,TGCACATGGC,TGCACATGGC,10,0.0,1.0
Ino4p,INO4,TGCACATGCTG,TGCACATGCTG,11,0.0,1.0
Ino4p,INO4,TGCACATGCTA,TGCACATGCTA,11,0.0,1.0
Ino4p,INO4,TGCACATGCGC,TGCACATGCGC,11,0.0,1.0
Ino4p,INO4,TGCACATGCG,TGCACATGCG,10,0.0,1.0
Ino4p,INO4,TGCACATG,TGCACATG,8,0.0,1.0
Ino4p,INO4,TCNCNTGCT,TCNCNTGCT,9,0.2222,0.7778
Ino4p,INO4,TCATGTGCGC,TCATGTGCGC,10,0.0,1.0
Ino4p,INO4,TCACGTGCT,TCACGTGCT,9,0.0,1.0
Ino4p,INO4,TCACATGTG,TCACATGTG,9,0.0,1.0
Ino4p,INO4,TCACATGT,TCACATGT,8,0.0,1.0
Ino4p,INO4,TCACATGNC,TCACATGNC,9,0.1111,0.8889
Ino4p,INO4,TCACATGGCG,TCACATGGCG,10,0.0,1.0
Ino4p,INO4,TCACATGGC,TCACATGGC,9,0.0,1.0
Ino4p,INO4,TCACATGGAC,TCACATGGAC,10,0.0,1.0
Ino4p,INO4,TCACATGG,TCACATGG,8,0.0,1.0
Ino4p,INO4,TCACATGCCA,TCACATGCCA,10,0.0,1.0
Ino4p,INO4,TCACATGCAT,TCACATGCAT,10,0.0,1.0
Ino4p,INO4,TCACATGCAA,TCACATGCAA,10,0.0,1.0
Ino4p,INO4,TCACATG,TCACATG,7,0.0,1.0
Ino4p,INO4,GGCACATGG,GGCACATGG,9,0.0,1.0
Ino4p,INO4,GGCACATGCGC,GGCACATGCGC,11,0.0,1.0
Ino4p,INO4,GGCACATGCAA,GGCACATGCAA,11,0.0,1.0
Ino4p,INO4,GGCACATG,GGCACATG,8,0.0,1.0
Ino4p,INO4,CNCATGCC,CNCATGCC,8,0.125,0.875
Ino4p,INO4,CNCACATGCAT,CNCACATGCAT,11,0.0909,0.9091
Ino4p,INO4,CGCACATGCTA,CGCACATGCTA,11,0.0,1.0
Ino4p,INO4,CATATGCAA,CATATGCAA,9,0.0,1.0
Ino4p,INO4,CACGTGCAT,CACGTGCAT,9,0.0,1.0
Ino4p,INO4,CACATGGA,CACATGGA,8,0.0,1.0
Ino4p,INO4,CACATGG,CACATGG,7,0.0,1.0
Ino4p,INO4,CACATGCTG,CACATGCTG,9,0.0,1.0
Ino4p,INO4,CACANGCA,CACANGCA,8,0.125,0.875
Ino4p,INO4,ATCACGTGCT,ATCACGTGCT,10,0.0,1.0
Ino4p,INO4,ATCACATGGAC,ATCACATGGAC,11,0.0,1.0
Ino4p,INO4,ATCACATGGA,ATCACATGGA,10,0.0,1.0
Ino4p,INO4,ATCACATGCTG,ATCACATGCTG,11,0.0,1.0
Ino4p,INO4,ATCACATGCG,ATCACATGCG,10,0.0,1.0
Ino4p,INO4,ATCACANGC,ATCACANGC,9,0.1111,0.8889
Ino4p,INO4,AGCACATGG,AGCACATGG,9,0.0,1.0
Ino4p,INO4,AGCACATGCTT,AGCACATGCTT,11,0.0,1.0
Ino4p,INO4,AGCACATGCTA,AGCACATGCTA,11,0.0,1.0
Ino4p,INO4,AGCACATGCGC,AGCACATGCGC,11,0.0,1.0
Ino4p,INO4,AGCACATGCG,AGCACATGCG,10,0.0,1.0
Ino4p,INO4,AGCACATGCCG,AGCACATGCCG,11,0.0,1.0
Ino4p,INO4,AGCACATGCCA,AGCACATGCCA,11,0.0,1.0
Ino4p,INO4,AGCACATGCAA,AGCACATGCAA,11,0.0,1.0
Ino4p,INO4,ACATGCCA,ACATGCCA,8,0.0,1.0
Ino4p,INO4,ACATGCAG,ACATGCAG,8,0.0,1.0
Ino4p,INO4,TTCACATTC,TTCACATTC,9,0.0,1.0
Ino4p,INO4,TTCACATGCAC,TTCACATGCAC,11,0.0,1.0
Ino4p,INO4,TGCATATGCA,TGCATATGCA,10,0.0,1.0
Ino4p,INO4,TGCATATGC,TGCATATGC,9,0.0,1.0
Ino4p,INO4,TGCACATGT,TGCACATGT,9,0.0,1.0
Ino4p,INO4,TGCACATGGCG,TGCACATGGCG,11,0.0,1.0
Ino4p,INO4,TGCACATGG,TGCACATGG,9,0.0,1.0
Ino4p,INO4,TCATGTGC,TCATGTGC,8,0.0,1.0
Ino4p,INO4,TCATATGNAA,TCATATGNAA,10,0.1,0.9
Ino4p,INO4,TCATATGC,TCATATGC,8,0.0,1.0
Ino4p,INO4,TCACGTGC,TCACGTGC,8,0.0,1.0
Ino4p,INO4,TCACGTG,TCACGTG,7,0.0,1.0
Ino4p,INO4,GNCACATGCGG,GNCACATGCGG,11,0.0909,0.9091
Ino4p,INO4,GNCACATGCG,GNCACATGCG,10,0.1,0.9
Ino4p,INO4,GNCACATGCAA,GNCACATGCAA,11,0.0909,0.9091
Ino4p,INO4,GGCACATGTG,GGCACATGTG,10,0.0,1.0
Ino4p,INO4,GGCACATGT,GGCACATGT,9,0.0,1.0
Ino4p,INO4,GGCACATGCG,GGCACATGCG,10,0.0,1.0
Ino4p,INO4,GCATATGC,GCATATGC,8,0.0,1.0
Ino4p,INO4,CNCACATGG,CNCACATGG,9,0.1111,0.8889
Ino4p,INO4,CGCACATGNC,CGCACATGNC,10,0.1,0.9
Ino4p,INO4,CGCACATGGAC,CGCACATGGAC,11,0.0,1.0
Ino4p,INO4,CGCACATGCG,CGCACATGCG,10,0.0,1.0
Ino4p,INO4,CGCACATG,CGCACATG,8,0.0,1.0
Ino4p,INO4,CATATGCA,CATATGCA,8,0.0,1.0
Ino4p,INO4,CACATTCT,CACATTCT,8,0.0,1.0
Ino4p,INO4,CACATTCA,CACATTCA,8,0.0,1.0
Ino4p,INO4,CACATGCTA,CACATGCTA,9,0.0,1.0
Ino4p,INO4,CACATGCAG,CACATGCAG,9,0.0,1.0
Ino4p,INO4,ATCACGTGCAT,ATCACGTGCAT,11,0.0,1.0
Ino4p,INO4,ATCACGTGCA,ATCACGTGCA,10,0.0,1.0
Ino4p,INO4,ATCACGTGC,ATCACGTGC,9,0.0,1.0
Ino4p,INO4,ATCACATGG,ATCACATGG,9,0.0,1.0
Ino4p,INO4,ATCACATGCTT,ATCACATGCTT,11,0.0,1.0
Ino4p,INO4,ATCACANGCA,ATCACANGCA,10,0.1,0.9
Ino4p,INO4,ATCACANG,ATCACANG,8,0.125,0.875
Ino4p,INO4,AGCACATGCAT,AGCACATGCAT,11,0.0,1.0
Ino4p,INO4,ACATGCTA,ACATGCTA,8,0.0,1.0
Ino4p,INO4,ACATGCNG,ACATGCNG,8,0.125,0.875
Ino4p,INO4,ACATGCCG,ACATGCCG,8,0.0,1.0
Ino4p,INO4,TTCACGTGCAT,TTCACGTGCAT,11,0.0,1.0
Ino4p,INO4,TTCACATGCAG,TTCACATGCAG,11,0.0,1.0
Ino4p,INO4,TNCACATGCG,TNCACATGCG,10,0.1,0.9
Ino4p,INO4,TNCACATGCAG,TNCACATGCAG,11,0.0909,0.9091
Ino4p,INO4,TGCACATGGA,TGCACATGGA,10,0.0,1.0
Ino4p,INO4,TGCACATGCTT,TGCACATGCTT,11,0.0,1.0
Ino4p,INO4,TGCACATGCC,TGCACATGCC,10,0.0,1.0
Ino4p,INO4,TGCACATGCAA,TGCACATGCAA,11,0.0,1.0
Ino4p,INO4,tCACGTGca,TCACGTGCA,9,0.0,1.0
Ino4p,INO4,TCACATGGA,TCACATGGA,9,0.0,1.0
Ino4p,INO4,TCACATGCTT,TCACATGCTT,10,0.0,1.0
Ino4p,INO4,TCACATGCGG,TCACATGCGG,10,0.0,1.0
Ino4p,INO4,GNCACATGT,GNCACATGT,9,0.1111,0.8889
Ino4p,INO4,GGCACATGNC,GGCACATGNC,10,0.1,0.9
Ino4p,INO4,GGCACATGCTG,GGCACATGCTG,11,0.0,1.0
Ino4p,INO4,GGCACATGCTA,GGCACATGCTA,11,0.0,1.0
Ino4p,INO4,GGCACATGCAG,GGCACATGCAG,11,0.0,1.0
Ino4p,INO4,CACATGCAT,CACATGCAT,9,0.0,1.0
Ino4p,INO4,ATCACGTGNAA,ATCACGTGNAA,11,0.0909,0.9091
Ino4p,INO4,ATCACGTG,ATCACGTG,8,0.0,1.0
Ino4p,INO4,ATCACATGT,ATCACATGT,9,0.0,1.0
Ino4p,INO4,ATCACATGCCA,ATCACATGCCA,11,0.0,1.0
Ino4p,INO4,ATCACATGCAG,ATCACATGCAG,11,0.0,1.0
Ino4p,INO4,ATCACATGCAA,ATCACATGCAA,11,0.0,1.0
Ino4p,INO4,ATCACATG,ATCACATG,8,0.0,1.0
Ino4p,INO4,AGCACATGNC,AGCACATGNC,10,0.1,0.9
Ino4p,INO4,AGCACATGGC,AGCACATGGC,10,0.0,1.0
Ino4p,INO4,AGCACATGGAC,AGCACATGGAC,11,0.0,1.0
Ino4p,INO4,ACATGCAA,ACATGCAA,8,0.0,1.0
Ino4p,INO4,CNCACATGGC,CNCACATGGC,10,0.1,0.9
Rtg1p,RTG1,GTCAC,GTCAC,5,0.0,1.0
Rtg1p,RTG1,GGTAC,GGTAC,5,0.0,1.0
Rtg1p,RTG1,TCGGAAAAACTA,TCGGAAAAACTA,12,0.0,1.0
Rtg1p,RTG1,TGGAAAAAA,TGGAAAAAA,9,0.0,1.0
Rtg1p,RTG1,CNNAAAAAATA,CNNAAAAAATA,11,0.1818,0.8182
Rtg1p,RTG1,TCGGAAAANC,TCGGAAAANC,10,0.1,0.9
Rtg1p,RTG1,CCGGAGAAA,CCGGAGAAA,9,0.0,1.0
Rtg1p,RTG1,TCGGAAAANCT,TCGGAAAANCT,11,0.0909,0.9091
Rtg1p,RTG1,CACGGAAAAAT,CACGGAAAAAT,11,0.0,1.0
Rtg1p,RTG1,CGGAACAAAA,CGGAACAAAA,10,0.0,1.0
Rtg1p,RTG1,CTCGGAAAAACTA,CTCGGAAAAACTA,13,0.0,1.0
Rtg1p,RTG1,TCGGATAAACT,TCGGATAAACT,11,0.0,1.0
Rtg1p,RTG1,TCGGAAAA,TCGGAAAA,8,0.0,1.0
Rtg1p,RTG1,TCCGGAAAAACTA,TCCGGAAAAACTA,13,0.0,1.0
Rtg1p,RTG1,CCGGAAAAAA,CCGGAAAAAA,10,0.0,1.0
Rtg1p,RTG1,TCGGAAAAACTC,TCGGAAAAACTC,12,0.0,1.0
Rtg1p,RTG1,TCCGGAAAAACTT,TCCGGAAAAACTT,13,0.0,1.0
Rtg1p,RTG1,CCGGAAAA,CCGGAAAA,8,0.0,1.0
Rtg1p,RTG1,GTGGAAAAAC,GTGGAAAAAC,10,0.0,1.0
Rtg1p,RTG1,ATGGAAAAAC,ATGGAAAAAC,10,0.0,1.0
Rtg1p,RTG1,GAGAAAAAT,GAGAAAAAT,9,0.0,1.0
Rtg1p,RTG1,ACGGAAAAAT,ACGGAAAAAT,10,0.0,1.0
Rtg1p,RTG1,ACGGAAAAAAAA,ACGGAAAAAAAA,12,0.0,1.0
Rtg1p,RTG1,ACGGAAAAAAA,ACGGAAAAAAA,11,0.0,1.0
Rtg1p,RTG1,TCGGATAAAT,TCGGATAAAT,10,0.0,1.0
Rtg1p,RTG1,GAGAAAAA,GAGAAAAA,8,0.0,1.0
Rtg1p,RTG1,CGGAGAA,CGGAGAA,7,0.0,1.0
Rtg1p,RTG1,ACGGAAAANCT,ACGGAAAANCT,11,0.0909,0.9091
Rtg1p,RTG1,CCNGNAAAA,CCNGNAAAA,9,0.2222,0.7778
Rtg1p,RTG1,ACGGAGAAAAG,ACGGAGAAAAG,11,0.0,1.0
Rtg1p,RTG1,CACGGAAAAACAAT,CACGGAAAAACAAT,14,0.0,1.0
Rtg1p,RTG1,TCGGAGAAAAA,TCGGAGAAAAA,11,0.0,1.0
Rtg1p,RTG1,CTCGGAAAAATT,CTCGGAAAAATT,12,0.0,1.0
Rtg1p,RTG1,TCGGAAAAATT,TCGGAAAAATT,11,0.0,1.0
Rtg1p,RTG1,CCGGAAAAA,CCGGAAAAA,9,0.0,1.0
Rtg1p,RTG1,ACCGGAACAAA,ACCGGAACAAA,11,0.0,1.0
Rtg1p,RTG1,ACCGGAAAAAAA,ACCGGAAAAAAA,12,0.0,1.0
Rtg1p,RTG1,CTCGGAAAAAAAA,CTCGGAAAAAAAA,13,0.0,1.0
Rtg1p,RTG1,CCGNAANAA,CCGNAANAA,9,0.2222,0.7778
Rtg1p,RTG1,CTCGGAAAAAC,CTCGGAAAAAC,11,0.0,1.0
Rtg1p,RTG1,ACGGAAAAA,ACGGAAAAA,9,0.0,1.0
Rtg1p,RTG1,GTGGAAAAAAAG,GTGGAAAAAAAG,12,0.0,1.0
Rtg1p,RTG1,GAAAAAC,GAAAAAC,7,0.0,1.0
Rtg1p,RTG1,CGGAAAA,CGGAAAA,7,0.0,1.0
Rtg1p,RTG1,GGAAAAATT,GGAAAAATT,9,0.0,1.0
Rtg1p,RTG1,GTGGAAAAATTC,GTGGAAAAATTC,12,0.0,1.0
Rtg1p,RTG1,GGAANAAT,GGAANAAT,8,0.125,0.875
Rtg1p,RTG1,CGGAANAACCT,CGGAANAACCT,11,0.0909,0.9091
Rtg1p,RTG1,CCGGAAAAAC,CCGGAAAAAC,10,0.0,1.0
Rtg1p,RTG1,CGGAAAAACAAT,CGGAAAAACAAT,12,0.0,1.0
Rtg1p,RTG1,CCGGAGAAAAG,CCGGAGAAAAG,11,0.0,1.0
Rtg1p,RTG1,AGGAAAAAAAG,AGGAAAAAAAG,11,0.0,1.0
Rtg1p,RTG1,ACCGGAAAAACTG,ACCGGAAAAACTG,13,0.0,1.0
Rtg1p,RTG1,CGGAANAAT,CGGAANAAT,9,0.1111,0.8889
Rtg1p,RTG1,AAAGGAAAAACAA,AAAGGAAAAACAA,13,0.0,1.0
Rtg1p,RTG1,GGAAAAAT,GGAAAAAT,8,0.0,1.0
Rtg1p,RTG1,CAGGAANAAT,CAGGAANAAT,10,0.1,0.9
Rtg1p,RTG1,TCGGAAAAACCT,TCGGAAAAACCT,12,0.0,1.0
Rtg1p,RTG1,GGAAAAA,GGAAAAA,7,0.0,1.0
Rtg1p,RTG1,CCGNAANAAC,CCGNAANAAC,10,0.2,0.8
Rtg1p,RTG1,ACGGAAAANC,ACGGAAAANC,10,0.1,0.9
Rtg1p,RTG1,CGGAAAAATG,CGGAAAAATG,10,0.0,1.0
Rtg1p,RTG1,GAAAAACT,GAAAAACT,8,0.0,1.0
Rtg1p,RTG1,GTGGAAAAATG,GTGGAAAAATG,11,0.0,1.0
Rtg1p,RTG1,CNGNAAAACT,CNGNAAAACT,10,0.2,0.8
Rtg1p,RTG1,CCGGAGAA,CCGGAGAA,8,0.0,1.0
Rtg1p,RTG1,TCGGAAAAACTT,TCGGAAAAACTT,12,0.0,1.0
Rtg1p,RTG1,AAAGGAAAAAAAC,AAAGGAAAAAAAC,13,0.0,1.0
Rtg1p,RTG1,TGGAAAAATT,TGGAAAAATT,10,0.0,1.0
Rtg1p,RTG1,CGGATAAAT,CGGATAAAT,9,0.0,1.0
Rtg1p,RTG1,AAAGGAAAAAAAG,AAAGGAAAAAAAG,13,0.0,1.0
Cin5p,CIN5,TTACTAA,TTACTAA,7,0.0,1.0
Azf1p,AZF1,AAGAAAAA,AAGAAAAA,8,0.0,1.0
Azf1p,AZF1,AAAAGAAA,AAAAGAAA,8,0.0,1.0
Sfl1p,SFL1,AGAANTTCC,AGAANTTCC,9,0.1111,0.8889
Yrr1p,YRR1,WCCGYKKWW,WCCGYKKWW,9,0.6667,0.3333
Tea1p,TEA1,CGGN{10}CCG,CGGNCCG,7,0.1429,0.8571
Tye7p,TYE7,TCACGTG,TCACGTG,7,0.0,1.0
Tye7p,TYE7,TCAGCTGA,TCAGCTGA,8,0.0,1.0
Tye7p,TYE7,GTCACGAG,GTCACGAG,8,0.0,1.0
Tye7p,TYE7,GGTTACGT,GGTTACGT,8,0.0,1.0
Tye7p,TYE7,GACATCAC,GACATCAC,8,0.0,1.0
Tye7p,TYE7,CTATCTTG,CTATCTTG,8,0.0,1.0
Tye7p,TYE7,CATGCTTT,CATGCTTT,8,0.0,1.0
Tye7p,TYE7,CATGCCAC,CATGCCAC,8,0.0,1.0
Tye7p,TYE7,CAGCTGCT,CAGCTGCT,8,0.0,1.0
Tye7p,TYE7,ATGTCACG,ATGTCACG,8,0.0,1.0
Tye7p,TYE7,ATCATATC,ATCATATC,8,0.0,1.0
Tye7p,TYE7,ATCACNCCA,ATCACNCCA,9,0.1111,0.8889
Tye7p,TYE7,AGATCACGTGGT,AGATCACGTGGT,12,0.0,1.0
Tye7p,TYE7,ACATGATG,ACATGATG,8,0.0,1.0
Tye7p,TYE7,TTCCCTTT,TTCCCTTT,8,0.0,1.0
Tye7p,TYE7,TTCCCGCT,TTCCCGCT,8,0.0,1.0
Tye7p,TYE7,TTACGTCA,TTACGTCA,8,0.0,1.0
Tye7p,TYE7,TGTCACGTTC,TGTCACGTTC,10,0.0,1.0
Tye7p,TYE7,TGTCACGTGCA,TGTCACGTGCA,11,0.0,1.0
Tye7p,TYE7,TCNCGTGGT,TCNCGTGGT,9,0.1111,0.8889
Tye7p,TYE7,TCCCCTTG,TCCCCTTG,8,0.0,1.0
Tye7p,TYE7,TCACNTGGT,TCACNTGGT,9,0.1111,0.8889
Tye7p,TYE7,TCACGTGAT,TCACGTGAT,9,0.0,1.0
Tye7p,TYE7,TCACGCGCT,TCACGCGCT,9,0.0,1.0
Tye7p,TYE7,TCACGCGCG,TCACGCGCG,9,0.0,1.0
Tye7p,TYE7,TCACGATC,TCACGATC,8,0.0,1.0
Tye7p,TYE7,TCACGAGA,TCACGAGA,8,0.0,1.0
Tye7p,TYE7,TCACATGA,TCACATGA,8,0.0,1.0
Tye7p,TYE7,GTCCGGTT,GTCCGGTT,8,0.0,1.0
Tye7p,TYE7,GTCCCGTG,GTCCCGTG,8,0.0,1.0
Tye7p,TYE7,GTCACGTGCT,GTCACGTGCT,10,0.0,1.0
Tye7p,TYE7,GTCACGTGC,GTCACGTGC,9,0.0,1.0
Tye7p,TYE7,GTCACGTCA,GTCACGTCA,9,0.0,1.0
Tye7p,TYE7,GTCACCTGC,GTCACCTGC,9,0.0,1.0
Tye7p,TYE7,GTCACCTGAG,GTCACCTGAG,10,0.0,1.0
Tye7p,TYE7,GTCACCTG,GTCACCTG,8,0.0,1.0
Tye7p,TYE7,GTCACATGGT,GTCACATGGT,10,0.0,1.0
Tye7p,TYE7,GTCACATGCTTT,GTCACATGCTTT,12,0.0,1.0
Tye7p,TYE7,GGCAGTTG,GGCAGTTG,8,0.0,1.0
Tye7p,TYE7,GCTCNCGTG,GCTCNCGTG,9,0.1111,0.8889
Tye7p,TYE7,GCTCACGTGT,GCTCACGTGT,10,0.0,1.0
Tye7p,TYE7,GCTCACGTGCT,GCTCACGTGCT,11,0.0,1.0
Tye7p,TYE7,GCGTCATCACGTCATCCGAA,GCGTCATCACGTCATCCGAA,20,0.0,1.0
Tye7p,TYE7,GATCACGTGTTT,GATCACGTGTTT,12,0.0,1.0
Tye7p,TYE7,GATCACGCGC,GATCACGCGC,10,0.0,1.0
Tye7p,TYE7,GAGTGATG,GAGTGATG,8,0.0,1.0
Tye7p,TYE7,GACCACGCCCCTTCTT,GACCACGCCCCTTCTT,16,0.0,1.0
Tye7p,TYE7,CTTTACGTCACGTGG,CTTTACGTCACGTGG,15,0.0,1.0
Tye7p,TYE7,CTTTACGT,CTTTACGT,8,0.0,1.0
Tye7p,TYE7,CTGGTGGA,CTGGTGGA,8,0.0,1.0
Tye7p,TYE7,CTGACATCACCC,CTGACATCACCC,12,0.0,1.0
Tye7p,TYE7,CTGACATCAC,CTGACATCAC,10,0.0,1.0
Tye7p,TYE7,CTCGTGGT,CTCGTGGT,8,0.0,1.0
Tye7p,TYE7,CTCCCGCT,CTCCCGCT,8,0.0,1.0
Tye7p,TYE7,CTCCCCTT,CTCCCCTT,8,0.0,1.0
Tye7p,TYE7,CTCCACGTG,CTCCACGTG,9,0.0,1.0
Tye7p,TYE7,CTCACGTGGT,CTCACGTGGT,10,0.0,1.0
Tye7p,TYE7,CTCACGTGCC,CTCACGTGCC,10,0.0,1.0
Tye7p,TYE7,CTCACGTAA,CTCACGTAA,9,0.0,1.0
Tye7p,TYE7,CGTCACCTGCG,CGTCACCTGCG,11,0.0,1.0
Tye7p,TYE7,CGTCAAGTCACGTT,CGTCAAGTCACGTT,14,0.0,1.0
Tye7p,TYE7,CGACGTCAC,CGACGTCAC,9,0.0,1.0
Tye7p,TYE7,CCGGTTTT,CCGGTTTT,8,0.0,1.0
Tye7p,TYE7,CCCTTCTT,CCCTTCTT,8,0.0,1.0
Tye7p,TYE7,CCCTGAAT,CCCTGAAT,8,0.0,1.0
Tye7p,TYE7,CCCCTGAA,CCCCTGAA,8,0.0,1.0
Tye7p,TYE7,CCACGTGCT,CCACGTGCT,9,0.0,1.0
Tye7p,TYE7,CCACGTGCA,CCACGTGCA,9,0.0,1.0
Tye7p,TYE7,CCACGCCAT,CCACGCCAT,9,0.0,1.0
Tye7p,TYE7,CATTCCGTCAGCTGATA,CATTCCGTCAGCTGATA,17,0.0,1.0
Tye7p,TYE7,CATCAGGTG,CATCAGGTG,9,0.0,1.0
Tye7p,TYE7,CATCAGGT,CATCAGGT,8,0.0,1.0
Tye7p,TYE7,CATCAGCTGA,CATCAGCTGA,10,0.0,1.0
Tye7p,TYE7,CATCAGCT,CATCAGCT,8,0.0,1.0
Tye7p,TYE7,CATCACNAT,CATCACNAT,9,0.1111,0.8889
Tye7p,TYE7,CATCACGTGGT,CATCACGTGGT,11,0.0,1.0
Tye7p,TYE7,CATCACGT,CATCACGT,8,0.0,1.0
Tye7p,TYE7,CATCACGATC,CATCACGATC,10,0.0,1.0
Tye7p,TYE7,CATCACCCCA,CATCACCCCA,10,0.0,1.0
Tye7p,TYE7,CATCACCC,CATCACCC,8,0.0,1.0
Tye7p,TYE7,CATCACAT,CATCACAT,8,0.0,1.0
Tye7p,TYE7,CAGCTGTT,CAGCTGTT,8,0.0,1.0
Tye7p,TYE7,CACTTGAC,CACTTGAC,8,0.0,1.0
Tye7p,TYE7,CACGTTTC,CACGTTTC,8,0.0,1.0
Tye7p,TYE7,CACGTTGT,CACGTTGT,8,0.0,1.0
Tye7p,TYE7,CACGTTCTC,CACGTTCTC,9,0.0,1.0
Tye7p,TYE7,CACGTTCT,CACGTTCT,8,0.0,1.0
Tye7p,TYE7,CACGTGAA,CACGTGAA,8,0.0,1.0
Tye7p,TYE7,CACGCTTT,CACGCTTT,8,0.0,1.0
Tye7p,TYE7,CACGCGCG,CACGCGCG,8,0.0,1.0
Tye7p,TYE7,CACGCATG,CACGCATG,8,0.0,1.0
Tye7p,TYE7,CACGAGAT,CACGAGAT,8,0.0,1.0
Tye7p,TYE7,CACCTTCC,CACCTTCC,8,0.0,1.0
Tye7p,TYE7,CACCTGCG,CACCTGCG,8,0.0,1.0
Tye7p,TYE7,CACCACGT,CACCACGT,8,0.0,1.0
Tye7p,TYE7,CACCACGCTG,CACCACGCTG,10,0.0,1.0
Tye7p,TYE7,CACCACGCT,CACCACGCT,9,0.0,1.0
Tye7p,TYE7,CACCACGCGG,CACCACGCGG,10,0.0,1.0
Tye7p,TYE7,CACATGTTA,CACATGTTA,9,0.0,1.0
Tye7p,TYE7,CACATGGT,CACATGGT,8,0.0,1.0
Tye7p,TYE7,CACATGCTTT,CACATGCTTT,10,0.0,1.0
Tye7p,TYE7,CACATGCT,CACATGCT,8,0.0,1.0
Tye7p,TYE7,CACATGATG,CACATGATG,9,0.0,1.0
Tye7p,TYE7,CACATCAGCTGGTGGA,CACATCAGCTGGTGGA,16,0.0,1.0
Tye7p,TYE7,CACATCACGTGCA,CACATCACGTGCA,13,0.0,1.0
Tye7p,TYE7,CACATCAC,CACATCAC,8,0.0,1.0
Tye7p,TYE7,CAATGGAG,CAATGGAG,8,0.0,1.0
Tye7p,TYE7,CAATCACGTTTTC,CAATCACGTTTTC,13,0.0,1.0
Tye7p,TYE7,CAATCACG,CAATCACG,8,0.0,1.0
Tye7p,TYE7,ATTCAGTCACGTTC,ATTCAGTCACGTTC,14,0.0,1.0
Tye7p,TYE7,ATGTCACGTGTTT,ATGTCACGTGTTT,13,0.0,1.0
Tye7p,TYE7,ATGAATTT,ATGAATTT,8,0.0,1.0
Tye7p,TYE7,ATCATCACGGT,ATCATCACGGT,11,0.0,1.0
Tye7p,TYE7,ATCAGGTG,ATCAGGTG,8,0.0,1.0
Tye7p,TYE7,ATCAGCTGCT,ATCAGCTGCT,10,0.0,1.0
Tye7p,TYE7,ATCACGTGAT,ATCACGTGAT,10,0.0,1.0
Tye7p,TYE7,ATCACGAG,ATCACGAG,8,0.0,1.0
Tye7p,TYE7,ATCACCTGA,ATCACCTGA,9,0.0,1.0
Tye7p,TYE7,ATCACCCCA,ATCACCCCA,9,0.0,1.0
Tye7p,TYE7,ATCACCCC,ATCACCCC,8,0.0,1.0
Tye7p,TYE7,ATCACATGGT,ATCACATGGT,10,0.0,1.0
Tye7p,TYE7,ATCACATGA,ATCACATGA,9,0.0,1.0
Tye7p,TYE7,ANCACGAGA,ANCACGAGA,9,0.1111,0.8889
Tye7p,TYE7,AGTCNCGTG,AGTCNCGTG,9,0.1111,0.8889
Tye7p,TYE7,AGGTGTTT,AGGTGTTT,8,0.0,1.0
Tye7p,TYE7,AGCAAGCC,AGCAAGCC,8,0.0,1.0
Tye7p,TYE7,ACGTTCTC,ACGTTCTC,8,0.0,1.0
Tye7p,TYE7,ACGTGCGC,ACGTGCGC,8,0.0,1.0
Tye7p,TYE7,ACGTCACGTAA,ACGTCACGTAA,11,0.0,1.0
Tye7p,TYE7,ACGATCTG,ACGATCTG,8,0.0,1.0
Tye7p,TYE7,ACGAGATT,ACGAGATT,8,0.0,1.0
Tye7p,TYE7,ACGAGAGC,ACGAGAGC,8,0.0,1.0
Tye7p,TYE7,ACCACGCT,ACCACGCT,8,0.0,1.0
Tye7p,TYE7,AATCACGAT,AATCACGAT,9,0.0,1.0
Tye7p,TYE7,AATCACGAGATGGTG,AATCACGAGATGGTG,15,0.0,1.0
Tye7p,TYE7,AACCTGCC,AACCTGCC,8,0.0,1.0
Tye7p,TYE7,AACATCACGCGA,AACATCACGCGA,12,0.0,1.0
Tye7p,TYE7,AACATCACG,AACATCACG,9,0.0,1.0
Tye7p,TYE7,AACATCAC,AACATCAC,8,0.0,1.0
Tye7p,TYE7,TGTCACGTA,TGTCACGTA,9,0.0,1.0
Tye7p,TYE7,TCCACGTG,TCCACGTG,8,0.0,1.0
Tye7p,TYE7,TCATCACGTGT,TCATCACGTGT,11,0.0,1.0
Tye7p,TYE7,TCATCACGTGCA,TCATCACGTGCA,12,0.0,1.0
Tye7p,TYE7,GTCACGTTC,GTCACGTTC,9,0.0,1.0
Tye7p,TYE7,GTCACGAGCT,GTCACGAGCT,10,0.0,1.0
Tye7p,TYE7,GCTCACGTGGT,GCTCACGTGGT,11,0.0,1.0
Tye7p,TYE7,GCTCACGTGCTC,GCTCACGTGCTC,12,0.0,1.0
Tye7p,TYE7,CTTTACGTCA,CTTTACGTCA,10,0.0,1.0
Tye7p,TYE7,CGTCACGTGAA,CGTCACGTGAA,11,0.0,1.0
Tye7p,TYE7,CGTCACCTGC,CGTCACCTGC,10,0.0,1.0
Tye7p,TYE7,CGTCACCTG,CGTCACCTG,9,0.0,1.0
Tye7p,TYE7,CATCAGCTGTT,CATCAGCTGTT,11,0.0,1.0
Tye7p,TYE7,CATCACATGTTA,CATCACATGTTA,12,0.0,1.0
Tye7p,TYE7,CATCACATGA,CATCACATGA,10,0.0,1.0
Tye7p,TYE7,CATCACATG,CATCACATG,9,0.0,1.0
Tye7p,TYE7,CACGTGGT,CACGTGGT,8,0.0,1.0
Tye7p,TYE7,CACGCCAC,CACGCCAC,8,0.0,1.0
Tye7p,TYE7,CACATGAT,CACATGAT,8,0.0,1.0
Tye7p,TYE7,CACATCACGTGAA,CACATCACGTGAA,13,0.0,1.0
Tye7p,TYE7,CACATCACGCTTT,CACATCACGCTTT,13,0.0,1.0
Tye7p,TYE7,ATGTCACGTGCA,ATGTCACGTGCA,12,0.0,1.0
Tye7p,TYE7,ATGTCACGTCA,ATGTCACGTCA,11,0.0,1.0
Tye7p,TYE7,ATGAATTTCATCACGTGC,ATGAATTTCATCACGTGC,18,0.0,1.0
Tye7p,TYE7,ATCACGAT,ATCACGAT,8,0.0,1.0
Tye7p,TYE7,AGCGTCACGTGAA,AGCGTCACGTGAA,13,0.0,1.0
Tye7p,TYE7,AGATCACGTGA,AGATCACGTGA,11,0.0,1.0
Tye7p,TYE7,ACCACGCGG,ACCACGCGG,9,0.0,1.0
Tye7p,TYE7,AACATCACGTTCTC,AACATCACGTTCTC,14,0.0,1.0
Tye7p,TYE7,TCACGAGAT,TCACGAGAT,9,0.0,1.0
Tye7p,TYE7,TCACCTGCG,TCACCTGCG,9,0.0,1.0
Tye7p,TYE7,GTCACGTGGT,GTCACGTGGT,10,0.0,1.0
Tye7p,TYE7,GTCACGTC,GTCACGTC,8,0.0,1.0
Tye7p,TYE7,GTCACATGAT,GTCACATGAT,10,0.0,1.0
Tye7p,TYE7,GCCACGTGCT,GCCACGTGCT,10,0.0,1.0
Tye7p,TYE7,GCCACGTGC,GCCACGTGC,9,0.0,1.0
Tye7p,TYE7,GATTACATCACGTGAA,GATTACATCACGTGAA,16,0.0,1.0
Tye7p,TYE7,CGTCACGTT,CGTCACGTT,9,0.0,1.0
Tye7p,TYE7,CGGTGATG,CGGTGATG,8,0.0,1.0
Tye7p,TYE7,CATCACGTTC,CATCACGTTC,10,0.0,1.0
Tye7p,TYE7,CACGTCAC,CACGTCAC,8,0.0,1.0
Tye7p,TYE7,CAATCACGGTTA,CAATCACGGTTA,12,0.0,1.0
Tye7p,TYE7,ATGTCACGTAA,ATGTCACGTAA,11,0.0,1.0
Tye7p,TYE7,ATCAGCTGT,ATCAGCTGT,9,0.0,1.0
Tye7p,TYE7,ATCACGTGT,ATCACGTGT,9,0.0,1.0
Tye7p,TYE7,ATCACCTGC,ATCACCTGC,9,0.0,1.0
Tye7p,TYE7,ATCACATGCTTT,ATCACATGCTTT,12,0.0,1.0
Tye7p,TYE7,ATCACATG,ATCACATG,8,0.0,1.0
Tye7p,TYE7,ACGTGTTT,ACGTGTTT,8,0.0,1.0
Tye7p,TYE7,ACCACGCTG,ACCACGCTG,9,0.0,1.0
Tye7p,TYE7,ACATGTTA,ACATGTTA,8,0.0,1.0
Tye7p,TYE7,AACCTCAA,AACCTCAA,8,0.0,1.0
Tye7p,TYE7,AAAAAGATCACGCGACT,AAAAAGATCACGCGACT,17,0.0,1.0
Hap5p,HAP5,TNATTGGT,TNATTGGT,8,0.125,0.875
Pip2p,PIP2,"CGGN{3}TNRN{8,12}CCG",CGGNTNRNCCG,11,0.3636,0.6364
Pip2p,PIP2,CCGNNNTA,CCGNNNTA,8,0.375,0.625
Pip2p,PIP2,TAAATCCGA,TAAATCCGA,9,0.0,1.0
Pip2p,PIP2,TCCGAGAT,TCCGAGAT,8,0.0,1.0
Pip2p,PIP2,AAACTCCGAG,AAACTCCGAG,10,0.0,1.0
Pip2p,PIP2,TTAACGCCG,TTAACGCCG,9,0.0,1.0
Pip2p,PIP2,TTAACCCCGAG,TTAACCCCGAG,11,0.0,1.0
Pip2p,PIP2,AAACTCCGA,AAACTCCGA,9,0.0,1.0
Pip2p,PIP2,TAAAGCCGCCG,TAAAGCCGCCG,11,0.0,1.0
Pip2p,PIP2,TATCCCCG,TATCCCCG,8,0.0,1.0
Pip2p,PIP2,TTAACTCCGAATTCC,TTAACTCCGAATTCC,15,0.0,1.0
Pip2p,PIP2,TTATCCCCGC,TTATCCCCGC,10,0.0,1.0
Pip2p,PIP2,TAAAGCCGA,TAAAGCCGA,9,0.0,1.0
Pip2p,PIP2,TTAACGCCGT,TTAACGCCGT,10,0.0,1.0
Pip2p,PIP2,TAACCCCGA,TAACCCCGA,9,0.0,1.0
Pip2p,PIP2,TTAACCCCG,TTAACCCCG,9,0.0,1.0
Pip2p,PIP2,TAACTCCGAGAT,TAACTCCGAGAT,12,0.0,1.0
Pip2p,PIP2,TTAAATCCGA,TTAAATCCGA,10,0.0,1.0
Pip2p,PIP2,TAAAGCCG,TAAAGCCG,8,0.0,1.0
Pip2p,PIP2,TTAAGTCCGAAAGTGA,TTAAGTCCGAAAGTGA,16,0.0,1.0
Pip2p,PIP2,TAACTCCGAG,TAACTCCGAG,10,0.0,1.0
Pip2p,PIP2,TGAACGCCG,TGAACGCCG,9,0.0,1.0
Pip2p,PIP2,AACTCCGAA,AACTCCGAA,9,0.0,1.0
Pip2p,PIP2,TGAACGCCGT,TGAACGCCGT,10,0.0,1.0
Pip2p,PIP2,TTAAGTCCG,TTAAGTCCG,9,0.0,1.0
Pip2p,PIP2,AAACTCCGAA,AAACTCCGAA,10,0.0,1.0
Pip2p,PIP2,TATCTCCG,TATCTCCG,8,0.0,1.0
Pip2p,PIP2,TTATCGCCG,TTATCGCCG,9,0.0,1.0
Pip2p,PIP2,TATCGCCG,TATCGCCG,8,0.0,1.0
Pip2p,PIP2,CTTATTCC,CTTATTCC,8,0.0,1.0
Pip2p,PIP2,AAACTCCGG,AAACTCCGG,9,0.0,1.0
Gal4p,GAL4,CGGN{11}CCG,CGGNCCG,7,0.1429,0.8571
Usv1p,USV1,AGGGG,AGGGG,5,0.0,1.0
Usv1p,USV1,TCAGGGGT,TCAGGGGT,8,0.0,1.0
Usv1p,USV1,TCAGGTAC,TCAGGTAC,8,0.0,1.0
Aft2p,AFT2,YRCACCCR,YRCACCCR,8,0.375,0.625
Aft2p,AFT2,TGCACCC,TGCACCC,7,0.0,1.0
Aft2p,AFT2,GGCACCC,GGCACCC,7,0.0,1.0
Aft2p,AFT2,CGCACCC,CGCACCC,7,0.0,1.0
Rds2p,RDS2,AAAANCGG,AAAANCGG,8,0.125,0.875
Rds2p,RDS2,ANAAAATCGGAATA,ANAAAATCGGAATA,14,0.0714,0.9286
Rds2p,RDS2,AAATCTC,AAATCTC,7,0.0,1.0
Rds2p,RDS2,AAAANCGGATACGG,AAAANCGGATACGG,14,0.0714,0.9286
Rds2p,RDS2,TATCGGG,TATCGGG,7,0.0,1.0
Rlm1p,RLM1,CTAWWWWTAG,CTAWWWWTAG,10,0.4,0.6
Rlm1p,RLM1,TAWWWWTAGM,TAWWWWTAGM,10,0.5,0.5
Gcr1p,GCR1,CTTCC,CTTCC,5,0.0,1.0
Gcr1p,GCR1,CWTCC,CWTCC,5,0.2,0.8
Gcr1p,GCR1,TTTTTCCTT,TTTTTCCTT,9,0.0,1.0
Gcr1p,GCR1,TTTCCTT,TTTCCTT,7,0.0,1.0
Gcr1p,GCR1,TTCNTNTTT,TTCNTNTTT,9,0.2222,0.7778
Gcr1p,GCR1,TTCCTTA,TTCCTTA,7,0.0,1.0
Gcr1p,GCR1,TTCCACTA,TTCCACTA,8,0.0,1.0
Gcr1p,GCR1,TTCAGCTTCCTCTATT,TTCAGCTTCCTCTATT,16,0.0,1.0
Gcr1p,GCR1,TTCAGCT,TTCAGCT,7,0.0,1.0
Gcr1p,GCR1,TGCCAGT,TGCCAGT,7,0.0,1.0
Gcr1p,GCR1,TGCCACG,TGCCACG,7,0.0,1.0
Gcr1p,GCR1,GCTTCCTCTTT,GCTTCCTCTTT,11,0.0,1.0
Gcr1p,GCR1,GCTTCCACTA,GCTTCCACTA,10,0.0,1.0
Gcr1p,GCR1,GCATCCACTA,GCATCCACTA,10,0.0,1.0
Gcr1p,GCR1,GAAGTAA,GAAGTAA,7,0.0,1.0
Gcr1p,GCR1,CTTCCTCAA,CTTCCTCAA,9,0.0,1.0
Gcr1p,GCR1,CTTCCTAT,CTTCCTAT,8,0.0,1.0
Gcr1p,GCR1,CTTCCCCT,CTTCCCCT,8,0.0,1.0
Gcr1p,GCR1,ATCCTCTT,ATCCTCTT,8,0.0,1.0
Gcr1p,GCR1,TTTTTCC,TTTTTCC,7,0.0,1.0
Gcr1p,GCR1,TTNCTNTTTT,TTNCTNTTTT,10,0.2,0.8
Gcr1p,GCR1,TTGCTGC,TTGCTGC,7,0.0,1.0
Gcr1p,GCR1,TTCTTCCTCT,TTCTTCCTCT,10,0.0,1.0
Gcr1p,GCR1,TTCCCCTTT,TTCCCCTTT,9,0.0,1.0
Gcr1p,GCR1,TTCCAAC,TTCCAAC,7,0.0,1.0
Gcr1p,GCR1,TCTCTCC,TCTCTCC,7,0.0,1.0
Gcr1p,GCR1,TCCCGCC,TCCCGCC,7,0.0,1.0
Gcr1p,GCR1,TCCACTA,TCCACTA,7,0.0,1.0
Gcr1p,GCR1,GTCTGCT,GTCTGCT,7,0.0,1.0
Gcr1p,GCR1,GGCCTCG,GGCCTCG,7,0.0,1.0
Gcr1p,GCR1,GCTTCCTCTT,GCTTCCTCTT,10,0.0,1.0
Gcr1p,GCR1,GCTTCCTCTATT,GCTTCCTCTATT,12,0.0,1.0
Gcr1p,GCR1,CTTCCTCTTTT,CTTCCTCTTTT,11,0.0,1.0
Gcr1p,GCR1,CTTCCCCTT,CTTCCCCTT,9,0.0,1.0
Gcr1p,GCR1,CTTCCCC,CTTCCCC,7,0.0,1.0
Gcr1p,GCR1,CTTCCACT,CTTCCACT,8,0.0,1.0
Gcr1p,GCR1,CCCCTTT,CCCCTTT,7,0.0,1.0
Gcr1p,GCR1,CCCCTGT,CCCCTGT,7,0.0,1.0
Gcr1p,GCR1,CATCCTC,CATCCTC,7,0.0,1.0
Gcr1p,GCR1,ATCCACTA,ATCCACTA,8,0.0,1.0
Gcr1p,GCR1,AGTGCCA,AGTGCCA,7,0.0,1.0
Gcr1p,GCR1,TTCTTCC,TTCTTCC,7,0.0,1.0
Gcr1p,GCR1,TTCCTCTA,TTCCTCTA,8,0.0,1.0
Gcr1p,GCR1,TCCACTT,TCCACTT,7,0.0,1.0
Gcr1p,GCR1,GATTCCACTA,GATTCCACTA,10,0.0,1.0
Gcr1p,GCR1,CAACTCT,CAACTCT,7,0.0,1.0
Gcr1p,GCR1,ATTCCTC,ATTCCTC,7,0.0,1.0
Met31p,MET31,AAACTGTGG,AAACTGTGG,9,0.0,1.0
Met31p,MET31,AAACTGTG,AAACTGTG,8,0.0,1.0
Met31p,MET31,CTGTGGC,CTGTGGC,7,0.0,1.0
Haa1p,HAA1,GGCGAGGGG,GGCGAGGGG,9,0.0,1.0
Haa1p,HAA1,GGCGAGAGG,GGCGAGAGG,9,0.0,1.0
Haa1p,HAA1,GGCGCGGGG,GGCGCGGGG,9,0.0,1.0
Haa1p,HAA1,GGCCAGGGG,GGCCAGGGG,9,0.0,1.0
Haa1p,HAA1,AGCGAGGGG,AGCGAGGGG,9,0.0,1.0
Haa1p,HAA1,SMGGSG,SMGGSG,6,0.5,0.5
Haa1p,HAA1,GAGGCG,GAGGCG,6,0.0,1.0
Rox1p,ROX1,TCTATTGTTTCCC,TCTATTGTTTCCC,13,0.0,1.0
Rox1p,ROX1,YYYATTGTTCTC,YYYATTGTTCTC,12,0.25,0.75
Rox1p,ROX1,ACAAT,ACAAT,5,0.0,1.0
Arr1p,ARR1,TGATTACTAATCA,TGATTACTAATCA,13,0.0,1.0
Arr1p,ARR1,TGATTAATAATCA,TGATTAATAATCA,13,0.0,1.0
Oaf1p,OAF1,"CGGN{3}TNRN{8,12}CCG",CGGNTNRNCCG,11,0.3636,0.6364
Oaf1p,OAF1,CGGNNNTAA,CGGNNNTAA,9,0.3333,0.6667
Oaf1p,OAF1,TTTCTTCT,TTTCTTCT,8,0.0,1.0
Oaf1p,OAF1,TTCCTCATTAACGCCGTTT,TTCCTCATTAACGCCGTTT,19,0.0,1.0
Oaf1p,OAF1,TTATTTCCG,TTATTTCCG,9,0.0,1.0
Oaf1p,OAF1,TTATTTCC,TTATTTCC,8,0.0,1.0
Oaf1p,OAF1,TTATTGCC,TTATTGCC,8,0.0,1.0
Oaf1p,OAF1,TTATTCTC,TTATTCTC,8,0.0,1.0
Oaf1p,OAF1,TTATCTCCGC,TTATCTCCGC,10,0.0,1.0
Oaf1p,OAF1,TTATCTCC,TTATCTCC,8,0.0,1.0
Oaf1p,OAF1,TTATCGCC,TTATCGCC,8,0.0,1.0
Oaf1p,OAF1,TTATCCCCGC,TTATCCCCGC,10,0.0,1.0
Oaf1p,OAF1,TTATCCCCG,TTATCCCCG,9,0.0,1.0
Oaf1p,OAF1,TTAAGTCCG,TTAAGTCCG,9,0.0,1.0
Oaf1p,OAF1,TTAACTCCGAATTC,TTAACTCCGAATTC,14,0.0,1.0
Oaf1p,OAF1,TTAACGCCG,TTAACGCCG,9,0.0,1.0
Oaf1p,OAF1,TTAACCCCGAGTGT,TTAACCCCGAGTGT,14,0.0,1.0
Oaf1p,OAF1,TCTCCGCGGAANGA,TCTCCGCGGAANGA,14,0.0714,0.9286
Oaf1p,OAF1,TCCGGCCG,TCCGGCCG,8,0.0,1.0
Oaf1p,OAF1,TCCGAGATNG,TCCGAGATNG,10,0.1,0.9
Oaf1p,OAF1,TCCGAGATG,TCCGAGATG,9,0.0,1.0
Oaf1p,OAF1,TCCGAGAT,TCCGAGAT,8,0.0,1.0
Oaf1p,OAF1,TCCCCGCG,TCCCCGCG,8,0.0,1.0
Oaf1p,OAF1,TCATCTCC,TCATCTCC,8,0.0,1.0
Oaf1p,OAF1,TATTTCCGG,TATTTCCGG,9,0.0,1.0
Oaf1p,OAF1,TATTCCCG,TATTCCCG,8,0.0,1.0
Oaf1p,OAF1,TAGCGCCGG,TAGCGCCGG,9,0.0,1.0
Oaf1p,OAF1,TAACGCCGCTTCG,TAACGCCGCTTCG,13,0.0,1.0
Oaf1p,OAF1,TAAATCCGAGGAG,TAAATCCGAGGAG,13,0.0,1.0
Oaf1p,OAF1,TAAATCCG,TAAATCCG,8,0.0,1.0
Oaf1p,OAF1,TAAAGCCGCCGTGC,TAAAGCCGCCGTGC,14,0.0,1.0
Oaf1p,OAF1,TAAAGCCG,TAAAGCCG,8,0.0,1.0
Oaf1p,OAF1,TAAACTCCGG,TAAACTCCGG,10,0.0,1.0
Oaf1p,OAF1,TAAACTCCGAA,TAAACTCCGAA,11,0.0,1.0
Oaf1p,OAF1,TAAACNCCG,TAAACNCCG,9,0.1111,0.8889
Oaf1p,OAF1,GTTAACTCCGCG,GTTAACTCCGCG,12,0.0,1.0
Oaf1p,OAF1,GTTAACTCCGAA,GTTAACTCCGAA,12,0.0,1.0
Oaf1p,OAF1,GTCATCCG,GTCATCCG,8,0.0,1.0
Oaf1p,OAF1,GGGCTTTC,GGGCTTTC,8,0.0,1.0
Oaf1p,OAF1,GGGAGGTCC,GGGAGGTCC,9,0.0,1.0
Oaf1p,OAF1,GGCTCCGCCG,GGCTCCGCCG,10,0.0,1.0
Oaf1p,OAF1,GGCGGCTA,GGCGGCTA,8,0.0,1.0
Oaf1p,OAF1,GCGGATAT,GCGGATAT,8,0.0,1.0
Oaf1p,OAF1,GCGCTCCG,GCGCTCCG,8,0.0,1.0
Oaf1p,OAF1,GCCGTCCG,GCCGTCCG,8,0.0,1.0
Oaf1p,OAF1,GATAGCCG,GATAGCCG,8,0.0,1.0
Oaf1p,OAF1,GAAACTCCGAG,GAAACTCCGAG,11,0.0,1.0
Oaf1p,OAF1,CTTATTCCCGT,CTTATTCCCGT,11,0.0,1.0
Oaf1p,OAF1,CTTAATGCCGA,CTTAATGCCGA,11,0.0,1.0
Oaf1p,OAF1,CTTAACCCCGG,CTTAACCCCGG,11,0.0,1.0
Oaf1p,OAF1,CTGCCCCG,CTGCCCCG,8,0.0,1.0
Oaf1p,OAF1,CTATTTCC,CTATTTCC,8,0.0,1.0
Oaf1p,OAF1,CTATCCCCGC,CTATCCCCGC,10,0.0,1.0
Oaf1p,OAF1,CTATCCCCGAG,CTATCCCCGAG,11,0.0,1.0
Oaf1p,OAF1,CTAACCCCGA,CTAACCCCGA,10,0.0,1.0
Oaf1p,OAF1,CNGAGAAAG,CNGAGAAAG,9,0.1111,0.8889
Oaf1p,OAF1,CGGGCATA,CGGGCATA,8,0.0,1.0
Oaf1p,OAF1,CGGCTGCACTAACTCCGAGATTG,CGGCTGCACTAACTCCGAGATTG,23,0.0,1.0
Oaf1p,OAF1,CGCTTATACCCG,CGCTTATACCCG,12,0.0,1.0
Oaf1p,OAF1,CGCGGATG,CGCGGATG,8,0.0,1.0
Oaf1p,OAF1,CGCCGTTT,CGCCGTTT,8,0.0,1.0
Oaf1p,OAF1,CGCACTTC,CGCACTTC,8,0.0,1.0
Oaf1p,OAF1,CCGGGCTG,CCGGGCTG,8,0.0,1.0
Oaf1p,OAF1,CCGCTTCG,CCGCTTCG,8,0.0,1.0
Oaf1p,OAF1,CCGCGGAA,CCGCGGAA,8,0.0,1.0
Oaf1p,OAF1,CCGCGCTC,CCGCGCTC,8,0.0,1.0
Oaf1p,OAF1,CCGCGCCG,CCGCGCCG,8,0.0,1.0
Oaf1p,OAF1,CCGCGATA,CCGCGATA,8,0.0,1.0
Oaf1p,OAF1,CCGAGGAG,CCGAGGAG,8,0.0,1.0
Oaf1p,OAF1,CCGAGCGC,CCGAGCGC,8,0.0,1.0
Oaf1p,OAF1,CCGAGATG,CCGAGATG,8,0.0,1.0
Oaf1p,OAF1,CCAACTCCGAAGGCCG,CCAACTCCGAAGGCCG,16,0.0,1.0
Oaf1p,OAF1,CCAACTCCGAA,CCAACTCCGAA,11,0.0,1.0
Oaf1p,OAF1,CAGCGTTATCGCCGG,CAGCGTTATCGCCGG,15,0.0,1.0
Oaf1p,OAF1,CAATTCCG,CAATTCCG,8,0.0,1.0
Oaf1p,OAF1,CAAGCCCT,CAAGCCCT,8,0.0,1.0
Oaf1p,OAF1,ATTTCCGGCCG,ATTTCCGGCCG,11,0.0,1.0
Oaf1p,OAF1,ATTTCCGAGATGA,ATTTCCGAGATGA,13,0.0,1.0
Oaf1p,OAF1,ATTATTTCCGG,ATTATTTCCGG,11,0.0,1.0
Oaf1p,OAF1,ATTATTTCCGCG,ATTATTTCCGCG,12,0.0,1.0
Oaf1p,OAF1,ATTATCGCCGT,ATTATCGCCGT,11,0.0,1.0
Oaf1p,OAF1,ATTATCGCCG,ATTATCGCCG,10,0.0,1.0
Oaf1p,OAF1,ATTAACGCCGG,ATTAACGCCGG,11,0.0,1.0
Oaf1p,OAF1,AGTGGTTA,AGTGGTTA,8,0.0,1.0
Oaf1p,OAF1,AGGTCCGCGGAA,AGGTCCGCGGAA,12,0.0,1.0
Oaf1p,OAF1,AGCGTTATTGCCG,AGCGTTATTGCCG,13,0.0,1.0
Oaf1p,OAF1,AGCGTTAT,AGCGTTAT,8,0.0,1.0
Oaf1p,OAF1,AGCGCCGG,AGCGCCGG,8,0.0,1.0
Oaf1p,OAF1,AGCCGCCG,AGCCGCCG,8,0.0,1.0
Oaf1p,OAF1,ACTTAACCCCG,ACTTAACCCCG,11,0.0,1.0
Oaf1p,OAF1,AAGTCCGC,AAGTCCGC,8,0.0,1.0
Oaf1p,OAF1,AACGCCGGT,AACGCCGGT,9,0.0,1.0
Oaf1p,OAF1,AACGCCGG,AACGCCGG,8,0.0,1.0
Oaf1p,OAF1,AAACTCCGG,AAACTCCGG,9,0.0,1.0
Oaf1p,OAF1,AAACTAACTCCGAGCCCGG,AAACTAACTCCGAGCCCGG,19,0.0,1.0
Oaf1p,OAF1,AAAATCTCCG,AAAATCTCCG,10,0.0,1.0
Oaf1p,OAF1,TTTCTTCTATTTCCGT,TTTCTTCTATTTCCGT,16,0.0,1.0
Oaf1p,OAF1,TTTCCGCGGAA,TTTCCGCGGAA,11,0.0,1.0
Oaf1p,OAF1,TTCTCCGG,TTCTCCGG,8,0.0,1.0
Oaf1p,OAF1,TTCTCCGC,TTCTCCGC,8,0.0,1.0
Oaf1p,OAF1,TTCCTCCGG,TTCCTCCGG,9,0.0,1.0
Oaf1p,OAF1,TTCCTCCG,TTCCTCCG,8,0.0,1.0
Oaf1p,OAF1,TTCCTCAT,TTCCTCAT,8,0.0,1.0
Oaf1p,OAF1,TTATTTCCGT,TTATTTCCGT,10,0.0,1.0
Oaf1p,OAF1,TTATTTCCGA,TTATTTCCGA,10,0.0,1.0
Oaf1p,OAF1,TTATACCCGC,TTATACCCGC,10,0.0,1.0
Oaf1p,OAF1,TTAACTCCGGC,TTAACTCCGGC,11,0.0,1.0
Oaf1p,OAF1,TTAACCCC,TTAACCCC,8,0.0,1.0
Oaf1p,OAF1,TCCGAGATGA,TCCGAGATGA,10,0.0,1.0
Oaf1p,OAF1,TCACTCCGGC,TCACTCCGGC,10,0.0,1.0
Oaf1p,OAF1,TATCTCCGCG,TATCTCCGCG,10,0.0,1.0
Oaf1p,OAF1,TATCTCCG,TATCTCCG,8,0.0,1.0
Oaf1p,OAF1,TATCGCCGG,TATCGCCGG,9,0.0,1.0
Oaf1p,OAF1,TAGCGCCG,TAGCGCCG,8,0.0,1.0
Oaf1p,OAF1,TAAGTCCG,TAAGTCCG,8,0.0,1.0
Oaf1p,OAF1,TAAAACCGATTTCCGAAAAA,TAAAACCGATTTCCGAAAAA,20,0.0,1.0
Oaf1p,OAF1,GGGTGGTCTGCCCCG,GGGTGGTCTGCCCCG,15,0.0,1.0
Oaf1p,OAF1,GGGAGGTC,GGGAGGTC,8,0.0,1.0
Oaf1p,OAF1,GGGAGAACTCCGATA,GGGAGAACTCCGATA,15,0.0,1.0
Oaf1p,OAF1,GGCTCCGC,GGCTCCGC,8,0.0,1.0
Oaf1p,OAF1,GGCCTCCG,GGCCTCCG,8,0.0,1.0
Oaf1p,OAF1,GAAACTCCGAA,GAAACTCCGAA,11,0.0,1.0
Oaf1p,OAF1,GAAACTCC,GAAACTCC,8,0.0,1.0
Oaf1p,OAF1,CTTATTCCCG,CTTATTCCCG,10,0.0,1.0
Oaf1p,OAF1,CTCTCCGA,CTCTCCGA,8,0.0,1.0
Oaf1p,OAF1,CTCCTCCGG,CTCCTCCGG,9,0.0,1.0
Oaf1p,OAF1,CTCCGTTT,CTCCGTTT,8,0.0,1.0
Oaf1p,OAF1,CTCCGCCG,CTCCGCCG,8,0.0,1.0
Oaf1p,OAF1,CTAACTCCGG,CTAACTCCGG,10,0.0,1.0
Oaf1p,OAF1,CTAACTCC,CTAACTCC,8,0.0,1.0
Oaf1p,OAF1,CNGCGTTANC,CNGCGTTANC,10,0.2,0.8
Oaf1p,OAF1,CGGCTGCA,CGGCTGCA,8,0.0,1.0
Oaf1p,OAF1,CGGATCTC,CGGATCTC,8,0.0,1.0
Oaf1p,OAF1,CGCTTTTATTTCCG,CGCTTTTATTTCCG,14,0.0,1.0
Oaf1p,OAF1,CGCTTTTA,CGCTTTTA,8,0.0,1.0
Oaf1p,OAF1,CGAGCCCGG,CGAGCCCGG,9,0.0,1.0
Oaf1p,OAF1,CCGCGCTCCG,CCGCGCTCCG,10,0.0,1.0
Oaf1p,OAF1,CCGCATAACTCCGG,CCGCATAACTCCGG,14,0.0,1.0
Oaf1p,OAF1,CCGAGAAA,CCGAGAAA,8,0.0,1.0
Oaf1p,OAF1,CCGAATTC,CCGAATTC,8,0.0,1.0
Oaf1p,OAF1,CCGAAAAA,CCGAAAAA,8,0.0,1.0
Oaf1p,OAF1,CAATTCCGCGCCG,CAATTCCGCGCCG,13,0.0,1.0
Oaf1p,OAF1,ATTTCCGG,ATTTCCGG,8,0.0,1.0
Oaf1p,OAF1,ATTTCCGAAAAA,ATTTCCGAAAAA,12,0.0,1.0
Oaf1p,OAF1,ATTATTTCCG,ATTATTTCCG,10,0.0,1.0
Oaf1p,OAF1,ATTATCCCCGCGCCG,ATTATCCCCGCGCCG,15,0.0,1.0
Oaf1p,OAF1,ATCCCCGCG,ATCCCCGCG,9,0.0,1.0
Oaf1p,OAF1,ACTCCGGC,ACTCCGGC,8,0.0,1.0
Oaf1p,OAF1,ACTCCGCG,ACTCCGCG,8,0.0,1.0
Oaf1p,OAF1,ACCGCCGG,ACCGCCGG,8,0.0,1.0
Oaf1p,OAF1,AACCCCGG,AACCCCGG,8,0.0,1.0
Oaf1p,OAF1,TTCGTCCGAGATGA,TTCGTCCGAGATGA,14,0.0,1.0
Oaf1p,OAF1,TTATCGCCGT,TTATCGCCGT,10,0.0,1.0
Oaf1p,OAF1,TTATCCCC,TTATCCCC,8,0.0,1.0
Oaf1p,OAF1,TTAATGCCGTCATCCG,TTAATGCCGTCATCCG,16,0.0,1.0
Oaf1p,OAF1,TTAAGTCCGC,TTAAGTCCGC,10,0.0,1.0
Oaf1p,OAF1,TTAACTCCGCCG,TTAACTCCGCCG,12,0.0,1.0
Oaf1p,OAF1,TTAACGCCGT,TTAACGCCGT,10,0.0,1.0
Oaf1p,OAF1,TTAACGCC,TTAACGCC,8,0.0,1.0
Oaf1p,OAF1,TATCGCCG,TATCGCCG,8,0.0,1.0
Oaf1p,OAF1,GTTAACTCCG,GTTAACTCCG,10,0.0,1.0
Oaf1p,OAF1,GGGCTTTCTATTGCCG,GGGCTTTCTATTGCCG,16,0.0,1.0
Oaf1p,OAF1,GGGAGGTCCGC,GGGAGGTCCGC,11,0.0,1.0
Oaf1p,OAF1,CTTTCTCC,CTTTCTCC,8,0.0,1.0
Oaf1p,OAF1,CCGCACTT,CCGCACTT,8,0.0,1.0
Oaf1p,OAF1,CAGCGTTA,CAGCGTTA,8,0.0,1.0
Oaf1p,OAF1,ATTAACGCCG,ATTAACGCCG,10,0.0,1.0
Oaf1p,OAF1,ATCGCCGG,ATCGCCGG,8,0.0,1.0
Oaf1p,OAF1,AGAACTCC,AGAACTCC,8,0.0,1.0
Oaf1p,OAF1,GGGTCTTAT,GGGTCTTAT,9,0.0,1.0
Oaf1p,OAF1,CTCATTAA,CTCATTAA,8,0.0,1.0
Oaf1p,OAF1,CTAACTCCGT,CTAACTCCGT,10,0.0,1.0
Oaf1p,OAF1,ATTTCCGT,ATTTCCGT,8,0.0,1.0
Oaf1p,OAF1,AAAATCTC,AAAATCTC,8,0.0,1.0
Rtg3p,RTG3,GTCAC,GTCAC,5,0.0,1.0
Rtg3p,RTG3,GGTAC,GGTAC,5,0.0,1.0
Rtg3p,RTG3,GCGTCATTC,GCGTCATTC,9,0.0,1.0
Rtg3p,RTG3,TCGGTCATTCTTTT,TCGGTCATTCTTTT,14,0.0,1.0
Rtg3p,RTG3,GTCATCC,GTCATCC,7,0.0,1.0
Rtg3p,RTG3,GTCATC,GTCATC,6,0.0,1.0
Rtg3p,RTG3,GAGTCA,GAGTCA,6,0.0,1.0
Rtg3p,RTG3,TTCATT,TTCATT,6,0.0,1.0
Rtg3p,RTG3,CATTCG,CATTCG,6,0.0,1.0
Rtg3p,RTG3,GCGTCA,GCGTCA,6,0.0,1.0
Rtg3p,RTG3,TCTTTT,TCTTTT,6,0.0,1.0
Rtg3p,RTG3,GTCATTC,GTCATTC,7,0.0,1.0
Rtg3p,RTG3,ACCTTCATTCG,ACCTTCATTCG,11,0.0,1.0
Rtg3p,RTG3,TCATTCG,TCATTCG,7,0.0,1.0
Rtg3p,RTG3,GTGTCATGC,GTGTCATGC,9,0.0,1.0
Rtg3p,RTG3,GTCATT,GTCATT,6,0.0,1.0
Rtg3p,RTG3,ATCATGACTTTT,ATCATGACTTTT,12,0.0,1.0
Rtg3p,RTG3,GTGTCATCC,GTGTCATCC,9,0.0,1.0
Hap3p,HAP3,TNATTGGT,TNATTGGT,8,0.125,0.875
Pdr3p,PDR3,TCCGCGGA,TCCGCGGA,8,0.0,1.0
Pdr3p,PDR3,TCCGTGGA,TCCGTGGA,8,0.0,1.0
Pdr3p,PDR3,TCCACGGA,TCCACGGA,8,0.0,1.0
Pdr3p,PDR3,TCCGCGCA,TCCGCGCA,8,0.0,1.0
Pdr3p,PDR3,TCCGCGGG,TCCGCGGG,8,0.0,1.0
Pdr3p,PDR3,TTCCGCGGAW,TTCCGCGGAW,10,0.1,0.9
Reb1p,REB1,CCGGGTAA,CCGGGTAA,8,0.0,1.0
Reb1p,REB1,TGTTACCCGT,TGTTACCCGT,10,0.0,1.0
Reb1p,REB1,CCGGGTGGAT,CCGGGTGGAT,10,0.0,1.0
Nrg2p,NRG2,MAGGGTCC,MAGGGTCC,8,0.125,0.875
Tec1p,TEC1,TTCTCACATTCTTC,TTCTCACATTCTTC,14,0.0,1.0
Tec1p,TEC1,CATTCT,CATTCT,6,0.0,1.0
Tec1p,TEC1,CATTCC,CATTCC,6,0.0,1.0
Tec1p,TEC1,CATTCTT,CATTCTT,7,0.0,1.0
Tec1p,TEC1,RMATTCYY,RMATTCYY,8,0.5,0.5
Tec1p,TEC1,ACATTCTTACATTCTT,ACATTCTTACATTCTT,16,0.0,1.0
Tec1p,TEC1,GAATGT,GAATGT,6,0.0,1.0
Tec1p,TEC1,RGAATGT,RGAATGT,7,0.1429,0.8571
Sip4p,SIP4,TCCATTSRTCCGR,TCCATTSRTCCGR,13,0.2308,0.7692
Sip4p,SIP4,NCCDTYNVNCCGN,NCCDTYNVNCCGN,13,0.5385,0.4615
Sip4p,SIP4,YCCNYTNRRCCGN,YCCNYTNRRCCGN,13,0.5385,0.4615
Sip4p,SIP4,TGGATCG,TGGATCG,7,0.0,1.0
Sip4p,SIP4,TGAATNNAA,TGAATNNAA,9,0.2222,0.7778
Sip4p,SIP4,TCATCGGCCCAATGGAAGC,TCATCGGCCCAATGGAAGC,19,0.0,1.0
Sip4p,SIP4,GNAAAAGG,GNAAAAGG,8,0.125,0.875
Sip4p,SIP4,GCTCAATGGA,GCTCAATGGA,10,0.0,1.0
Sip4p,SIP4,GCAAATGGCCTGG,GCAAATGGCCTGG,13,0.0,1.0
Sip4p,SIP4,GATCAATGGA,GATCAATGGA,10,0.0,1.0
Sip4p,SIP4,GANTAATGG,GANTAATGG,9,0.1111,0.8889
Sip4p,SIP4,GAATGGA,GAATGGA,7,0.0,1.0
Sip4p,SIP4,GAAATGGA,GAAATGGA,8,0.0,1.0
Sip4p,SIP4,CGGATGAATGGAA,CGGATGAATGGAA,13,0.0,1.0
Sip4p,SIP4,CGGATCA,CGGATCA,7,0.0,1.0
Sip4p,SIP4,CGAATGGG,CGAATGGG,8,0.0,1.0
Sip4p,SIP4,CGAATGGA,CGAATGGA,8,0.0,1.0
Sip4p,SIP4,CCAATGGA,CCAATGGA,8,0.0,1.0
Sip4p,SIP4,CCAAAGG,CCAAAGG,7,0.0,1.0
Sip4p,SIP4,CAAATGGA,CAAATGGA,8,0.0,1.0
Sip4p,SIP4,AAATGGATCG,AAATGGATCG,10,0.0,1.0
Sip4p,SIP4,CAAATGG,CAAATGG,7,0.0,1.0
Zap1p,ZAP1,ACCYYNAAGGT,ACCYYNAAGGT,11,0.2727,0.7273
Zap1p,ZAP1,ACCGTCACTGC,ACCGTCACTGC,11,0.0,1.0
Zap1p,ZAP1,TTCTTTATGGT,TTCTTTATGGT,11,0.0,1.0
Zap1p,ZAP1,ATAACC,ATAACC,6,0.0,1.0
Zap1p,ZAP1,ACCTTNAAGGT,ACCTTNAAGGT,11,0.0909,0.9091
Zap1p,ZAP1,ACCTTGAAGGT,ACCTTGAAGGT,11,0.0,1.0
Mal63p,MAL63,MGCN{9}MGS,MGCNMGS,7,0.5714,0.4286
Mal63p,MAL63,CGGN{9}CGG,CGGNCGG,7,0.1429,0.8571
Mal63p,MAL63,CGCN{9}CGC,CGCNCGC,7,0.1429,0.8571
Mal63p,MAL63,CGGN{9}CGC,CGGNCGC,7,0.1429,0.8571
