gene1,gene2,gene1_name,gene2_name,pct_identity,alignment_score,alignment_len,family_30pct,family_50pct,family_80pct,pi2_estimate
YAL051W,YBL005W,OAF1,PDR3,1.06,0.0106,976,YAL051W_cluster,YAL051W_cluster,YAL051W_cluster,0.0106
YAL051W,YBL021C,OAF1,HAP3,0.26,0.0026,144,YAL051W_cluster,YAL051W_cluster,YAL051W_cluster,0.0026
YAL051W,YBL103C,OAF1,RTG3,0.8,0.008,486,YAL051W_cluster,YAL051W_cluster,YAL051W_cluster,0.008
YAL051W,YBR049C,OAF1,REB1,0.44,0.0044,810,YAL051W_cluster,YAL051W_cluster,YAL051W_cluster,0.0044
YAL051W,YBR066C,OAF1,NRG2,0.16,0.0016,220,YAL051W_cluster,YAL051W_cluster,YAL051W_cluster,0.0016
YAL051W,YBR083W,OAF1,TEC1,0.8,0.008,486,YAL051W_cluster,YAL051W_cluster,YAL051W_cluster,0.008
YAL051W,YBR182C,OAF1,SMP1,0.75,0.0075,452,YAL051W_cluster,YAL051W_cluster,YAL051W_cluster,0.0075
YAL051W,YBR239C,OAF1,ERT1,0.39,0.0039,529,YAL051W_cluster,YAL051W_cluster,YAL051W_cluster,0.0039
YAL051W,YCL055W,OAF1,KAR4,0.07,0.0007,335,YAL051W_cluster,YAL051W_cluster,YAL051W_cluster,0.0007
YAL051W,YCR065W,OAF1,HCM1,0.5,0.005,564,YAL051W_cluster,YAL051W_cluster,YAL051W_cluster,0.005
YAL051W,YCR106W,OAF1,RDS1,1.03,0.0103,832,YAL051W_cluster,YAL051W_cluster,YAL051W_cluster,0.0103
YAL051W,YDL020C,OAF1,RPN4,0.65,0.0065,531,YAL051W_cluster,YAL051W_cluster,YAL051W_cluster,0.0065
YAL051W,YDL056W,OAF1,MBP1,0.7,0.007,833,YAL051W_cluster,YAL051W_cluster,YAL051W_cluster,0.007
YAL051W,YDL106C,OAF1,PHO2,0.83,0.0083,559,YAL051W_cluster,YAL051W_cluster,YAL051W_cluster,0.0083
YAL051W,YDL170W,OAF1,UGA3,0.71,0.0071,528,YAL051W_cluster,YAL051W_cluster,YAL051W_cluster,0.0071
YAL051W,YDR034C,OAF1,LYS14,0.77,0.0077,790,YAL051W_cluster,YAL051W_cluster,YAL051W_cluster,0.0077
YAL051W,YDR043C,OAF1,NRG1,0.32,0.0032,231,YAL051W_cluster,YAL051W_cluster,YAL051W_cluster,0.0032
YAL051W,YDR096W,OAF1,GIS1,1.37,0.0137,894,YAL051W_cluster,YAL051W_cluster,YAL051W_cluster,0.0137
YAL051W,YDR123C,OAF1,INO2,0.6,0.006,304,YAL051W_cluster,YAL051W_cluster,YAL051W_cluster,0.006
YAL051W,YDR146C,OAF1,SWI5,0.81,0.0081,709,YAL051W_cluster,YAL051W_cluster,YAL051W_cluster,0.0081
YAL051W,YDR207C,OAF1,UME6,0.82,0.0082,836,YAL051W_cluster,YAL051W_cluster,YAL051W_cluster,0.0082
YAL051W,YDR213W,OAF1,UPC2,1.21,0.0121,913,YAL051W_cluster,YAL051W_cluster,YAL051W_cluster,0.0121
YAL051W,YDR216W,OAF1,ADR1,1.03,0.0103,1047,YAL051W_cluster,YAL051W_cluster,YAL051W_cluster,0.0103
YAL051W,YDR253C,OAF1,MET32,0.25,0.0025,191,YAL051W_cluster,YAL051W_cluster,YAL051W_cluster,0.0025
YAL051W,YDR310C,OAF1,SUM1,1.02,0.0102,1047,YAL051W_cluster,YAL051W_cluster,YAL051W_cluster,0.0102
YAL051W,YDR423C,OAF1,CAD1,0.21,0.0021,409,YAL051W_cluster,YAL051W_cluster,YAL051W_cluster,0.0021
YAL051W,YDR463W,OAF1,STP1,0.39,0.0039,519,YAL051W_cluster,YAL051W_cluster,YAL051W_cluster,0.0039
YAL051W,YEL009C,OAF1,GCN4,0.08,0.0008,281,YAL051W_cluster,YAL051W_cluster,YAL051W_cluster,0.0008
YAL051W,YER028C,OAF1,MIG3,0.92,0.0092,394,YAL051W_cluster,YAL051W_cluster,YAL051W_cluster,0.0092
YAL051W,YER040W,OAF1,GLN3,0.87,0.0087,730,YAL051W_cluster,YAL051W_cluster,YAL051W_cluster,0.0087
YAL051W,YER045C,OAF1,ACA1,0.46,0.0046,489,YAL051W_cluster,YAL051W_cluster,YAL051W_cluster,0.0046
YAL051W,YER068W,OAF1,MOT2,0.56,0.0056,587,YAL051W_cluster,YAL051W_cluster,YAL051W_cluster,0.0056
YAL051W,YER111C,OAF1,SWI4,1.26,0.0126,1047,YAL051W_cluster,YAL051W_cluster,YAL051W_cluster,0.0126
YAL051W,YER130C,OAF1,COM2,0.34,0.0034,443,YAL051W_cluster,YAL051W_cluster,YAL051W_cluster,0.0034
YAL051W,YER169W,OAF1,RPH1,0.88,0.0088,796,YAL051W_cluster,YAL051W_cluster,YAL051W_cluster,0.0088
YAL051W,YFL021W,OAF1,GAT1,1.19,0.0119,510,YAL051W_cluster,YAL051W_cluster,YAL051W_cluster,0.0119
YAL051W,YFL031W,OAF1,HAC1,0.39,0.0039,238,YAL051W_cluster,YAL051W_cluster,YAL051W_cluster,0.0039
YAL051W,YFL052W,OAF1,ZNF1,0.6,0.006,465,YAL051W_cluster,YAL051W_cluster,YAL051W_cluster,0.006
YAL051W,YFR034C,OAF1,PHO4,0.22,0.0022,312,YAL051W_cluster,YAL051W_cluster,YAL051W_cluster,0.0022
YAL051W,YGL013C,OAF1,PDR1,0.72,0.0072,1047,YAL051W_cluster,YAL051W_cluster,YAL051W_cluster,0.0072
YAL051W,YGL035C,OAF1,MIG1,0.79,0.0079,504,YAL051W_cluster,YAL051W_cluster,YAL051W_cluster,0.0079
YAL051W,YGL071W,OAF1,AFT1,1.0,0.01,690,YAL051W_cluster,YAL051W_cluster,YAL051W_cluster,0.01
YAL051W,YGL073W,OAF1,HSF1,1.26,0.0126,833,YAL051W_cluster,YAL051W_cluster,YAL051W_cluster,0.0126
YAL051W,YGL162W,OAF1,SUT1,0.38,0.0038,299,YAL051W_cluster,YAL051W_cluster,YAL051W_cluster,0.0038
YAL051W,YGL166W,OAF1,CUP2,0.24,0.0024,225,YAL051W_cluster,YAL051W_cluster,YAL051W_cluster,0.0024
YAL051W,YGL209W,OAF1,MIG2,0.64,0.0064,382,YAL051W_cluster,YAL051W_cluster,YAL051W_cluster,0.0064
YAL051W,YGL237C,OAF1,HAP2,0.08,0.0008,265,YAL051W_cluster,YAL051W_cluster,YAL051W_cluster,0.0008
YAL051W,YGL254W,OAF1,FZF1,0.15,0.0015,299,YAL051W_cluster,YAL051W_cluster,YAL051W_cluster,0.0015
YAL051W,YGR044C,OAF1,RME1,0.3,0.003,300,YAL051W_cluster,YAL051W_cluster,YAL051W_cluster,0.003
YAL051W,YHL009C,OAF1,YAP3,0.15,0.0015,330,YAL051W_cluster,YAL051W_cluster,YAL051W_cluster,0.0015
YAL051W,YHL027W,OAF1,RIM101,0.55,0.0055,625,YAL051W_cluster,YAL051W_cluster,YAL051W_cluster,0.0055
YAL051W,YHR006W,OAF1,STP2,0.45,0.0045,541,YAL051W_cluster,YAL051W_cluster,YAL051W_cluster,0.0045
YAL051W,YHR084W,OAF1,STE12,0.47,0.0047,688,YAL051W_cluster,YAL051W_cluster,YAL051W_cluster,0.0047
YAL051W,YHR124W,OAF1,NDT80,0.3,0.003,627,YAL051W_cluster,YAL051W_cluster,YAL051W_cluster,0.003
YAL051W,YHR177W,OAF1,ROF1,0.2,0.002,453,YAL051W_cluster,YAL051W_cluster,YAL051W_cluster,0.002
YAL051W,YHR178W,OAF1,STB5,0.68,0.0068,743,YAL051W_cluster,YAL051W_cluster,YAL051W_cluster,0.0068
YAL051W,YHR206W,OAF1,SKN7,0.98,0.0098,622,YAL051W_cluster,YAL051W_cluster,YAL051W_cluster,0.0098
YAL051W,YIL036W,OAF1,CST6,0.68,0.0068,587,YAL051W_cluster,YAL051W_cluster,YAL051W_cluster,0.0068
YAL051W,YIL101C,OAF1,XBP1,0.6,0.006,647,YAL051W_cluster,YAL051W_cluster,YAL051W_cluster,0.006
YAL051W,YIL131C,OAF1,FKH1,0.4,0.004,484,YAL051W_cluster,YAL051W_cluster,YAL051W_cluster,0.004
YAL051W,YIR018W,OAF1,YAP5,0.24,0.0024,245,YAL051W_cluster,YAL051W_cluster,YAL051W_cluster,0.0024
YAL051W,YIR023W,OAF1,DAL81,0.51,0.0051,970,YAL051W_cluster,YAL051W_cluster,YAL051W_cluster,0.0051
YAL051W,YJL056C,OAF1,ZAP1,0.69,0.0069,880,YAL051W_cluster,YAL051W_cluster,YAL051W_cluster,0.0069
YAL051W,YJL089W,OAF1,SIP4,0.93,0.0093,829,YAL051W_cluster,YAL051W_cluster,YAL051W_cluster,0.0093
YAL051W,YJL103C,OAF1,GSM1,0.79,0.0079,618,YAL051W_cluster,YAL051W_cluster,YAL051W_cluster,0.0079
YAL051W,YJL110C,OAF1,GZF3,0.57,0.0057,551,YAL051W_cluster,YAL051W_cluster,YAL051W_cluster,0.0057
YAL051W,YJR060W,OAF1,CBF1,0.44,0.0044,351,YAL051W_cluster,YAL051W_cluster,YAL051W_cluster,0.0044
YAL051W,YJR094C,OAF1,IME1,0.29,0.0029,360,YAL051W_cluster,YAL051W_cluster,YAL051W_cluster,0.0029
YAL051W,YKL015W,OAF1,PUT3,1.06,0.0106,979,YAL051W_cluster,YAL051W_cluster,YAL051W_cluster,0.0106
YAL051W,YKL032C,OAF1,IXR1,0.52,0.0052,597,YAL051W_cluster,YAL051W_cluster,YAL051W_cluster,0.0052
YAL051W,YKL038W,OAF1,RGT1,1.06,0.0106,1047,YAL051W_cluster,YAL051W_cluster,YAL051W_cluster,0.0106
YAL051W,YKL062W,OAF1,MSN4,0.67,0.0067,630,YAL051W_cluster,YAL051W_cluster,YAL051W_cluster,0.0067
YAL051W,YKL109W,OAF1,HAP4,0.64,0.0064,554,YAL051W_cluster,YAL051W_cluster,YAL051W_cluster,0.0064
YAL051W,YKL112W,OAF1,ABF1,0.63,0.0063,731,YAL051W_cluster,YAL051W_cluster,YAL051W_cluster,0.0063
YAL051W,YKL185W,OAF1,ASH1,0.69,0.0069,588,YAL051W_cluster,YAL051W_cluster,YAL051W_cluster,0.0069
YAL051W,YKR034W,OAF1,DAL80,0.31,0.0031,269,YAL051W_cluster,YAL051W_cluster,YAL051W_cluster,0.0031
YAL051W,YKR099W,OAF1,BAS1,0.55,0.0055,811,YAL051W_cluster,YAL051W_cluster,YAL051W_cluster,0.0055
YAL051W,YLR014C,OAF1,PPR1,0.57,0.0057,904,YAL051W_cluster,YAL051W_cluster,YAL051W_cluster,0.0057
YAL051W,YLR098C,OAF1,CHA4,0.6,0.006,648,YAL051W_cluster,YAL051W_cluster,YAL051W_cluster,0.006
YAL051W,YLR131C,OAF1,ACE2,0.84,0.0084,770,YAL051W_cluster,YAL051W_cluster,YAL051W_cluster,0.0084
YAL051W,YLR176C,OAF1,RFX1,0.93,0.0093,811,YAL051W_cluster,YAL051W_cluster,YAL051W_cluster,0.0093
YAL051W,YLR228C,OAF1,ECM22,0.38,0.0038,814,YAL051W_cluster,YAL051W_cluster,YAL051W_cluster,0.0038
YAL051W,YLR256W,OAF1,HAP1,1.34,0.0134,1047,YAL051W_cluster,YAL051W_cluster,YAL051W_cluster,0.0134
YAL051W,YLR266C,OAF1,PDR8,0.93,0.0093,701,YAL051W_cluster,YAL051W_cluster,YAL051W_cluster,0.0093
YAL051W,YLR451W,OAF1,LEU3,0.31,0.0031,886,YAL051W_cluster,YAL051W_cluster,YAL051W_cluster,0.0031
YAL051W,YML007W,OAF1,YAP1,0.91,0.0091,650,YAL051W_cluster,YAL051W_cluster,YAL051W_cluster,0.0091
YAL051W,YML076C,OAF1,WAR1,0.61,0.0061,944,YAL051W_cluster,YAL051W_cluster,YAL051W_cluster,0.0061
YAL051W,YML081W,OAF1,TDA9,1.34,0.0134,1047,YAL051W_cluster,YAL051W_cluster,YAL051W_cluster,0.0134
YAL051W,YML099C,OAF1,ARG81,0.63,0.0063,880,YAL051W_cluster,YAL051W_cluster,YAL051W_cluster,0.0063
YAL051W,YMR019W,OAF1,STB4,0.46,0.0046,949,YAL051W_cluster,YAL051W_cluster,YAL051W_cluster,0.0046
YAL051W,YMR021C,OAF1,MAC1,0.14,0.0014,417,YAL051W_cluster,YAL051W_cluster,YAL051W_cluster,0.0014
YAL051W,YMR037C,OAF1,MSN2,0.88,0.0088,704,YAL051W_cluster,YAL051W_cluster,YAL051W_cluster,0.0088
YAL051W,YMR042W,OAF1,ARG80,0.41,0.0041,177,YAL051W_cluster,YAL051W_cluster,YAL051W_cluster,0.0041
YAL051W,YMR043W,OAF1,MCM1,0.24,0.0024,286,YAL051W_cluster,YAL051W_cluster,YAL051W_cluster,0.0024
YAL051W,YMR070W,OAF1,MOT3,0.76,0.0076,490,YAL051W_cluster,YAL051W_cluster,YAL051W_cluster,0.0076
YAL051W,YMR164C,OAF1,MSS11,0.52,0.0052,758,YAL051W_cluster,YAL051W_cluster,YAL051W_cluster,0.0052
YAL051W,YMR172W,OAF1,HOT1,0.64,0.0064,719,YAL051W_cluster,YAL051W_cluster,YAL051W_cluster,0.0064
YAL051W,YMR280C,OAF1,CAT8,0.87,0.0087,1047,YAL051W_cluster,YAL051W_cluster,YAL051W_cluster,0.0087
YAL051W,YNL027W,OAF1,CRZ1,0.9,0.009,678,YAL051W_cluster,YAL051W_cluster,YAL051W_cluster,0.009
YAL051W,YNL068C,OAF1,FKH2,0.8,0.008,862,YAL051W_cluster,YAL051W_cluster,YAL051W_cluster,0.008
YAL051W,YNL103W,OAF1,MET4,0.96,0.0096,672,YAL051W_cluster,YAL051W_cluster,YAL051W_cluster,0.0096
YAL051W,YNL167C,OAF1,SKO1,0.85,0.0085,647,YAL051W_cluster,YAL051W_cluster,YAL051W_cluster,0.0085
YAL051W,YNL199C,OAF1,GCR2,0.71,0.0071,534,YAL051W_cluster,YAL051W_cluster,YAL051W_cluster,0.0071
YAL051W,YNL216W,OAF1,RAP1,0.44,0.0044,827,YAL051W_cluster,YAL051W_cluster,YAL051W_cluster,0.0044
YAL051W,YNL314W,OAF1,DAL82,0.47,0.0047,255,YAL051W_cluster,YAL051W_cluster,YAL051W_cluster,0.0047
YAL051W,YOL067C,OAF1,RTG1,0.08,0.0008,177,YAL051W_cluster,YAL051W_cluster,YAL051W_cluster,0.0008
YAL051W,YOL108C,OAF1,INO4,0.17,0.0017,151,YAL051W_cluster,YAL051W_cluster,YAL051W_cluster,0.0017
YAL051W,YOR028C,OAF1,CIN5,0.3,0.003,295,YAL051W_cluster,YAL051W_cluster,YAL051W_cluster,0.003
YAL051W,YOR113W,OAF1,AZF1,0.52,0.0052,914,YAL051W_cluster,YAL051W_cluster,YAL051W_cluster,0.0052
YAL051W,YOR140W,OAF1,SFL1,0.84,0.0084,766,YAL051W_cluster,YAL051W_cluster,YAL051W_cluster,0.0084
YAL051W,YOR162C,OAF1,YRR1,0.77,0.0077,810,YAL051W_cluster,YAL051W_cluster,YAL051W_cluster,0.0077
YAL051W,YOR337W,OAF1,TEA1,1.13,0.0113,759,YAL051W_cluster,YAL051W_cluster,YAL051W_cluster,0.0113
YAL051W,YOR344C,OAF1,TYE7,0.38,0.0038,291,YAL051W_cluster,YAL051W_cluster,YAL051W_cluster,0.0038
YAL051W,YOR358W,OAF1,HAP5,0.31,0.0031,242,YAL051W_cluster,YAL051W_cluster,YAL051W_cluster,0.0031
YAL051W,YOR363C,OAF1,PIP2,3.79,0.0379,996,YAL051W_cluster,YAL051W_cluster,YAL051W_cluster,0.0379
YAL051W,YPL038W,OAF1,MET31,0.41,0.0041,177,YAL051W_cluster,YAL051W_cluster,YAL051W_cluster,0.0041
YAL051W,YPL075W,OAF1,GCR1,0.56,0.0056,785,YAL051W_cluster,YAL051W_cluster,YAL051W_cluster,0.0056
YAL051W,YPL089C,OAF1,RLM1,0.54,0.0054,676,YAL051W_cluster,YAL051W_cluster,YAL051W_cluster,0.0054
YAL051W,YPL133C,OAF1,RDS2,0.48,0.0048,446,YAL051W_cluster,YAL051W_cluster,YAL051W_cluster,0.0048
YAL051W,YPL202C,OAF1,AFT2,0.49,0.0049,416,YAL051W_cluster,YAL051W_cluster,YAL051W_cluster,0.0049
YAL051W,YPL230W,OAF1,USV1,0.36,0.0036,391,YAL051W_cluster,YAL051W_cluster,YAL051W_cluster,0.0036
YAL051W,YPL248C,OAF1,GAL4,0.9,0.009,881,YAL051W_cluster,YAL051W_cluster,YAL051W_cluster,0.009
YAL051W,YPR008W,OAF1,HAA1,0.82,0.0082,694,YAL051W_cluster,YAL051W_cluster,YAL051W_cluster,0.0082
YAL051W,YPR065W,OAF1,ROX1,0.43,0.0043,368,YAL051W_cluster,YAL051W_cluster,YAL051W_cluster,0.0043
YAL051W,YPR199C,OAF1,ARR1,0.45,0.0045,294,YAL051W_cluster,YAL051W_cluster,YAL051W_cluster,0.0045
YBL005W,YBL021C,PDR3,HAP3,0.09,0.0009,144,YBL005W_cluster,YBL005W_cluster,YBL005W_cluster,0.0009
YBL005W,YBL103C,PDR3,RTG3,1.27,0.0127,486,YBL005W_cluster,YBL005W_cluster,YBL005W_cluster,0.0127
YBL005W,YBR049C,PDR3,REB1,0.7,0.007,810,YBL005W_cluster,YBL005W_cluster,YBL005W_cluster,0.007
YBL005W,YBR066C,PDR3,NRG2,0.43,0.0043,220,YBL005W_cluster,YBL005W_cluster,YBL005W_cluster,0.0043
YBL005W,YBR083W,PDR3,TEC1,0.28,0.0028,486,YBL005W_cluster,YBL005W_cluster,YBL005W_cluster,0.0028
YBL005W,YBR182C,PDR3,SMP1,0.5,0.005,452,YBL005W_cluster,YBL005W_cluster,YBL005W_cluster,0.005
YBL005W,YBR239C,PDR3,ERT1,0.61,0.0061,529,YBL005W_cluster,YBL005W_cluster,YBL005W_cluster,0.0061
YBL005W,YCL055W,PDR3,KAR4,0.54,0.0054,335,YBL005W_cluster,YBL005W_cluster,YBL005W_cluster,0.0054
YBL005W,YCR065W,PDR3,HCM1,0.8,0.008,564,YBL005W_cluster,YBL005W_cluster,YBL005W_cluster,0.008
YBL005W,YCR106W,PDR3,RDS1,0.62,0.0062,832,YBL005W_cluster,YBL005W_cluster,YBL005W_cluster,0.0062
YBL005W,YDL020C,PDR3,RPN4,0.47,0.0047,531,YBL005W_cluster,YBL005W_cluster,YBL005W_cluster,0.0047
YBL005W,YDL056W,PDR3,MBP1,0.85,0.0085,833,YBL005W_cluster,YBL005W_cluster,YBL005W_cluster,0.0085
YBL005W,YDL106C,PDR3,PHO2,0.33,0.0033,559,YBL005W_cluster,YBL005W_cluster,YBL005W_cluster,0.0033
YBL005W,YDL170W,PDR3,UGA3,0.34,0.0034,528,YBL005W_cluster,YBL005W_cluster,YBL005W_cluster,0.0034
YBL005W,YDR034C,PDR3,LYS14,0.81,0.0081,790,YBL005W_cluster,YBL005W_cluster,YBL005W_cluster,0.0081
YBL005W,YDR043C,PDR3,NRG1,0.17,0.0017,231,YBL005W_cluster,YBL005W_cluster,YBL005W_cluster,0.0017
YBL005W,YDR096W,PDR3,GIS1,0.66,0.0066,894,YBL005W_cluster,YBL005W_cluster,YBL005W_cluster,0.0066
YBL005W,YDR123C,PDR3,INO2,0.48,0.0048,304,YBL005W_cluster,YBL005W_cluster,YBL005W_cluster,0.0048
YBL005W,YDR146C,PDR3,SWI5,0.73,0.0073,709,YBL005W_cluster,YBL005W_cluster,YBL005W_cluster,0.0073
YBL005W,YDR207C,PDR3,UME6,0.4,0.004,836,YBL005W_cluster,YBL005W_cluster,YBL005W_cluster,0.004
YBL005W,YDR213W,PDR3,UPC2,0.71,0.0071,913,YBL005W_cluster,YBL005W_cluster,YBL005W_cluster,0.0071
YBL005W,YDR216W,PDR3,ADR1,1.02,0.0102,976,YBL005W_cluster,YBL005W_cluster,YBL005W_cluster,0.0102
YBL005W,YDR253C,PDR3,MET32,0.44,0.0044,191,YBL005W_cluster,YBL005W_cluster,YBL005W_cluster,0.0044
YBL005W,YDR310C,PDR3,SUM1,0.96,0.0096,976,YBL005W_cluster,YBL005W_cluster,YBL005W_cluster,0.0096
YBL005W,YDR423C,PDR3,CAD1,0.0,0.0,409,YBL005W_cluster,YBL005W_cluster,YBL005W_cluster,0.0
YBL005W,YDR463W,PDR3,STP1,0.41,0.0041,519,YBL005W_cluster,YBL005W_cluster,YBL005W_cluster,0.0041
YBL005W,YEL009C,PDR3,GCN4,0.32,0.0032,281,YBL005W_cluster,YBL005W_cluster,YBL005W_cluster,0.0032
YBL005W,YER028C,PDR3,MIG3,0.6,0.006,394,YBL005W_cluster,YBL005W_cluster,YBL005W_cluster,0.006
YBL005W,YER040W,PDR3,GLN3,0.55,0.0055,730,YBL005W_cluster,YBL005W_cluster,YBL005W_cluster,0.0055
YBL005W,YER045C,PDR3,ACA1,0.77,0.0077,489,YBL005W_cluster,YBL005W_cluster,YBL005W_cluster,0.0077
YBL005W,YER068W,PDR3,MOT2,0.2,0.002,587,YBL005W_cluster,YBL005W_cluster,YBL005W_cluster,0.002
YBL005W,YER111C,PDR3,SWI4,0.95,0.0095,976,YBL005W_cluster,YBL005W_cluster,YBL005W_cluster,0.0095
YBL005W,YER130C,PDR3,COM2,0.58,0.0058,443,YBL005W_cluster,YBL005W_cluster,YBL005W_cluster,0.0058
YBL005W,YER169W,PDR3,RPH1,0.63,0.0063,796,YBL005W_cluster,YBL005W_cluster,YBL005W_cluster,0.0063
YBL005W,YFL021W,PDR3,GAT1,0.48,0.0048,510,YBL005W_cluster,YBL005W_cluster,YBL005W_cluster,0.0048
YBL005W,YFL031W,PDR3,HAC1,0.34,0.0034,238,YBL005W_cluster,YBL005W_cluster,YBL005W_cluster,0.0034
YBL005W,YFL052W,PDR3,ZNF1,0.78,0.0078,465,YBL005W_cluster,YBL005W_cluster,YBL005W_cluster,0.0078
YBL005W,YFR034C,PDR3,PHO4,0.08,0.0008,312,YBL005W_cluster,YBL005W_cluster,YBL005W_cluster,0.0008
YBL005W,YGL013C,PDR3,PDR1,2.96,0.0296,976,YBL005W_cluster,YBL005W_cluster,YBL005W_cluster,0.0296
YBL005W,YGL035C,PDR3,MIG1,0.84,0.0084,504,YBL005W_cluster,YBL005W_cluster,YBL005W_cluster,0.0084
YBL005W,YGL071W,PDR3,AFT1,0.61,0.0061,690,YBL005W_cluster,YBL005W_cluster,YBL005W_cluster,0.0061
YBL005W,YGL073W,PDR3,HSF1,0.79,0.0079,833,YBL005W_cluster,YBL005W_cluster,YBL005W_cluster,0.0079
YBL005W,YGL162W,PDR3,SUT1,0.56,0.0056,299,YBL005W_cluster,YBL005W_cluster,YBL005W_cluster,0.0056
YBL005W,YGL166W,PDR3,CUP2,0.0,0.0,225,YBL005W_cluster,YBL005W_cluster,YBL005W_cluster,0.0
YBL005W,YGL209W,PDR3,MIG2,0.68,0.0068,382,YBL005W_cluster,YBL005W_cluster,YBL005W_cluster,0.0068
YBL005W,YGL237C,PDR3,HAP2,0.08,0.0008,265,YBL005W_cluster,YBL005W_cluster,YBL005W_cluster,0.0008
YBL005W,YGL254W,PDR3,FZF1,0.32,0.0032,299,YBL005W_cluster,YBL005W_cluster,YBL005W_cluster,0.0032
YBL005W,YGR044C,PDR3,RME1,0.24,0.0024,300,YBL005W_cluster,YBL005W_cluster,YBL005W_cluster,0.0024
YBL005W,YHL009C,PDR3,YAP3,0.39,0.0039,330,YBL005W_cluster,YBL005W_cluster,YBL005W_cluster,0.0039
YBL005W,YHL027W,PDR3,RIM101,0.26,0.0026,625,YBL005W_cluster,YBL005W_cluster,YBL005W_cluster,0.0026
YBL005W,YHR006W,PDR3,STP2,0.54,0.0054,541,YBL005W_cluster,YBL005W_cluster,YBL005W_cluster,0.0054
YBL005W,YHR084W,PDR3,STE12,0.61,0.0061,688,YBL005W_cluster,YBL005W_cluster,YBL005W_cluster,0.0061
YBL005W,YHR124W,PDR3,NDT80,0.64,0.0064,627,YBL005W_cluster,YBL005W_cluster,YBL005W_cluster,0.0064
YBL005W,YHR177W,PDR3,ROF1,0.5,0.005,453,YBL005W_cluster,YBL005W_cluster,YBL005W_cluster,0.005
YBL005W,YHR178W,PDR3,STB5,0.36,0.0036,743,YBL005W_cluster,YBL005W_cluster,YBL005W_cluster,0.0036
YBL005W,YHR206W,PDR3,SKN7,0.38,0.0038,622,YBL005W_cluster,YBL005W_cluster,YBL005W_cluster,0.0038
YBL005W,YIL036W,PDR3,CST6,0.52,0.0052,587,YBL005W_cluster,YBL005W_cluster,YBL005W_cluster,0.0052
YBL005W,YIL101C,PDR3,XBP1,0.63,0.0063,647,YBL005W_cluster,YBL005W_cluster,YBL005W_cluster,0.0063
YBL005W,YIL131C,PDR3,FKH1,0.63,0.0063,484,YBL005W_cluster,YBL005W_cluster,YBL005W_cluster,0.0063
YBL005W,YIR018W,PDR3,YAP5,0.25,0.0025,245,YBL005W_cluster,YBL005W_cluster,YBL005W_cluster,0.0025
YBL005W,YIR023W,PDR3,DAL81,0.59,0.0059,970,YBL005W_cluster,YBL005W_cluster,YBL005W_cluster,0.0059
YBL005W,YJL056C,PDR3,ZAP1,0.72,0.0072,880,YBL005W_cluster,YBL005W_cluster,YBL005W_cluster,0.0072
YBL005W,YJL089W,PDR3,SIP4,0.74,0.0074,829,YBL005W_cluster,YBL005W_cluster,YBL005W_cluster,0.0074
YBL005W,YJL103C,PDR3,GSM1,0.64,0.0064,618,YBL005W_cluster,YBL005W_cluster,YBL005W_cluster,0.0064
YBL005W,YJL110C,PDR3,GZF3,0.54,0.0054,551,YBL005W_cluster,YBL005W_cluster,YBL005W_cluster,0.0054
YBL005W,YJR060W,PDR3,CBF1,1.0,0.01,351,YBL005W_cluster,YBL005W_cluster,YBL005W_cluster,0.01
YBL005W,YJR094C,PDR3,IME1,0.84,0.0084,360,YBL005W_cluster,YBL005W_cluster,YBL005W_cluster,0.0084
YBL005W,YKL015W,PDR3,PUT3,0.94,0.0094,976,YBL005W_cluster,YBL005W_cluster,YBL005W_cluster,0.0094
YBL005W,YKL032C,PDR3,IXR1,0.75,0.0075,597,YBL005W_cluster,YBL005W_cluster,YBL005W_cluster,0.0075
YBL005W,YKL038W,PDR3,RGT1,1.24,0.0124,976,YBL005W_cluster,YBL005W_cluster,YBL005W_cluster,0.0124
YBL005W,YKL062W,PDR3,MSN4,1.21,0.0121,630,YBL005W_cluster,YBL005W_cluster,YBL005W_cluster,0.0121
YBL005W,YKL109W,PDR3,HAP4,1.07,0.0107,554,YBL005W_cluster,YBL005W_cluster,YBL005W_cluster,0.0107
YBL005W,YKL112W,PDR3,ABF1,0.9,0.009,731,YBL005W_cluster,YBL005W_cluster,YBL005W_cluster,0.009
YBL005W,YKL185W,PDR3,ASH1,0.65,0.0065,588,YBL005W_cluster,YBL005W_cluster,YBL005W_cluster,0.0065
YBL005W,YKR034W,PDR3,DAL80,0.25,0.0025,269,YBL005W_cluster,YBL005W_cluster,YBL005W_cluster,0.0025
YBL005W,YKR099W,PDR3,BAS1,0.63,0.0063,811,YBL005W_cluster,YBL005W_cluster,YBL005W_cluster,0.0063
YBL005W,YLR014C,PDR3,PPR1,0.49,0.0049,904,YBL005W_cluster,YBL005W_cluster,YBL005W_cluster,0.0049
YBL005W,YLR098C,PDR3,CHA4,0.69,0.0069,648,YBL005W_cluster,YBL005W_cluster,YBL005W_cluster,0.0069
YBL005W,YLR131C,PDR3,ACE2,0.64,0.0064,770,YBL005W_cluster,YBL005W_cluster,YBL005W_cluster,0.0064
YBL005W,YLR176C,PDR3,RFX1,0.63,0.0063,811,YBL005W_cluster,YBL005W_cluster,YBL005W_cluster,0.0063
YBL005W,YLR228C,PDR3,ECM22,0.86,0.0086,814,YBL005W_cluster,YBL005W_cluster,YBL005W_cluster,0.0086
YBL005W,YLR256W,PDR3,HAP1,1.43,0.0143,976,YBL005W_cluster,YBL005W_cluster,YBL005W_cluster,0.0143
YBL005W,YLR266C,PDR3,PDR8,1.22,0.0122,701,YBL005W_cluster,YBL005W_cluster,YBL005W_cluster,0.0122
YBL005W,YLR451W,PDR3,LEU3,0.82,0.0082,886,YBL005W_cluster,YBL005W_cluster,YBL005W_cluster,0.0082
YBL005W,YML007W,PDR3,YAP1,0.19,0.0019,650,YBL005W_cluster,YBL005W_cluster,YBL005W_cluster,0.0019
YBL005W,YML076C,PDR3,WAR1,0.8,0.008,944,YBL005W_cluster,YBL005W_cluster,YBL005W_cluster,0.008
YBL005W,YML081W,PDR3,TDA9,1.1,0.011,976,YBL005W_cluster,YBL005W_cluster,YBL005W_cluster,0.011
YBL005W,YML099C,PDR3,ARG81,0.38,0.0038,880,YBL005W_cluster,YBL005W_cluster,YBL005W_cluster,0.0038
YBL005W,YMR019W,PDR3,STB4,0.63,0.0063,949,YBL005W_cluster,YBL005W_cluster,YBL005W_cluster,0.0063
YBL005W,YMR021C,PDR3,MAC1,0.29,0.0029,417,YBL005W_cluster,YBL005W_cluster,YBL005W_cluster,0.0029
YBL005W,YMR037C,PDR3,MSN2,0.67,0.0067,704,YBL005W_cluster,YBL005W_cluster,YBL005W_cluster,0.0067
YBL005W,YMR042W,PDR3,ARG80,0.09,0.0009,177,YBL005W_cluster,YBL005W_cluster,YBL005W_cluster,0.0009
YBL005W,YMR043W,PDR3,MCM1,0.42,0.0042,286,YBL005W_cluster,YBL005W_cluster,YBL005W_cluster,0.0042
YBL005W,YMR070W,PDR3,MOT3,0.58,0.0058,490,YBL005W_cluster,YBL005W_cluster,YBL005W_cluster,0.0058
YBL005W,YMR164C,PDR3,MSS11,0.79,0.0079,758,YBL005W_cluster,YBL005W_cluster,YBL005W_cluster,0.0079
YBL005W,YMR172W,PDR3,HOT1,0.73,0.0073,719,YBL005W_cluster,YBL005W_cluster,YBL005W_cluster,0.0073
YBL005W,YMR280C,PDR3,CAT8,0.68,0.0068,976,YBL005W_cluster,YBL005W_cluster,YBL005W_cluster,0.0068
YBL005W,YNL027W,PDR3,CRZ1,1.13,0.0113,678,YBL005W_cluster,YBL005W_cluster,YBL005W_cluster,0.0113
YBL005W,YNL068C,PDR3,FKH2,0.73,0.0073,862,YBL005W_cluster,YBL005W_cluster,YBL005W_cluster,0.0073
YBL005W,YNL103W,PDR3,MET4,0.5,0.005,672,YBL005W_cluster,YBL005W_cluster,YBL005W_cluster,0.005
YBL005W,YNL167C,PDR3,SKO1,1.02,0.0102,647,YBL005W_cluster,YBL005W_cluster,YBL005W_cluster,0.0102
YBL005W,YNL199C,PDR3,GCR2,0.41,0.0041,534,YBL005W_cluster,YBL005W_cluster,YBL005W_cluster,0.0041
YBL005W,YNL216W,PDR3,RAP1,0.74,0.0074,827,YBL005W_cluster,YBL005W_cluster,YBL005W_cluster,0.0074
YBL005W,YNL314W,PDR3,DAL82,0.33,0.0033,255,YBL005W_cluster,YBL005W_cluster,YBL005W_cluster,0.0033
YBL005W,YOL067C,PDR3,RTG1,0.26,0.0026,177,YBL005W_cluster,YBL005W_cluster,YBL005W_cluster,0.0026
YBL005W,YOL108C,PDR3,INO4,0.27,0.0027,151,YBL005W_cluster,YBL005W_cluster,YBL005W_cluster,0.0027
YBL005W,YOR028C,PDR3,CIN5,0.48,0.0048,295,YBL005W_cluster,YBL005W_cluster,YBL005W_cluster,0.0048
YBL005W,YOR113W,PDR3,AZF1,0.6,0.006,914,YBL005W_cluster,YBL005W_cluster,YBL005W_cluster,0.006
YBL005W,YOR140W,PDR3,SFL1,1.06,0.0106,766,YBL005W_cluster,YBL005W_cluster,YBL005W_cluster,0.0106
YBL005W,YOR162C,PDR3,YRR1,0.51,0.0051,810,YBL005W_cluster,YBL005W_cluster,YBL005W_cluster,0.0051
YBL005W,YOR337W,PDR3,TEA1,0.88,0.0088,759,YBL005W_cluster,YBL005W_cluster,YBL005W_cluster,0.0088
YBL005W,YOR344C,PDR3,TYE7,0.4,0.004,291,YBL005W_cluster,YBL005W_cluster,YBL005W_cluster,0.004
YBL005W,YOR358W,PDR3,HAP5,0.08,0.0008,242,YBL005W_cluster,YBL005W_cluster,YBL005W_cluster,0.0008
YBL005W,YOR363C,PDR3,PIP2,0.67,0.0067,976,YBL005W_cluster,YBL005W_cluster,YBL005W_cluster,0.0067
YBL005W,YPL038W,PDR3,MET31,0.35,0.0035,177,YBL005W_cluster,YBL005W_cluster,YBL005W_cluster,0.0035
YBL005W,YPL075W,PDR3,GCR1,0.7,0.007,785,YBL005W_cluster,YBL005W_cluster,YBL005W_cluster,0.007
YBL005W,YPL089C,PDR3,RLM1,0.82,0.0082,676,YBL005W_cluster,YBL005W_cluster,YBL005W_cluster,0.0082
YBL005W,YPL133C,PDR3,RDS2,0.57,0.0057,446,YBL005W_cluster,YBL005W_cluster,YBL005W_cluster,0.0057
YBL005W,YPL202C,PDR3,AFT2,0.44,0.0044,416,YBL005W_cluster,YBL005W_cluster,YBL005W_cluster,0.0044
YBL005W,YPL230W,PDR3,USV1,0.83,0.0083,391,YBL005W_cluster,YBL005W_cluster,YBL005W_cluster,0.0083
YBL005W,YPL248C,PDR3,GAL4,0.55,0.0055,881,YBL005W_cluster,YBL005W_cluster,YBL005W_cluster,0.0055
YBL005W,YPR008W,PDR3,HAA1,0.73,0.0073,694,YBL005W_cluster,YBL005W_cluster,YBL005W_cluster,0.0073
YBL005W,YPR065W,PDR3,ROX1,0.92,0.0092,368,YBL005W_cluster,YBL005W_cluster,YBL005W_cluster,0.0092
YBL005W,YPR199C,PDR3,ARR1,0.4,0.004,294,YBL005W_cluster,YBL005W_cluster,YBL005W_cluster,0.004
YBL021C,YBL103C,HAP3,RTG3,0.16,0.0016,144,YBL021C_cluster,YBL021C_cluster,YBL021C_cluster,0.0016
YBL021C,YBR049C,HAP3,REB1,0.22,0.0022,144,YBL021C_cluster,YBL021C_cluster,YBL021C_cluster,0.0022
YBL021C,YBR066C,HAP3,NRG2,0.0,0.0,144,YBL021C_cluster,YBL021C_cluster,YBL021C_cluster,0.0
YBL021C,YBR083W,HAP3,TEC1,0.65,0.0065,144,YBL021C_cluster,YBL021C_cluster,YBL021C_cluster,0.0065
YBL021C,YBR182C,HAP3,SMP1,0.0,0.0,144,YBL021C_cluster,YBL021C_cluster,YBL021C_cluster,0.0
YBL021C,YBR239C,HAP3,ERT1,0.15,0.0015,144,YBL021C_cluster,YBL021C_cluster,YBL021C_cluster,0.0015
YBL021C,YCL055W,HAP3,KAR4,0.21,0.0021,144,YBL021C_cluster,YBL021C_cluster,YBL021C_cluster,0.0021
YBL021C,YCR065W,HAP3,HCM1,0.29,0.0029,144,YBL021C_cluster,YBL021C_cluster,YBL021C_cluster,0.0029
YBL021C,YCR106W,HAP3,RDS1,0.1,0.001,144,YBL021C_cluster,YBL021C_cluster,YBL021C_cluster,0.001
YBL021C,YDL020C,HAP3,RPN4,0.61,0.0061,144,YBL021C_cluster,YBL021C_cluster,YBL021C_cluster,0.0061
YBL021C,YDL056W,HAP3,MBP1,0.21,0.0021,144,YBL021C_cluster,YBL021C_cluster,YBL021C_cluster,0.0021
YBL021C,YDL106C,HAP3,PHO2,0.15,0.0015,144,YBL021C_cluster,YBL021C_cluster,YBL021C_cluster,0.0015
YBL021C,YDL170W,HAP3,UGA3,0.15,0.0015,144,YBL021C_cluster,YBL021C_cluster,YBL021C_cluster,0.0015
YBL021C,YDR034C,HAP3,LYS14,0.11,0.0011,144,YBL021C_cluster,YBL021C_cluster,YBL021C_cluster,0.0011
YBL021C,YDR043C,HAP3,NRG1,0.0,0.0,144,YBL021C_cluster,YBL021C_cluster,YBL021C_cluster,0.0
YBL021C,YDR096W,HAP3,GIS1,0.29,0.0029,144,YBL021C_cluster,YBL021C_cluster,YBL021C_cluster,0.0029
YBL021C,YDR123C,HAP3,INO2,0.46,0.0046,144,YBL021C_cluster,YBL021C_cluster,YBL021C_cluster,0.0046
YBL021C,YDR146C,HAP3,SWI5,0.24,0.0024,144,YBL021C_cluster,YBL021C_cluster,YBL021C_cluster,0.0024
YBL021C,YDR207C,HAP3,UME6,0.21,0.0021,144,YBL021C_cluster,YBL021C_cluster,YBL021C_cluster,0.0021
YBL021C,YDR213W,HAP3,UPC2,0.19,0.0019,144,YBL021C_cluster,YBL021C_cluster,YBL021C_cluster,0.0019
YBL021C,YDR216W,HAP3,ADR1,0.21,0.0021,144,YBL021C_cluster,YBL021C_cluster,YBL021C_cluster,0.0021
YBL021C,YDR253C,HAP3,MET32,0.0,0.0,144,YBL021C_cluster,YBL021C_cluster,YBL021C_cluster,0.0
YBL021C,YDR310C,HAP3,SUM1,0.08,0.0008,144,YBL021C_cluster,YBL021C_cluster,YBL021C_cluster,0.0008
YBL021C,YDR423C,HAP3,CAD1,0.55,0.0055,144,YBL021C_cluster,YBL021C_cluster,YBL021C_cluster,0.0055
YBL021C,YDR463W,HAP3,STP1,0.15,0.0015,144,YBL021C_cluster,YBL021C_cluster,YBL021C_cluster,0.0015
YBL021C,YEL009C,HAP3,GCN4,0.24,0.0024,144,YBL021C_cluster,YBL021C_cluster,YBL021C_cluster,0.0024
YBL021C,YER028C,HAP3,MIG3,0.57,0.0057,144,YBL021C_cluster,YBL021C_cluster,YBL021C_cluster,0.0057
YBL021C,YER040W,HAP3,GLN3,0.36,0.0036,144,YBL021C_cluster,YBL021C_cluster,YBL021C_cluster,0.0036
YBL021C,YER045C,HAP3,ACA1,0.65,0.0065,144,YBL021C_cluster,YBL021C_cluster,YBL021C_cluster,0.0065
YBL021C,YER068W,HAP3,MOT2,0.0,0.0,144,YBL021C_cluster,YBL021C_cluster,YBL021C_cluster,0.0
YBL021C,YER111C,HAP3,SWI4,0.34,0.0034,144,YBL021C_cluster,YBL021C_cluster,YBL021C_cluster,0.0034
YBL021C,YER130C,HAP3,COM2,0.0,0.0,144,YBL021C_cluster,YBL021C_cluster,YBL021C_cluster,0.0
YBL021C,YER169W,HAP3,RPH1,0.32,0.0032,144,YBL021C_cluster,YBL021C_cluster,YBL021C_cluster,0.0032
YBL021C,YFL021W,HAP3,GAT1,0.0,0.0,144,YBL021C_cluster,YBL021C_cluster,YBL021C_cluster,0.0
YBL021C,YFL031W,HAP3,HAC1,0.27,0.0027,144,YBL021C_cluster,YBL021C_cluster,YBL021C_cluster,0.0027
YBL021C,YFL052W,HAP3,ZNF1,0.17,0.0017,144,YBL021C_cluster,YBL021C_cluster,YBL021C_cluster,0.0017
YBL021C,YFR034C,HAP3,PHO4,0.0,0.0,144,YBL021C_cluster,YBL021C_cluster,YBL021C_cluster,0.0
YBL021C,YGL013C,HAP3,PDR1,0.59,0.0059,144,YBL021C_cluster,YBL021C_cluster,YBL021C_cluster,0.0059
YBL021C,YGL035C,HAP3,MIG1,0.64,0.0064,144,YBL021C_cluster,YBL021C_cluster,YBL021C_cluster,0.0064
YBL021C,YGL071W,HAP3,AFT1,0.24,0.0024,144,YBL021C_cluster,YBL021C_cluster,YBL021C_cluster,0.0024
YBL021C,YGL073W,HAP3,HSF1,0.42,0.0042,144,YBL021C_cluster,YBL021C_cluster,YBL021C_cluster,0.0042
YBL021C,YGL162W,HAP3,SUT1,0.0,0.0,144,YBL021C_cluster,YBL021C_cluster,YBL021C_cluster,0.0
YBL021C,YGL166W,HAP3,CUP2,0.0,0.0,144,YBL021C_cluster,YBL021C_cluster,YBL021C_cluster,0.0
YBL021C,YGL209W,HAP3,MIG2,0.78,0.0078,144,YBL021C_cluster,YBL021C_cluster,YBL021C_cluster,0.0078
YBL021C,YGL237C,HAP3,HAP2,0.52,0.0052,144,YBL021C_cluster,YBL021C_cluster,YBL021C_cluster,0.0052
YBL021C,YGL254W,HAP3,FZF1,0.0,0.0,144,YBL021C_cluster,YBL021C_cluster,YBL021C_cluster,0.0
YBL021C,YGR044C,HAP3,RME1,0.0,0.0,144,YBL021C_cluster,YBL021C_cluster,YBL021C_cluster,0.0
YBL021C,YHL009C,HAP3,YAP3,0.0,0.0,144,YBL021C_cluster,YBL021C_cluster,YBL021C_cluster,0.0
YBL021C,YHL027W,HAP3,RIM101,0.54,0.0054,144,YBL021C_cluster,YBL021C_cluster,YBL021C_cluster,0.0054
YBL021C,YHR006W,HAP3,STP2,0.3,0.003,144,YBL021C_cluster,YBL021C_cluster,YBL021C_cluster,0.003
YBL021C,YHR084W,HAP3,STE12,0.0,0.0,144,YBL021C_cluster,YBL021C_cluster,YBL021C_cluster,0.0
YBL021C,YHR124W,HAP3,NDT80,0.39,0.0039,144,YBL021C_cluster,YBL021C_cluster,YBL021C_cluster,0.0039
YBL021C,YHR177W,HAP3,ROF1,0.34,0.0034,144,YBL021C_cluster,YBL021C_cluster,YBL021C_cluster,0.0034
YBL021C,YHR178W,HAP3,STB5,0.0,0.0,144,YBL021C_cluster,YBL021C_cluster,YBL021C_cluster,0.0
YBL021C,YHR206W,HAP3,SKN7,0.67,0.0067,144,YBL021C_cluster,YBL021C_cluster,YBL021C_cluster,0.0067
YBL021C,YIL036W,HAP3,CST6,0.28,0.0028,144,YBL021C_cluster,YBL021C_cluster,YBL021C_cluster,0.0028
YBL021C,YIL101C,HAP3,XBP1,0.39,0.0039,144,YBL021C_cluster,YBL021C_cluster,YBL021C_cluster,0.0039
YBL021C,YIL131C,HAP3,FKH1,0.33,0.0033,144,YBL021C_cluster,YBL021C_cluster,YBL021C_cluster,0.0033
YBL021C,YIR018W,HAP3,YAP5,0.0,0.0,144,YBL021C_cluster,YBL021C_cluster,YBL021C_cluster,0.0
YBL021C,YIR023W,HAP3,DAL81,0.09,0.0009,144,YBL021C_cluster,YBL021C_cluster,YBL021C_cluster,0.0009
YBL021C,YJL056C,HAP3,ZAP1,0.0,0.0,144,YBL021C_cluster,YBL021C_cluster,YBL021C_cluster,0.0
YBL021C,YJL089W,HAP3,SIP4,0.53,0.0053,144,YBL021C_cluster,YBL021C_cluster,YBL021C_cluster,0.0053
YBL021C,YJL103C,HAP3,GSM1,0.0,0.0,144,YBL021C_cluster,YBL021C_cluster,YBL021C_cluster,0.0
YBL021C,YJL110C,HAP3,GZF3,0.15,0.0015,144,YBL021C_cluster,YBL021C_cluster,YBL021C_cluster,0.0015
YBL021C,YJR060W,HAP3,CBF1,0.21,0.0021,144,YBL021C_cluster,YBL021C_cluster,YBL021C_cluster,0.0021
YBL021C,YJR094C,HAP3,IME1,0.0,0.0,144,YBL021C_cluster,YBL021C_cluster,YBL021C_cluster,0.0
YBL021C,YKL015W,HAP3,PUT3,0.36,0.0036,144,YBL021C_cluster,YBL021C_cluster,YBL021C_cluster,0.0036
YBL021C,YKL032C,HAP3,IXR1,0.46,0.0046,144,YBL021C_cluster,YBL021C_cluster,YBL021C_cluster,0.0046
YBL021C,YKL038W,HAP3,RGT1,0.08,0.0008,144,YBL021C_cluster,YBL021C_cluster,YBL021C_cluster,0.0008
YBL021C,YKL062W,HAP3,MSN4,0.0,0.0,144,YBL021C_cluster,YBL021C_cluster,YBL021C_cluster,0.0
YBL021C,YKL109W,HAP3,HAP4,0.15,0.0015,144,YBL021C_cluster,YBL021C_cluster,YBL021C_cluster,0.0015
YBL021C,YKL112W,HAP3,ABF1,0.12,0.0012,144,YBL021C_cluster,YBL021C_cluster,YBL021C_cluster,0.0012
YBL021C,YKL185W,HAP3,ASH1,0.42,0.0042,144,YBL021C_cluster,YBL021C_cluster,YBL021C_cluster,0.0042
YBL021C,YKR034W,HAP3,DAL80,0.0,0.0,144,YBL021C_cluster,YBL021C_cluster,YBL021C_cluster,0.0
YBL021C,YKR099W,HAP3,BAS1,0.0,0.0,144,YBL021C_cluster,YBL021C_cluster,YBL021C_cluster,0.0
YBL021C,YLR014C,HAP3,PPR1,0.0,0.0,144,YBL021C_cluster,YBL021C_cluster,YBL021C_cluster,0.0
YBL021C,YLR098C,HAP3,CHA4,0.13,0.0013,144,YBL021C_cluster,YBL021C_cluster,YBL021C_cluster,0.0013
YBL021C,YLR131C,HAP3,ACE2,0.45,0.0045,144,YBL021C_cluster,YBL021C_cluster,YBL021C_cluster,0.0045
YBL021C,YLR176C,HAP3,RFX1,0.11,0.0011,144,YBL021C_cluster,YBL021C_cluster,YBL021C_cluster,0.0011
YBL021C,YLR228C,HAP3,ECM22,0.54,0.0054,144,YBL021C_cluster,YBL021C_cluster,YBL021C_cluster,0.0054
YBL021C,YLR256W,HAP3,HAP1,0.19,0.0019,144,YBL021C_cluster,YBL021C_cluster,YBL021C_cluster,0.0019
YBL021C,YLR266C,HAP3,PDR8,0.36,0.0036,144,YBL021C_cluster,YBL021C_cluster,YBL021C_cluster,0.0036
YBL021C,YLR451W,HAP3,LEU3,0.2,0.002,144,YBL021C_cluster,YBL021C_cluster,YBL021C_cluster,0.002
YBL021C,YML007W,HAP3,YAP1,0.39,0.0039,144,YBL021C_cluster,YBL021C_cluster,YBL021C_cluster,0.0039
YBL021C,YML076C,HAP3,WAR1,0.0,0.0,144,YBL021C_cluster,YBL021C_cluster,YBL021C_cluster,0.0
YBL021C,YML081W,HAP3,TDA9,0.15,0.0015,144,YBL021C_cluster,YBL021C_cluster,YBL021C_cluster,0.0015
YBL021C,YML099C,HAP3,ARG81,0.1,0.001,144,YBL021C_cluster,YBL021C_cluster,YBL021C_cluster,0.001
YBL021C,YMR019W,HAP3,STB4,0.09,0.0009,144,YBL021C_cluster,YBL021C_cluster,YBL021C_cluster,0.0009
YBL021C,YMR021C,HAP3,MAC1,0.0,0.0,144,YBL021C_cluster,YBL021C_cluster,YBL021C_cluster,0.0
YBL021C,YMR037C,HAP3,MSN2,0.24,0.0024,144,YBL021C_cluster,YBL021C_cluster,YBL021C_cluster,0.0024
YBL021C,YMR042W,HAP3,ARG80,0.64,0.0064,144,YBL021C_cluster,YBL021C_cluster,YBL021C_cluster,0.0064
YBL021C,YMR043W,HAP3,MCM1,0.26,0.0026,144,YBL021C_cluster,YBL021C_cluster,YBL021C_cluster,0.0026
YBL021C,YMR070W,HAP3,MOT3,0.0,0.0,144,YBL021C_cluster,YBL021C_cluster,YBL021C_cluster,0.0
YBL021C,YMR164C,HAP3,MSS11,0.48,0.0048,144,YBL021C_cluster,YBL021C_cluster,YBL021C_cluster,0.0048
YBL021C,YMR172W,HAP3,HOT1,0.12,0.0012,144,YBL021C_cluster,YBL021C_cluster,YBL021C_cluster,0.0012
YBL021C,YMR280C,HAP3,CAT8,0.39,0.0039,144,YBL021C_cluster,YBL021C_cluster,YBL021C_cluster,0.0039
YBL021C,YNL027W,HAP3,CRZ1,0.13,0.0013,144,YBL021C_cluster,YBL021C_cluster,YBL021C_cluster,0.0013
YBL021C,YNL068C,HAP3,FKH2,0.2,0.002,144,YBL021C_cluster,YBL021C_cluster,YBL021C_cluster,0.002
YBL021C,YNL103W,HAP3,MET4,0.38,0.0038,144,YBL021C_cluster,YBL021C_cluster,YBL021C_cluster,0.0038
YBL021C,YNL167C,HAP3,SKO1,0.13,0.0013,144,YBL021C_cluster,YBL021C_cluster,YBL021C_cluster,0.0013
YBL021C,YNL199C,HAP3,GCR2,0.6,0.006,144,YBL021C_cluster,YBL021C_cluster,YBL021C_cluster,0.006
YBL021C,YNL216W,HAP3,RAP1,0.21,0.0021,144,YBL021C_cluster,YBL021C_cluster,YBL021C_cluster,0.0021
YBL021C,YNL314W,HAP3,DAL82,0.0,0.0,144,YBL021C_cluster,YBL021C_cluster,YBL021C_cluster,0.0
YBL021C,YOL067C,HAP3,RTG1,0.0,0.0,144,YBL021C_cluster,YBL021C_cluster,YBL021C_cluster,0.0
YBL021C,YOL108C,HAP3,INO4,0.35,0.0035,144,YBL021C_cluster,YBL021C_cluster,YBL021C_cluster,0.0035
YBL021C,YOR028C,HAP3,CIN5,0.0,0.0,144,YBL021C_cluster,YBL021C_cluster,YBL021C_cluster,0.0
YBL021C,YOR113W,HAP3,AZF1,0.2,0.002,144,YBL021C_cluster,YBL021C_cluster,YBL021C_cluster,0.002
YBL021C,YOR140W,HAP3,SFL1,0.0,0.0,144,YBL021C_cluster,YBL021C_cluster,YBL021C_cluster,0.0
YBL021C,YOR162C,HAP3,YRR1,0.11,0.0011,144,YBL021C_cluster,YBL021C_cluster,YBL021C_cluster,0.0011
YBL021C,YOR337W,HAP3,TEA1,0.11,0.0011,144,YBL021C_cluster,YBL021C_cluster,YBL021C_cluster,0.0011
YBL021C,YOR344C,HAP3,TYE7,0.71,0.0071,144,YBL021C_cluster,YBL021C_cluster,YBL021C_cluster,0.0071
YBL021C,YOR358W,HAP3,HAP5,0.53,0.0053,144,YBL021C_cluster,YBL021C_cluster,YBL021C_cluster,0.0053
YBL021C,YOR363C,HAP3,PIP2,0.36,0.0036,144,YBL021C_cluster,YBL021C_cluster,YBL021C_cluster,0.0036
YBL021C,YPL038W,HAP3,MET31,0.0,0.0,144,YBL021C_cluster,YBL021C_cluster,YBL021C_cluster,0.0
YBL021C,YPL075W,HAP3,GCR1,0.0,0.0,144,YBL021C_cluster,YBL021C_cluster,YBL021C_cluster,0.0
YBL021C,YPL089C,HAP3,RLM1,0.13,0.0013,144,YBL021C_cluster,YBL021C_cluster,YBL021C_cluster,0.0013
YBL021C,YPL133C,HAP3,RDS2,0.0,0.0,144,YBL021C_cluster,YBL021C_cluster,YBL021C_cluster,0.0
YBL021C,YPL202C,HAP3,AFT2,0.36,0.0036,144,YBL021C_cluster,YBL021C_cluster,YBL021C_cluster,0.0036
YBL021C,YPL230W,HAP3,USV1,0.39,0.0039,144,YBL021C_cluster,YBL021C_cluster,YBL021C_cluster,0.0039
YBL021C,YPL248C,HAP3,GAL4,0.1,0.001,144,YBL021C_cluster,YBL021C_cluster,YBL021C_cluster,0.001
YBL021C,YPR008W,HAP3,HAA1,0.12,0.0012,144,YBL021C_cluster,YBL021C_cluster,YBL021C_cluster,0.0012
YBL021C,YPR065W,HAP3,ROX1,0.0,0.0,144,YBL021C_cluster,YBL021C_cluster,YBL021C_cluster,0.0
YBL021C,YPR199C,HAP3,ARR1,0.7,0.007,144,YBL021C_cluster,YBL021C_cluster,YBL021C_cluster,0.007
YBL103C,YBR049C,RTG3,REB1,0.89,0.0089,486,YBL103C_cluster,YBL103C_cluster,YBL103C_cluster,0.0089
YBL103C,YBR066C,RTG3,NRG2,0.14,0.0014,220,YBL103C_cluster,YBL103C_cluster,YBL103C_cluster,0.0014
YBL103C,YBR083W,RTG3,TEC1,0.42,0.0042,486,YBL103C_cluster,YBL103C_cluster,YBL103C_cluster,0.0042
YBL103C,YBR182C,RTG3,SMP1,0.77,0.0077,452,YBL103C_cluster,YBL103C_cluster,YBL103C_cluster,0.0077
YBL103C,YBR239C,RTG3,ERT1,0.1,0.001,486,YBL103C_cluster,YBL103C_cluster,YBL103C_cluster,0.001
YBL103C,YCL055W,RTG3,KAR4,0.0,0.0,335,YBL103C_cluster,YBL103C_cluster,YBL103C_cluster,0.0
YBL103C,YCR065W,RTG3,HCM1,0.68,0.0068,486,YBL103C_cluster,YBL103C_cluster,YBL103C_cluster,0.0068
YBL103C,YCR106W,RTG3,RDS1,0.31,0.0031,486,YBL103C_cluster,YBL103C_cluster,YBL103C_cluster,0.0031
YBL103C,YDL020C,RTG3,RPN4,0.4,0.004,486,YBL103C_cluster,YBL103C_cluster,YBL103C_cluster,0.004
YBL103C,YDL056W,RTG3,MBP1,0.7,0.007,486,YBL103C_cluster,YBL103C_cluster,YBL103C_cluster,0.007
YBL103C,YDL106C,RTG3,PHO2,0.49,0.0049,486,YBL103C_cluster,YBL103C_cluster,YBL103C_cluster,0.0049
YBL103C,YDL170W,RTG3,UGA3,0.3,0.003,486,YBL103C_cluster,YBL103C_cluster,YBL103C_cluster,0.003
YBL103C,YDR034C,RTG3,LYS14,0.24,0.0024,486,YBL103C_cluster,YBL103C_cluster,YBL103C_cluster,0.0024
YBL103C,YDR043C,RTG3,NRG1,0.14,0.0014,231,YBL103C_cluster,YBL103C_cluster,YBL103C_cluster,0.0014
YBL103C,YDR096W,RTG3,GIS1,0.82,0.0082,486,YBL103C_cluster,YBL103C_cluster,YBL103C_cluster,0.0082
YBL103C,YDR123C,RTG3,INO2,0.26,0.0026,304,YBL103C_cluster,YBL103C_cluster,YBL103C_cluster,0.0026
YBL103C,YDR146C,RTG3,SWI5,0.94,0.0094,486,YBL103C_cluster,YBL103C_cluster,YBL103C_cluster,0.0094
YBL103C,YDR207C,RTG3,UME6,0.79,0.0079,486,YBL103C_cluster,YBL103C_cluster,YBL103C_cluster,0.0079
YBL103C,YDR213W,RTG3,UPC2,0.59,0.0059,486,YBL103C_cluster,YBL103C_cluster,YBL103C_cluster,0.0059
YBL103C,YDR216W,RTG3,ADR1,0.51,0.0051,486,YBL103C_cluster,YBL103C_cluster,YBL103C_cluster,0.0051
YBL103C,YDR253C,RTG3,MET32,0.3,0.003,191,YBL103C_cluster,YBL103C_cluster,YBL103C_cluster,0.003
YBL103C,YDR310C,RTG3,SUM1,0.66,0.0066,486,YBL103C_cluster,YBL103C_cluster,YBL103C_cluster,0.0066
YBL103C,YDR423C,RTG3,CAD1,0.11,0.0011,409,YBL103C_cluster,YBL103C_cluster,YBL103C_cluster,0.0011
YBL103C,YDR463W,RTG3,STP1,0.41,0.0041,486,YBL103C_cluster,YBL103C_cluster,YBL103C_cluster,0.0041
YBL103C,YEL009C,RTG3,GCN4,0.0,0.0,281,YBL103C_cluster,YBL103C_cluster,YBL103C_cluster,0.0
YBL103C,YER028C,RTG3,MIG3,0.7,0.007,394,YBL103C_cluster,YBL103C_cluster,YBL103C_cluster,0.007
YBL103C,YER040W,RTG3,GLN3,1.12,0.0112,486,YBL103C_cluster,YBL103C_cluster,YBL103C_cluster,0.0112
YBL103C,YER045C,RTG3,ACA1,0.32,0.0032,486,YBL103C_cluster,YBL103C_cluster,YBL103C_cluster,0.0032
YBL103C,YER068W,RTG3,MOT2,0.57,0.0057,486,YBL103C_cluster,YBL103C_cluster,YBL103C_cluster,0.0057
YBL103C,YER111C,RTG3,SWI4,0.53,0.0053,486,YBL103C_cluster,YBL103C_cluster,YBL103C_cluster,0.0053
YBL103C,YER130C,RTG3,COM2,0.55,0.0055,443,YBL103C_cluster,YBL103C_cluster,YBL103C_cluster,0.0055
YBL103C,YER169W,RTG3,RPH1,0.16,0.0016,486,YBL103C_cluster,YBL103C_cluster,YBL103C_cluster,0.0016
YBL103C,YFL021W,RTG3,GAT1,0.94,0.0094,486,YBL103C_cluster,YBL103C_cluster,YBL103C_cluster,0.0094
YBL103C,YFL031W,RTG3,HAC1,0.57,0.0057,238,YBL103C_cluster,YBL103C_cluster,YBL103C_cluster,0.0057
YBL103C,YFL052W,RTG3,ZNF1,0.32,0.0032,465,YBL103C_cluster,YBL103C_cluster,YBL103C_cluster,0.0032
YBL103C,YFR034C,RTG3,PHO4,0.13,0.0013,312,YBL103C_cluster,YBL103C_cluster,YBL103C_cluster,0.0013
YBL103C,YGL013C,RTG3,PDR1,0.39,0.0039,486,YBL103C_cluster,YBL103C_cluster,YBL103C_cluster,0.0039
YBL103C,YGL035C,RTG3,MIG1,0.73,0.0073,486,YBL103C_cluster,YBL103C_cluster,YBL103C_cluster,0.0073
YBL103C,YGL071W,RTG3,AFT1,0.61,0.0061,486,YBL103C_cluster,YBL103C_cluster,YBL103C_cluster,0.0061
YBL103C,YGL073W,RTG3,HSF1,0.47,0.0047,486,YBL103C_cluster,YBL103C_cluster,YBL103C_cluster,0.0047
YBL103C,YGL162W,RTG3,SUT1,0.13,0.0013,299,YBL103C_cluster,YBL103C_cluster,YBL103C_cluster,0.0013
YBL103C,YGL166W,RTG3,CUP2,0.14,0.0014,225,YBL103C_cluster,YBL103C_cluster,YBL103C_cluster,0.0014
YBL103C,YGL209W,RTG3,MIG2,0.71,0.0071,382,YBL103C_cluster,YBL103C_cluster,YBL103C_cluster,0.0071
YBL103C,YGL237C,RTG3,HAP2,0.42,0.0042,265,YBL103C_cluster,YBL103C_cluster,YBL103C_cluster,0.0042
YBL103C,YGL254W,RTG3,FZF1,0.65,0.0065,299,YBL103C_cluster,YBL103C_cluster,YBL103C_cluster,0.0065
YBL103C,YGR044C,RTG3,RME1,0.39,0.0039,300,YBL103C_cluster,YBL103C_cluster,YBL103C_cluster,0.0039
YBL103C,YHL009C,RTG3,YAP3,0.63,0.0063,330,YBL103C_cluster,YBL103C_cluster,YBL103C_cluster,0.0063
YBL103C,YHL027W,RTG3,RIM101,0.56,0.0056,486,YBL103C_cluster,YBL103C_cluster,YBL103C_cluster,0.0056
YBL103C,YHR006W,RTG3,STP2,0.6,0.006,486,YBL103C_cluster,YBL103C_cluster,YBL103C_cluster,0.006
YBL103C,YHR084W,RTG3,STE12,0.52,0.0052,486,YBL103C_cluster,YBL103C_cluster,YBL103C_cluster,0.0052
YBL103C,YHR124W,RTG3,NDT80,0.64,0.0064,486,YBL103C_cluster,YBL103C_cluster,YBL103C_cluster,0.0064
YBL103C,YHR177W,RTG3,ROF1,0.22,0.0022,453,YBL103C_cluster,YBL103C_cluster,YBL103C_cluster,0.0022
YBL103C,YHR178W,RTG3,STB5,0.58,0.0058,486,YBL103C_cluster,YBL103C_cluster,YBL103C_cluster,0.0058
YBL103C,YHR206W,RTG3,SKN7,0.46,0.0046,486,YBL103C_cluster,YBL103C_cluster,YBL103C_cluster,0.0046
YBL103C,YIL036W,RTG3,CST6,0.38,0.0038,486,YBL103C_cluster,YBL103C_cluster,YBL103C_cluster,0.0038
YBL103C,YIL101C,RTG3,XBP1,0.45,0.0045,486,YBL103C_cluster,YBL103C_cluster,YBL103C_cluster,0.0045
YBL103C,YIL131C,RTG3,FKH1,0.64,0.0064,484,YBL103C_cluster,YBL103C_cluster,YBL103C_cluster,0.0064
YBL103C,YIR018W,RTG3,YAP5,0.56,0.0056,245,YBL103C_cluster,YBL103C_cluster,YBL103C_cluster,0.0056
YBL103C,YIR023W,RTG3,DAL81,0.58,0.0058,486,YBL103C_cluster,YBL103C_cluster,YBL103C_cluster,0.0058
YBL103C,YJL056C,RTG3,ZAP1,0.68,0.0068,486,YBL103C_cluster,YBL103C_cluster,YBL103C_cluster,0.0068
YBL103C,YJL089W,RTG3,SIP4,0.55,0.0055,486,YBL103C_cluster,YBL103C_cluster,YBL103C_cluster,0.0055
YBL103C,YJL103C,RTG3,GSM1,0.56,0.0056,486,YBL103C_cluster,YBL103C_cluster,YBL103C_cluster,0.0056
YBL103C,YJL110C,RTG3,GZF3,0.4,0.004,486,YBL103C_cluster,YBL103C_cluster,YBL103C_cluster,0.004
YBL103C,YJR060W,RTG3,CBF1,0.74,0.0074,351,YBL103C_cluster,YBL103C_cluster,YBL103C_cluster,0.0074
YBL103C,YJR094C,RTG3,IME1,1.1,0.011,360,YBL103C_cluster,YBL103C_cluster,YBL103C_cluster,0.011
YBL103C,YKL015W,RTG3,PUT3,0.91,0.0091,486,YBL103C_cluster,YBL103C_cluster,YBL103C_cluster,0.0091
YBL103C,YKL032C,RTG3,IXR1,0.82,0.0082,486,YBL103C_cluster,YBL103C_cluster,YBL103C_cluster,0.0082
YBL103C,YKL038W,RTG3,RGT1,0.99,0.0099,486,YBL103C_cluster,YBL103C_cluster,YBL103C_cluster,0.0099
YBL103C,YKL062W,RTG3,MSN4,0.83,0.0083,486,YBL103C_cluster,YBL103C_cluster,YBL103C_cluster,0.0083
YBL103C,YKL109W,RTG3,HAP4,1.09,0.0109,486,YBL103C_cluster,YBL103C_cluster,YBL103C_cluster,0.0109
YBL103C,YKL112W,RTG3,ABF1,0.68,0.0068,486,YBL103C_cluster,YBL103C_cluster,YBL103C_cluster,0.0068
YBL103C,YKL185W,RTG3,ASH1,0.29,0.0029,486,YBL103C_cluster,YBL103C_cluster,YBL103C_cluster,0.0029
YBL103C,YKR034W,RTG3,DAL80,0.0,0.0,269,YBL103C_cluster,YBL103C_cluster,YBL103C_cluster,0.0
YBL103C,YKR099W,RTG3,BAS1,0.47,0.0047,486,YBL103C_cluster,YBL103C_cluster,YBL103C_cluster,0.0047
YBL103C,YLR014C,RTG3,PPR1,0.44,0.0044,486,YBL103C_cluster,YBL103C_cluster,YBL103C_cluster,0.0044
YBL103C,YLR098C,RTG3,CHA4,0.27,0.0027,486,YBL103C_cluster,YBL103C_cluster,YBL103C_cluster,0.0027
YBL103C,YLR131C,RTG3,ACE2,0.41,0.0041,486,YBL103C_cluster,YBL103C_cluster,YBL103C_cluster,0.0041
YBL103C,YLR176C,RTG3,RFX1,0.95,0.0095,486,YBL103C_cluster,YBL103C_cluster,YBL103C_cluster,0.0095
YBL103C,YLR228C,RTG3,ECM22,0.55,0.0055,486,YBL103C_cluster,YBL103C_cluster,YBL103C_cluster,0.0055
YBL103C,YLR256W,RTG3,HAP1,0.78,0.0078,486,YBL103C_cluster,YBL103C_cluster,YBL103C_cluster,0.0078
YBL103C,YLR266C,RTG3,PDR8,0.95,0.0095,486,YBL103C_cluster,YBL103C_cluster,YBL103C_cluster,0.0095
YBL103C,YLR451W,RTG3,LEU3,0.67,0.0067,486,YBL103C_cluster,YBL103C_cluster,YBL103C_cluster,0.0067
YBL103C,YML007W,RTG3,YAP1,0.64,0.0064,486,YBL103C_cluster,YBL103C_cluster,YBL103C_cluster,0.0064
YBL103C,YML076C,RTG3,WAR1,0.64,0.0064,486,YBL103C_cluster,YBL103C_cluster,YBL103C_cluster,0.0064
YBL103C,YML081W,RTG3,TDA9,0.83,0.0083,486,YBL103C_cluster,YBL103C_cluster,YBL103C_cluster,0.0083
YBL103C,YML099C,RTG3,ARG81,0.52,0.0052,486,YBL103C_cluster,YBL103C_cluster,YBL103C_cluster,0.0052
YBL103C,YMR019W,RTG3,STB4,0.28,0.0028,486,YBL103C_cluster,YBL103C_cluster,YBL103C_cluster,0.0028
YBL103C,YMR021C,RTG3,MAC1,0.11,0.0011,417,YBL103C_cluster,YBL103C_cluster,YBL103C_cluster,0.0011
YBL103C,YMR037C,RTG3,MSN2,0.87,0.0087,486,YBL103C_cluster,YBL103C_cluster,YBL103C_cluster,0.0087
YBL103C,YMR042W,RTG3,ARG80,0.15,0.0015,177,YBL103C_cluster,YBL103C_cluster,YBL103C_cluster,0.0015
YBL103C,YMR043W,RTG3,MCM1,0.42,0.0042,286,YBL103C_cluster,YBL103C_cluster,YBL103C_cluster,0.0042
YBL103C,YMR070W,RTG3,MOT3,0.67,0.0067,486,YBL103C_cluster,YBL103C_cluster,YBL103C_cluster,0.0067
YBL103C,YMR164C,RTG3,MSS11,0.61,0.0061,486,YBL103C_cluster,YBL103C_cluster,YBL103C_cluster,0.0061
YBL103C,YMR172W,RTG3,HOT1,0.51,0.0051,486,YBL103C_cluster,YBL103C_cluster,YBL103C_cluster,0.0051
YBL103C,YMR280C,RTG3,CAT8,0.54,0.0054,486,YBL103C_cluster,YBL103C_cluster,YBL103C_cluster,0.0054
YBL103C,YNL027W,RTG3,CRZ1,0.9,0.009,486,YBL103C_cluster,YBL103C_cluster,YBL103C_cluster,0.009
YBL103C,YNL068C,RTG3,FKH2,0.61,0.0061,486,YBL103C_cluster,YBL103C_cluster,YBL103C_cluster,0.0061
YBL103C,YNL103W,RTG3,MET4,0.81,0.0081,486,YBL103C_cluster,YBL103C_cluster,YBL103C_cluster,0.0081
YBL103C,YNL167C,RTG3,SKO1,1.1,0.011,486,YBL103C_cluster,YBL103C_cluster,YBL103C_cluster,0.011
YBL103C,YNL199C,RTG3,GCR2,0.4,0.004,486,YBL103C_cluster,YBL103C_cluster,YBL103C_cluster,0.004
YBL103C,YNL216W,RTG3,RAP1,0.79,0.0079,486,YBL103C_cluster,YBL103C_cluster,YBL103C_cluster,0.0079
YBL103C,YNL314W,RTG3,DAL82,0.83,0.0083,255,YBL103C_cluster,YBL103C_cluster,YBL103C_cluster,0.0083
YBL103C,YOL067C,RTG3,RTG1,0.31,0.0031,177,YBL103C_cluster,YBL103C_cluster,YBL103C_cluster,0.0031
YBL103C,YOL108C,RTG3,INO4,0.32,0.0032,151,YBL103C_cluster,YBL103C_cluster,YBL103C_cluster,0.0032
YBL103C,YOR028C,RTG3,CIN5,1.06,0.0106,295,YBL103C_cluster,YBL103C_cluster,YBL103C_cluster,0.0106
YBL103C,YOR113W,RTG3,AZF1,0.89,0.0089,486,YBL103C_cluster,YBL103C_cluster,YBL103C_cluster,0.0089
YBL103C,YOR140W,RTG3,SFL1,1.07,0.0107,486,YBL103C_cluster,YBL103C_cluster,YBL103C_cluster,0.0107
YBL103C,YOR162C,RTG3,YRR1,0.39,0.0039,486,YBL103C_cluster,YBL103C_cluster,YBL103C_cluster,0.0039
YBL103C,YOR337W,RTG3,TEA1,0.08,0.0008,486,YBL103C_cluster,YBL103C_cluster,YBL103C_cluster,0.0008
YBL103C,YOR344C,RTG3,TYE7,0.66,0.0066,291,YBL103C_cluster,YBL103C_cluster,YBL103C_cluster,0.0066
YBL103C,YOR358W,RTG3,HAP5,0.14,0.0014,242,YBL103C_cluster,YBL103C_cluster,YBL103C_cluster,0.0014
YBL103C,YOR363C,RTG3,PIP2,0.34,0.0034,486,YBL103C_cluster,YBL103C_cluster,YBL103C_cluster,0.0034
YBL103C,YPL038W,RTG3,MET31,0.15,0.0015,177,YBL103C_cluster,YBL103C_cluster,YBL103C_cluster,0.0015
YBL103C,YPL075W,RTG3,GCR1,0.65,0.0065,486,YBL103C_cluster,YBL103C_cluster,YBL103C_cluster,0.0065
YBL103C,YPL089C,RTG3,RLM1,0.9,0.009,486,YBL103C_cluster,YBL103C_cluster,YBL103C_cluster,0.009
YBL103C,YPL133C,RTG3,RDS2,0.66,0.0066,446,YBL103C_cluster,YBL103C_cluster,YBL103C_cluster,0.0066
YBL103C,YPL202C,RTG3,AFT2,0.34,0.0034,416,YBL103C_cluster,YBL103C_cluster,YBL103C_cluster,0.0034
YBL103C,YPL230W,RTG3,USV1,1.07,0.0107,391,YBL103C_cluster,YBL103C_cluster,YBL103C_cluster,0.0107
YBL103C,YPL248C,RTG3,GAL4,0.45,0.0045,486,YBL103C_cluster,YBL103C_cluster,YBL103C_cluster,0.0045
YBL103C,YPR008W,RTG3,HAA1,0.52,0.0052,486,YBL103C_cluster,YBL103C_cluster,YBL103C_cluster,0.0052
YBL103C,YPR065W,RTG3,ROX1,0.73,0.0073,368,YBL103C_cluster,YBL103C_cluster,YBL103C_cluster,0.0073
YBL103C,YPR199C,RTG3,ARR1,0.26,0.0026,294,YBL103C_cluster,YBL103C_cluster,YBL103C_cluster,0.0026
YBR049C,YBR066C,REB1,NRG2,0.1,0.001,220,YBR049C_cluster,YBR049C_cluster,YBR049C_cluster,0.001
YBR049C,YBR083W,REB1,TEC1,0.64,0.0064,486,YBR049C_cluster,YBR049C_cluster,YBR049C_cluster,0.0064
YBR049C,YBR182C,REB1,SMP1,0.33,0.0033,452,YBR049C_cluster,YBR049C_cluster,YBR049C_cluster,0.0033
YBR049C,YBR239C,REB1,ERT1,0.7,0.007,529,YBR049C_cluster,YBR049C_cluster,YBR049C_cluster,0.007
YBR049C,YCL055W,REB1,KAR4,0.27,0.0027,335,YBR049C_cluster,YBR049C_cluster,YBR049C_cluster,0.0027
YBR049C,YCR065W,REB1,HCM1,0.38,0.0038,564,YBR049C_cluster,YBR049C_cluster,YBR049C_cluster,0.0038
YBR049C,YCR106W,REB1,RDS1,1.01,0.0101,810,YBR049C_cluster,YBR049C_cluster,YBR049C_cluster,0.0101
YBR049C,YDL020C,REB1,RPN4,0.62,0.0062,531,YBR049C_cluster,YBR049C_cluster,YBR049C_cluster,0.0062
YBR049C,YDL056W,REB1,MBP1,0.82,0.0082,810,YBR049C_cluster,YBR049C_cluster,YBR049C_cluster,0.0082
YBR049C,YDL106C,REB1,PHO2,1.38,0.0138,559,YBR049C_cluster,YBR049C_cluster,YBR049C_cluster,0.0138
YBR049C,YDL170W,REB1,UGA3,0.39,0.0039,528,YBR049C_cluster,YBR049C_cluster,YBR049C_cluster,0.0039
YBR049C,YDR034C,REB1,LYS14,0.58,0.0058,790,YBR049C_cluster,YBR049C_cluster,YBR049C_cluster,0.0058
YBR049C,YDR043C,REB1,NRG1,0.1,0.001,231,YBR049C_cluster,YBR049C_cluster,YBR049C_cluster,0.001
YBR049C,YDR096W,REB1,GIS1,1.04,0.0104,810,YBR049C_cluster,YBR049C_cluster,YBR049C_cluster,0.0104
YBR049C,YDR123C,REB1,INO2,0.19,0.0019,304,YBR049C_cluster,YBR049C_cluster,YBR049C_cluster,0.0019
YBR049C,YDR146C,REB1,SWI5,1.16,0.0116,709,YBR049C_cluster,YBR049C_cluster,YBR049C_cluster,0.0116
YBR049C,YDR207C,REB1,UME6,1.15,0.0115,810,YBR049C_cluster,YBR049C_cluster,YBR049C_cluster,0.0115
YBR049C,YDR213W,REB1,UPC2,1.28,0.0128,810,YBR049C_cluster,YBR049C_cluster,YBR049C_cluster,0.0128
YBR049C,YDR216W,REB1,ADR1,1.12,0.0112,810,YBR049C_cluster,YBR049C_cluster,YBR049C_cluster,0.0112
YBR049C,YDR253C,REB1,MET32,0.42,0.0042,191,YBR049C_cluster,YBR049C_cluster,YBR049C_cluster,0.0042
YBR049C,YDR310C,REB1,SUM1,1.11,0.0111,810,YBR049C_cluster,YBR049C_cluster,YBR049C_cluster,0.0111
YBR049C,YDR423C,REB1,CAD1,0.34,0.0034,409,YBR049C_cluster,YBR049C_cluster,YBR049C_cluster,0.0034
YBR049C,YDR463W,REB1,STP1,0.7,0.007,519,YBR049C_cluster,YBR049C_cluster,YBR049C_cluster,0.007
YBR049C,YEL009C,REB1,GCN4,0.29,0.0029,281,YBR049C_cluster,YBR049C_cluster,YBR049C_cluster,0.0029
YBR049C,YER028C,REB1,MIG3,0.69,0.0069,394,YBR049C_cluster,YBR049C_cluster,YBR049C_cluster,0.0069
YBR049C,YER040W,REB1,GLN3,1.03,0.0103,730,YBR049C_cluster,YBR049C_cluster,YBR049C_cluster,0.0103
YBR049C,YER045C,REB1,ACA1,0.97,0.0097,489,YBR049C_cluster,YBR049C_cluster,YBR049C_cluster,0.0097
YBR049C,YER068W,REB1,MOT2,0.82,0.0082,587,YBR049C_cluster,YBR049C_cluster,YBR049C_cluster,0.0082
YBR049C,YER111C,REB1,SWI4,1.44,0.0144,810,YBR049C_cluster,YBR049C_cluster,YBR049C_cluster,0.0144
YBR049C,YER130C,REB1,COM2,0.5,0.005,443,YBR049C_cluster,YBR049C_cluster,YBR049C_cluster,0.005
YBR049C,YER169W,REB1,RPH1,0.39,0.0039,796,YBR049C_cluster,YBR049C_cluster,YBR049C_cluster,0.0039
YBR049C,YFL021W,REB1,GAT1,0.95,0.0095,510,YBR049C_cluster,YBR049C_cluster,YBR049C_cluster,0.0095
YBR049C,YFL031W,REB1,HAC1,0.2,0.002,238,YBR049C_cluster,YBR049C_cluster,YBR049C_cluster,0.002
YBR049C,YFL052W,REB1,ZNF1,0.73,0.0073,465,YBR049C_cluster,YBR049C_cluster,YBR049C_cluster,0.0073
YBR049C,YFR034C,REB1,PHO4,0.65,0.0065,312,YBR049C_cluster,YBR049C_cluster,YBR049C_cluster,0.0065
YBR049C,YGL013C,REB1,PDR1,0.61,0.0061,810,YBR049C_cluster,YBR049C_cluster,YBR049C_cluster,0.0061
YBR049C,YGL035C,REB1,MIG1,1.28,0.0128,504,YBR049C_cluster,YBR049C_cluster,YBR049C_cluster,0.0128
YBR049C,YGL071W,REB1,AFT1,0.69,0.0069,690,YBR049C_cluster,YBR049C_cluster,YBR049C_cluster,0.0069
YBR049C,YGL073W,REB1,HSF1,1.47,0.0147,810,YBR049C_cluster,YBR049C_cluster,YBR049C_cluster,0.0147
YBR049C,YGL162W,REB1,SUT1,0.85,0.0085,299,YBR049C_cluster,YBR049C_cluster,YBR049C_cluster,0.0085
YBR049C,YGL166W,REB1,CUP2,0.4,0.004,225,YBR049C_cluster,YBR049C_cluster,YBR049C_cluster,0.004
YBR049C,YGL209W,REB1,MIG2,0.61,0.0061,382,YBR049C_cluster,YBR049C_cluster,YBR049C_cluster,0.0061
YBR049C,YGL237C,REB1,HAP2,0.99,0.0099,265,YBR049C_cluster,YBR049C_cluster,YBR049C_cluster,0.0099
YBR049C,YGL254W,REB1,FZF1,0.28,0.0028,299,YBR049C_cluster,YBR049C_cluster,YBR049C_cluster,0.0028
YBR049C,YGR044C,REB1,RME1,0.28,0.0028,300,YBR049C_cluster,YBR049C_cluster,YBR049C_cluster,0.0028
YBR049C,YHL009C,REB1,YAP3,0.46,0.0046,330,YBR049C_cluster,YBR049C_cluster,YBR049C_cluster,0.0046
YBR049C,YHL027W,REB1,RIM101,0.44,0.0044,625,YBR049C_cluster,YBR049C_cluster,YBR049C_cluster,0.0044
YBR049C,YHR006W,REB1,STP2,0.38,0.0038,541,YBR049C_cluster,YBR049C_cluster,YBR049C_cluster,0.0038
YBR049C,YHR084W,REB1,STE12,0.55,0.0055,688,YBR049C_cluster,YBR049C_cluster,YBR049C_cluster,0.0055
YBR049C,YHR124W,REB1,NDT80,0.79,0.0079,627,YBR049C_cluster,YBR049C_cluster,YBR049C_cluster,0.0079
YBR049C,YHR177W,REB1,ROF1,0.49,0.0049,453,YBR049C_cluster,YBR049C_cluster,YBR049C_cluster,0.0049
YBR049C,YHR178W,REB1,STB5,0.2,0.002,743,YBR049C_cluster,YBR049C_cluster,YBR049C_cluster,0.002
YBR049C,YHR206W,REB1,SKN7,0.87,0.0087,622,YBR049C_cluster,YBR049C_cluster,YBR049C_cluster,0.0087
YBR049C,YIL036W,REB1,CST6,1.04,0.0104,587,YBR049C_cluster,YBR049C_cluster,YBR049C_cluster,0.0104
YBR049C,YIL101C,REB1,XBP1,0.71,0.0071,647,YBR049C_cluster,YBR049C_cluster,YBR049C_cluster,0.0071
YBR049C,YIL131C,REB1,FKH1,0.73,0.0073,484,YBR049C_cluster,YBR049C_cluster,YBR049C_cluster,0.0073
YBR049C,YIR018W,REB1,YAP5,0.4,0.004,245,YBR049C_cluster,YBR049C_cluster,YBR049C_cluster,0.004
YBR049C,YIR023W,REB1,DAL81,0.77,0.0077,810,YBR049C_cluster,YBR049C_cluster,YBR049C_cluster,0.0077
YBR049C,YJL056C,REB1,ZAP1,1.36,0.0136,810,YBR049C_cluster,YBR049C_cluster,YBR049C_cluster,0.0136
YBR049C,YJL089W,REB1,SIP4,0.96,0.0096,810,YBR049C_cluster,YBR049C_cluster,YBR049C_cluster,0.0096
YBR049C,YJL103C,REB1,GSM1,0.58,0.0058,618,YBR049C_cluster,YBR049C_cluster,YBR049C_cluster,0.0058
YBR049C,YJL110C,REB1,GZF3,0.46,0.0046,551,YBR049C_cluster,YBR049C_cluster,YBR049C_cluster,0.0046
YBR049C,YJR060W,REB1,CBF1,0.72,0.0072,351,YBR049C_cluster,YBR049C_cluster,YBR049C_cluster,0.0072
YBR049C,YJR094C,REB1,IME1,1.07,0.0107,360,YBR049C_cluster,YBR049C_cluster,YBR049C_cluster,0.0107
YBR049C,YKL015W,REB1,PUT3,0.99,0.0099,810,YBR049C_cluster,YBR049C_cluster,YBR049C_cluster,0.0099
YBR049C,YKL032C,REB1,IXR1,0.7,0.007,597,YBR049C_cluster,YBR049C_cluster,YBR049C_cluster,0.007
YBR049C,YKL038W,REB1,RGT1,1.2,0.012,810,YBR049C_cluster,YBR049C_cluster,YBR049C_cluster,0.012
YBR049C,YKL062W,REB1,MSN4,1.09,0.0109,630,YBR049C_cluster,YBR049C_cluster,YBR049C_cluster,0.0109
YBR049C,YKL109W,REB1,HAP4,1.31,0.0131,554,YBR049C_cluster,YBR049C_cluster,YBR049C_cluster,0.0131
YBR049C,YKL112W,REB1,ABF1,1.92,0.0192,731,YBR049C_cluster,YBR049C_cluster,YBR049C_cluster,0.0192
YBR049C,YKL185W,REB1,ASH1,0.75,0.0075,588,YBR049C_cluster,YBR049C_cluster,YBR049C_cluster,0.0075
YBR049C,YKR034W,REB1,DAL80,0.48,0.0048,269,YBR049C_cluster,YBR049C_cluster,YBR049C_cluster,0.0048
YBR049C,YKR099W,REB1,BAS1,1.03,0.0103,810,YBR049C_cluster,YBR049C_cluster,YBR049C_cluster,0.0103
YBR049C,YLR014C,REB1,PPR1,0.48,0.0048,810,YBR049C_cluster,YBR049C_cluster,YBR049C_cluster,0.0048
YBR049C,YLR098C,REB1,CHA4,0.79,0.0079,648,YBR049C_cluster,YBR049C_cluster,YBR049C_cluster,0.0079
YBR049C,YLR131C,REB1,ACE2,0.92,0.0092,770,YBR049C_cluster,YBR049C_cluster,YBR049C_cluster,0.0092
YBR049C,YLR176C,REB1,RFX1,0.58,0.0058,810,YBR049C_cluster,YBR049C_cluster,YBR049C_cluster,0.0058
YBR049C,YLR228C,REB1,ECM22,1.22,0.0122,810,YBR049C_cluster,YBR049C_cluster,YBR049C_cluster,0.0122
YBR049C,YLR256W,REB1,HAP1,1.09,0.0109,810,YBR049C_cluster,YBR049C_cluster,YBR049C_cluster,0.0109
YBR049C,YLR266C,REB1,PDR8,0.62,0.0062,701,YBR049C_cluster,YBR049C_cluster,YBR049C_cluster,0.0062
YBR049C,YLR451W,REB1,LEU3,1.1,0.011,810,YBR049C_cluster,YBR049C_cluster,YBR049C_cluster,0.011
YBR049C,YML007W,REB1,YAP1,1.59,0.0159,650,YBR049C_cluster,YBR049C_cluster,YBR049C_cluster,0.0159
YBR049C,YML076C,REB1,WAR1,0.65,0.0065,810,YBR049C_cluster,YBR049C_cluster,YBR049C_cluster,0.0065
YBR049C,YML081W,REB1,TDA9,0.9,0.009,810,YBR049C_cluster,YBR049C_cluster,YBR049C_cluster,0.009
YBR049C,YML099C,REB1,ARG81,0.37,0.0037,810,YBR049C_cluster,YBR049C_cluster,YBR049C_cluster,0.0037
YBR049C,YMR019W,REB1,STB4,0.41,0.0041,810,YBR049C_cluster,YBR049C_cluster,YBR049C_cluster,0.0041
YBR049C,YMR021C,REB1,MAC1,0.42,0.0042,417,YBR049C_cluster,YBR049C_cluster,YBR049C_cluster,0.0042
YBR049C,YMR037C,REB1,MSN2,1.32,0.0132,704,YBR049C_cluster,YBR049C_cluster,YBR049C_cluster,0.0132
YBR049C,YMR042W,REB1,ARG80,0.32,0.0032,177,YBR049C_cluster,YBR049C_cluster,YBR049C_cluster,0.0032
YBR049C,YMR043W,REB1,MCM1,0.9,0.009,286,YBR049C_cluster,YBR049C_cluster,YBR049C_cluster,0.009
YBR049C,YMR070W,REB1,MOT3,1.26,0.0126,490,YBR049C_cluster,YBR049C_cluster,YBR049C_cluster,0.0126
YBR049C,YMR164C,REB1,MSS11,0.9,0.009,758,YBR049C_cluster,YBR049C_cluster,YBR049C_cluster,0.009
YBR049C,YMR172W,REB1,HOT1,0.89,0.0089,719,YBR049C_cluster,YBR049C_cluster,YBR049C_cluster,0.0089
YBR049C,YMR280C,REB1,CAT8,1.02,0.0102,810,YBR049C_cluster,YBR049C_cluster,YBR049C_cluster,0.0102
YBR049C,YNL027W,REB1,CRZ1,1.07,0.0107,678,YBR049C_cluster,YBR049C_cluster,YBR049C_cluster,0.0107
YBR049C,YNL068C,REB1,FKH2,0.75,0.0075,810,YBR049C_cluster,YBR049C_cluster,YBR049C_cluster,0.0075
YBR049C,YNL103W,REB1,MET4,1.42,0.0142,672,YBR049C_cluster,YBR049C_cluster,YBR049C_cluster,0.0142
YBR049C,YNL167C,REB1,SKO1,0.65,0.0065,647,YBR049C_cluster,YBR049C_cluster,YBR049C_cluster,0.0065
YBR049C,YNL199C,REB1,GCR2,0.62,0.0062,534,YBR049C_cluster,YBR049C_cluster,YBR049C_cluster,0.0062
YBR049C,YNL216W,REB1,RAP1,1.21,0.0121,810,YBR049C_cluster,YBR049C_cluster,YBR049C_cluster,0.0121
YBR049C,YNL314W,REB1,DAL82,0.79,0.0079,255,YBR049C_cluster,YBR049C_cluster,YBR049C_cluster,0.0079
YBR049C,YOL067C,REB1,RTG1,0.11,0.0011,177,YBR049C_cluster,YBR049C_cluster,YBR049C_cluster,0.0011
YBR049C,YOL108C,REB1,INO4,0.77,0.0077,151,YBR049C_cluster,YBR049C_cluster,YBR049C_cluster,0.0077
YBR049C,YOR028C,REB1,CIN5,0.28,0.0028,295,YBR049C_cluster,YBR049C_cluster,YBR049C_cluster,0.0028
YBR049C,YOR113W,REB1,AZF1,1.53,0.0153,810,YBR049C_cluster,YBR049C_cluster,YBR049C_cluster,0.0153
YBR049C,YOR140W,REB1,SFL1,1.33,0.0133,766,YBR049C_cluster,YBR049C_cluster,YBR049C_cluster,0.0133
YBR049C,YOR162C,REB1,YRR1,0.64,0.0064,810,YBR049C_cluster,YBR049C_cluster,YBR049C_cluster,0.0064
YBR049C,YOR337W,REB1,TEA1,0.66,0.0066,759,YBR049C_cluster,YBR049C_cluster,YBR049C_cluster,0.0066
YBR049C,YOR344C,REB1,TYE7,0.95,0.0095,291,YBR049C_cluster,YBR049C_cluster,YBR049C_cluster,0.0095
YBR049C,YOR358W,REB1,HAP5,0.7,0.007,242,YBR049C_cluster,YBR049C_cluster,YBR049C_cluster,0.007
YBR049C,YOR363C,REB1,PIP2,0.74,0.0074,810,YBR049C_cluster,YBR049C_cluster,YBR049C_cluster,0.0074
YBR049C,YPL038W,REB1,MET31,0.42,0.0042,177,YBR049C_cluster,YBR049C_cluster,YBR049C_cluster,0.0042
YBR049C,YPL075W,REB1,GCR1,0.72,0.0072,785,YBR049C_cluster,YBR049C_cluster,YBR049C_cluster,0.0072
YBR049C,YPL089C,REB1,RLM1,1.65,0.0165,676,YBR049C_cluster,YBR049C_cluster,YBR049C_cluster,0.0165
YBR049C,YPL133C,REB1,RDS2,1.08,0.0108,446,YBR049C_cluster,YBR049C_cluster,YBR049C_cluster,0.0108
YBR049C,YPL202C,REB1,AFT2,0.17,0.0017,416,YBR049C_cluster,YBR049C_cluster,YBR049C_cluster,0.0017
YBR049C,YPL230W,REB1,USV1,0.88,0.0088,391,YBR049C_cluster,YBR049C_cluster,YBR049C_cluster,0.0088
YBR049C,YPL248C,REB1,GAL4,0.98,0.0098,810,YBR049C_cluster,YBR049C_cluster,YBR049C_cluster,0.0098
YBR049C,YPR008W,REB1,HAA1,1.39,0.0139,694,YBR049C_cluster,YBR049C_cluster,YBR049C_cluster,0.0139
YBR049C,YPR065W,REB1,ROX1,0.62,0.0062,368,YBR049C_cluster,YBR049C_cluster,YBR049C_cluster,0.0062
YBR049C,YPR199C,REB1,ARR1,0.09,0.0009,294,YBR049C_cluster,YBR049C_cluster,YBR049C_cluster,0.0009
YBR066C,YBR083W,NRG2,TEC1,0.14,0.0014,220,YBR066C_cluster,YBR066C_cluster,YBR066C_cluster,0.0014
YBR066C,YBR182C,NRG2,SMP1,0.3,0.003,220,YBR066C_cluster,YBR066C_cluster,YBR066C_cluster,0.003
YBR066C,YBR239C,NRG2,ERT1,0.14,0.0014,220,YBR066C_cluster,YBR066C_cluster,YBR066C_cluster,0.0014
YBR066C,YCL055W,NRG2,KAR4,0.18,0.0018,220,YBR066C_cluster,YBR066C_cluster,YBR066C_cluster,0.0018
YBR066C,YCR065W,NRG2,HCM1,0.26,0.0026,220,YBR066C_cluster,YBR066C_cluster,YBR066C_cluster,0.0026
YBR066C,YCR106W,NRG2,RDS1,0.1,0.001,220,YBR066C_cluster,YBR066C_cluster,YBR066C_cluster,0.001
YBR066C,YDL020C,NRG2,RPN4,0.41,0.0041,220,YBR066C_cluster,YBR066C_cluster,YBR066C_cluster,0.0041
YBR066C,YDL056W,NRG2,MBP1,0.29,0.0029,220,YBR066C_cluster,YBR066C_cluster,YBR066C_cluster,0.0029
YBR066C,YDL106C,NRG2,PHO2,0.0,0.0,220,YBR066C_cluster,YBR066C_cluster,YBR066C_cluster,0.0
YBR066C,YDL170W,NRG2,UGA3,0.0,0.0,220,YBR066C_cluster,YBR066C_cluster,YBR066C_cluster,0.0
YBR066C,YDR034C,NRG2,LYS14,0.0,0.0,220,YBR066C_cluster,YBR066C_cluster,YBR066C_cluster,0.0
YBR066C,YDR043C,NRG2,NRG1,7.23,0.0723,220,YBR066C_cluster,YBR066C_cluster,YBR066C_cluster,0.0723
YBR066C,YDR096W,NRG2,GIS1,0.18,0.0018,220,YBR066C_cluster,YBR066C_cluster,YBR066C_cluster,0.0018
YBR066C,YDR123C,NRG2,INO2,0.19,0.0019,220,YBR066C_cluster,YBR066C_cluster,YBR066C_cluster,0.0019
YBR066C,YDR146C,NRG2,SWI5,0.11,0.0011,220,YBR066C_cluster,YBR066C_cluster,YBR066C_cluster,0.0011
YBR066C,YDR207C,NRG2,UME6,0.39,0.0039,220,YBR066C_cluster,YBR066C_cluster,YBR066C_cluster,0.0039
YBR066C,YDR213W,NRG2,UPC2,0.18,0.0018,220,YBR066C_cluster,YBR066C_cluster,YBR066C_cluster,0.0018
YBR066C,YDR216W,NRG2,ADR1,0.26,0.0026,220,YBR066C_cluster,YBR066C_cluster,YBR066C_cluster,0.0026
YBR066C,YDR253C,NRG2,MET32,0.25,0.0025,191,YBR066C_cluster,YBR066C_cluster,YBR066C_cluster,0.0025
YBR066C,YDR310C,NRG2,SUM1,0.0,0.0,220,YBR066C_cluster,YBR066C_cluster,YBR066C_cluster,0.0
YBR066C,YDR423C,NRG2,CAD1,0.32,0.0032,220,YBR066C_cluster,YBR066C_cluster,YBR066C_cluster,0.0032
YBR066C,YDR463W,NRG2,STP1,0.14,0.0014,220,YBR066C_cluster,YBR066C_cluster,YBR066C_cluster,0.0014
YBR066C,YEL009C,NRG2,GCN4,0.0,0.0,220,YBR066C_cluster,YBR066C_cluster,YBR066C_cluster,0.0
YBR066C,YER028C,NRG2,MIG3,0.67,0.0067,220,YBR066C_cluster,YBR066C_cluster,YBR066C_cluster,0.0067
YBR066C,YER040W,NRG2,GLN3,0.33,0.0033,220,YBR066C_cluster,YBR066C_cluster,YBR066C_cluster,0.0033
YBR066C,YER045C,NRG2,ACA1,0.58,0.0058,220,YBR066C_cluster,YBR066C_cluster,YBR066C_cluster,0.0058
YBR066C,YER068W,NRG2,MOT2,0.0,0.0,220,YBR066C_cluster,YBR066C_cluster,YBR066C_cluster,0.0
YBR066C,YER111C,NRG2,SWI4,0.47,0.0047,220,YBR066C_cluster,YBR066C_cluster,YBR066C_cluster,0.0047
YBR066C,YER130C,NRG2,COM2,0.0,0.0,220,YBR066C_cluster,YBR066C_cluster,YBR066C_cluster,0.0
YBR066C,YER169W,NRG2,RPH1,0.2,0.002,220,YBR066C_cluster,YBR066C_cluster,YBR066C_cluster,0.002
YBR066C,YFL021W,NRG2,GAT1,0.42,0.0042,220,YBR066C_cluster,YBR066C_cluster,YBR066C_cluster,0.0042
YBR066C,YFL031W,NRG2,HAC1,0.0,0.0,220,YBR066C_cluster,YBR066C_cluster,YBR066C_cluster,0.0
YBR066C,YFL052W,NRG2,ZNF1,0.15,0.0015,220,YBR066C_cluster,YBR066C_cluster,YBR066C_cluster,0.0015
YBR066C,YFR034C,NRG2,PHO4,0.0,0.0,220,YBR066C_cluster,YBR066C_cluster,YBR066C_cluster,0.0
YBR066C,YGL013C,NRG2,PDR1,0.16,0.0016,220,YBR066C_cluster,YBR066C_cluster,YBR066C_cluster,0.0016
YBR066C,YGL035C,NRG2,MIG1,0.72,0.0072,220,YBR066C_cluster,YBR066C_cluster,YBR066C_cluster,0.0072
YBR066C,YGL071W,NRG2,AFT1,0.45,0.0045,220,YBR066C_cluster,YBR066C_cluster,YBR066C_cluster,0.0045
YBR066C,YGL073W,NRG2,HSF1,0.29,0.0029,220,YBR066C_cluster,YBR066C_cluster,YBR066C_cluster,0.0029
YBR066C,YGL162W,NRG2,SUT1,0.0,0.0,220,YBR066C_cluster,YBR066C_cluster,YBR066C_cluster,0.0
YBR066C,YGL166W,NRG2,CUP2,0.46,0.0046,220,YBR066C_cluster,YBR066C_cluster,YBR066C_cluster,0.0046
YBR066C,YGL209W,NRG2,MIG2,0.34,0.0034,220,YBR066C_cluster,YBR066C_cluster,YBR066C_cluster,0.0034
YBR066C,YGL237C,NRG2,HAP2,0.0,0.0,220,YBR066C_cluster,YBR066C_cluster,YBR066C_cluster,0.0
YBR066C,YGL254W,NRG2,FZF1,0.2,0.002,220,YBR066C_cluster,YBR066C_cluster,YBR066C_cluster,0.002
YBR066C,YGR044C,NRG2,RME1,0.0,0.0,220,YBR066C_cluster,YBR066C_cluster,YBR066C_cluster,0.0
YBR066C,YHL009C,NRG2,YAP3,0.0,0.0,220,YBR066C_cluster,YBR066C_cluster,YBR066C_cluster,0.0
YBR066C,YHL027W,NRG2,RIM101,0.24,0.0024,220,YBR066C_cluster,YBR066C_cluster,YBR066C_cluster,0.0024
YBR066C,YHR006W,NRG2,STP2,0.4,0.004,220,YBR066C_cluster,YBR066C_cluster,YBR066C_cluster,0.004
YBR066C,YHR084W,NRG2,STE12,0.67,0.0067,220,YBR066C_cluster,YBR066C_cluster,YBR066C_cluster,0.0067
YBR066C,YHR124W,NRG2,NDT80,0.12,0.0012,220,YBR066C_cluster,YBR066C_cluster,YBR066C_cluster,0.0012
YBR066C,YHR177W,NRG2,ROF1,0.45,0.0045,220,YBR066C_cluster,YBR066C_cluster,YBR066C_cluster,0.0045
YBR066C,YHR178W,NRG2,STB5,0.21,0.0021,220,YBR066C_cluster,YBR066C_cluster,YBR066C_cluster,0.0021
YBR066C,YHR206W,NRG2,SKN7,0.36,0.0036,220,YBR066C_cluster,YBR066C_cluster,YBR066C_cluster,0.0036
YBR066C,YIL036W,NRG2,CST6,0.13,0.0013,220,YBR066C_cluster,YBR066C_cluster,YBR066C_cluster,0.0013
YBR066C,YIL101C,NRG2,XBP1,0.12,0.0012,220,YBR066C_cluster,YBR066C_cluster,YBR066C_cluster,0.0012
YBR066C,YIL131C,NRG2,FKH1,0.14,0.0014,220,YBR066C_cluster,YBR066C_cluster,YBR066C_cluster,0.0014
YBR066C,YIR018W,NRG2,YAP5,0.22,0.0022,220,YBR066C_cluster,YBR066C_cluster,YBR066C_cluster,0.0022
YBR066C,YIR023W,NRG2,DAL81,0.18,0.0018,220,YBR066C_cluster,YBR066C_cluster,YBR066C_cluster,0.0018
YBR066C,YJL056C,NRG2,ZAP1,0.46,0.0046,220,YBR066C_cluster,YBR066C_cluster,YBR066C_cluster,0.0046
YBR066C,YJL089W,NRG2,SIP4,0.0,0.0,220,YBR066C_cluster,YBR066C_cluster,YBR066C_cluster,0.0
YBR066C,YJL103C,NRG2,GSM1,0.0,0.0,220,YBR066C_cluster,YBR066C_cluster,YBR066C_cluster,0.0
YBR066C,YJL110C,NRG2,GZF3,0.4,0.004,220,YBR066C_cluster,YBR066C_cluster,YBR066C_cluster,0.004
YBR066C,YJR060W,NRG2,CBF1,0.36,0.0036,220,YBR066C_cluster,YBR066C_cluster,YBR066C_cluster,0.0036
YBR066C,YJR094C,NRG2,IME1,0.35,0.0035,220,YBR066C_cluster,YBR066C_cluster,YBR066C_cluster,0.0035
YBR066C,YKL015W,NRG2,PUT3,0.25,0.0025,220,YBR066C_cluster,YBR066C_cluster,YBR066C_cluster,0.0025
YBR066C,YKL032C,NRG2,IXR1,0.0,0.0,220,YBR066C_cluster,YBR066C_cluster,YBR066C_cluster,0.0
YBR066C,YKL038W,NRG2,RGT1,0.29,0.0029,220,YBR066C_cluster,YBR066C_cluster,YBR066C_cluster,0.0029
YBR066C,YKL062W,NRG2,MSN4,0.36,0.0036,220,YBR066C_cluster,YBR066C_cluster,YBR066C_cluster,0.0036
YBR066C,YKL109W,NRG2,HAP4,0.0,0.0,220,YBR066C_cluster,YBR066C_cluster,YBR066C_cluster,0.0
YBR066C,YKL112W,NRG2,ABF1,0.0,0.0,220,YBR066C_cluster,YBR066C_cluster,YBR066C_cluster,0.0
YBR066C,YKL185W,NRG2,ASH1,0.25,0.0025,220,YBR066C_cluster,YBR066C_cluster,YBR066C_cluster,0.0025
YBR066C,YKR034W,NRG2,DAL80,0.42,0.0042,220,YBR066C_cluster,YBR066C_cluster,YBR066C_cluster,0.0042
YBR066C,YKR099W,NRG2,BAS1,0.2,0.002,220,YBR066C_cluster,YBR066C_cluster,YBR066C_cluster,0.002
YBR066C,YLR014C,NRG2,PPR1,0.27,0.0027,220,YBR066C_cluster,YBR066C_cluster,YBR066C_cluster,0.0027
YBR066C,YLR098C,NRG2,CHA4,0.12,0.0012,220,YBR066C_cluster,YBR066C_cluster,YBR066C_cluster,0.0012
YBR066C,YLR131C,NRG2,ACE2,0.1,0.001,220,YBR066C_cluster,YBR066C_cluster,YBR066C_cluster,0.001
YBR066C,YLR176C,NRG2,RFX1,0.1,0.001,220,YBR066C_cluster,YBR066C_cluster,YBR066C_cluster,0.001
YBR066C,YLR228C,NRG2,ECM22,0.3,0.003,220,YBR066C_cluster,YBR066C_cluster,YBR066C_cluster,0.003
YBR066C,YLR256W,NRG2,HAP1,0.18,0.0018,220,YBR066C_cluster,YBR066C_cluster,YBR066C_cluster,0.0018
YBR066C,YLR266C,NRG2,PDR8,0.0,0.0,220,YBR066C_cluster,YBR066C_cluster,YBR066C_cluster,0.0
YBR066C,YLR451W,NRG2,LEU3,0.0,0.0,220,YBR066C_cluster,YBR066C_cluster,YBR066C_cluster,0.0
YBR066C,YML007W,NRG2,YAP1,0.12,0.0012,220,YBR066C_cluster,YBR066C_cluster,YBR066C_cluster,0.0012
YBR066C,YML076C,NRG2,WAR1,0.0,0.0,220,YBR066C_cluster,YBR066C_cluster,YBR066C_cluster,0.0
YBR066C,YML081W,NRG2,TDA9,0.28,0.0028,220,YBR066C_cluster,YBR066C_cluster,YBR066C_cluster,0.0028
YBR066C,YML099C,NRG2,ARG81,0.18,0.0018,220,YBR066C_cluster,YBR066C_cluster,YBR066C_cluster,0.0018
YBR066C,YMR019W,NRG2,STB4,0.17,0.0017,220,YBR066C_cluster,YBR066C_cluster,YBR066C_cluster,0.0017
YBR066C,YMR021C,NRG2,MAC1,0.16,0.0016,220,YBR066C_cluster,YBR066C_cluster,YBR066C_cluster,0.0016
YBR066C,YMR037C,NRG2,MSN2,0.22,0.0022,220,YBR066C_cluster,YBR066C_cluster,YBR066C_cluster,0.0022
YBR066C,YMR042W,NRG2,ARG80,0.0,0.0,177,YBR066C_cluster,YBR066C_cluster,YBR066C_cluster,0.0
YBR066C,YMR043W,NRG2,MCM1,0.0,0.0,220,YBR066C_cluster,YBR066C_cluster,YBR066C_cluster,0.0
YBR066C,YMR070W,NRG2,MOT3,0.15,0.0015,220,YBR066C_cluster,YBR066C_cluster,YBR066C_cluster,0.0015
YBR066C,YMR164C,NRG2,MSS11,0.33,0.0033,220,YBR066C_cluster,YBR066C_cluster,YBR066C_cluster,0.0033
YBR066C,YMR172W,NRG2,HOT1,0.22,0.0022,220,YBR066C_cluster,YBR066C_cluster,YBR066C_cluster,0.0022
YBR066C,YMR280C,NRG2,CAT8,0.19,0.0019,220,YBR066C_cluster,YBR066C_cluster,YBR066C_cluster,0.0019
YBR066C,YNL027W,NRG2,CRZ1,0.12,0.0012,220,YBR066C_cluster,YBR066C_cluster,YBR066C_cluster,0.0012
YBR066C,YNL068C,NRG2,FKH2,0.0,0.0,220,YBR066C_cluster,YBR066C_cluster,YBR066C_cluster,0.0
YBR066C,YNL103W,NRG2,MET4,0.23,0.0023,220,YBR066C_cluster,YBR066C_cluster,YBR066C_cluster,0.0023
YBR066C,YNL167C,NRG2,SKO1,0.12,0.0012,220,YBR066C_cluster,YBR066C_cluster,YBR066C_cluster,0.0012
YBR066C,YNL199C,NRG2,GCR2,0.41,0.0041,220,YBR066C_cluster,YBR066C_cluster,YBR066C_cluster,0.0041
YBR066C,YNL216W,NRG2,RAP1,0.1,0.001,220,YBR066C_cluster,YBR066C_cluster,YBR066C_cluster,0.001
YBR066C,YNL314W,NRG2,DAL82,0.21,0.0021,220,YBR066C_cluster,YBR066C_cluster,YBR066C_cluster,0.0021
YBR066C,YOL067C,NRG2,RTG1,0.0,0.0,177,YBR066C_cluster,YBR066C_cluster,YBR066C_cluster,0.0
YBR066C,YOL108C,NRG2,INO4,0.28,0.0028,151,YBR066C_cluster,YBR066C_cluster,YBR066C_cluster,0.0028
YBR066C,YOR028C,NRG2,CIN5,0.2,0.002,220,YBR066C_cluster,YBR066C_cluster,YBR066C_cluster,0.002
YBR066C,YOR113W,NRG2,AZF1,0.55,0.0055,220,YBR066C_cluster,YBR066C_cluster,YBR066C_cluster,0.0055
YBR066C,YOR140W,NRG2,SFL1,0.21,0.0021,220,YBR066C_cluster,YBR066C_cluster,YBR066C_cluster,0.0021
YBR066C,YOR162C,NRG2,YRR1,0.39,0.0039,220,YBR066C_cluster,YBR066C_cluster,YBR066C_cluster,0.0039
YBR066C,YOR337W,NRG2,TEA1,0.31,0.0031,220,YBR066C_cluster,YBR066C_cluster,YBR066C_cluster,0.0031
YBR066C,YOR344C,NRG2,TYE7,0.6,0.006,220,YBR066C_cluster,YBR066C_cluster,YBR066C_cluster,0.006
YBR066C,YOR358W,NRG2,HAP5,0.0,0.0,220,YBR066C_cluster,YBR066C_cluster,YBR066C_cluster,0.0
YBR066C,YOR363C,NRG2,PIP2,0.25,0.0025,220,YBR066C_cluster,YBR066C_cluster,YBR066C_cluster,0.0025
YBR066C,YPL038W,NRG2,MET31,0.0,0.0,177,YBR066C_cluster,YBR066C_cluster,YBR066C_cluster,0.0
YBR066C,YPL075W,NRG2,GCR1,0.2,0.002,220,YBR066C_cluster,YBR066C_cluster,YBR066C_cluster,0.002
YBR066C,YPL089C,NRG2,RLM1,0.23,0.0023,220,YBR066C_cluster,YBR066C_cluster,YBR066C_cluster,0.0023
YBR066C,YPL133C,NRG2,RDS2,0.0,0.0,220,YBR066C_cluster,YBR066C_cluster,YBR066C_cluster,0.0
YBR066C,YPL202C,NRG2,AFT2,0.16,0.0016,220,YBR066C_cluster,YBR066C_cluster,YBR066C_cluster,0.0016
YBR066C,YPL230W,NRG2,USV1,0.68,0.0068,220,YBR066C_cluster,YBR066C_cluster,YBR066C_cluster,0.0068
YBR066C,YPL248C,NRG2,GAL4,0.09,0.0009,220,YBR066C_cluster,YBR066C_cluster,YBR066C_cluster,0.0009
YBR066C,YPR008W,NRG2,HAA1,0.22,0.0022,220,YBR066C_cluster,YBR066C_cluster,YBR066C_cluster,0.0022
YBR066C,YPR065W,NRG2,ROX1,0.18,0.0018,220,YBR066C_cluster,YBR066C_cluster,YBR066C_cluster,0.0018
YBR066C,YPR199C,NRG2,ARR1,0.0,0.0,220,YBR066C_cluster,YBR066C_cluster,YBR066C_cluster,0.0
YBR083W,YBR182C,TEC1,SMP1,0.54,0.0054,452,YBR083W_cluster,YBR083W_cluster,YBR083W_cluster,0.0054
YBR083W,YBR239C,TEC1,ERT1,0.5,0.005,486,YBR083W_cluster,YBR083W_cluster,YBR083W_cluster,0.005
YBR083W,YCL055W,TEC1,KAR4,0.0,0.0,335,YBR083W_cluster,YBR083W_cluster,YBR083W_cluster,0.0
YBR083W,YCR065W,TEC1,HCM1,0.58,0.0058,486,YBR083W_cluster,YBR083W_cluster,YBR083W_cluster,0.0058
YBR083W,YCR106W,TEC1,RDS1,0.54,0.0054,486,YBR083W_cluster,YBR083W_cluster,YBR083W_cluster,0.0054
YBR083W,YDL020C,TEC1,RPN4,0.4,0.004,486,YBR083W_cluster,YBR083W_cluster,YBR083W_cluster,0.004
YBR083W,YDL056W,TEC1,MBP1,0.62,0.0062,486,YBR083W_cluster,YBR083W_cluster,YBR083W_cluster,0.0062
YBR083W,YDL106C,TEC1,PHO2,0.29,0.0029,486,YBR083W_cluster,YBR083W_cluster,YBR083W_cluster,0.0029
YBR083W,YDL170W,TEC1,UGA3,0.4,0.004,486,YBR083W_cluster,YBR083W_cluster,YBR083W_cluster,0.004
YBR083W,YDR034C,TEC1,LYS14,0.56,0.0056,486,YBR083W_cluster,YBR083W_cluster,YBR083W_cluster,0.0056
YBR083W,YDR043C,TEC1,NRG1,0.14,0.0014,231,YBR083W_cluster,YBR083W_cluster,YBR083W_cluster,0.0014
YBR083W,YDR096W,TEC1,GIS1,0.59,0.0059,486,YBR083W_cluster,YBR083W_cluster,YBR083W_cluster,0.0059
YBR083W,YDR123C,TEC1,INO2,0.13,0.0013,304,YBR083W_cluster,YBR083W_cluster,YBR083W_cluster,0.0013
YBR083W,YDR146C,TEC1,SWI5,0.59,0.0059,486,YBR083W_cluster,YBR083W_cluster,YBR083W_cluster,0.0059
YBR083W,YDR207C,TEC1,UME6,0.31,0.0031,486,YBR083W_cluster,YBR083W_cluster,YBR083W_cluster,0.0031
YBR083W,YDR213W,TEC1,UPC2,0.29,0.0029,486,YBR083W_cluster,YBR083W_cluster,YBR083W_cluster,0.0029
YBR083W,YDR216W,TEC1,ADR1,0.45,0.0045,486,YBR083W_cluster,YBR083W_cluster,YBR083W_cluster,0.0045
YBR083W,YDR253C,TEC1,MET32,0.3,0.003,191,YBR083W_cluster,YBR083W_cluster,YBR083W_cluster,0.003
YBR083W,YDR310C,TEC1,SUM1,0.53,0.0053,486,YBR083W_cluster,YBR083W_cluster,YBR083W_cluster,0.0053
YBR083W,YDR423C,TEC1,CAD1,0.34,0.0034,409,YBR083W_cluster,YBR083W_cluster,YBR083W_cluster,0.0034
YBR083W,YDR463W,TEC1,STP1,0.3,0.003,486,YBR083W_cluster,YBR083W_cluster,YBR083W_cluster,0.003
YBR083W,YEL009C,TEC1,GCN4,0.4,0.004,281,YBR083W_cluster,YBR083W_cluster,YBR083W_cluster,0.004
YBR083W,YER028C,TEC1,MIG3,0.35,0.0035,394,YBR083W_cluster,YBR083W_cluster,YBR083W_cluster,0.0035
YBR083W,YER040W,TEC1,GLN3,1.11,0.0111,486,YBR083W_cluster,YBR083W_cluster,YBR083W_cluster,0.0111
YBR083W,YER045C,TEC1,ACA1,0.52,0.0052,486,YBR083W_cluster,YBR083W_cluster,YBR083W_cluster,0.0052
YBR083W,YER068W,TEC1,MOT2,0.47,0.0047,486,YBR083W_cluster,YBR083W_cluster,YBR083W_cluster,0.0047
YBR083W,YER111C,TEC1,SWI4,0.65,0.0065,486,YBR083W_cluster,YBR083W_cluster,YBR083W_cluster,0.0065
YBR083W,YER130C,TEC1,COM2,0.55,0.0055,443,YBR083W_cluster,YBR083W_cluster,YBR083W_cluster,0.0055
YBR083W,YER169W,TEC1,RPH1,0.63,0.0063,486,YBR083W_cluster,YBR083W_cluster,YBR083W_cluster,0.0063
YBR083W,YFL021W,TEC1,GAT1,0.0,0.0,486,YBR083W_cluster,YBR083W_cluster,YBR083W_cluster,0.0
YBR083W,YFL031W,TEC1,HAC1,0.14,0.0014,238,YBR083W_cluster,YBR083W_cluster,YBR083W_cluster,0.0014
YBR083W,YFL052W,TEC1,ZNF1,0.21,0.0021,465,YBR083W_cluster,YBR083W_cluster,YBR083W_cluster,0.0021
YBR083W,YFR034C,TEC1,PHO4,0.38,0.0038,312,YBR083W_cluster,YBR083W_cluster,YBR083W_cluster,0.0038
YBR083W,YGL013C,TEC1,PDR1,0.39,0.0039,486,YBR083W_cluster,YBR083W_cluster,YBR083W_cluster,0.0039
YBR083W,YGL035C,TEC1,MIG1,0.31,0.0031,486,YBR083W_cluster,YBR083W_cluster,YBR083W_cluster,0.0031
YBR083W,YGL071W,TEC1,AFT1,0.35,0.0035,486,YBR083W_cluster,YBR083W_cluster,YBR083W_cluster,0.0035
YBR083W,YGL073W,TEC1,HSF1,0.86,0.0086,486,YBR083W_cluster,YBR083W_cluster,YBR083W_cluster,0.0086
YBR083W,YGL162W,TEC1,SUT1,0.39,0.0039,299,YBR083W_cluster,YBR083W_cluster,YBR083W_cluster,0.0039
YBR083W,YGL166W,TEC1,CUP2,0.14,0.0014,225,YBR083W_cluster,YBR083W_cluster,YBR083W_cluster,0.0014
YBR083W,YGL209W,TEC1,MIG2,0.23,0.0023,382,YBR083W_cluster,YBR083W_cluster,YBR083W_cluster,0.0023
YBR083W,YGL237C,TEC1,HAP2,0.41,0.0041,265,YBR083W_cluster,YBR083W_cluster,YBR083W_cluster,0.0041
YBR083W,YGL254W,TEC1,FZF1,0.13,0.0013,299,YBR083W_cluster,YBR083W_cluster,YBR083W_cluster,0.0013
YBR083W,YGR044C,TEC1,RME1,0.39,0.0039,300,YBR083W_cluster,YBR083W_cluster,YBR083W_cluster,0.0039
YBR083W,YHL009C,TEC1,YAP3,0.62,0.0062,330,YBR083W_cluster,YBR083W_cluster,YBR083W_cluster,0.0062
YBR083W,YHL027W,TEC1,RIM101,0.28,0.0028,486,YBR083W_cluster,YBR083W_cluster,YBR083W_cluster,0.0028
YBR083W,YHR006W,TEC1,STP2,0.2,0.002,486,YBR083W_cluster,YBR083W_cluster,YBR083W_cluster,0.002
YBR083W,YHR084W,TEC1,STE12,0.26,0.0026,486,YBR083W_cluster,YBR083W_cluster,YBR083W_cluster,0.0026
YBR083W,YHR124W,TEC1,NDT80,0.45,0.0045,486,YBR083W_cluster,YBR083W_cluster,YBR083W_cluster,0.0045
YBR083W,YHR177W,TEC1,ROF1,0.22,0.0022,453,YBR083W_cluster,YBR083W_cluster,YBR083W_cluster,0.0022
YBR083W,YHR178W,TEC1,STB5,0.58,0.0058,486,YBR083W_cluster,YBR083W_cluster,YBR083W_cluster,0.0058
YBR083W,YHR206W,TEC1,SKN7,0.74,0.0074,486,YBR083W_cluster,YBR083W_cluster,YBR083W_cluster,0.0074
YBR083W,YIL036W,TEC1,CST6,0.38,0.0038,486,YBR083W_cluster,YBR083W_cluster,YBR083W_cluster,0.0038
YBR083W,YIL101C,TEC1,XBP1,0.63,0.0063,486,YBR083W_cluster,YBR083W_cluster,YBR083W_cluster,0.0063
YBR083W,YIL131C,TEC1,FKH1,0.21,0.0021,484,YBR083W_cluster,YBR083W_cluster,YBR083W_cluster,0.0021
YBR083W,YIR018W,TEC1,YAP5,0.7,0.007,245,YBR083W_cluster,YBR083W_cluster,YBR083W_cluster,0.007
YBR083W,YIR023W,TEC1,DAL81,0.72,0.0072,486,YBR083W_cluster,YBR083W_cluster,YBR083W_cluster,0.0072
YBR083W,YJL056C,TEC1,ZAP1,0.52,0.0052,486,YBR083W_cluster,YBR083W_cluster,YBR083W_cluster,0.0052
YBR083W,YJL089W,TEC1,SIP4,0.71,0.0071,486,YBR083W_cluster,YBR083W_cluster,YBR083W_cluster,0.0071
YBR083W,YJL103C,TEC1,GSM1,0.83,0.0083,486,YBR083W_cluster,YBR083W_cluster,YBR083W_cluster,0.0083
YBR083W,YJL110C,TEC1,GZF3,1.19,0.0119,486,YBR083W_cluster,YBR083W_cluster,YBR083W_cluster,0.0119
YBR083W,YJR060W,TEC1,CBF1,0.49,0.0049,351,YBR083W_cluster,YBR083W_cluster,YBR083W_cluster,0.0049
YBR083W,YJR094C,TEC1,IME1,0.36,0.0036,360,YBR083W_cluster,YBR083W_cluster,YBR083W_cluster,0.0036
YBR083W,YKL015W,TEC1,PUT3,0.63,0.0063,486,YBR083W_cluster,YBR083W_cluster,YBR083W_cluster,0.0063
YBR083W,YKL032C,TEC1,IXR1,0.71,0.0071,486,YBR083W_cluster,YBR083W_cluster,YBR083W_cluster,0.0071
YBR083W,YKL038W,TEC1,RGT1,0.68,0.0068,486,YBR083W_cluster,YBR083W_cluster,YBR083W_cluster,0.0068
YBR083W,YKL062W,TEC1,MSN4,0.64,0.0064,486,YBR083W_cluster,YBR083W_cluster,YBR083W_cluster,0.0064
YBR083W,YKL109W,TEC1,HAP4,0.39,0.0039,486,YBR083W_cluster,YBR083W_cluster,YBR083W_cluster,0.0039
YBR083W,YKL112W,TEC1,ABF1,1.02,0.0102,486,YBR083W_cluster,YBR083W_cluster,YBR083W_cluster,0.0102
YBR083W,YKL185W,TEC1,ASH1,1.15,0.0115,486,YBR083W_cluster,YBR083W_cluster,YBR083W_cluster,0.0115
YBR083W,YKR034W,TEC1,DAL80,0.27,0.0027,269,YBR083W_cluster,YBR083W_cluster,YBR083W_cluster,0.0027
YBR083W,YKR099W,TEC1,BAS1,0.47,0.0047,486,YBR083W_cluster,YBR083W_cluster,YBR083W_cluster,0.0047
YBR083W,YLR014C,TEC1,PPR1,0.22,0.0022,486,YBR083W_cluster,YBR083W_cluster,YBR083W_cluster,0.0022
YBR083W,YLR098C,TEC1,CHA4,0.45,0.0045,486,YBR083W_cluster,YBR083W_cluster,YBR083W_cluster,0.0045
YBR083W,YLR131C,TEC1,ACE2,0.73,0.0073,486,YBR083W_cluster,YBR083W_cluster,YBR083W_cluster,0.0073
YBR083W,YLR176C,TEC1,RFX1,0.71,0.0071,486,YBR083W_cluster,YBR083W_cluster,YBR083W_cluster,0.0071
YBR083W,YLR228C,TEC1,ECM22,0.87,0.0087,486,YBR083W_cluster,YBR083W_cluster,YBR083W_cluster,0.0087
YBR083W,YLR256W,TEC1,HAP1,0.36,0.0036,486,YBR083W_cluster,YBR083W_cluster,YBR083W_cluster,0.0036
YBR083W,YLR266C,TEC1,PDR8,0.6,0.006,486,YBR083W_cluster,YBR083W_cluster,YBR083W_cluster,0.006
YBR083W,YLR451W,TEC1,LEU3,0.67,0.0067,486,YBR083W_cluster,YBR083W_cluster,YBR083W_cluster,0.0067
YBR083W,YML007W,TEC1,YAP1,0.63,0.0063,486,YBR083W_cluster,YBR083W_cluster,YBR083W_cluster,0.0063
YBR083W,YML076C,TEC1,WAR1,0.35,0.0035,486,YBR083W_cluster,YBR083W_cluster,YBR083W_cluster,0.0035
YBR083W,YML081W,TEC1,TDA9,0.82,0.0082,486,YBR083W_cluster,YBR083W_cluster,YBR083W_cluster,0.0082
YBR083W,YML099C,TEC1,ARG81,0.67,0.0067,486,YBR083W_cluster,YBR083W_cluster,YBR083W_cluster,0.0067
YBR083W,YMR019W,TEC1,STB4,0.35,0.0035,486,YBR083W_cluster,YBR083W_cluster,YBR083W_cluster,0.0035
YBR083W,YMR021C,TEC1,MAC1,0.68,0.0068,417,YBR083W_cluster,YBR083W_cluster,YBR083W_cluster,0.0068
YBR083W,YMR037C,TEC1,MSN2,0.86,0.0086,486,YBR083W_cluster,YBR083W_cluster,YBR083W_cluster,0.0086
YBR083W,YMR042W,TEC1,ARG80,0.0,0.0,177,YBR083W_cluster,YBR083W_cluster,YBR083W_cluster,0.0
YBR083W,YMR043W,TEC1,MCM1,0.42,0.0042,286,YBR083W_cluster,YBR083W_cluster,YBR083W_cluster,0.0042
YBR083W,YMR070W,TEC1,MOT3,0.33,0.0033,486,YBR083W_cluster,YBR083W_cluster,YBR083W_cluster,0.0033
YBR083W,YMR164C,TEC1,MSS11,0.43,0.0043,486,YBR083W_cluster,YBR083W_cluster,YBR083W_cluster,0.0043
YBR083W,YMR172W,TEC1,HOT1,0.17,0.0017,486,YBR083W_cluster,YBR083W_cluster,YBR083W_cluster,0.0017
YBR083W,YMR280C,TEC1,CAT8,0.86,0.0086,486,YBR083W_cluster,YBR083W_cluster,YBR083W_cluster,0.0086
YBR083W,YNL027W,TEC1,CRZ1,0.72,0.0072,486,YBR083W_cluster,YBR083W_cluster,YBR083W_cluster,0.0072
YBR083W,YNL068C,TEC1,FKH2,0.53,0.0053,486,YBR083W_cluster,YBR083W_cluster,YBR083W_cluster,0.0053
YBR083W,YNL103W,TEC1,MET4,0.8,0.008,486,YBR083W_cluster,YBR083W_cluster,YBR083W_cluster,0.008
YBR083W,YNL167C,TEC1,SKO1,0.91,0.0091,486,YBR083W_cluster,YBR083W_cluster,YBR083W_cluster,0.0091
YBR083W,YNL199C,TEC1,GCR2,0.2,0.002,486,YBR083W_cluster,YBR083W_cluster,YBR083W_cluster,0.002
YBR083W,YNL216W,TEC1,RAP1,0.55,0.0055,486,YBR083W_cluster,YBR083W_cluster,YBR083W_cluster,0.0055
YBR083W,YNL314W,TEC1,DAL82,0.0,0.0,255,YBR083W_cluster,YBR083W_cluster,YBR083W_cluster,0.0
YBR083W,YOL067C,TEC1,RTG1,0.46,0.0046,177,YBR083W_cluster,YBR083W_cluster,YBR083W_cluster,0.0046
YBR083W,YOL108C,TEC1,INO4,0.0,0.0,151,YBR083W_cluster,YBR083W_cluster,YBR083W_cluster,0.0
YBR083W,YOR028C,TEC1,CIN5,0.13,0.0013,295,YBR083W_cluster,YBR083W_cluster,YBR083W_cluster,0.0013
YBR083W,YOR113W,TEC1,AZF1,0.81,0.0081,486,YBR083W_cluster,YBR083W_cluster,YBR083W_cluster,0.0081
YBR083W,YOR140W,TEC1,SFL1,0.57,0.0057,486,YBR083W_cluster,YBR083W_cluster,YBR083W_cluster,0.0057
YBR083W,YOR162C,TEC1,YRR1,0.55,0.0055,486,YBR083W_cluster,YBR083W_cluster,YBR083W_cluster,0.0055
YBR083W,YOR337W,TEC1,TEA1,0.49,0.0049,486,YBR083W_cluster,YBR083W_cluster,YBR083W_cluster,0.0049
YBR083W,YOR344C,TEC1,TYE7,0.39,0.0039,291,YBR083W_cluster,YBR083W_cluster,YBR083W_cluster,0.0039
YBR083W,YOR358W,TEC1,HAP5,0.28,0.0028,242,YBR083W_cluster,YBR083W_cluster,YBR083W_cluster,0.0028
YBR083W,YOR363C,TEC1,PIP2,0.41,0.0041,486,YBR083W_cluster,YBR083W_cluster,YBR083W_cluster,0.0041
YBR083W,YPL038W,TEC1,MET31,0.31,0.0031,177,YBR083W_cluster,YBR083W_cluster,YBR083W_cluster,0.0031
YBR083W,YPL075W,TEC1,GCR1,0.8,0.008,486,YBR083W_cluster,YBR083W_cluster,YBR083W_cluster,0.008
YBR083W,YPL089C,TEC1,RLM1,1.26,0.0126,486,YBR083W_cluster,YBR083W_cluster,YBR083W_cluster,0.0126
YBR083W,YPL133C,TEC1,RDS2,0.33,0.0033,446,YBR083W_cluster,YBR083W_cluster,YBR083W_cluster,0.0033
YBR083W,YPL202C,TEC1,AFT2,0.22,0.0022,416,YBR083W_cluster,YBR083W_cluster,YBR083W_cluster,0.0022
YBR083W,YPL230W,TEC1,USV1,0.35,0.0035,391,YBR083W_cluster,YBR083W_cluster,YBR083W_cluster,0.0035
YBR083W,YPL248C,TEC1,GAL4,0.6,0.006,486,YBR083W_cluster,YBR083W_cluster,YBR083W_cluster,0.006
YBR083W,YPR008W,TEC1,HAA1,0.43,0.0043,486,YBR083W_cluster,YBR083W_cluster,YBR083W_cluster,0.0043
YBR083W,YPR065W,TEC1,ROX1,0.48,0.0048,368,YBR083W_cluster,YBR083W_cluster,YBR083W_cluster,0.0048
YBR083W,YPR199C,TEC1,ARR1,0.39,0.0039,294,YBR083W_cluster,YBR083W_cluster,YBR083W_cluster,0.0039
YBR182C,YBR239C,SMP1,ERT1,0.21,0.0021,452,YBR182C_cluster,YBR182C_cluster,YBR182C_cluster,0.0021
YBR182C,YCL055W,SMP1,KAR4,0.26,0.0026,335,YBR182C_cluster,YBR182C_cluster,YBR182C_cluster,0.0026
YBR182C,YCR065W,SMP1,HCM1,0.2,0.002,452,YBR182C_cluster,YBR182C_cluster,YBR182C_cluster,0.002
YBR182C,YCR106W,SMP1,RDS1,0.55,0.0055,452,YBR182C_cluster,YBR182C_cluster,YBR182C_cluster,0.0055
YBR182C,YDL020C,SMP1,RPN4,0.52,0.0052,452,YBR182C_cluster,YBR182C_cluster,YBR182C_cluster,0.0052
YBR182C,YDL056W,SMP1,MBP1,0.48,0.0048,452,YBR182C_cluster,YBR182C_cluster,YBR182C_cluster,0.0048
YBR182C,YDL106C,SMP1,PHO2,0.82,0.0082,452,YBR182C_cluster,YBR182C_cluster,YBR182C_cluster,0.0082
YBR182C,YDL170W,SMP1,UGA3,0.1,0.001,452,YBR182C_cluster,YBR182C_cluster,YBR182C_cluster,0.001
YBR182C,YDR034C,SMP1,LYS14,0.57,0.0057,452,YBR182C_cluster,YBR182C_cluster,YBR182C_cluster,0.0057
YBR182C,YDR043C,SMP1,NRG1,0.3,0.003,231,YBR182C_cluster,YBR182C_cluster,YBR182C_cluster,0.003
YBR182C,YDR096W,SMP1,GIS1,0.68,0.0068,452,YBR182C_cluster,YBR182C_cluster,YBR182C_cluster,0.0068
YBR182C,YDR123C,SMP1,INO2,0.67,0.0067,304,YBR182C_cluster,YBR182C_cluster,YBR182C_cluster,0.0067
YBR182C,YDR146C,SMP1,SWI5,0.26,0.0026,452,YBR182C_cluster,YBR182C_cluster,YBR182C_cluster,0.0026
YBR182C,YDR207C,SMP1,UME6,0.64,0.0064,452,YBR182C_cluster,YBR182C_cluster,YBR182C_cluster,0.0064
YBR182C,YDR213W,SMP1,UPC2,0.6,0.006,452,YBR182C_cluster,YBR182C_cluster,YBR182C_cluster,0.006
YBR182C,YDR216W,SMP1,ADR1,0.4,0.004,452,YBR182C_cluster,YBR182C_cluster,YBR182C_cluster,0.004
YBR182C,YDR253C,SMP1,MET32,0.48,0.0048,191,YBR182C_cluster,YBR182C_cluster,YBR182C_cluster,0.0048
YBR182C,YDR310C,SMP1,SUM1,1.02,0.0102,452,YBR182C_cluster,YBR182C_cluster,YBR182C_cluster,0.0102
YBR182C,YDR423C,SMP1,CAD1,0.24,0.0024,409,YBR182C_cluster,YBR182C_cluster,YBR182C_cluster,0.0024
YBR182C,YDR463W,SMP1,STP1,0.63,0.0063,452,YBR182C_cluster,YBR182C_cluster,YBR182C_cluster,0.0063
YBR182C,YEL009C,SMP1,GCN4,0.42,0.0042,281,YBR182C_cluster,YBR182C_cluster,YBR182C_cluster,0.0042
YBR182C,YER028C,SMP1,MIG3,0.0,0.0,394,YBR182C_cluster,YBR182C_cluster,YBR182C_cluster,0.0
YBR182C,YER040W,SMP1,GLN3,1.06,0.0106,452,YBR182C_cluster,YBR182C_cluster,YBR182C_cluster,0.0106
YBR182C,YER045C,SMP1,ACA1,0.43,0.0043,452,YBR182C_cluster,YBR182C_cluster,YBR182C_cluster,0.0043
YBR182C,YER068W,SMP1,MOT2,0.69,0.0069,452,YBR182C_cluster,YBR182C_cluster,YBR182C_cluster,0.0069
YBR182C,YER111C,SMP1,SWI4,0.4,0.004,452,YBR182C_cluster,YBR182C_cluster,YBR182C_cluster,0.004
YBR182C,YER130C,SMP1,COM2,0.57,0.0057,443,YBR182C_cluster,YBR182C_cluster,YBR182C_cluster,0.0057
YBR182C,YER169W,SMP1,RPH1,0.41,0.0041,452,YBR182C_cluster,YBR182C_cluster,YBR182C_cluster,0.0041
YBR182C,YFL021W,SMP1,GAT1,0.75,0.0075,452,YBR182C_cluster,YBR182C_cluster,YBR182C_cluster,0.0075
YBR182C,YFL031W,SMP1,HAC1,0.29,0.0029,238,YBR182C_cluster,YBR182C_cluster,YBR182C_cluster,0.0029
YBR182C,YFL052W,SMP1,ZNF1,0.22,0.0022,452,YBR182C_cluster,YBR182C_cluster,YBR182C_cluster,0.0022
YBR182C,YFR034C,SMP1,PHO4,0.0,0.0,312,YBR182C_cluster,YBR182C_cluster,YBR182C_cluster,0.0
YBR182C,YGL013C,SMP1,PDR1,0.4,0.004,452,YBR182C_cluster,YBR182C_cluster,YBR182C_cluster,0.004
YBR182C,YGL035C,SMP1,MIG1,0.97,0.0097,452,YBR182C_cluster,YBR182C_cluster,YBR182C_cluster,0.0097
YBR182C,YGL071W,SMP1,AFT1,0.45,0.0045,452,YBR182C_cluster,YBR182C_cluster,YBR182C_cluster,0.0045
YBR182C,YGL073W,SMP1,HSF1,0.64,0.0064,452,YBR182C_cluster,YBR182C_cluster,YBR182C_cluster,0.0064
YBR182C,YGL162W,SMP1,SUT1,0.54,0.0054,299,YBR182C_cluster,YBR182C_cluster,YBR182C_cluster,0.0054
YBR182C,YGL166W,SMP1,CUP2,0.15,0.0015,225,YBR182C_cluster,YBR182C_cluster,YBR182C_cluster,0.0015
YBR182C,YGL209W,SMP1,MIG2,0.61,0.0061,382,YBR182C_cluster,YBR182C_cluster,YBR182C_cluster,0.0061
YBR182C,YGL237C,SMP1,HAP2,0.29,0.0029,265,YBR182C_cluster,YBR182C_cluster,YBR182C_cluster,0.0029
YBR182C,YGL254W,SMP1,FZF1,0.27,0.0027,299,YBR182C_cluster,YBR182C_cluster,YBR182C_cluster,0.0027
YBR182C,YGR044C,SMP1,RME1,0.54,0.0054,300,YBR182C_cluster,YBR182C_cluster,YBR182C_cluster,0.0054
YBR182C,YHL009C,SMP1,YAP3,0.39,0.0039,330,YBR182C_cluster,YBR182C_cluster,YBR182C_cluster,0.0039
YBR182C,YHL027W,SMP1,RIM101,0.48,0.0048,452,YBR182C_cluster,YBR182C_cluster,YBR182C_cluster,0.0048
YBR182C,YHR006W,SMP1,STP2,0.2,0.002,452,YBR182C_cluster,YBR182C_cluster,YBR182C_cluster,0.002
YBR182C,YHR084W,SMP1,STE12,0.62,0.0063,452,YBR182C_cluster,YBR182C_cluster,YBR182C_cluster,0.0062
YBR182C,YHR124W,SMP1,NDT80,0.28,0.0028,452,YBR182C_cluster,YBR182C_cluster,YBR182C_cluster,0.0028
YBR182C,YHR177W,SMP1,ROF1,0.45,0.0045,452,YBR182C_cluster,YBR182C_cluster,YBR182C_cluster,0.0045
YBR182C,YHR178W,SMP1,STB5,0.94,0.0094,452,YBR182C_cluster,YBR182C_cluster,YBR182C_cluster,0.0094
YBR182C,YHR206W,SMP1,SKN7,0.86,0.0086,452,YBR182C_cluster,YBR182C_cluster,YBR182C_cluster,0.0086
YBR182C,YIL036W,SMP1,CST6,0.39,0.0039,452,YBR182C_cluster,YBR182C_cluster,YBR182C_cluster,0.0039
YBR182C,YIL101C,SMP1,XBP1,0.56,0.0056,452,YBR182C_cluster,YBR182C_cluster,YBR182C_cluster,0.0056
YBR182C,YIL131C,SMP1,FKH1,0.55,0.0055,452,YBR182C_cluster,YBR182C_cluster,YBR182C_cluster,0.0055
YBR182C,YIR018W,SMP1,YAP5,0.15,0.0015,245,YBR182C_cluster,YBR182C_cluster,YBR182C_cluster,0.0015
YBR182C,YIR023W,SMP1,DAL81,0.66,0.0066,452,YBR182C_cluster,YBR182C_cluster,YBR182C_cluster,0.0066
YBR182C,YJL056C,SMP1,ZAP1,0.54,0.0054,452,YBR182C_cluster,YBR182C_cluster,YBR182C_cluster,0.0054
YBR182C,YJL089W,SMP1,SIP4,0.4,0.004,452,YBR182C_cluster,YBR182C_cluster,YBR182C_cluster,0.004
YBR182C,YJL103C,SMP1,GSM1,0.57,0.0057,452,YBR182C_cluster,YBR182C_cluster,YBR182C_cluster,0.0057
YBR182C,YJL110C,SMP1,GZF3,0.61,0.0061,452,YBR182C_cluster,YBR182C_cluster,YBR182C_cluster,0.0061
YBR182C,YJR060W,SMP1,CBF1,0.38,0.0038,351,YBR182C_cluster,YBR182C_cluster,YBR182C_cluster,0.0038
YBR182C,YJR094C,SMP1,IME1,0.0,0.0,360,YBR182C_cluster,YBR182C_cluster,YBR182C_cluster,0.0
YBR182C,YKL015W,SMP1,PUT3,0.36,0.0036,452,YBR182C_cluster,YBR182C_cluster,YBR182C_cluster,0.0036
YBR182C,YKL032C,SMP1,IXR1,0.52,0.0052,452,YBR182C_cluster,YBR182C_cluster,YBR182C_cluster,0.0052
YBR182C,YKL038W,SMP1,RGT1,0.69,0.0069,452,YBR182C_cluster,YBR182C_cluster,YBR182C_cluster,0.0069
YBR182C,YKL062W,SMP1,MSN4,0.47,0.0047,452,YBR182C_cluster,YBR182C_cluster,YBR182C_cluster,0.0047
YBR182C,YKL109W,SMP1,HAP4,0.41,0.0041,452,YBR182C_cluster,YBR182C_cluster,YBR182C_cluster,0.0041
YBR182C,YKL112W,SMP1,ABF1,0.61,0.0061,452,YBR182C_cluster,YBR182C_cluster,YBR182C_cluster,0.0061
YBR182C,YKL185W,SMP1,ASH1,0.2,0.002,452,YBR182C_cluster,YBR182C_cluster,YBR182C_cluster,0.002
YBR182C,YKR034W,SMP1,DAL80,0.0,0.0,269,YBR182C_cluster,YBR182C_cluster,YBR182C_cluster,0.0
YBR182C,YKR099W,SMP1,BAS1,0.65,0.0065,452,YBR182C_cluster,YBR182C_cluster,YBR182C_cluster,0.0065
YBR182C,YLR014C,SMP1,PPR1,0.45,0.0045,452,YBR182C_cluster,YBR182C_cluster,YBR182C_cluster,0.0045
YBR182C,YLR098C,SMP1,CHA4,0.46,0.0046,452,YBR182C_cluster,YBR182C_cluster,YBR182C_cluster,0.0046
YBR182C,YLR131C,SMP1,ACE2,0.42,0.0042,452,YBR182C_cluster,YBR182C_cluster,YBR182C_cluster,0.0042
YBR182C,YLR176C,SMP1,RFX1,0.4,0.004,452,YBR182C_cluster,YBR182C_cluster,YBR182C_cluster,0.004
YBR182C,YLR228C,SMP1,ECM22,0.65,0.0065,452,YBR182C_cluster,YBR182C_cluster,YBR182C_cluster,0.0065
YBR182C,YLR256W,SMP1,HAP1,1.12,0.0112,452,YBR182C_cluster,YBR182C_cluster,YBR182C_cluster,0.0112
YBR182C,YLR266C,SMP1,PDR8,0.18,0.0018,452,YBR182C_cluster,YBR182C_cluster,YBR182C_cluster,0.0018
YBR182C,YLR451W,SMP1,LEU3,0.76,0.0076,452,YBR182C_cluster,YBR182C_cluster,YBR182C_cluster,0.0076
YBR182C,YML007W,SMP1,YAP1,0.37,0.0037,452,YBR182C_cluster,YBR182C_cluster,YBR182C_cluster,0.0037
YBR182C,YML076C,SMP1,WAR1,0.8,0.008,452,YBR182C_cluster,YBR182C_cluster,YBR182C_cluster,0.008
YBR182C,YML081W,SMP1,TDA9,0.84,0.0084,452,YBR182C_cluster,YBR182C_cluster,YBR182C_cluster,0.0084
YBR182C,YML099C,SMP1,ARG81,0.46,0.0046,452,YBR182C_cluster,YBR182C_cluster,YBR182C_cluster,0.0046
YBR182C,YMR019W,SMP1,STB4,0.87,0.0087,452,YBR182C_cluster,YBR182C_cluster,YBR182C_cluster,0.0087
YBR182C,YMR021C,SMP1,MAC1,0.0,0.0,417,YBR182C_cluster,YBR182C_cluster,YBR182C_cluster,0.0
YBR182C,YMR037C,SMP1,MSN2,0.71,0.0071,452,YBR182C_cluster,YBR182C_cluster,YBR182C_cluster,0.0071
YBR182C,YMR042W,SMP1,ARG80,0.32,0.0032,177,YBR182C_cluster,YBR182C_cluster,YBR182C_cluster,0.0032
YBR182C,YMR043W,SMP1,MCM1,0.74,0.0074,286,YBR182C_cluster,YBR182C_cluster,YBR182C_cluster,0.0074
YBR182C,YMR070W,SMP1,MOT3,0.46,0.0046,452,YBR182C_cluster,YBR182C_cluster,YBR182C_cluster,0.0046
YBR182C,YMR164C,SMP1,MSS11,0.44,0.0044,452,YBR182C_cluster,YBR182C_cluster,YBR182C_cluster,0.0044
YBR182C,YMR172W,SMP1,HOT1,0.7,0.007,452,YBR182C_cluster,YBR182C_cluster,YBR182C_cluster,0.007
YBR182C,YMR280C,SMP1,CAT8,0.38,0.0038,452,YBR182C_cluster,YBR182C_cluster,YBR182C_cluster,0.0038
YBR182C,YNL027W,SMP1,CRZ1,0.55,0.0055,452,YBR182C_cluster,YBR182C_cluster,YBR182C_cluster,0.0055
YBR182C,YNL068C,SMP1,FKH2,0.78,0.0078,452,YBR182C_cluster,YBR182C_cluster,YBR182C_cluster,0.0078
YBR182C,YNL103W,SMP1,MET4,0.64,0.0064,452,YBR182C_cluster,YBR182C_cluster,YBR182C_cluster,0.0064
YBR182C,YNL167C,SMP1,SKO1,1.32,0.0132,452,YBR182C_cluster,YBR182C_cluster,YBR182C_cluster,0.0132
YBR182C,YNL199C,SMP1,GCR2,0.41,0.0041,452,YBR182C_cluster,YBR182C_cluster,YBR182C_cluster,0.0041
YBR182C,YNL216W,SMP1,RAP1,0.16,0.0016,452,YBR182C_cluster,YBR182C_cluster,YBR182C_cluster,0.0016
YBR182C,YNL314W,SMP1,DAL82,0.58,0.0058,255,YBR182C_cluster,YBR182C_cluster,YBR182C_cluster,0.0058
YBR182C,YOL067C,SMP1,RTG1,0.65,0.0065,177,YBR182C_cluster,YBR182C_cluster,YBR182C_cluster,0.0065
YBR182C,YOL108C,SMP1,INO4,0.17,0.0017,151,YBR182C_cluster,YBR182C_cluster,YBR182C_cluster,0.0017
YBR182C,YOR028C,SMP1,CIN5,0.55,0.0055,295,YBR182C_cluster,YBR182C_cluster,YBR182C_cluster,0.0055
YBR182C,YOR113W,SMP1,AZF1,0.91,0.0091,452,YBR182C_cluster,YBR182C_cluster,YBR182C_cluster,0.0091
YBR182C,YOR140W,SMP1,SFL1,0.42,0.0042,452,YBR182C_cluster,YBR182C_cluster,YBR182C_cluster,0.0042
YBR182C,YOR162C,SMP1,YRR1,0.56,0.0056,452,YBR182C_cluster,YBR182C_cluster,YBR182C_cluster,0.0056
YBR182C,YOR337W,SMP1,TEA1,0.42,0.0042,452,YBR182C_cluster,YBR182C_cluster,YBR182C_cluster,0.0042
YBR182C,YOR344C,SMP1,TYE7,0.69,0.0069,291,YBR182C_cluster,YBR182C_cluster,YBR182C_cluster,0.0069
YBR182C,YOR358W,SMP1,HAP5,0.0,0.0,242,YBR182C_cluster,YBR182C_cluster,YBR182C_cluster,0.0
YBR182C,YOR363C,SMP1,PIP2,0.35,0.0035,452,YBR182C_cluster,YBR182C_cluster,YBR182C_cluster,0.0035
YBR182C,YPL038W,SMP1,MET31,1.14,0.0114,177,YBR182C_cluster,YBR182C_cluster,YBR182C_cluster,0.0114
YBR182C,YPL075W,SMP1,GCR1,0.74,0.0074,452,YBR182C_cluster,YBR182C_cluster,YBR182C_cluster,0.0074
YBR182C,YPL089C,SMP1,RLM1,5.43,0.0543,452,YBR182C_cluster,YBR182C_cluster,YBR182C_cluster,0.0543
YBR182C,YPL133C,SMP1,RDS2,0.57,0.0057,446,YBR182C_cluster,YBR182C_cluster,YBR182C_cluster,0.0057
YBR182C,YPL202C,SMP1,AFT2,0.35,0.0035,416,YBR182C_cluster,YBR182C_cluster,YBR182C_cluster,0.0035
YBR182C,YPL230W,SMP1,USV1,0.74,0.0074,391,YBR182C_cluster,YBR182C_cluster,YBR182C_cluster,0.0074
YBR182C,YPL248C,SMP1,GAL4,0.38,0.0038,452,YBR182C_cluster,YBR182C_cluster,YBR182C_cluster,0.0038
YBR182C,YPR008W,SMP1,HAA1,0.89,0.0089,452,YBR182C_cluster,YBR182C_cluster,YBR182C_cluster,0.0089
YBR182C,YPR065W,SMP1,ROX1,0.5,0.005,368,YBR182C_cluster,YBR182C_cluster,YBR182C_cluster,0.005
YBR182C,YPR199C,SMP1,ARR1,0.14,0.0014,294,YBR182C_cluster,YBR182C_cluster,YBR182C_cluster,0.0014
YBR239C,YCL055W,ERT1,KAR4,0.12,0.0012,335,YBR239C_cluster,YBR239C_cluster,YBR239C_cluster,0.0012
YBR239C,YCR065W,ERT1,HCM1,0.0,0.0,529,YBR239C_cluster,YBR239C_cluster,YBR239C_cluster,0.0
YBR239C,YCR106W,ERT1,RDS1,0.37,0.0037,529,YBR239C_cluster,YBR239C_cluster,YBR239C_cluster,0.0037
YBR239C,YDL020C,ERT1,RPN4,0.1,0.001,529,YBR239C_cluster,YBR239C_cluster,YBR239C_cluster,0.001
YBR239C,YDL056W,ERT1,MBP1,0.6,0.006,529,YBR239C_cluster,YBR239C_cluster,YBR239C_cluster,0.006
YBR239C,YDL106C,ERT1,PHO2,0.47,0.0047,529,YBR239C_cluster,YBR239C_cluster,YBR239C_cluster,0.0047
YBR239C,YDL170W,ERT1,UGA3,0.38,0.0038,528,YBR239C_cluster,YBR239C_cluster,YBR239C_cluster,0.0038
YBR239C,YDR034C,ERT1,LYS14,0.31,0.0031,529,YBR239C_cluster,YBR239C_cluster,YBR239C_cluster,0.0031
YBR239C,YDR043C,ERT1,NRG1,0.4,0.004,231,YBR239C_cluster,YBR239C_cluster,YBR239C_cluster,0.004
YBR239C,YDR096W,ERT1,GIS1,0.79,0.0079,529,YBR239C_cluster,YBR239C_cluster,YBR239C_cluster,0.0079
YBR239C,YDR123C,ERT1,INO2,0.24,0.0024,304,YBR239C_cluster,YBR239C_cluster,YBR239C_cluster,0.0024
YBR239C,YDR146C,ERT1,SWI5,0.41,0.0041,529,YBR239C_cluster,YBR239C_cluster,YBR239C_cluster,0.0041
YBR239C,YDR207C,ERT1,UME6,0.91,0.0091,529,YBR239C_cluster,YBR239C_cluster,YBR239C_cluster,0.0091
YBR239C,YDR213W,ERT1,UPC2,0.21,0.0021,529,YBR239C_cluster,YBR239C_cluster,YBR239C_cluster,0.0021
YBR239C,YDR216W,ERT1,ADR1,0.44,0.0044,529,YBR239C_cluster,YBR239C_cluster,YBR239C_cluster,0.0044
YBR239C,YDR253C,ERT1,MET32,0.0,0.0,191,YBR239C_cluster,YBR239C_cluster,YBR239C_cluster,0.0
YBR239C,YDR310C,ERT1,SUM1,0.64,0.0064,529,YBR239C_cluster,YBR239C_cluster,YBR239C_cluster,0.0064
YBR239C,YDR423C,ERT1,CAD1,0.43,0.0043,409,YBR239C_cluster,YBR239C_cluster,YBR239C_cluster,0.0043
YBR239C,YDR463W,ERT1,STP1,0.19,0.0019,519,YBR239C_cluster,YBR239C_cluster,YBR239C_cluster,0.0019
YBR239C,YEL009C,ERT1,GCN4,0.63,0.0063,281,YBR239C_cluster,YBR239C_cluster,YBR239C_cluster,0.0063
YBR239C,YER028C,ERT1,MIG3,0.55,0.0055,394,YBR239C_cluster,YBR239C_cluster,YBR239C_cluster,0.0055
YBR239C,YER040W,ERT1,GLN3,1.33,0.0133,529,YBR239C_cluster,YBR239C_cluster,YBR239C_cluster,0.0133
YBR239C,YER045C,ERT1,ACA1,0.6,0.006,489,YBR239C_cluster,YBR239C_cluster,YBR239C_cluster,0.006
YBR239C,YER068W,ERT1,MOT2,0.55,0.0055,529,YBR239C_cluster,YBR239C_cluster,YBR239C_cluster,0.0055
YBR239C,YER111C,ERT1,SWI4,1.02,0.0102,529,YBR239C_cluster,YBR239C_cluster,YBR239C_cluster,0.0102
YBR239C,YER130C,ERT1,COM2,0.53,0.0053,443,YBR239C_cluster,YBR239C_cluster,YBR239C_cluster,0.0053
YBR239C,YER169W,ERT1,RPH1,0.38,0.0038,529,YBR239C_cluster,YBR239C_cluster,YBR239C_cluster,0.0038
YBR239C,YFL021W,ERT1,GAT1,0.89,0.0089,510,YBR239C_cluster,YBR239C_cluster,YBR239C_cluster,0.0089
YBR239C,YFL031W,ERT1,HAC1,0.66,0.0066,238,YBR239C_cluster,YBR239C_cluster,YBR239C_cluster,0.0066
YBR239C,YFL052W,ERT1,ZNF1,0.2,0.002,465,YBR239C_cluster,YBR239C_cluster,YBR239C_cluster,0.002
YBR239C,YFR034C,ERT1,PHO4,0.36,0.0036,312,YBR239C_cluster,YBR239C_cluster,YBR239C_cluster,0.0036
YBR239C,YGL013C,ERT1,PDR1,0.25,0.0025,529,YBR239C_cluster,YBR239C_cluster,YBR239C_cluster,0.0025
YBR239C,YGL035C,ERT1,MIG1,0.7,0.007,504,YBR239C_cluster,YBR239C_cluster,YBR239C_cluster,0.007
YBR239C,YGL071W,ERT1,AFT1,0.67,0.0067,529,YBR239C_cluster,YBR239C_cluster,YBR239C_cluster,0.0067
YBR239C,YGL073W,ERT1,HSF1,0.45,0.0045,529,YBR239C_cluster,YBR239C_cluster,YBR239C_cluster,0.0045
YBR239C,YGL162W,ERT1,SUT1,0.49,0.0049,299,YBR239C_cluster,YBR239C_cluster,YBR239C_cluster,0.0049
YBR239C,YGL166W,ERT1,CUP2,0.0,0.0,225,YBR239C_cluster,YBR239C_cluster,YBR239C_cluster,0.0
YBR239C,YGL209W,ERT1,MIG2,0.11,0.0011,382,YBR239C_cluster,YBR239C_cluster,YBR239C_cluster,0.0011
YBR239C,YGL237C,ERT1,HAP2,0.13,0.0013,265,YBR239C_cluster,YBR239C_cluster,YBR239C_cluster,0.0013
YBR239C,YGL254W,ERT1,FZF1,0.24,0.0024,299,YBR239C_cluster,YBR239C_cluster,YBR239C_cluster,0.0024
YBR239C,YGR044C,ERT1,RME1,0.12,0.0012,300,YBR239C_cluster,YBR239C_cluster,YBR239C_cluster,0.0012
YBR239C,YHL009C,ERT1,YAP3,0.35,0.0035,330,YBR239C_cluster,YBR239C_cluster,YBR239C_cluster,0.0035
YBR239C,YHL027W,ERT1,RIM101,0.27,0.0027,529,YBR239C_cluster,YBR239C_cluster,YBR239C_cluster,0.0027
YBR239C,YHR006W,ERT1,STP2,0.38,0.0038,529,YBR239C_cluster,YBR239C_cluster,YBR239C_cluster,0.0038
YBR239C,YHR084W,ERT1,STE12,0.92,0.0092,529,YBR239C_cluster,YBR239C_cluster,YBR239C_cluster,0.0092
YBR239C,YHR124W,ERT1,NDT80,1.06,0.0106,529,YBR239C_cluster,YBR239C_cluster,YBR239C_cluster,0.0106
YBR239C,YHR177W,ERT1,ROF1,0.21,0.0021,453,YBR239C_cluster,YBR239C_cluster,YBR239C_cluster,0.0021
YBR239C,YHR178W,ERT1,STB5,0.4,0.004,529,YBR239C_cluster,YBR239C_cluster,YBR239C_cluster,0.004
YBR239C,YHR206W,ERT1,SKN7,0.44,0.0044,529,YBR239C_cluster,YBR239C_cluster,YBR239C_cluster,0.0044
YBR239C,YIL036W,ERT1,CST6,0.64,0.0064,529,YBR239C_cluster,YBR239C_cluster,YBR239C_cluster,0.0064
YBR239C,YIL101C,ERT1,XBP1,0.52,0.0052,529,YBR239C_cluster,YBR239C_cluster,YBR239C_cluster,0.0052
YBR239C,YIL131C,ERT1,FKH1,0.6,0.006,484,YBR239C_cluster,YBR239C_cluster,YBR239C_cluster,0.006
YBR239C,YIR018W,ERT1,YAP5,0.39,0.0039,245,YBR239C_cluster,YBR239C_cluster,YBR239C_cluster,0.0039
YBR239C,YIR023W,ERT1,DAL81,0.63,0.0063,529,YBR239C_cluster,YBR239C_cluster,YBR239C_cluster,0.0063
YBR239C,YJL056C,ERT1,ZAP1,0.65,0.0065,529,YBR239C_cluster,YBR239C_cluster,YBR239C_cluster,0.0065
YBR239C,YJL089W,ERT1,SIP4,0.53,0.0053,529,YBR239C_cluster,YBR239C_cluster,YBR239C_cluster,0.0053
YBR239C,YJL103C,ERT1,GSM1,0.71,0.0071,529,YBR239C_cluster,YBR239C_cluster,YBR239C_cluster,0.0071
YBR239C,YJL110C,ERT1,GZF3,0.57,0.0057,529,YBR239C_cluster,YBR239C_cluster,YBR239C_cluster,0.0057
YBR239C,YJR060W,ERT1,CBF1,0.0,0.0,351,YBR239C_cluster,YBR239C_cluster,YBR239C_cluster,0.0
YBR239C,YJR094C,ERT1,IME1,0.11,0.0011,360,YBR239C_cluster,YBR239C_cluster,YBR239C_cluster,0.0011
YBR239C,YKL015W,ERT1,PUT3,0.34,0.0034,529,YBR239C_cluster,YBR239C_cluster,YBR239C_cluster,0.0034
YBR239C,YKL032C,ERT1,IXR1,0.58,0.0058,529,YBR239C_cluster,YBR239C_cluster,YBR239C_cluster,0.0058
YBR239C,YKL038W,ERT1,RGT1,0.66,0.0066,529,YBR239C_cluster,YBR239C_cluster,YBR239C_cluster,0.0066
YBR239C,YKL062W,ERT1,MSN4,0.7,0.007,529,YBR239C_cluster,YBR239C_cluster,YBR239C_cluster,0.007
YBR239C,YKL109W,ERT1,HAP4,1.33,0.0133,529,YBR239C_cluster,YBR239C_cluster,YBR239C_cluster,0.0133
YBR239C,YKL112W,ERT1,ABF1,0.73,0.0073,529,YBR239C_cluster,YBR239C_cluster,YBR239C_cluster,0.0073
YBR239C,YKL185W,ERT1,ASH1,0.92,0.0092,529,YBR239C_cluster,YBR239C_cluster,YBR239C_cluster,0.0092
YBR239C,YKR034W,ERT1,DAL80,0.64,0.0064,269,YBR239C_cluster,YBR239C_cluster,YBR239C_cluster,0.0064
YBR239C,YKR099W,ERT1,BAS1,0.38,0.0038,529,YBR239C_cluster,YBR239C_cluster,YBR239C_cluster,0.0038
YBR239C,YLR014C,ERT1,PPR1,0.21,0.0021,529,YBR239C_cluster,YBR239C_cluster,YBR239C_cluster,0.0021
YBR239C,YLR098C,ERT1,CHA4,0.43,0.0043,529,YBR239C_cluster,YBR239C_cluster,YBR239C_cluster,0.0043
YBR239C,YLR131C,ERT1,ACE2,0.55,0.0055,529,YBR239C_cluster,YBR239C_cluster,YBR239C_cluster,0.0055
YBR239C,YLR176C,ERT1,RFX1,0.53,0.0053,529,YBR239C_cluster,YBR239C_cluster,YBR239C_cluster,0.0053
YBR239C,YLR228C,ERT1,ECM22,0.69,0.0069,529,YBR239C_cluster,YBR239C_cluster,YBR239C_cluster,0.0069
YBR239C,YLR256W,ERT1,HAP1,0.71,0.0071,529,YBR239C_cluster,YBR239C_cluster,YBR239C_cluster,0.0071
YBR239C,YLR266C,ERT1,PDR8,0.5,0.005,529,YBR239C_cluster,YBR239C_cluster,YBR239C_cluster,0.005
YBR239C,YLR451W,ERT1,LEU3,0.36,0.0036,529,YBR239C_cluster,YBR239C_cluster,YBR239C_cluster,0.0036
YBR239C,YML007W,ERT1,YAP1,0.52,0.0052,529,YBR239C_cluster,YBR239C_cluster,YBR239C_cluster,0.0052
YBR239C,YML076C,ERT1,WAR1,0.83,0.0083,529,YBR239C_cluster,YBR239C_cluster,YBR239C_cluster,0.0083
YBR239C,YML081W,ERT1,TDA9,0.57,0.0057,529,YBR239C_cluster,YBR239C_cluster,YBR239C_cluster,0.0057
YBR239C,YML099C,ERT1,ARG81,0.72,0.0072,529,YBR239C_cluster,YBR239C_cluster,YBR239C_cluster,0.0072
YBR239C,YMR019W,ERT1,STB4,0.69,0.0069,529,YBR239C_cluster,YBR239C_cluster,YBR239C_cluster,0.0069
YBR239C,YMR021C,ERT1,MAC1,0.21,0.0021,417,YBR239C_cluster,YBR239C_cluster,YBR239C_cluster,0.0021
YBR239C,YMR037C,ERT1,MSN2,0.75,0.0075,529,YBR239C_cluster,YBR239C_cluster,YBR239C_cluster,0.0075
YBR239C,YMR042W,ERT1,ARG80,0.14,0.0014,177,YBR239C_cluster,YBR239C_cluster,YBR239C_cluster,0.0014
YBR239C,YMR043W,ERT1,MCM1,0.13,0.0013,286,YBR239C_cluster,YBR239C_cluster,YBR239C_cluster,0.0013
YBR239C,YMR070W,ERT1,MOT3,1.17,0.0117,490,YBR239C_cluster,YBR239C_cluster,YBR239C_cluster,0.0117
YBR239C,YMR164C,ERT1,MSS11,0.33,0.0033,529,YBR239C_cluster,YBR239C_cluster,YBR239C_cluster,0.0033
YBR239C,YMR172W,ERT1,HOT1,0.83,0.0083,529,YBR239C_cluster,YBR239C_cluster,YBR239C_cluster,0.0083
YBR239C,YMR280C,ERT1,CAT8,0.63,0.0063,529,YBR239C_cluster,YBR239C_cluster,YBR239C_cluster,0.0063
YBR239C,YNL027W,ERT1,CRZ1,0.6,0.006,529,YBR239C_cluster,YBR239C_cluster,YBR239C_cluster,0.006
YBR239C,YNL068C,ERT1,FKH2,0.29,0.0029,529,YBR239C_cluster,YBR239C_cluster,YBR239C_cluster,0.0029
YBR239C,YNL103W,ERT1,MET4,0.77,0.0077,529,YBR239C_cluster,YBR239C_cluster,YBR239C_cluster,0.0077
YBR239C,YNL167C,ERT1,SKO1,0.53,0.0053,529,YBR239C_cluster,YBR239C_cluster,YBR239C_cluster,0.0053
YBR239C,YNL199C,ERT1,GCR2,0.48,0.0048,529,YBR239C_cluster,YBR239C_cluster,YBR239C_cluster,0.0048
YBR239C,YNL216W,ERT1,RAP1,0.3,0.003,529,YBR239C_cluster,YBR239C_cluster,YBR239C_cluster,0.003
YBR239C,YNL314W,ERT1,DAL82,0.26,0.0026,255,YBR239C_cluster,YBR239C_cluster,YBR239C_cluster,0.0026
YBR239C,YOL067C,ERT1,RTG1,0.14,0.0014,177,YBR239C_cluster,YBR239C_cluster,YBR239C_cluster,0.0014
YBR239C,YOL108C,ERT1,INO4,0.15,0.0015,151,YBR239C_cluster,YBR239C_cluster,YBR239C_cluster,0.0015
YBR239C,YOR028C,ERT1,CIN5,0.37,0.0037,295,YBR239C_cluster,YBR239C_cluster,YBR239C_cluster,0.0037
YBR239C,YOR113W,ERT1,AZF1,1.01,0.0101,529,YBR239C_cluster,YBR239C_cluster,YBR239C_cluster,0.0101
YBR239C,YOR140W,ERT1,SFL1,0.87,0.0087,529,YBR239C_cluster,YBR239C_cluster,YBR239C_cluster,0.0087
YBR239C,YOR162C,ERT1,YRR1,0.68,0.0068,529,YBR239C_cluster,YBR239C_cluster,YBR239C_cluster,0.0068
YBR239C,YOR337W,ERT1,TEA1,0.79,0.0079,529,YBR239C_cluster,YBR239C_cluster,YBR239C_cluster,0.0079
YBR239C,YOR344C,ERT1,TYE7,0.37,0.0037,291,YBR239C_cluster,YBR239C_cluster,YBR239C_cluster,0.0037
YBR239C,YOR358W,ERT1,HAP5,0.13,0.0013,242,YBR239C_cluster,YBR239C_cluster,YBR239C_cluster,0.0013
YBR239C,YOR363C,ERT1,PIP2,0.6,0.006,529,YBR239C_cluster,YBR239C_cluster,YBR239C_cluster,0.006
YBR239C,YPL038W,ERT1,MET31,0.14,0.0014,177,YBR239C_cluster,YBR239C_cluster,YBR239C_cluster,0.0014
YBR239C,YPL075W,ERT1,GCR1,0.15,0.0015,529,YBR239C_cluster,YBR239C_cluster,YBR239C_cluster,0.0015
YBR239C,YPL089C,ERT1,RLM1,1.31,0.0131,529,YBR239C_cluster,YBR239C_cluster,YBR239C_cluster,0.0131
YBR239C,YPL133C,ERT1,RDS2,0.42,0.0042,446,YBR239C_cluster,YBR239C_cluster,YBR239C_cluster,0.0042
YBR239C,YPL202C,ERT1,AFT2,0.0,0.0,416,YBR239C_cluster,YBR239C_cluster,YBR239C_cluster,0.0
YBR239C,YPL230W,ERT1,USV1,0.11,0.0011,391,YBR239C_cluster,YBR239C_cluster,YBR239C_cluster,0.0011
YBR239C,YPL248C,ERT1,GAL4,0.58,0.0058,529,YBR239C_cluster,YBR239C_cluster,YBR239C_cluster,0.0058
YBR239C,YPR008W,ERT1,HAA1,0.5,0.005,529,YBR239C_cluster,YBR239C_cluster,YBR239C_cluster,0.005
YBR239C,YPR065W,ERT1,ROX1,0.57,0.0057,368,YBR239C_cluster,YBR239C_cluster,YBR239C_cluster,0.0057
YBR239C,YPR199C,ERT1,ARR1,0.12,0.0012,294,YBR239C_cluster,YBR239C_cluster,YBR239C_cluster,0.0012
YCL055W,YCR065W,KAR4,HCM1,0.34,0.0034,335,YCL055W_cluster,YCL055W_cluster,YCL055W_cluster,0.0034
YCL055W,YCR106W,KAR4,RDS1,0.43,0.0043,335,YCL055W_cluster,YCL055W_cluster,YCL055W_cluster,0.0043
YCL055W,YDL020C,KAR4,RPN4,0.47,0.0047,335,YCL055W_cluster,YCL055W_cluster,YCL055W_cluster,0.0047
YCL055W,YDL056W,KAR4,MBP1,0.7,0.007,335,YCL055W_cluster,YCL055W_cluster,YCL055W_cluster,0.007
YCL055W,YDL106C,KAR4,PHO2,0.57,0.0057,335,YCL055W_cluster,YCL055W_cluster,YCL055W_cluster,0.0057
YCL055W,YDL170W,KAR4,UGA3,0.23,0.0023,335,YCL055W_cluster,YCL055W_cluster,YCL055W_cluster,0.0023
YCL055W,YDR034C,KAR4,LYS14,0.0,0.0,335,YCL055W_cluster,YCL055W_cluster,YCL055W_cluster,0.0
YCL055W,YDR043C,KAR4,NRG1,0.0,0.0,231,YCL055W_cluster,YCL055W_cluster,YCL055W_cluster,0.0
YCL055W,YDR096W,KAR4,GIS1,0.5,0.005,335,YCL055W_cluster,YCL055W_cluster,YCL055W_cluster,0.005
YCL055W,YDR123C,KAR4,INO2,0.32,0.0032,304,YCL055W_cluster,YCL055W_cluster,YCL055W_cluster,0.0032
YCL055W,YDR146C,KAR4,SWI5,0.29,0.0029,335,YCL055W_cluster,YCL055W_cluster,YCL055W_cluster,0.0029
YCL055W,YDR207C,KAR4,UME6,0.26,0.0026,335,YCL055W_cluster,YCL055W_cluster,YCL055W_cluster,0.0026
YCL055W,YDR213W,KAR4,UPC2,0.0,0.0,335,YCL055W_cluster,YCL055W_cluster,YCL055W_cluster,0.0
YCL055W,YDR216W,KAR4,ADR1,0.18,0.0018,335,YCL055W_cluster,YCL055W_cluster,YCL055W_cluster,0.0018
YCL055W,YDR253C,KAR4,MET32,0.39,0.0039,191,YCL055W_cluster,YCL055W_cluster,YCL055W_cluster,0.0039
YCL055W,YDR310C,KAR4,SUM1,0.15,0.0015,335,YCL055W_cluster,YCL055W_cluster,YCL055W_cluster,0.0015
YCL055W,YDR423C,KAR4,CAD1,0.0,0.0,335,YCL055W_cluster,YCL055W_cluster,YCL055W_cluster,0.0
YCL055W,YDR463W,KAR4,STP1,0.24,0.0024,335,YCL055W_cluster,YCL055W_cluster,YCL055W_cluster,0.0024
YCL055W,YEL009C,KAR4,GCN4,0.0,0.0,281,YCL055W_cluster,YCL055W_cluster,YCL055W_cluster,0.0
YCL055W,YER028C,KAR4,MIG3,0.14,0.0014,335,YCL055W_cluster,YCL055W_cluster,YCL055W_cluster,0.0014
YCL055W,YER040W,KAR4,GLN3,0.39,0.0039,335,YCL055W_cluster,YCL055W_cluster,YCL055W_cluster,0.0039
YCL055W,YER045C,KAR4,ACA1,0.12,0.0012,335,YCL055W_cluster,YCL055W_cluster,YCL055W_cluster,0.0012
YCL055W,YER068W,KAR4,MOT2,0.11,0.0011,335,YCL055W_cluster,YCL055W_cluster,YCL055W_cluster,0.0011
YCL055W,YER111C,KAR4,SWI4,0.07,0.0007,335,YCL055W_cluster,YCL055W_cluster,YCL055W_cluster,0.0007
YCL055W,YER130C,KAR4,COM2,0.26,0.0026,335,YCL055W_cluster,YCL055W_cluster,YCL055W_cluster,0.0026
YCL055W,YER169W,KAR4,RPH1,0.27,0.0027,335,YCL055W_cluster,YCL055W_cluster,YCL055W_cluster,0.0027
YCL055W,YFL021W,KAR4,GAT1,0.0,0.0,335,YCL055W_cluster,YCL055W_cluster,YCL055W_cluster,0.0
YCL055W,YFL031W,KAR4,HAC1,0.0,0.0,238,YCL055W_cluster,YCL055W_cluster,YCL055W_cluster,0.0
YCL055W,YFL052W,KAR4,ZNF1,0.51,0.0051,335,YCL055W_cluster,YCL055W_cluster,YCL055W_cluster,0.0051
YCL055W,YFR034C,KAR4,PHO4,0.0,0.0,312,YCL055W_cluster,YCL055W_cluster,YCL055W_cluster,0.0
YCL055W,YGL013C,KAR4,PDR1,0.44,0.0044,335,YCL055W_cluster,YCL055W_cluster,YCL055W_cluster,0.0044
YCL055W,YGL035C,KAR4,MIG1,0.49,0.0049,335,YCL055W_cluster,YCL055W_cluster,YCL055W_cluster,0.0049
YCL055W,YGL071W,KAR4,AFT1,0.2,0.002,335,YCL055W_cluster,YCL055W_cluster,YCL055W_cluster,0.002
YCL055W,YGL073W,KAR4,HSF1,0.7,0.007,335,YCL055W_cluster,YCL055W_cluster,YCL055W_cluster,0.007
YCL055W,YGL162W,KAR4,SUT1,0.0,0.0,299,YCL055W_cluster,YCL055W_cluster,YCL055W_cluster,0.0
YCL055W,YGL166W,KAR4,CUP2,0.18,0.0018,225,YCL055W_cluster,YCL055W_cluster,YCL055W_cluster,0.0018
YCL055W,YGL209W,KAR4,MIG2,0.0,0.0,335,YCL055W_cluster,YCL055W_cluster,YCL055W_cluster,0.0
YCL055W,YGL237C,KAR4,HAP2,0.17,0.0017,265,YCL055W_cluster,YCL055W_cluster,YCL055W_cluster,0.0017
YCL055W,YGL254W,KAR4,FZF1,0.0,0.0,299,YCL055W_cluster,YCL055W_cluster,YCL055W_cluster,0.0
YCL055W,YGR044C,KAR4,RME1,0.16,0.0016,300,YCL055W_cluster,YCL055W_cluster,YCL055W_cluster,0.0016
YCL055W,YHL009C,KAR4,YAP3,0.15,0.0015,330,YCL055W_cluster,YCL055W_cluster,YCL055W_cluster,0.0015
YCL055W,YHL027W,KAR4,RIM101,0.21,0.0021,335,YCL055W_cluster,YCL055W_cluster,YCL055W_cluster,0.0021
YCL055W,YHR006W,KAR4,STP2,0.23,0.0023,335,YCL055W_cluster,YCL055W_cluster,YCL055W_cluster,0.0023
YCL055W,YHR084W,KAR4,STE12,0.3,0.003,335,YCL055W_cluster,YCL055W_cluster,YCL055W_cluster,0.003
YCL055W,YHR124W,KAR4,NDT80,0.53,0.0053,335,YCL055W_cluster,YCL055W_cluster,YCL055W_cluster,0.0053
YCL055W,YHR177W,KAR4,ROF1,0.26,0.0026,335,YCL055W_cluster,YCL055W_cluster,YCL055W_cluster,0.0026
YCL055W,YHR178W,KAR4,STB5,0.09,0.0009,335,YCL055W_cluster,YCL055W_cluster,YCL055W_cluster,0.0009
YCL055W,YHR206W,KAR4,SKN7,0.53,0.0053,335,YCL055W_cluster,YCL055W_cluster,YCL055W_cluster,0.0053
YCL055W,YIL036W,KAR4,CST6,0.11,0.0011,335,YCL055W_cluster,YCL055W_cluster,YCL055W_cluster,0.0011
YCL055W,YIL101C,KAR4,XBP1,0.21,0.0021,335,YCL055W_cluster,YCL055W_cluster,YCL055W_cluster,0.0021
YCL055W,YIL131C,KAR4,FKH1,0.25,0.0025,335,YCL055W_cluster,YCL055W_cluster,YCL055W_cluster,0.0025
YCL055W,YIR018W,KAR4,YAP5,0.17,0.0017,245,YCL055W_cluster,YCL055W_cluster,YCL055W_cluster,0.0017
YCL055W,YIR023W,KAR4,DAL81,0.32,0.0032,335,YCL055W_cluster,YCL055W_cluster,YCL055W_cluster,0.0032
YCL055W,YJL056C,KAR4,ZAP1,0.34,0.0034,335,YCL055W_cluster,YCL055W_cluster,YCL055W_cluster,0.0034
YCL055W,YJL089W,KAR4,SIP4,0.18,0.0018,335,YCL055W_cluster,YCL055W_cluster,YCL055W_cluster,0.0018
YCL055W,YJL103C,KAR4,GSM1,0.21,0.0021,335,YCL055W_cluster,YCL055W_cluster,YCL055W_cluster,0.0021
YCL055W,YJL110C,KAR4,GZF3,0.46,0.0046,335,YCL055W_cluster,YCL055W_cluster,YCL055W_cluster,0.0046
YCL055W,YJR060W,KAR4,CBF1,0.3,0.003,335,YCL055W_cluster,YCL055W_cluster,YCL055W_cluster,0.003
YCL055W,YJR094C,KAR4,IME1,0.15,0.0015,335,YCL055W_cluster,YCL055W_cluster,YCL055W_cluster,0.0015
YCL055W,YKL015W,KAR4,PUT3,0.54,0.0054,335,YCL055W_cluster,YCL055W_cluster,YCL055W_cluster,0.0054
YCL055W,YKL032C,KAR4,IXR1,0.12,0.0012,335,YCL055W_cluster,YCL055W_cluster,YCL055W_cluster,0.0012
YCL055W,YKL038W,KAR4,RGT1,0.2,0.002,335,YCL055W_cluster,YCL055W_cluster,YCL055W_cluster,0.002
YCL055W,YKL062W,KAR4,MSN4,0.42,0.0042,335,YCL055W_cluster,YCL055W_cluster,YCL055W_cluster,0.0042
YCL055W,YKL109W,KAR4,HAP4,0.23,0.0023,335,YCL055W_cluster,YCL055W_cluster,YCL055W_cluster,0.0023
YCL055W,YKL112W,KAR4,ABF1,0.0,0.0,335,YCL055W_cluster,YCL055W_cluster,YCL055W_cluster,0.0
YCL055W,YKL185W,KAR4,ASH1,0.22,0.0022,335,YCL055W_cluster,YCL055W_cluster,YCL055W_cluster,0.0022
YCL055W,YKR034W,KAR4,DAL80,0.17,0.0017,269,YCL055W_cluster,YCL055W_cluster,YCL055W_cluster,0.0017
YCL055W,YKR099W,KAR4,BAS1,0.35,0.0035,335,YCL055W_cluster,YCL055W_cluster,YCL055W_cluster,0.0035
YCL055W,YLR014C,KAR4,PPR1,0.25,0.0025,335,YCL055W_cluster,YCL055W_cluster,YCL055W_cluster,0.0025
YCL055W,YLR098C,KAR4,CHA4,0.42,0.0042,335,YCL055W_cluster,YCL055W_cluster,YCL055W_cluster,0.0042
YCL055W,YLR131C,KAR4,ACE2,0.55,0.0055,335,YCL055W_cluster,YCL055W_cluster,YCL055W_cluster,0.0055
YCL055W,YLR176C,KAR4,RFX1,0.53,0.0053,335,YCL055W_cluster,YCL055W_cluster,YCL055W_cluster,0.0053
YCL055W,YLR228C,KAR4,ECM22,0.09,0.0009,335,YCL055W_cluster,YCL055W_cluster,YCL055W_cluster,0.0009
YCL055W,YLR256W,KAR4,HAP1,0.34,0.0034,335,YCL055W_cluster,YCL055W_cluster,YCL055W_cluster,0.0034
YCL055W,YLR266C,KAR4,PDR8,0.59,0.0059,335,YCL055W_cluster,YCL055W_cluster,YCL055W_cluster,0.0059
YCL055W,YLR451W,KAR4,LEU3,0.0,0.0,335,YCL055W_cluster,YCL055W_cluster,YCL055W_cluster,0.0
YCL055W,YML007W,KAR4,YAP1,0.31,0.0031,335,YCL055W_cluster,YCL055W_cluster,YCL055W_cluster,0.0031
YCL055W,YML076C,KAR4,WAR1,0.16,0.0016,335,YCL055W_cluster,YCL055W_cluster,YCL055W_cluster,0.0016
YCL055W,YML081W,KAR4,TDA9,0.26,0.0026,335,YCL055W_cluster,YCL055W_cluster,YCL055W_cluster,0.0026
YCL055W,YML099C,KAR4,ARG81,0.25,0.0025,335,YCL055W_cluster,YCL055W_cluster,YCL055W_cluster,0.0025
YCL055W,YMR019W,KAR4,STB4,0.24,0.0024,335,YCL055W_cluster,YCL055W_cluster,YCL055W_cluster,0.0024
YCL055W,YMR021C,KAR4,MAC1,0.13,0.0013,335,YCL055W_cluster,YCL055W_cluster,YCL055W_cluster,0.0013
YCL055W,YMR037C,KAR4,MSN2,0.3,0.003,335,YCL055W_cluster,YCL055W_cluster,YCL055W_cluster,0.003
YCL055W,YMR042W,KAR4,ARG80,0.2,0.002,177,YCL055W_cluster,YCL055W_cluster,YCL055W_cluster,0.002
YCL055W,YMR043W,KAR4,MCM1,0.0,0.0,286,YCL055W_cluster,YCL055W_cluster,YCL055W_cluster,0.0
YCL055W,YMR070W,KAR4,MOT3,0.0,0.0,335,YCL055W_cluster,YCL055W_cluster,YCL055W_cluster,0.0
YCL055W,YMR164C,KAR4,MSS11,0.1,0.001,335,YCL055W_cluster,YCL055W_cluster,YCL055W_cluster,0.001
YCL055W,YMR172W,KAR4,HOT1,0.19,0.0019,335,YCL055W_cluster,YCL055W_cluster,YCL055W_cluster,0.0019
YCL055W,YMR280C,KAR4,CAT8,0.41,0.0041,335,YCL055W_cluster,YCL055W_cluster,YCL055W_cluster,0.0041
YCL055W,YNL027W,KAR4,CRZ1,0.31,0.0031,335,YCL055W_cluster,YCL055W_cluster,YCL055W_cluster,0.0031
YCL055W,YNL068C,KAR4,FKH2,0.26,0.0026,335,YCL055W_cluster,YCL055W_cluster,YCL055W_cluster,0.0026
YCL055W,YNL103W,KAR4,MET4,0.2,0.002,335,YCL055W_cluster,YCL055W_cluster,YCL055W_cluster,0.002
YCL055W,YNL167C,KAR4,SKO1,0.63,0.0063,335,YCL055W_cluster,YCL055W_cluster,YCL055W_cluster,0.0063
YCL055W,YNL199C,KAR4,GCR2,0.35,0.0035,335,YCL055W_cluster,YCL055W_cluster,YCL055W_cluster,0.0035
YCL055W,YNL216W,KAR4,RAP1,0.26,0.0026,335,YCL055W_cluster,YCL055W_cluster,YCL055W_cluster,0.0026
YCL055W,YNL314W,KAR4,DAL82,0.34,0.0034,255,YCL055W_cluster,YCL055W_cluster,YCL055W_cluster,0.0034
YCL055W,YOL067C,KAR4,RTG1,0.4,0.004,177,YCL055W_cluster,YCL055W_cluster,YCL055W_cluster,0.004
YCL055W,YOL108C,KAR4,INO4,0.0,0.0,151,YCL055W_cluster,YCL055W_cluster,YCL055W_cluster,0.0
YCL055W,YOR028C,KAR4,CIN5,0.16,0.0016,295,YCL055W_cluster,YCL055W_cluster,YCL055W_cluster,0.0016
YCL055W,YOR113W,KAR4,AZF1,0.17,0.0017,335,YCL055W_cluster,YCL055W_cluster,YCL055W_cluster,0.0017
YCL055W,YOR140W,KAR4,SFL1,0.46,0.0046,335,YCL055W_cluster,YCL055W_cluster,YCL055W_cluster,0.0046
YCL055W,YOR162C,KAR4,YRR1,0.09,0.0009,335,YCL055W_cluster,YCL055W_cluster,YCL055W_cluster,0.0009
YCL055W,YOR337W,KAR4,TEA1,0.19,0.0019,335,YCL055W_cluster,YCL055W_cluster,YCL055W_cluster,0.0019
YCL055W,YOR344C,KAR4,TYE7,0.98,0.0098,291,YCL055W_cluster,YCL055W_cluster,YCL055W_cluster,0.0098
YCL055W,YOR358W,KAR4,HAP5,0.35,0.0035,242,YCL055W_cluster,YCL055W_cluster,YCL055W_cluster,0.0035
YCL055W,YOR363C,KAR4,PIP2,0.3,0.003,335,YCL055W_cluster,YCL055W_cluster,YCL055W_cluster,0.003
YCL055W,YPL038W,KAR4,MET31,0.0,0.0,177,YCL055W_cluster,YCL055W_cluster,YCL055W_cluster,0.0
YCL055W,YPL075W,KAR4,GCR1,0.0,0.0,335,YCL055W_cluster,YCL055W_cluster,YCL055W_cluster,0.0
YCL055W,YPL089C,KAR4,RLM1,0.62,0.0062,335,YCL055W_cluster,YCL055W_cluster,YCL055W_cluster,0.0062
YCL055W,YPL133C,KAR4,RDS2,0.13,0.0013,335,YCL055W_cluster,YCL055W_cluster,YCL055W_cluster,0.0013
YCL055W,YPL202C,KAR4,AFT2,0.4,0.004,335,YCL055W_cluster,YCL055W_cluster,YCL055W_cluster,0.004
YCL055W,YPL230W,KAR4,USV1,0.0,0.0,335,YCL055W_cluster,YCL055W_cluster,YCL055W_cluster,0.0
YCL055W,YPL248C,KAR4,GAL4,0.17,0.0017,335,YCL055W_cluster,YCL055W_cluster,YCL055W_cluster,0.0017
YCL055W,YPR008W,KAR4,HAA1,0.3,0.003,335,YCL055W_cluster,YCL055W_cluster,YCL055W_cluster,0.003
YCL055W,YPR065W,KAR4,ROX1,0.29,0.0029,335,YCL055W_cluster,YCL055W_cluster,YCL055W_cluster,0.0029
YCL055W,YPR199C,KAR4,ARR1,0.0,0.0,294,YCL055W_cluster,YCL055W_cluster,YCL055W_cluster,0.0
YCR065W,YCR106W,HCM1,RDS1,0.29,0.0029,564,YCR065W_cluster,YCR065W_cluster,YCR065W_cluster,0.0029
YCR065W,YDL020C,HCM1,RPN4,0.75,0.0075,531,YCR065W_cluster,YCR065W_cluster,YCR065W_cluster,0.0075
YCR065W,YDL056W,HCM1,MBP1,0.58,0.0058,564,YCR065W_cluster,YCR065W_cluster,YCR065W_cluster,0.0058
YCR065W,YDL106C,HCM1,PHO2,0.64,0.0064,559,YCR065W_cluster,YCR065W_cluster,YCR065W_cluster,0.0064
YCR065W,YDL170W,HCM1,UGA3,0.19,0.0019,528,YCR065W_cluster,YCR065W_cluster,YCR065W_cluster,0.0019
YCR065W,YDR034C,HCM1,LYS14,0.53,0.0053,564,YCR065W_cluster,YCR065W_cluster,YCR065W_cluster,0.0053
YCR065W,YDR043C,HCM1,NRG1,0.0,0.0,231,YCR065W_cluster,YCR065W_cluster,YCR065W_cluster,0.0
YCR065W,YDR096W,HCM1,GIS1,0.49,0.0049,564,YCR065W_cluster,YCR065W_cluster,YCR065W_cluster,0.0049
YCR065W,YDR123C,HCM1,INO2,0.23,0.0023,304,YCR065W_cluster,YCR065W_cluster,YCR065W_cluster,0.0023
YCR065W,YDR146C,HCM1,SWI5,0.16,0.0016,564,YCR065W_cluster,YCR065W_cluster,YCR065W_cluster,0.0016
YCR065W,YDR207C,HCM1,UME6,0.96,0.0096,564,YCR065W_cluster,YCR065W_cluster,YCR065W_cluster,0.0096
YCR065W,YDR213W,HCM1,UPC2,0.49,0.0049,564,YCR065W_cluster,YCR065W_cluster,YCR065W_cluster,0.0049
YCR065W,YDR216W,HCM1,ADR1,0.54,0.0054,564,YCR065W_cluster,YCR065W_cluster,YCR065W_cluster,0.0054
YCR065W,YDR253C,HCM1,MET32,0.27,0.0027,191,YCR065W_cluster,YCR065W_cluster,YCR065W_cluster,0.0027
YCR065W,YDR310C,HCM1,SUM1,0.69,0.0069,564,YCR065W_cluster,YCR065W_cluster,YCR065W_cluster,0.0069
YCR065W,YDR423C,HCM1,CAD1,0.31,0.0031,409,YCR065W_cluster,YCR065W_cluster,YCR065W_cluster,0.0031
YCR065W,YDR463W,HCM1,STP1,0.47,0.0047,519,YCR065W_cluster,YCR065W_cluster,YCR065W_cluster,0.0047
YCR065W,YEL009C,HCM1,GCN4,0.48,0.0048,281,YCR065W_cluster,YCR065W_cluster,YCR065W_cluster,0.0048
YCR065W,YER028C,HCM1,MIG3,0.53,0.0053,394,YCR065W_cluster,YCR065W_cluster,YCR065W_cluster,0.0053
YCR065W,YER040W,HCM1,GLN3,0.24,0.0024,564,YCR065W_cluster,YCR065W_cluster,YCR065W_cluster,0.0024
YCR065W,YER045C,HCM1,ACA1,0.39,0.0039,489,YCR065W_cluster,YCR065W_cluster,YCR065W_cluster,0.0039
YCR065W,YER068W,HCM1,MOT2,0.44,0.0044,564,YCR065W_cluster,YCR065W_cluster,YCR065W_cluster,0.0044
YCR065W,YER111C,HCM1,SWI4,0.88,0.0088,564,YCR065W_cluster,YCR065W_cluster,YCR065W_cluster,0.0088
YCR065W,YER130C,HCM1,COM2,0.51,0.0051,443,YCR065W_cluster,YCR065W_cluster,YCR065W_cluster,0.0051
YCR065W,YER169W,HCM1,RPH1,0.6,0.006,564,YCR065W_cluster,YCR065W_cluster,YCR065W_cluster,0.006
YCR065W,YFL021W,HCM1,GAT1,1.25,0.0125,510,YCR065W_cluster,YCR065W_cluster,YCR065W_cluster,0.0125
YCR065W,YFL031W,HCM1,HAC1,0.13,0.0013,238,YCR065W_cluster,YCR065W_cluster,YCR065W_cluster,0.0013
YCR065W,YFL052W,HCM1,ZNF1,0.1,0.001,465,YCR065W_cluster,YCR065W_cluster,YCR065W_cluster,0.001
YCR065W,YFR034C,HCM1,PHO4,0.47,0.0047,312,YCR065W_cluster,YCR065W_cluster,YCR065W_cluster,0.0047
YCR065W,YGL013C,HCM1,PDR1,0.69,0.0069,564,YCR065W_cluster,YCR065W_cluster,YCR065W_cluster,0.0069
YCR065W,YGL035C,HCM1,MIG1,0.77,0.0077,504,YCR065W_cluster,YCR065W_cluster,YCR065W_cluster,0.0077
YCR065W,YGL071W,HCM1,AFT1,0.57,0.0057,564,YCR065W_cluster,YCR065W_cluster,YCR065W_cluster,0.0057
YCR065W,YGL073W,HCM1,HSF1,0.59,0.0059,564,YCR065W_cluster,YCR065W_cluster,YCR065W_cluster,0.0059
YCR065W,YGL162W,HCM1,SUT1,0.35,0.0035,299,YCR065W_cluster,YCR065W_cluster,YCR065W_cluster,0.0035
YCR065W,YGL166W,HCM1,CUP2,0.39,0.0039,225,YCR065W_cluster,YCR065W_cluster,YCR065W_cluster,0.0039
YCR065W,YGL209W,HCM1,MIG2,0.21,0.0021,382,YCR065W_cluster,YCR065W_cluster,YCR065W_cluster,0.0021
YCR065W,YGL237C,HCM1,HAP2,0.75,0.0075,265,YCR065W_cluster,YCR065W_cluster,YCR065W_cluster,0.0075
YCR065W,YGL254W,HCM1,FZF1,0.35,0.0035,299,YCR065W_cluster,YCR065W_cluster,YCR065W_cluster,0.0035
YCR065W,YGR044C,HCM1,RME1,0.24,0.0024,300,YCR065W_cluster,YCR065W_cluster,YCR065W_cluster,0.0024
YCR065W,YHL009C,HCM1,YAP3,0.46,0.0046,330,YCR065W_cluster,YCR065W_cluster,YCR065W_cluster,0.0046
YCR065W,YHL027W,HCM1,RIM101,0.17,0.0017,564,YCR065W_cluster,YCR065W_cluster,YCR065W_cluster,0.0017
YCR065W,YHR006W,HCM1,STP2,0.65,0.0065,541,YCR065W_cluster,YCR065W_cluster,YCR065W_cluster,0.0065
YCR065W,YHR084W,HCM1,STE12,0.41,0.0041,564,YCR065W_cluster,YCR065W_cluster,YCR065W_cluster,0.0041
YCR065W,YHR124W,HCM1,NDT80,0.26,0.0026,564,YCR065W_cluster,YCR065W_cluster,YCR065W_cluster,0.0026
YCR065W,YHR177W,HCM1,ROF1,0.5,0.005,453,YCR065W_cluster,YCR065W_cluster,YCR065W_cluster,0.005
YCR065W,YHR178W,HCM1,STB5,0.7,0.007,564,YCR065W_cluster,YCR065W_cluster,YCR065W_cluster,0.007
YCR065W,YHR206W,HCM1,SKN7,0.69,0.0069,564,YCR065W_cluster,YCR065W_cluster,YCR065W_cluster,0.0069
YCR065W,YIL036W,HCM1,CST6,0.71,0.0071,564,YCR065W_cluster,YCR065W_cluster,YCR065W_cluster,0.0071
YCR065W,YIL101C,HCM1,XBP1,0.76,0.0076,564,YCR065W_cluster,YCR065W_cluster,YCR065W_cluster,0.0076
YCR065W,YIL131C,HCM1,FKH1,0.98,0.0098,484,YCR065W_cluster,YCR065W_cluster,YCR065W_cluster,0.0098
YCR065W,YIR018W,HCM1,YAP5,0.0,0.0,245,YCR065W_cluster,YCR065W_cluster,YCR065W_cluster,0.0
YCR065W,YIR023W,HCM1,DAL81,0.48,0.0048,564,YCR065W_cluster,YCR065W_cluster,YCR065W_cluster,0.0048
YCR065W,YJL056C,HCM1,ZAP1,0.21,0.0021,564,YCR065W_cluster,YCR065W_cluster,YCR065W_cluster,0.0021
YCR065W,YJL089W,HCM1,SIP4,0.59,0.0059,564,YCR065W_cluster,YCR065W_cluster,YCR065W_cluster,0.0059
YCR065W,YJL103C,HCM1,GSM1,0.26,0.0026,564,YCR065W_cluster,YCR065W_cluster,YCR065W_cluster,0.0026
YCR065W,YJL110C,HCM1,GZF3,0.64,0.0064,551,YCR065W_cluster,YCR065W_cluster,YCR065W_cluster,0.0064
YCR065W,YJR060W,HCM1,CBF1,0.56,0.0056,351,YCR065W_cluster,YCR065W_cluster,YCR065W_cluster,0.0056
YCR065W,YJR094C,HCM1,IME1,0.33,0.0033,360,YCR065W_cluster,YCR065W_cluster,YCR065W_cluster,0.0033
YCR065W,YKL015W,HCM1,PUT3,0.46,0.0046,564,YCR065W_cluster,YCR065W_cluster,YCR065W_cluster,0.0046
YCR065W,YKL032C,HCM1,IXR1,0.56,0.0056,564,YCR065W_cluster,YCR065W_cluster,YCR065W_cluster,0.0056
YCR065W,YKL038W,HCM1,RGT1,0.76,0.0076,564,YCR065W_cluster,YCR065W_cluster,YCR065W_cluster,0.0076
YCR065W,YKL062W,HCM1,MSN4,0.09,0.0009,564,YCR065W_cluster,YCR065W_cluster,YCR065W_cluster,0.0009
YCR065W,YKL109W,HCM1,HAP4,0.55,0.0055,554,YCR065W_cluster,YCR065W_cluster,YCR065W_cluster,0.0055
YCR065W,YKL112W,HCM1,ABF1,0.79,0.0079,564,YCR065W_cluster,YCR065W_cluster,YCR065W_cluster,0.0079
YCR065W,YKL185W,HCM1,ASH1,0.62,0.0062,564,YCR065W_cluster,YCR065W_cluster,YCR065W_cluster,0.0062
YCR065W,YKR034W,HCM1,DAL80,0.12,0.0012,269,YCR065W_cluster,YCR065W_cluster,YCR065W_cluster,0.0012
YCR065W,YKR099W,HCM1,BAS1,0.52,0.0052,564,YCR065W_cluster,YCR065W_cluster,YCR065W_cluster,0.0052
YCR065W,YLR014C,HCM1,PPR1,0.84,0.0084,564,YCR065W_cluster,YCR065W_cluster,YCR065W_cluster,0.0084
YCR065W,YLR098C,HCM1,CHA4,0.08,0.0008,564,YCR065W_cluster,YCR065W_cluster,YCR065W_cluster,0.0008
YCR065W,YLR131C,HCM1,ACE2,1.08,0.0108,564,YCR065W_cluster,YCR065W_cluster,YCR065W_cluster,0.0108
YCR065W,YLR176C,HCM1,RFX1,0.37,0.0037,564,YCR065W_cluster,YCR065W_cluster,YCR065W_cluster,0.0037
YCR065W,YLR228C,HCM1,ECM22,0.74,0.0074,564,YCR065W_cluster,YCR065W_cluster,YCR065W_cluster,0.0074
YCR065W,YLR256W,HCM1,HAP1,0.65,0.0065,564,YCR065W_cluster,YCR065W_cluster,YCR065W_cluster,0.0065
YCR065W,YLR266C,HCM1,PDR8,0.48,0.0048,564,YCR065W_cluster,YCR065W_cluster,YCR065W_cluster,0.0048
YCR065W,YLR451W,HCM1,LEU3,0.42,0.0042,564,YCR065W_cluster,YCR065W_cluster,YCR065W_cluster,0.0042
YCR065W,YML007W,HCM1,YAP1,0.34,0.0034,564,YCR065W_cluster,YCR065W_cluster,YCR065W_cluster,0.0034
YCR065W,YML076C,HCM1,WAR1,0.47,0.0047,564,YCR065W_cluster,YCR065W_cluster,YCR065W_cluster,0.0047
YCR065W,YML081W,HCM1,TDA9,0.45,0.0045,564,YCR065W_cluster,YCR065W_cluster,YCR065W_cluster,0.0045
YCR065W,YML099C,HCM1,ARG81,0.49,0.0049,564,YCR065W_cluster,YCR065W_cluster,YCR065W_cluster,0.0049
YCR065W,YMR019W,HCM1,STB4,0.61,0.0061,564,YCR065W_cluster,YCR065W_cluster,YCR065W_cluster,0.0061
YCR065W,YMR021C,HCM1,MAC1,0.0,0.0,417,YCR065W_cluster,YCR065W_cluster,YCR065W_cluster,0.0
YCR065W,YMR037C,HCM1,MSN2,1.22,0.0122,564,YCR065W_cluster,YCR065W_cluster,YCR065W_cluster,0.0122
YCR065W,YMR042W,HCM1,ARG80,0.27,0.0027,177,YCR065W_cluster,YCR065W_cluster,YCR065W_cluster,0.0027
YCR065W,YMR043W,HCM1,MCM1,0.25,0.0025,286,YCR065W_cluster,YCR065W_cluster,YCR065W_cluster,0.0025
YCR065W,YMR070W,HCM1,MOT3,0.2,0.002,490,YCR065W_cluster,YCR065W_cluster,YCR065W_cluster,0.002
YCR065W,YMR164C,HCM1,MSS11,0.4,0.004,564,YCR065W_cluster,YCR065W_cluster,YCR065W_cluster,0.004
YCR065W,YMR172W,HCM1,HOT1,0.24,0.0024,564,YCR065W_cluster,YCR065W_cluster,YCR065W_cluster,0.0024
YCR065W,YMR280C,HCM1,CAT8,0.83,0.0083,564,YCR065W_cluster,YCR065W_cluster,YCR065W_cluster,0.0083
YCR065W,YNL027W,HCM1,CRZ1,0.42,0.0042,564,YCR065W_cluster,YCR065W_cluster,YCR065W_cluster,0.0042
YCR065W,YNL068C,HCM1,FKH2,1.45,0.0145,564,YCR065W_cluster,YCR065W_cluster,YCR065W_cluster,0.0145
YCR065W,YNL103W,HCM1,MET4,0.42,0.0042,564,YCR065W_cluster,YCR065W_cluster,YCR065W_cluster,0.0042
YCR065W,YNL167C,HCM1,SKO1,0.68,0.0068,564,YCR065W_cluster,YCR065W_cluster,YCR065W_cluster,0.0068
YCR065W,YNL199C,HCM1,GCR2,0.19,0.0019,534,YCR065W_cluster,YCR065W_cluster,YCR065W_cluster,0.0019
YCR065W,YNL216W,HCM1,RAP1,0.44,0.0044,564,YCR065W_cluster,YCR065W_cluster,YCR065W_cluster,0.0044
YCR065W,YNL314W,HCM1,DAL82,0.0,0.0,255,YCR065W_cluster,YCR065W_cluster,YCR065W_cluster,0.0
YCR065W,YOL067C,HCM1,RTG1,0.27,0.0027,177,YCR065W_cluster,YCR065W_cluster,YCR065W_cluster,0.0027
YCR065W,YOL108C,HCM1,INO4,0.14,0.0014,151,YCR065W_cluster,YCR065W_cluster,YCR065W_cluster,0.0014
YCR065W,YOR028C,HCM1,CIN5,0.36,0.0036,295,YCR065W_cluster,YCR065W_cluster,YCR065W_cluster,0.0036
YCR065W,YOR113W,HCM1,AZF1,0.56,0.0056,564,YCR065W_cluster,YCR065W_cluster,YCR065W_cluster,0.0056
YCR065W,YOR140W,HCM1,SFL1,1.0,0.01,564,YCR065W_cluster,YCR065W_cluster,YCR065W_cluster,0.01
YCR065W,YOR162C,HCM1,YRR1,0.37,0.0037,564,YCR065W_cluster,YCR065W_cluster,YCR065W_cluster,0.0037
YCR065W,YOR337W,HCM1,TEA1,0.46,0.0046,564,YCR065W_cluster,YCR065W_cluster,YCR065W_cluster,0.0046
YCR065W,YOR344C,HCM1,TYE7,0.36,0.0036,291,YCR065W_cluster,YCR065W_cluster,YCR065W_cluster,0.0036
YCR065W,YOR358W,HCM1,HAP5,0.0,0.0,242,YCR065W_cluster,YCR065W_cluster,YCR065W_cluster,0.0
YCR065W,YOR363C,HCM1,PIP2,0.65,0.0065,564,YCR065W_cluster,YCR065W_cluster,YCR065W_cluster,0.0065
YCR065W,YPL038W,HCM1,MET31,0.0,0.0,177,YCR065W_cluster,YCR065W_cluster,YCR065W_cluster,0.0
YCR065W,YPL075W,HCM1,GCR1,0.08,0.0008,564,YCR065W_cluster,YCR065W_cluster,YCR065W_cluster,0.0008
YCR065W,YPL089C,HCM1,RLM1,0.25,0.0025,564,YCR065W_cluster,YCR065W_cluster,YCR065W_cluster,0.0025
YCR065W,YPL133C,HCM1,RDS2,0.3,0.003,446,YCR065W_cluster,YCR065W_cluster,YCR065W_cluster,0.003
YCR065W,YPL202C,HCM1,AFT2,0.21,0.0021,416,YCR065W_cluster,YCR065W_cluster,YCR065W_cluster,0.0021
YCR065W,YPL230W,HCM1,USV1,0.98,0.0098,391,YCR065W_cluster,YCR065W_cluster,YCR065W_cluster,0.0098
YCR065W,YPL248C,HCM1,GAL4,0.99,0.0099,564,YCR065W_cluster,YCR065W_cluster,YCR065W_cluster,0.0099
YCR065W,YPR008W,HCM1,HAA1,0.49,0.0049,564,YCR065W_cluster,YCR065W_cluster,YCR065W_cluster,0.0049
YCR065W,YPR065W,HCM1,ROX1,0.77,0.0077,368,YCR065W_cluster,YCR065W_cluster,YCR065W_cluster,0.0077
YCR065W,YPR199C,HCM1,ARR1,0.36,0.0036,294,YCR065W_cluster,YCR065W_cluster,YCR065W_cluster,0.0036
YCR106W,YDL020C,RDS1,RPN4,0.37,0.0037,531,YCR106W_cluster,YCR106W_cluster,YCR106W_cluster,0.0037
YCR106W,YDL056W,RDS1,MBP1,0.67,0.0067,832,YCR106W_cluster,YCR106W_cluster,YCR106W_cluster,0.0067
YCR106W,YDL106C,RDS1,PHO2,0.74,0.0074,559,YCR106W_cluster,YCR106W_cluster,YCR106W_cluster,0.0074
YCR106W,YDL170W,RDS1,UGA3,0.6,0.006,528,YCR106W_cluster,YCR106W_cluster,YCR106W_cluster,0.006
YCR106W,YDR034C,RDS1,LYS14,0.63,0.0063,790,YCR106W_cluster,YCR106W_cluster,YCR106W_cluster,0.0063
YCR106W,YDR043C,RDS1,NRG1,0.38,0.0038,231,YCR106W_cluster,YCR106W_cluster,YCR106W_cluster,0.0038
YCR106W,YDR096W,RDS1,GIS1,0.47,0.0047,832,YCR106W_cluster,YCR106W_cluster,YCR106W_cluster,0.0047
YCR106W,YDR123C,RDS1,INO2,0.45,0.0045,304,YCR106W_cluster,YCR106W_cluster,YCR106W_cluster,0.0045
YCR106W,YDR146C,RDS1,SWI5,1.06,0.0106,709,YCR106W_cluster,YCR106W_cluster,YCR106W_cluster,0.0106
YCR106W,YDR207C,RDS1,UME6,0.55,0.0055,832,YCR106W_cluster,YCR106W_cluster,YCR106W_cluster,0.0055
YCR106W,YDR213W,RDS1,UPC2,0.59,0.0059,832,YCR106W_cluster,YCR106W_cluster,YCR106W_cluster,0.0059
YCR106W,YDR216W,RDS1,ADR1,0.61,0.0061,832,YCR106W_cluster,YCR106W_cluster,YCR106W_cluster,0.0061
YCR106W,YDR253C,RDS1,MET32,0.3,0.003,191,YCR106W_cluster,YCR106W_cluster,YCR106W_cluster,0.003
YCR106W,YDR310C,RDS1,SUM1,0.81,0.0081,832,YCR106W_cluster,YCR106W_cluster,YCR106W_cluster,0.0081
YCR106W,YDR423C,RDS1,CAD1,0.16,0.0016,409,YCR106W_cluster,YCR106W_cluster,YCR106W_cluster,0.0016
YCR106W,YDR463W,RDS1,STP1,0.15,0.0015,519,YCR106W_cluster,YCR106W_cluster,YCR106W_cluster,0.0015
YCR106W,YEL009C,RDS1,GCN4,0.36,0.0036,281,YCR106W_cluster,YCR106W_cluster,YCR106W_cluster,0.0036
YCR106W,YER028C,RDS1,MIG3,0.41,0.0041,394,YCR106W_cluster,YCR106W_cluster,YCR106W_cluster,0.0041
YCR106W,YER040W,RDS1,GLN3,0.66,0.0066,730,YCR106W_cluster,YCR106W_cluster,YCR106W_cluster,0.0066
YCR106W,YER045C,RDS1,ACA1,0.31,0.0031,489,YCR106W_cluster,YCR106W_cluster,YCR106W_cluster,0.0031
YCR106W,YER068W,RDS1,MOT2,0.57,0.0057,587,YCR106W_cluster,YCR106W_cluster,YCR106W_cluster,0.0057
YCR106W,YER111C,RDS1,SWI4,0.59,0.0059,832,YCR106W_cluster,YCR106W_cluster,YCR106W_cluster,0.0059
YCR106W,YER130C,RDS1,COM2,0.56,0.0056,443,YCR106W_cluster,YCR106W_cluster,YCR106W_cluster,0.0056
YCR106W,YER169W,RDS1,RPH1,0.44,0.0044,796,YCR106W_cluster,YCR106W_cluster,YCR106W_cluster,0.0044
YCR106W,YFL021W,RDS1,GAT1,0.53,0.0053,510,YCR106W_cluster,YCR106W_cluster,YCR106W_cluster,0.0053
YCR106W,YFL031W,RDS1,HAC1,0.47,0.0047,238,YCR106W_cluster,YCR106W_cluster,YCR106W_cluster,0.0047
YCR106W,YFL052W,RDS1,ZNF1,0.31,0.0031,465,YCR106W_cluster,YCR106W_cluster,YCR106W_cluster,0.0031
YCR106W,YFR034C,RDS1,PHO4,0.53,0.0053,312,YCR106W_cluster,YCR106W_cluster,YCR106W_cluster,0.0053
YCR106W,YGL013C,RDS1,PDR1,0.48,0.0048,832,YCR106W_cluster,YCR106W_cluster,YCR106W_cluster,0.0048
YCR106W,YGL035C,RDS1,MIG1,0.54,0.0054,504,YCR106W_cluster,YCR106W_cluster,YCR106W_cluster,0.0054
YCR106W,YGL071W,RDS1,AFT1,0.74,0.0074,690,YCR106W_cluster,YCR106W_cluster,YCR106W_cluster,0.0074
YCR106W,YGL073W,RDS1,HSF1,0.61,0.0061,832,YCR106W_cluster,YCR106W_cluster,YCR106W_cluster,0.0061
YCR106W,YGL162W,RDS1,SUT1,0.81,0.0081,299,YCR106W_cluster,YCR106W_cluster,YCR106W_cluster,0.0081
YCR106W,YGL166W,RDS1,CUP2,0.19,0.0019,225,YCR106W_cluster,YCR106W_cluster,YCR106W_cluster,0.0019
YCR106W,YGL209W,RDS1,MIG2,0.25,0.0025,382,YCR106W_cluster,YCR106W_cluster,YCR106W_cluster,0.0025
YCR106W,YGL237C,RDS1,HAP2,0.0,0.0,265,YCR106W_cluster,YCR106W_cluster,YCR106W_cluster,0.0
YCR106W,YGL254W,RDS1,FZF1,0.27,0.0027,299,YCR106W_cluster,YCR106W_cluster,YCR106W_cluster,0.0027
YCR106W,YGR044C,RDS1,RME1,0.18,0.0018,300,YCR106W_cluster,YCR106W_cluster,YCR106W_cluster,0.0018
YCR106W,YHL009C,RDS1,YAP3,0.35,0.0035,330,YCR106W_cluster,YCR106W_cluster,YCR106W_cluster,0.0035
YCR106W,YHL027W,RDS1,RIM101,0.42,0.0042,625,YCR106W_cluster,YCR106W_cluster,YCR106W_cluster,0.0042
YCR106W,YHR006W,RDS1,STP2,0.52,0.0052,541,YCR106W_cluster,YCR106W_cluster,YCR106W_cluster,0.0052
YCR106W,YHR084W,RDS1,STE12,0.33,0.0033,688,YCR106W_cluster,YCR106W_cluster,YCR106W_cluster,0.0033
YCR106W,YHR124W,RDS1,NDT80,0.7,0.007,627,YCR106W_cluster,YCR106W_cluster,YCR106W_cluster,0.007
YCR106W,YHR177W,RDS1,ROF1,0.24,0.0024,453,YCR106W_cluster,YCR106W_cluster,YCR106W_cluster,0.0024
YCR106W,YHR178W,RDS1,STB5,0.58,0.0058,743,YCR106W_cluster,YCR106W_cluster,YCR106W_cluster,0.0058
YCR106W,YHR206W,RDS1,SKN7,0.49,0.0049,622,YCR106W_cluster,YCR106W_cluster,YCR106W_cluster,0.0049
YCR106W,YIL036W,RDS1,CST6,0.36,0.0036,587,YCR106W_cluster,YCR106W_cluster,YCR106W_cluster,0.0036
YCR106W,YIL101C,RDS1,XBP1,0.69,0.0069,647,YCR106W_cluster,YCR106W_cluster,YCR106W_cluster,0.0069
YCR106W,YIL131C,RDS1,FKH1,0.93,0.0093,484,YCR106W_cluster,YCR106W_cluster,YCR106W_cluster,0.0093
YCR106W,YIR018W,RDS1,YAP5,0.19,0.0019,245,YCR106W_cluster,YCR106W_cluster,YCR106W_cluster,0.0019
YCR106W,YIR023W,RDS1,DAL81,0.52,0.0052,832,YCR106W_cluster,YCR106W_cluster,YCR106W_cluster,0.0052
YCR106W,YJL056C,RDS1,ZAP1,0.54,0.0054,832,YCR106W_cluster,YCR106W_cluster,YCR106W_cluster,0.0054
YCR106W,YJL089W,RDS1,SIP4,0.93,0.0093,829,YCR106W_cluster,YCR106W_cluster,YCR106W_cluster,0.0093
YCR106W,YJL103C,RDS1,GSM1,0.35,0.0035,618,YCR106W_cluster,YCR106W_cluster,YCR106W_cluster,0.0035
YCR106W,YJL110C,RDS1,GZF3,0.29,0.0029,551,YCR106W_cluster,YCR106W_cluster,YCR106W_cluster,0.0029
YCR106W,YJR060W,RDS1,CBF1,0.09,0.0009,351,YCR106W_cluster,YCR106W_cluster,YCR106W_cluster,0.0009
YCR106W,YJR094C,RDS1,IME1,0.17,0.0017,360,YCR106W_cluster,YCR106W_cluster,YCR106W_cluster,0.0017
YCR106W,YKL015W,RDS1,PUT3,0.85,0.0085,832,YCR106W_cluster,YCR106W_cluster,YCR106W_cluster,0.0085
YCR106W,YKL032C,RDS1,IXR1,0.3,0.003,597,YCR106W_cluster,YCR106W_cluster,YCR106W_cluster,0.003
YCR106W,YKL038W,RDS1,RGT1,0.61,0.0061,832,YCR106W_cluster,YCR106W_cluster,YCR106W_cluster,0.0061
YCR106W,YKL062W,RDS1,MSN4,0.42,0.0042,630,YCR106W_cluster,YCR106W_cluster,YCR106W_cluster,0.0042
YCR106W,YKL109W,RDS1,HAP4,0.59,0.0059,554,YCR106W_cluster,YCR106W_cluster,YCR106W_cluster,0.0059
YCR106W,YKL112W,RDS1,ABF1,0.39,0.0039,731,YCR106W_cluster,YCR106W_cluster,YCR106W_cluster,0.0039
YCR106W,YKL185W,RDS1,ASH1,0.43,0.0043,588,YCR106W_cluster,YCR106W_cluster,YCR106W_cluster,0.0043
YCR106W,YKR034W,RDS1,DAL80,0.09,0.0009,269,YCR106W_cluster,YCR106W_cluster,YCR106W_cluster,0.0009
YCR106W,YKR099W,RDS1,BAS1,0.37,0.0037,811,YCR106W_cluster,YCR106W_cluster,YCR106W_cluster,0.0037
YCR106W,YLR014C,RDS1,PPR1,0.29,0.0029,832,YCR106W_cluster,YCR106W_cluster,YCR106W_cluster,0.0029
YCR106W,YLR098C,RDS1,CHA4,0.62,0.0062,648,YCR106W_cluster,YCR106W_cluster,YCR106W_cluster,0.0062
YCR106W,YLR131C,RDS1,ACE2,0.44,0.0044,770,YCR106W_cluster,YCR106W_cluster,YCR106W_cluster,0.0044
YCR106W,YLR176C,RDS1,RFX1,0.68,0.0068,811,YCR106W_cluster,YCR106W_cluster,YCR106W_cluster,0.0068
YCR106W,YLR228C,RDS1,ECM22,0.68,0.0068,814,YCR106W_cluster,YCR106W_cluster,YCR106W_cluster,0.0068
YCR106W,YLR256W,RDS1,HAP1,0.93,0.0093,832,YCR106W_cluster,YCR106W_cluster,YCR106W_cluster,0.0093
YCR106W,YLR266C,RDS1,PDR8,0.53,0.0053,701,YCR106W_cluster,YCR106W_cluster,YCR106W_cluster,0.0053
YCR106W,YLR451W,RDS1,LEU3,0.29,0.0029,832,YCR106W_cluster,YCR106W_cluster,YCR106W_cluster,0.0029
YCR106W,YML007W,RDS1,YAP1,0.62,0.0062,650,YCR106W_cluster,YCR106W_cluster,YCR106W_cluster,0.0062
YCR106W,YML076C,RDS1,WAR1,0.57,0.0057,832,YCR106W_cluster,YCR106W_cluster,YCR106W_cluster,0.0057
YCR106W,YML081W,RDS1,TDA9,0.49,0.0049,832,YCR106W_cluster,YCR106W_cluster,YCR106W_cluster,0.0049
YCR106W,YML099C,RDS1,ARG81,0.83,0.0083,832,YCR106W_cluster,YCR106W_cluster,YCR106W_cluster,0.0083
YCR106W,YMR019W,RDS1,STB4,0.4,0.004,832,YCR106W_cluster,YCR106W_cluster,YCR106W_cluster,0.004
YCR106W,YMR021C,RDS1,MAC1,0.49,0.0049,417,YCR106W_cluster,YCR106W_cluster,YCR106W_cluster,0.0049
YCR106W,YMR037C,RDS1,MSN2,0.6,0.006,704,YCR106W_cluster,YCR106W_cluster,YCR106W_cluster,0.006
YCR106W,YMR042W,RDS1,ARG80,0.0,0.0,177,YCR106W_cluster,YCR106W_cluster,YCR106W_cluster,0.0
YCR106W,YMR043W,RDS1,MCM1,0.09,0.0009,286,YCR106W_cluster,YCR106W_cluster,YCR106W_cluster,0.0009
YCR106W,YMR070W,RDS1,MOT3,0.16,0.0016,490,YCR106W_cluster,YCR106W_cluster,YCR106W_cluster,0.0016
YCR106W,YMR164C,RDS1,MSS11,0.46,0.0046,758,YCR106W_cluster,YCR106W_cluster,YCR106W_cluster,0.0046
YCR106W,YMR172W,RDS1,HOT1,0.79,0.0079,719,YCR106W_cluster,YCR106W_cluster,YCR106W_cluster,0.0079
YCR106W,YMR280C,RDS1,CAT8,0.68,0.0068,832,YCR106W_cluster,YCR106W_cluster,YCR106W_cluster,0.0068
YCR106W,YNL027W,RDS1,CRZ1,0.55,0.0055,678,YCR106W_cluster,YCR106W_cluster,YCR106W_cluster,0.0055
YCR106W,YNL068C,RDS1,FKH2,0.36,0.0036,832,YCR106W_cluster,YCR106W_cluster,YCR106W_cluster,0.0036
YCR106W,YNL103W,RDS1,MET4,0.41,0.0041,672,YCR106W_cluster,YCR106W_cluster,YCR106W_cluster,0.0041
YCR106W,YNL167C,RDS1,SKO1,0.62,0.0062,647,YCR106W_cluster,YCR106W_cluster,YCR106W_cluster,0.0062
YCR106W,YNL199C,RDS1,GCR2,0.6,0.006,534,YCR106W_cluster,YCR106W_cluster,YCR106W_cluster,0.006
YCR106W,YNL216W,RDS1,RAP1,0.43,0.0043,827,YCR106W_cluster,YCR106W_cluster,YCR106W_cluster,0.0043
YCR106W,YNL314W,RDS1,DAL82,0.37,0.0037,255,YCR106W_cluster,YCR106W_cluster,YCR106W_cluster,0.0037
YCR106W,YOL067C,RDS1,RTG1,0.1,0.001,177,YCR106W_cluster,YCR106W_cluster,YCR106W_cluster,0.001
YCR106W,YOL108C,RDS1,INO4,0.0,0.0,151,YCR106W_cluster,YCR106W_cluster,YCR106W_cluster,0.0
YCR106W,YOR028C,RDS1,CIN5,0.18,0.0018,295,YCR106W_cluster,YCR106W_cluster,YCR106W_cluster,0.0018
YCR106W,YOR113W,RDS1,AZF1,0.47,0.0047,832,YCR106W_cluster,YCR106W_cluster,YCR106W_cluster,0.0047
YCR106W,YOR140W,RDS1,SFL1,0.32,0.0032,766,YCR106W_cluster,YCR106W_cluster,YCR106W_cluster,0.0032
YCR106W,YOR162C,RDS1,YRR1,1.05,0.0105,810,YCR106W_cluster,YCR106W_cluster,YCR106W_cluster,0.0105
YCR106W,YOR337W,RDS1,TEA1,0.32,0.0032,759,YCR106W_cluster,YCR106W_cluster,YCR106W_cluster,0.0032
YCR106W,YOR344C,RDS1,TYE7,0.27,0.0027,291,YCR106W_cluster,YCR106W_cluster,YCR106W_cluster,0.0027
YCR106W,YOR358W,RDS1,HAP5,0.28,0.0028,242,YCR106W_cluster,YCR106W_cluster,YCR106W_cluster,0.0028
YCR106W,YOR363C,RDS1,PIP2,0.5,0.005,832,YCR106W_cluster,YCR106W_cluster,YCR106W_cluster,0.005
YCR106W,YPL038W,RDS1,MET31,0.1,0.001,177,YCR106W_cluster,YCR106W_cluster,YCR106W_cluster,0.001
YCR106W,YPL075W,RDS1,GCR1,0.57,0.0057,785,YCR106W_cluster,YCR106W_cluster,YCR106W_cluster,0.0057
YCR106W,YPL089C,RDS1,RLM1,0.62,0.0062,676,YCR106W_cluster,YCR106W_cluster,YCR106W_cluster,0.0062
YCR106W,YPL133C,RDS1,RDS2,0.48,0.0048,446,YCR106W_cluster,YCR106W_cluster,YCR106W_cluster,0.0048
YCR106W,YPL202C,RDS1,AFT2,0.32,0.0032,416,YCR106W_cluster,YCR106W_cluster,YCR106W_cluster,0.0032
YCR106W,YPL230W,RDS1,USV1,0.5,0.005,391,YCR106W_cluster,YCR106W_cluster,YCR106W_cluster,0.005
YCR106W,YPL248C,RDS1,GAL4,0.59,0.0059,832,YCR106W_cluster,YCR106W_cluster,YCR106W_cluster,0.0059
YCR106W,YPR008W,RDS1,HAA1,1.41,0.0141,694,YCR106W_cluster,YCR106W_cluster,YCR106W_cluster,0.0141
YCR106W,YPR065W,RDS1,ROX1,0.43,0.0043,368,YCR106W_cluster,YCR106W_cluster,YCR106W_cluster,0.0043
YCR106W,YPR199C,RDS1,ARR1,0.45,0.0045,294,YCR106W_cluster,YCR106W_cluster,YCR106W_cluster,0.0045
YDL020C,YDL056W,RPN4,MBP1,0.98,0.0098,531,YDL020C_cluster,YDL020C_cluster,YDL020C_cluster,0.0098
YDL020C,YDL106C,RPN4,PHO2,0.66,0.0066,531,YDL020C_cluster,YDL020C_cluster,YDL020C_cluster,0.0066
YDL020C,YDL170W,RPN4,UGA3,0.58,0.0058,528,YDL020C_cluster,YDL020C_cluster,YDL020C_cluster,0.0058
YDL020C,YDR034C,RPN4,LYS14,0.77,0.0077,531,YDL020C_cluster,YDL020C_cluster,YDL020C_cluster,0.0077
YDL020C,YDR043C,RPN4,NRG1,0.54,0.0054,231,YDL020C_cluster,YDL020C_cluster,YDL020C_cluster,0.0054
YDL020C,YDR096W,RPN4,GIS1,1.08,0.0108,531,YDL020C_cluster,YDL020C_cluster,YDL020C_cluster,0.0108
YDL020C,YDR123C,RPN4,INO2,0.37,0.0037,304,YDL020C_cluster,YDL020C_cluster,YDL020C_cluster,0.0037
YDL020C,YDR146C,RPN4,SWI5,0.49,0.0049,531,YDL020C_cluster,YDL020C_cluster,YDL020C_cluster,0.0049
YDL020C,YDR207C,RPN4,UME6,0.91,0.0091,531,YDL020C_cluster,YDL020C_cluster,YDL020C_cluster,0.0091
YDL020C,YDR213W,RPN4,UPC2,1.29,0.0129,531,YDL020C_cluster,YDL020C_cluster,YDL020C_cluster,0.0129
YDL020C,YDR216W,RPN4,ADR1,0.55,0.0055,531,YDL020C_cluster,YDL020C_cluster,YDL020C_cluster,0.0055
YDL020C,YDR253C,RPN4,MET32,0.14,0.0014,191,YDL020C_cluster,YDL020C_cluster,YDL020C_cluster,0.0014
YDL020C,YDR310C,RPN4,SUM1,0.77,0.0077,531,YDL020C_cluster,YDL020C_cluster,YDL020C_cluster,0.0077
YDL020C,YDR423C,RPN4,CAD1,0.22,0.0022,409,YDL020C_cluster,YDL020C_cluster,YDL020C_cluster,0.0022
YDL020C,YDR463W,RPN4,STP1,0.78,0.0078,519,YDL020C_cluster,YDL020C_cluster,YDL020C_cluster,0.0078
YDL020C,YEL009C,RPN4,GCN4,0.25,0.0025,281,YDL020C_cluster,YDL020C_cluster,YDL020C_cluster,0.0025
YDL020C,YER028C,RPN4,MIG3,0.33,0.0033,394,YDL020C_cluster,YDL020C_cluster,YDL020C_cluster,0.0033
YDL020C,YER040W,RPN4,GLN3,0.91,0.0091,531,YDL020C_cluster,YDL020C_cluster,YDL020C_cluster,0.0091
YDL020C,YER045C,RPN4,ACA1,0.3,0.003,489,YDL020C_cluster,YDL020C_cluster,YDL020C_cluster,0.003
YDL020C,YER068W,RPN4,MOT2,0.36,0.0036,531,YDL020C_cluster,YDL020C_cluster,YDL020C_cluster,0.0036
YDL020C,YER111C,RPN4,SWI4,0.64,0.0064,531,YDL020C_cluster,YDL020C_cluster,YDL020C_cluster,0.0064
YDL020C,YER130C,RPN4,COM2,1.49,0.0149,443,YDL020C_cluster,YDL020C_cluster,YDL020C_cluster,0.0149
YDL020C,YER169W,RPN4,RPH1,0.46,0.0046,531,YDL020C_cluster,YDL020C_cluster,YDL020C_cluster,0.0046
YDL020C,YFL021W,RPN4,GAT1,0.79,0.0079,510,YDL020C_cluster,YDL020C_cluster,YDL020C_cluster,0.0079
YDL020C,YFL031W,RPN4,HAC1,0.66,0.0066,238,YDL020C_cluster,YDL020C_cluster,YDL020C_cluster,0.0066
YDL020C,YFL052W,RPN4,ZNF1,0.51,0.0051,465,YDL020C_cluster,YDL020C_cluster,YDL020C_cluster,0.0051
YDL020C,YFR034C,RPN4,PHO4,0.49,0.0049,312,YDL020C_cluster,YDL020C_cluster,YDL020C_cluster,0.0049
YDL020C,YGL013C,RPN4,PDR1,0.9,0.009,531,YDL020C_cluster,YDL020C_cluster,YDL020C_cluster,0.009
YDL020C,YGL035C,RPN4,MIG1,0.8,0.008,504,YDL020C_cluster,YDL020C_cluster,YDL020C_cluster,0.008
YDL020C,YGL071W,RPN4,AFT1,1.01,0.0101,531,YDL020C_cluster,YDL020C_cluster,YDL020C_cluster,0.0101
YDL020C,YGL073W,RPN4,HSF1,1.13,0.0113,531,YDL020C_cluster,YDL020C_cluster,YDL020C_cluster,0.0113
YDL020C,YGL162W,RPN4,SUT1,0.49,0.0049,299,YDL020C_cluster,YDL020C_cluster,YDL020C_cluster,0.0049
YDL020C,YGL166W,RPN4,CUP2,0.0,0.0,225,YDL020C_cluster,YDL020C_cluster,YDL020C_cluster,0.0
YDL020C,YGL209W,RPN4,MIG2,0.56,0.0056,382,YDL020C_cluster,YDL020C_cluster,YDL020C_cluster,0.0056
YDL020C,YGL237C,RPN4,HAP2,0.13,0.0013,265,YDL020C_cluster,YDL020C_cluster,YDL020C_cluster,0.0013
YDL020C,YGL254W,RPN4,FZF1,0.37,0.0037,299,YDL020C_cluster,YDL020C_cluster,YDL020C_cluster,0.0037
YDL020C,YGR044C,RPN4,RME1,0.62,0.0062,300,YDL020C_cluster,YDL020C_cluster,YDL020C_cluster,0.0062
YDL020C,YHL009C,RPN4,YAP3,0.59,0.0059,330,YDL020C_cluster,YDL020C_cluster,YDL020C_cluster,0.0059
YDL020C,YHL027W,RPN4,RIM101,0.8,0.008,531,YDL020C_cluster,YDL020C_cluster,YDL020C_cluster,0.008
YDL020C,YHR006W,RPN4,STP2,0.67,0.0067,531,YDL020C_cluster,YDL020C_cluster,YDL020C_cluster,0.0067
YDL020C,YHR084W,RPN4,STE12,0.25,0.0025,531,YDL020C_cluster,YDL020C_cluster,YDL020C_cluster,0.0025
YDL020C,YHR124W,RPN4,NDT80,0.26,0.0026,531,YDL020C_cluster,YDL020C_cluster,YDL020C_cluster,0.0026
YDL020C,YHR177W,RPN4,ROF1,0.21,0.0021,453,YDL020C_cluster,YDL020C_cluster,YDL020C_cluster,0.0021
YDL020C,YHR178W,RPN4,STB5,0.64,0.0064,531,YDL020C_cluster,YDL020C_cluster,YDL020C_cluster,0.0064
YDL020C,YHR206W,RPN4,SKN7,0.35,0.0035,531,YDL020C_cluster,YDL020C_cluster,YDL020C_cluster,0.0035
YDL020C,YIL036W,RPN4,CST6,0.64,0.0064,531,YDL020C_cluster,YDL020C_cluster,YDL020C_cluster,0.0064
YDL020C,YIL101C,RPN4,XBP1,0.26,0.0026,531,YDL020C_cluster,YDL020C_cluster,YDL020C_cluster,0.0026
YDL020C,YIL131C,RPN4,FKH1,0.81,0.0081,484,YDL020C_cluster,YDL020C_cluster,YDL020C_cluster,0.0081
YDL020C,YIR018W,RPN4,YAP5,0.26,0.0026,245,YDL020C_cluster,YDL020C_cluster,YDL020C_cluster,0.0026
YDL020C,YIR023W,RPN4,DAL81,0.91,0.0091,531,YDL020C_cluster,YDL020C_cluster,YDL020C_cluster,0.0091
YDL020C,YJL056C,RPN4,ZAP1,0.65,0.0065,531,YDL020C_cluster,YDL020C_cluster,YDL020C_cluster,0.0065
YDL020C,YJL089W,RPN4,SIP4,0.91,0.0091,531,YDL020C_cluster,YDL020C_cluster,YDL020C_cluster,0.0091
YDL020C,YJL103C,RPN4,GSM1,0.53,0.0053,531,YDL020C_cluster,YDL020C_cluster,YDL020C_cluster,0.0053
YDL020C,YJL110C,RPN4,GZF3,0.19,0.0019,531,YDL020C_cluster,YDL020C_cluster,YDL020C_cluster,0.0019
YDL020C,YJR060W,RPN4,CBF1,0.46,0.0046,351,YDL020C_cluster,YDL020C_cluster,YDL020C_cluster,0.0046
YDL020C,YJR094C,RPN4,IME1,0.34,0.0034,360,YDL020C_cluster,YDL020C_cluster,YDL020C_cluster,0.0034
YDL020C,YKL015W,RPN4,PUT3,0.74,0.0074,531,YDL020C_cluster,YDL020C_cluster,YDL020C_cluster,0.0074
YDL020C,YKL032C,RPN4,IXR1,0.48,0.0048,531,YDL020C_cluster,YDL020C_cluster,YDL020C_cluster,0.0048
YDL020C,YKL038W,RPN4,RGT1,0.78,0.0078,531,YDL020C_cluster,YDL020C_cluster,YDL020C_cluster,0.0078
YDL020C,YKL062W,RPN4,MSN4,1.06,0.0106,531,YDL020C_cluster,YDL020C_cluster,YDL020C_cluster,0.0106
YDL020C,YKL109W,RPN4,HAP4,1.72,0.0172,531,YDL020C_cluster,YDL020C_cluster,YDL020C_cluster,0.0172
YDL020C,YKL112W,RPN4,ABF1,0.9,0.009,531,YDL020C_cluster,YDL020C_cluster,YDL020C_cluster,0.009
YDL020C,YKL185W,RPN4,ASH1,0.46,0.0046,531,YDL020C_cluster,YDL020C_cluster,YDL020C_cluster,0.0046
YDL020C,YKR034W,RPN4,DAL80,0.0,0.0,269,YDL020C_cluster,YDL020C_cluster,YDL020C_cluster,0.0
YDL020C,YKR099W,RPN4,BAS1,0.61,0.0061,531,YDL020C_cluster,YDL020C_cluster,YDL020C_cluster,0.0061
YDL020C,YLR014C,RPN4,PPR1,0.57,0.0057,531,YDL020C_cluster,YDL020C_cluster,YDL020C_cluster,0.0057
YDL020C,YLR098C,RPN4,CHA4,0.26,0.0026,531,YDL020C_cluster,YDL020C_cluster,YDL020C_cluster,0.0026
YDL020C,YLR131C,RPN4,ACE2,0.63,0.0063,531,YDL020C_cluster,YDL020C_cluster,YDL020C_cluster,0.0063
YDL020C,YLR176C,RPN4,RFX1,0.84,0.0084,531,YDL020C_cluster,YDL020C_cluster,YDL020C_cluster,0.0084
YDL020C,YLR228C,RPN4,ECM22,0.76,0.0076,531,YDL020C_cluster,YDL020C_cluster,YDL020C_cluster,0.0076
YDL020C,YLR256W,RPN4,HAP1,0.82,0.0082,531,YDL020C_cluster,YDL020C_cluster,YDL020C_cluster,0.0082
YDL020C,YLR266C,RPN4,PDR8,0.33,0.0033,531,YDL020C_cluster,YDL020C_cluster,YDL020C_cluster,0.0033
YDL020C,YLR451W,RPN4,LEU3,0.65,0.0065,531,YDL020C_cluster,YDL020C_cluster,YDL020C_cluster,0.0065
YDL020C,YML007W,RPN4,YAP1,0.88,0.0088,531,YDL020C_cluster,YDL020C_cluster,YDL020C_cluster,0.0088
YDL020C,YML076C,RPN4,WAR1,0.69,0.0069,531,YDL020C_cluster,YDL020C_cluster,YDL020C_cluster,0.0069
YDL020C,YML081W,RPN4,TDA9,0.8,0.008,531,YDL020C_cluster,YDL020C_cluster,YDL020C_cluster,0.008
YDL020C,YML099C,RPN4,ARG81,0.29,0.0029,531,YDL020C_cluster,YDL020C_cluster,YDL020C_cluster,0.0029
YDL020C,YMR019W,RPN4,STB4,0.27,0.0027,531,YDL020C_cluster,YDL020C_cluster,YDL020C_cluster,0.0027
YDL020C,YMR021C,RPN4,MAC1,0.43,0.0043,417,YDL020C_cluster,YDL020C_cluster,YDL020C_cluster,0.0043
YDL020C,YMR037C,RPN4,MSN2,1.17,0.0117,531,YDL020C_cluster,YDL020C_cluster,YDL020C_cluster,0.0117
YDL020C,YMR042W,RPN4,ARG80,0.58,0.0058,177,YDL020C_cluster,YDL020C_cluster,YDL020C_cluster,0.0058
YDL020C,YMR043W,RPN4,MCM1,0.53,0.0053,286,YDL020C_cluster,YDL020C_cluster,YDL020C_cluster,0.0053
YDL020C,YMR070W,RPN4,MOT3,0.63,0.0063,490,YDL020C_cluster,YDL020C_cluster,YDL020C_cluster,0.0063
YDL020C,YMR164C,RPN4,MSS11,0.33,0.0033,531,YDL020C_cluster,YDL020C_cluster,YDL020C_cluster,0.0033
YDL020C,YMR172W,RPN4,HOT1,1.33,0.0133,531,YDL020C_cluster,YDL020C_cluster,YDL020C_cluster,0.0133
YDL020C,YMR280C,RPN4,CAT8,0.95,0.0095,531,YDL020C_cluster,YDL020C_cluster,YDL020C_cluster,0.0095
YDL020C,YNL027W,RPN4,CRZ1,0.52,0.0052,531,YDL020C_cluster,YDL020C_cluster,YDL020C_cluster,0.0052
YDL020C,YNL068C,RPN4,FKH2,0.81,0.0081,531,YDL020C_cluster,YDL020C_cluster,YDL020C_cluster,0.0081
YDL020C,YNL103W,RPN4,MET4,1.03,0.0103,531,YDL020C_cluster,YDL020C_cluster,YDL020C_cluster,0.0103
YDL020C,YNL167C,RPN4,SKO1,0.61,0.0061,531,YDL020C_cluster,YDL020C_cluster,YDL020C_cluster,0.0061
YDL020C,YNL199C,RPN4,GCR2,0.58,0.0058,531,YDL020C_cluster,YDL020C_cluster,YDL020C_cluster,0.0058
YDL020C,YNL216W,RPN4,RAP1,1.22,0.0122,531,YDL020C_cluster,YDL020C_cluster,YDL020C_cluster,0.0122
YDL020C,YNL314W,RPN4,DAL82,0.78,0.0078,255,YDL020C_cluster,YDL020C_cluster,YDL020C_cluster,0.0078
YDL020C,YOL067C,RPN4,RTG1,0.0,0.0,177,YDL020C_cluster,YDL020C_cluster,YDL020C_cluster,0.0
YDL020C,YOL108C,RPN4,INO4,0.45,0.0045,151,YDL020C_cluster,YDL020C_cluster,YDL020C_cluster,0.0045
YDL020C,YOR028C,RPN4,CIN5,0.0,0.0,295,YDL020C_cluster,YDL020C_cluster,YDL020C_cluster,0.0
YDL020C,YOR113W,RPN4,AZF1,0.72,0.0072,531,YDL020C_cluster,YDL020C_cluster,YDL020C_cluster,0.0072
YDL020C,YOR140W,RPN4,SFL1,0.55,0.0055,531,YDL020C_cluster,YDL020C_cluster,YDL020C_cluster,0.0055
YDL020C,YOR162C,RPN4,YRR1,0.45,0.0045,531,YDL020C_cluster,YDL020C_cluster,YDL020C_cluster,0.0045
YDL020C,YOR337W,RPN4,TEA1,0.63,0.0063,531,YDL020C_cluster,YDL020C_cluster,YDL020C_cluster,0.0063
YDL020C,YOR344C,RPN4,TYE7,0.0,0.0,291,YDL020C_cluster,YDL020C_cluster,YDL020C_cluster,0.0
YDL020C,YOR358W,RPN4,HAP5,0.53,0.0053,242,YDL020C_cluster,YDL020C_cluster,YDL020C_cluster,0.0053
YDL020C,YOR363C,RPN4,PIP2,0.47,0.0047,531,YDL020C_cluster,YDL020C_cluster,YDL020C_cluster,0.0047
YDL020C,YPL038W,RPN4,MET31,0.14,0.0014,177,YDL020C_cluster,YDL020C_cluster,YDL020C_cluster,0.0014
YDL020C,YPL075W,RPN4,GCR1,0.31,0.0031,531,YDL020C_cluster,YDL020C_cluster,YDL020C_cluster,0.0031
YDL020C,YPL089C,RPN4,RLM1,1.48,0.0148,531,YDL020C_cluster,YDL020C_cluster,YDL020C_cluster,0.0148
YDL020C,YPL133C,RPN4,RDS2,0.21,0.0021,446,YDL020C_cluster,YDL020C_cluster,YDL020C_cluster,0.0021
YDL020C,YPL202C,RPN4,AFT2,0.32,0.0032,416,YDL020C_cluster,YDL020C_cluster,YDL020C_cluster,0.0032
YDL020C,YPL230W,RPN4,USV1,0.45,0.0045,391,YDL020C_cluster,YDL020C_cluster,YDL020C_cluster,0.0045
YDL020C,YPL248C,RPN4,GAL4,0.8,0.008,531,YDL020C_cluster,YDL020C_cluster,YDL020C_cluster,0.008
YDL020C,YPR008W,RPN4,HAA1,0.33,0.0033,531,YDL020C_cluster,YDL020C_cluster,YDL020C_cluster,0.0033
YDL020C,YPR065W,RPN4,ROX1,0.46,0.0046,368,YDL020C_cluster,YDL020C_cluster,YDL020C_cluster,0.0046
YDL020C,YPR199C,RPN4,ARR1,0.0,0.0,294,YDL020C_cluster,YDL020C_cluster,YDL020C_cluster,0.0
YDL056W,YDL106C,MBP1,PHO2,0.89,0.0089,559,YDL056W_cluster,YDL056W_cluster,YDL056W_cluster,0.0089
YDL056W,YDL170W,MBP1,UGA3,0.15,0.0015,528,YDL056W_cluster,YDL056W_cluster,YDL056W_cluster,0.0015
YDL056W,YDR034C,MBP1,LYS14,0.56,0.0056,790,YDL056W_cluster,YDL056W_cluster,YDL056W_cluster,0.0056
YDL056W,YDR043C,MBP1,NRG1,0.19,0.0019,231,YDL056W_cluster,YDL056W_cluster,YDL056W_cluster,0.0019
YDL056W,YDR096W,MBP1,GIS1,0.71,0.0071,833,YDL056W_cluster,YDL056W_cluster,YDL056W_cluster,0.0071
YDL056W,YDR123C,MBP1,INO2,0.45,0.0045,304,YDL056W_cluster,YDL056W_cluster,YDL056W_cluster,0.0045
YDL056W,YDR146C,MBP1,SWI5,1.13,0.0113,709,YDL056W_cluster,YDL056W_cluster,YDL056W_cluster,0.0113
YDL056W,YDR207C,MBP1,UME6,0.68,0.0068,833,YDL056W_cluster,YDL056W_cluster,YDL056W_cluster,0.0068
YDL056W,YDR213W,MBP1,UPC2,0.89,0.0089,833,YDL056W_cluster,YDL056W_cluster,YDL056W_cluster,0.0089
YDL056W,YDR216W,MBP1,ADR1,0.76,0.0076,833,YDL056W_cluster,YDL056W_cluster,YDL056W_cluster,0.0076
YDL056W,YDR253C,MBP1,MET32,0.1,0.001,191,YDL056W_cluster,YDL056W_cluster,YDL056W_cluster,0.001
YDL056W,YDR310C,MBP1,SUM1,1.36,0.0136,833,YDL056W_cluster,YDL056W_cluster,YDL056W_cluster,0.0136
YDL056W,YDR423C,MBP1,CAD1,0.49,0.0049,409,YDL056W_cluster,YDL056W_cluster,YDL056W_cluster,0.0049
YDL056W,YDR463W,MBP1,STP1,0.15,0.0015,519,YDL056W_cluster,YDL056W_cluster,YDL056W_cluster,0.0015
YDL056W,YEL009C,MBP1,GCN4,0.18,0.0018,281,YDL056W_cluster,YDL056W_cluster,YDL056W_cluster,0.0018
YDL056W,YER028C,MBP1,MIG3,0.5,0.005,394,YDL056W_cluster,YDL056W_cluster,YDL056W_cluster,0.005
YDL056W,YER040W,MBP1,GLN3,1.67,0.0167,730,YDL056W_cluster,YDL056W_cluster,YDL056W_cluster,0.0167
YDL056W,YER045C,MBP1,ACA1,0.62,0.0062,489,YDL056W_cluster,YDL056W_cluster,YDL056W_cluster,0.0062
YDL056W,YER068W,MBP1,MOT2,0.29,0.0029,587,YDL056W_cluster,YDL056W_cluster,YDL056W_cluster,0.0029
YDL056W,YER111C,MBP1,SWI4,1.51,0.0151,833,YDL056W_cluster,YDL056W_cluster,YDL056W_cluster,0.0151
YDL056W,YER130C,MBP1,COM2,0.56,0.0056,443,YDL056W_cluster,YDL056W_cluster,YDL056W_cluster,0.0056
YDL056W,YER169W,MBP1,RPH1,0.88,0.0088,796,YDL056W_cluster,YDL056W_cluster,YDL056W_cluster,0.0088
YDL056W,YFL021W,MBP1,GAT1,0.53,0.0053,510,YDL056W_cluster,YDL056W_cluster,YDL056W_cluster,0.0053
YDL056W,YFL031W,MBP1,HAC1,0.19,0.0019,238,YDL056W_cluster,YDL056W_cluster,YDL056W_cluster,0.0019
YDL056W,YFL052W,MBP1,ZNF1,0.39,0.0039,465,YDL056W_cluster,YDL056W_cluster,YDL056W_cluster,0.0039
YDL056W,YFR034C,MBP1,PHO4,0.0,0.0,312,YDL056W_cluster,YDL056W_cluster,YDL056W_cluster,0.0
YDL056W,YGL013C,MBP1,PDR1,0.59,0.0059,833,YDL056W_cluster,YDL056W_cluster,YDL056W_cluster,0.0059
YDL056W,YGL035C,MBP1,MIG1,0.93,0.0093,504,YDL056W_cluster,YDL056W_cluster,YDL056W_cluster,0.0093
YDL056W,YGL071W,MBP1,AFT1,0.87,0.0087,690,YDL056W_cluster,YDL056W_cluster,YDL056W_cluster,0.0087
YDL056W,YGL073W,MBP1,HSF1,0.37,0.0037,833,YDL056W_cluster,YDL056W_cluster,YDL056W_cluster,0.0037
YDL056W,YGL162W,MBP1,SUT1,0.72,0.0072,299,YDL056W_cluster,YDL056W_cluster,YDL056W_cluster,0.0072
YDL056W,YGL166W,MBP1,CUP2,0.29,0.0029,225,YDL056W_cluster,YDL056W_cluster,YDL056W_cluster,0.0029
YDL056W,YGL209W,MBP1,MIG2,0.42,0.0042,382,YDL056W_cluster,YDL056W_cluster,YDL056W_cluster,0.0042
YDL056W,YGL237C,MBP1,HAP2,0.38,0.0038,265,YDL056W_cluster,YDL056W_cluster,YDL056W_cluster,0.0038
YDL056W,YGL254W,MBP1,FZF1,0.63,0.0063,299,YDL056W_cluster,YDL056W_cluster,YDL056W_cluster,0.0063
YDL056W,YGR044C,MBP1,RME1,0.27,0.0027,300,YDL056W_cluster,YDL056W_cluster,YDL056W_cluster,0.0027
YDL056W,YHL009C,MBP1,YAP3,0.26,0.0026,330,YDL056W_cluster,YDL056W_cluster,YDL056W_cluster,0.0026
YDL056W,YHL027W,MBP1,RIM101,0.71,0.0071,625,YDL056W_cluster,YDL056W_cluster,YDL056W_cluster,0.0071
YDL056W,YHR006W,MBP1,STP2,0.15,0.0015,541,YDL056W_cluster,YDL056W_cluster,YDL056W_cluster,0.0015
YDL056W,YHR084W,MBP1,STE12,0.54,0.0054,688,YDL056W_cluster,YDL056W_cluster,YDL056W_cluster,0.0054
YDL056W,YHR124W,MBP1,NDT80,0.49,0.0049,627,YDL056W_cluster,YDL056W_cluster,YDL056W_cluster,0.0049
YDL056W,YHR177W,MBP1,ROF1,0.55,0.0055,453,YDL056W_cluster,YDL056W_cluster,YDL056W_cluster,0.0055
YDL056W,YHR178W,MBP1,STB5,0.58,0.0058,743,YDL056W_cluster,YDL056W_cluster,YDL056W_cluster,0.0058
YDL056W,YHR206W,MBP1,SKN7,0.77,0.0077,622,YDL056W_cluster,YDL056W_cluster,YDL056W_cluster,0.0077
YDL056W,YIL036W,MBP1,CST6,0.93,0.0093,587,YDL056W_cluster,YDL056W_cluster,YDL056W_cluster,0.0093
YDL056W,YIL101C,MBP1,XBP1,0.41,0.0041,647,YDL056W_cluster,YDL056W_cluster,YDL056W_cluster,0.0041
YDL056W,YIL131C,MBP1,FKH1,0.62,0.0062,484,YDL056W_cluster,YDL056W_cluster,YDL056W_cluster,0.0062
YDL056W,YIR018W,MBP1,YAP5,0.28,0.0028,245,YDL056W_cluster,YDL056W_cluster,YDL056W_cluster,0.0028
YDL056W,YIR023W,MBP1,DAL81,0.58,0.0058,833,YDL056W_cluster,YDL056W_cluster,YDL056W_cluster,0.0058
YDL056W,YJL056C,MBP1,ZAP1,0.84,0.0084,833,YDL056W_cluster,YDL056W_cluster,YDL056W_cluster,0.0084
YDL056W,YJL089W,MBP1,SIP4,0.99,0.0099,829,YDL056W_cluster,YDL056W_cluster,YDL056W_cluster,0.0099
YDL056W,YJL103C,MBP1,GSM1,0.91,0.0091,618,YDL056W_cluster,YDL056W_cluster,YDL056W_cluster,0.0091
YDL056W,YJL110C,MBP1,GZF3,1.04,0.0104,551,YDL056W_cluster,YDL056W_cluster,YDL056W_cluster,0.0104
YDL056W,YJR060W,MBP1,CBF1,0.6,0.006,351,YDL056W_cluster,YDL056W_cluster,YDL056W_cluster,0.006
YDL056W,YJR094C,MBP1,IME1,0.68,0.0068,360,YDL056W_cluster,YDL056W_cluster,YDL056W_cluster,0.0068
YDL056W,YKL015W,MBP1,PUT3,0.79,0.0079,833,YDL056W_cluster,YDL056W_cluster,YDL056W_cluster,0.0079
YDL056W,YKL032C,MBP1,IXR1,1.13,0.0113,597,YDL056W_cluster,YDL056W_cluster,YDL056W_cluster,0.0113
YDL056W,YKL038W,MBP1,RGT1,0.82,0.0082,833,YDL056W_cluster,YDL056W_cluster,YDL056W_cluster,0.0082
YDL056W,YKL062W,MBP1,MSN4,0.77,0.0077,630,YDL056W_cluster,YDL056W_cluster,YDL056W_cluster,0.0077
YDL056W,YKL109W,MBP1,HAP4,1.11,0.0111,554,YDL056W_cluster,YDL056W_cluster,YDL056W_cluster,0.0111
YDL056W,YKL112W,MBP1,ABF1,1.05,0.0105,731,YDL056W_cluster,YDL056W_cluster,YDL056W_cluster,0.0105
YDL056W,YKL185W,MBP1,ASH1,0.79,0.0079,588,YDL056W_cluster,YDL056W_cluster,YDL056W_cluster,0.0079
YDL056W,YKR034W,MBP1,DAL80,0.74,0.0074,269,YDL056W_cluster,YDL056W_cluster,YDL056W_cluster,0.0074
YDL056W,YKR099W,MBP1,BAS1,0.87,0.0087,811,YDL056W_cluster,YDL056W_cluster,YDL056W_cluster,0.0087
YDL056W,YLR014C,MBP1,PPR1,0.41,0.0041,833,YDL056W_cluster,YDL056W_cluster,YDL056W_cluster,0.0041
YDL056W,YLR098C,MBP1,CHA4,1.04,0.0104,648,YDL056W_cluster,YDL056W_cluster,YDL056W_cluster,0.0104
YDL056W,YLR131C,MBP1,ACE2,0.44,0.0044,770,YDL056W_cluster,YDL056W_cluster,YDL056W_cluster,0.0044
YDL056W,YLR176C,MBP1,RFX1,0.93,0.0093,811,YDL056W_cluster,YDL056W_cluster,YDL056W_cluster,0.0093
YDL056W,YLR228C,MBP1,ECM22,0.62,0.0062,814,YDL056W_cluster,YDL056W_cluster,YDL056W_cluster,0.0062
YDL056W,YLR256W,MBP1,HAP1,0.98,0.0098,833,YDL056W_cluster,YDL056W_cluster,YDL056W_cluster,0.0098
YDL056W,YLR266C,MBP1,PDR8,0.46,0.0046,701,YDL056W_cluster,YDL056W_cluster,YDL056W_cluster,0.0046
YDL056W,YLR451W,MBP1,LEU3,0.47,0.0047,833,YDL056W_cluster,YDL056W_cluster,YDL056W_cluster,0.0047
YDL056W,YML007W,MBP1,YAP1,0.97,0.0097,650,YDL056W_cluster,YDL056W_cluster,YDL056W_cluster,0.0097
YDL056W,YML076C,MBP1,WAR1,0.57,0.0057,833,YDL056W_cluster,YDL056W_cluster,YDL056W_cluster,0.0057
YDL056W,YML081W,MBP1,TDA9,0.83,0.0083,833,YDL056W_cluster,YDL056W_cluster,YDL056W_cluster,0.0083
YDL056W,YML099C,MBP1,ARG81,0.59,0.0059,833,YDL056W_cluster,YDL056W_cluster,YDL056W_cluster,0.0059
YDL056W,YMR019W,MBP1,STB4,0.4,0.004,833,YDL056W_cluster,YDL056W_cluster,YDL056W_cluster,0.004
YDL056W,YMR021C,MBP1,MAC1,0.57,0.0057,417,YDL056W_cluster,YDL056W_cluster,YDL056W_cluster,0.0057
YDL056W,YMR037C,MBP1,MSN2,0.67,0.0067,704,YDL056W_cluster,YDL056W_cluster,YDL056W_cluster,0.0067
YDL056W,YMR042W,MBP1,ARG80,0.1,0.001,177,YDL056W_cluster,YDL056W_cluster,YDL056W_cluster,0.001
YDL056W,YMR043W,MBP1,MCM1,0.66,0.0066,286,YDL056W_cluster,YDL056W_cluster,YDL056W_cluster,0.0066
YDL056W,YMR070W,MBP1,MOT3,0.64,0.0064,490,YDL056W_cluster,YDL056W_cluster,YDL056W_cluster,0.0064
YDL056W,YMR164C,MBP1,MSS11,0.94,0.0094,758,YDL056W_cluster,YDL056W_cluster,YDL056W_cluster,0.0094
YDL056W,YMR172W,MBP1,HOT1,0.86,0.0086,719,YDL056W_cluster,YDL056W_cluster,YDL056W_cluster,0.0086
YDL056W,YMR280C,MBP1,CAT8,0.96,0.0096,833,YDL056W_cluster,YDL056W_cluster,YDL056W_cluster,0.0096
YDL056W,YNL027W,MBP1,CRZ1,0.89,0.0089,678,YDL056W_cluster,YDL056W_cluster,YDL056W_cluster,0.0089
YDL056W,YNL068C,MBP1,FKH2,0.54,0.0054,833,YDL056W_cluster,YDL056W_cluster,YDL056W_cluster,0.0054
YDL056W,YNL103W,MBP1,MET4,0.82,0.0082,672,YDL056W_cluster,YDL056W_cluster,YDL056W_cluster,0.0082
YDL056W,YNL167C,MBP1,SKO1,0.91,0.0091,647,YDL056W_cluster,YDL056W_cluster,YDL056W_cluster,0.0091
YDL056W,YNL199C,MBP1,GCR2,1.43,0.0143,534,YDL056W_cluster,YDL056W_cluster,YDL056W_cluster,0.0143
YDL056W,YNL216W,MBP1,RAP1,0.99,0.0099,827,YDL056W_cluster,YDL056W_cluster,YDL056W_cluster,0.0099
YDL056W,YNL314W,MBP1,DAL82,0.28,0.0028,255,YDL056W_cluster,YDL056W_cluster,YDL056W_cluster,0.0028
YDL056W,YOL067C,MBP1,RTG1,0.2,0.002,177,YDL056W_cluster,YDL056W_cluster,YDL056W_cluster,0.002
YDL056W,YOL108C,MBP1,INO4,0.21,0.0021,151,YDL056W_cluster,YDL056W_cluster,YDL056W_cluster,0.0021
YDL056W,YOR028C,MBP1,CIN5,0.27,0.0027,295,YDL056W_cluster,YDL056W_cluster,YDL056W_cluster,0.0027
YDL056W,YOR113W,MBP1,AZF1,1.19,0.0119,833,YDL056W_cluster,YDL056W_cluster,YDL056W_cluster,0.0119
YDL056W,YOR140W,MBP1,SFL1,0.9,0.009,766,YDL056W_cluster,YDL056W_cluster,YDL056W_cluster,0.009
YDL056W,YOR162C,MBP1,YRR1,0.49,0.0049,810,YDL056W_cluster,YDL056W_cluster,YDL056W_cluster,0.0049
YDL056W,YOR337W,MBP1,TEA1,0.64,0.0064,759,YDL056W_cluster,YDL056W_cluster,YDL056W_cluster,0.0064
YDL056W,YOR344C,MBP1,TYE7,0.45,0.0045,291,YDL056W_cluster,YDL056W_cluster,YDL056W_cluster,0.0045
YDL056W,YOR358W,MBP1,HAP5,0.57,0.0057,242,YDL056W_cluster,YDL056W_cluster,YDL056W_cluster,0.0057
YDL056W,YOR363C,MBP1,PIP2,1.06,0.0106,833,YDL056W_cluster,YDL056W_cluster,YDL056W_cluster,0.0106
YDL056W,YPL038W,MBP1,MET31,0.3,0.003,177,YDL056W_cluster,YDL056W_cluster,YDL056W_cluster,0.003
YDL056W,YPL075W,MBP1,GCR1,0.38,0.0038,785,YDL056W_cluster,YDL056W_cluster,YDL056W_cluster,0.0038
YDL056W,YPL089C,MBP1,RLM1,1.25,0.0125,676,YDL056W_cluster,YDL056W_cluster,YDL056W_cluster,0.0125
YDL056W,YPL133C,MBP1,RDS2,0.48,0.0048,446,YDL056W_cluster,YDL056W_cluster,YDL056W_cluster,0.0048
YDL056W,YPL202C,MBP1,AFT2,0.33,0.0033,416,YDL056W_cluster,YDL056W_cluster,YDL056W_cluster,0.0033
YDL056W,YPL230W,MBP1,USV1,0.59,0.0059,391,YDL056W_cluster,YDL056W_cluster,YDL056W_cluster,0.0059
YDL056W,YPL248C,MBP1,GAL4,0.77,0.0077,833,YDL056W_cluster,YDL056W_cluster,YDL056W_cluster,0.0077
YDL056W,YPR008W,MBP1,HAA1,0.67,0.0067,694,YDL056W_cluster,YDL056W_cluster,YDL056W_cluster,0.0067
YDL056W,YPR065W,MBP1,ROX1,0.68,0.0068,368,YDL056W_cluster,YDL056W_cluster,YDL056W_cluster,0.0068
YDL056W,YPR199C,MBP1,ARR1,0.45,0.0045,294,YDL056W_cluster,YDL056W_cluster,YDL056W_cluster,0.0045
YDL106C,YDL170W,PHO2,UGA3,0.38,0.0038,528,YDL106C_cluster,YDL106C_cluster,YDL106C_cluster,0.0038
YDL106C,YDR034C,PHO2,LYS14,0.38,0.0038,559,YDL106C_cluster,YDL106C_cluster,YDL106C_cluster,0.0038
YDL106C,YDR043C,PHO2,NRG1,0.26,0.0026,231,YDL106C_cluster,YDL106C_cluster,YDL106C_cluster,0.0026
YDL106C,YDR096W,PHO2,GIS1,1.5,0.015,559,YDL106C_cluster,YDL106C_cluster,YDL106C_cluster,0.015
YDL106C,YDR123C,PHO2,INO2,0.36,0.0036,304,YDL106C_cluster,YDL106C_cluster,YDL106C_cluster,0.0036
YDL106C,YDR146C,PHO2,SWI5,0.65,0.0065,559,YDL106C_cluster,YDL106C_cluster,YDL106C_cluster,0.0065
YDL106C,YDR207C,PHO2,UME6,0.67,0.0067,559,YDL106C_cluster,YDL106C_cluster,YDL106C_cluster,0.0067
YDL106C,YDR213W,PHO2,UPC2,0.35,0.0035,559,YDL106C_cluster,YDL106C_cluster,YDL106C_cluster,0.0035
YDL106C,YDR216W,PHO2,ADR1,1.48,0.0148,559,YDL106C_cluster,YDL106C_cluster,YDL106C_cluster,0.0148
YDL106C,YDR253C,PHO2,MET32,0.41,0.0041,191,YDL106C_cluster,YDL106C_cluster,YDL106C_cluster,0.0041
YDL106C,YDR310C,PHO2,SUM1,0.51,0.0051,559,YDL106C_cluster,YDL106C_cluster,YDL106C_cluster,0.0051
YDL106C,YDR423C,PHO2,CAD1,0.42,0.0042,409,YDL106C_cluster,YDL106C_cluster,YDL106C_cluster,0.0042
YDL106C,YDR463W,PHO2,STP1,0.86,0.0086,519,YDL106C_cluster,YDL106C_cluster,YDL106C_cluster,0.0086
YDL106C,YEL009C,PHO2,GCN4,0.24,0.0024,281,YDL106C_cluster,YDL106C_cluster,YDL106C_cluster,0.0024
YDL106C,YER028C,PHO2,MIG3,0.43,0.0043,394,YDL106C_cluster,YDL106C_cluster,YDL106C_cluster,0.0043
YDL106C,YER040W,PHO2,GLN3,1.47,0.0147,559,YDL106C_cluster,YDL106C_cluster,YDL106C_cluster,0.0147
YDL106C,YER045C,PHO2,ACA1,0.29,0.0029,489,YDL106C_cluster,YDL106C_cluster,YDL106C_cluster,0.0029
YDL106C,YER068W,PHO2,MOT2,0.72,0.0072,559,YDL106C_cluster,YDL106C_cluster,YDL106C_cluster,0.0072
YDL106C,YER111C,PHO2,SWI4,1.65,0.0165,559,YDL106C_cluster,YDL106C_cluster,YDL106C_cluster,0.0165
YDL106C,YER130C,PHO2,COM2,0.83,0.0083,443,YDL106C_cluster,YDL106C_cluster,YDL106C_cluster,0.0083
YDL106C,YER169W,PHO2,RPH1,0.23,0.0023,559,YDL106C_cluster,YDL106C_cluster,YDL106C_cluster,0.0023
YDL106C,YFL021W,PHO2,GAT1,1.17,0.0117,510,YDL106C_cluster,YDL106C_cluster,YDL106C_cluster,0.0117
YDL106C,YFL031W,PHO2,HAC1,0.39,0.0039,238,YDL106C_cluster,YDL106C_cluster,YDL106C_cluster,0.0039
YDL106C,YFL052W,PHO2,ZNF1,0.4,0.004,465,YDL106C_cluster,YDL106C_cluster,YDL106C_cluster,0.004
YDL106C,YFR034C,PHO2,PHO4,0.24,0.0024,312,YDL106C_cluster,YDL106C_cluster,YDL106C_cluster,0.0024
YDL106C,YGL013C,PHO2,PDR1,0.63,0.0063,559,YDL106C_cluster,YDL106C_cluster,YDL106C_cluster,0.0063
YDL106C,YGL035C,PHO2,MIG1,0.98,0.0098,504,YDL106C_cluster,YDL106C_cluster,YDL106C_cluster,0.0098
YDL106C,YGL071W,PHO2,AFT1,1.58,0.0158,559,YDL106C_cluster,YDL106C_cluster,YDL106C_cluster,0.0158
YDL106C,YGL073W,PHO2,HSF1,1.57,0.0157,559,YDL106C_cluster,YDL106C_cluster,YDL106C_cluster,0.0157
YDL106C,YGL162W,PHO2,SUT1,0.72,0.0072,299,YDL106C_cluster,YDL106C_cluster,YDL106C_cluster,0.0072
YDL106C,YGL166W,PHO2,CUP2,0.26,0.0026,225,YDL106C_cluster,YDL106C_cluster,YDL106C_cluster,0.0026
YDL106C,YGL209W,PHO2,MIG2,0.33,0.0033,382,YDL106C_cluster,YDL106C_cluster,YDL106C_cluster,0.0033
YDL106C,YGL237C,PHO2,HAP2,0.51,0.0051,265,YDL106C_cluster,YDL106C_cluster,YDL106C_cluster,0.0051
YDL106C,YGL254W,PHO2,FZF1,0.24,0.0024,299,YDL106C_cluster,YDL106C_cluster,YDL106C_cluster,0.0024
YDL106C,YGR044C,PHO2,RME1,0.6,0.006,300,YDL106C_cluster,YDL106C_cluster,YDL106C_cluster,0.006
YDL106C,YHL009C,PHO2,YAP3,0.23,0.0023,330,YDL106C_cluster,YDL106C_cluster,YDL106C_cluster,0.0023
YDL106C,YHL027W,PHO2,RIM101,0.44,0.0044,559,YDL106C_cluster,YDL106C_cluster,YDL106C_cluster,0.0044
YDL106C,YHR006W,PHO2,STP2,0.19,0.0019,541,YDL106C_cluster,YDL106C_cluster,YDL106C_cluster,0.0019
YDL106C,YHR084W,PHO2,STE12,0.41,0.0041,559,YDL106C_cluster,YDL106C_cluster,YDL106C_cluster,0.0041
YDL106C,YHR124W,PHO2,NDT80,0.17,0.0017,559,YDL106C_cluster,YDL106C_cluster,YDL106C_cluster,0.0017
YDL106C,YHR177W,PHO2,ROF1,1.23,0.0123,453,YDL106C_cluster,YDL106C_cluster,YDL106C_cluster,0.0123
YDL106C,YHR178W,PHO2,STB5,0.47,0.0047,559,YDL106C_cluster,YDL106C_cluster,YDL106C_cluster,0.0047
YDL106C,YHR206W,PHO2,SKN7,1.14,0.0114,559,YDL106C_cluster,YDL106C_cluster,YDL106C_cluster,0.0114
YDL106C,YIL036W,PHO2,CST6,0.81,0.0081,559,YDL106C_cluster,YDL106C_cluster,YDL106C_cluster,0.0081
YDL106C,YIL101C,PHO2,XBP1,0.68,0.0068,559,YDL106C_cluster,YDL106C_cluster,YDL106C_cluster,0.0068
YDL106C,YIL131C,PHO2,FKH1,0.69,0.0069,484,YDL106C_cluster,YDL106C_cluster,YDL106C_cluster,0.0069
YDL106C,YIR018W,PHO2,YAP5,0.26,0.0026,245,YDL106C_cluster,YDL106C_cluster,YDL106C_cluster,0.0026
YDL106C,YIR023W,PHO2,DAL81,1.03,0.0103,559,YDL106C_cluster,YDL106C_cluster,YDL106C_cluster,0.0103
YDL106C,YJL056C,PHO2,ZAP1,1.08,0.0108,559,YDL106C_cluster,YDL106C_cluster,YDL106C_cluster,0.0108
YDL106C,YJL089W,PHO2,SIP4,0.6,0.006,559,YDL106C_cluster,YDL106C_cluster,YDL106C_cluster,0.006
YDL106C,YJL103C,PHO2,GSM1,0.43,0.0043,559,YDL106C_cluster,YDL106C_cluster,YDL106C_cluster,0.0043
YDL106C,YJL110C,PHO2,GZF3,0.84,0.0084,551,YDL106C_cluster,YDL106C_cluster,YDL106C_cluster,0.0084
YDL106C,YJR060W,PHO2,CBF1,1.02,0.0102,351,YDL106C_cluster,YDL106C_cluster,YDL106C_cluster,0.0102
YDL106C,YJR094C,PHO2,IME1,0.67,0.0067,360,YDL106C_cluster,YDL106C_cluster,YDL106C_cluster,0.0067
YDL106C,YKL015W,PHO2,PUT3,1.21,0.0121,559,YDL106C_cluster,YDL106C_cluster,YDL106C_cluster,0.0121
YDL106C,YKL032C,PHO2,IXR1,1.24,0.0124,559,YDL106C_cluster,YDL106C_cluster,YDL106C_cluster,0.0124
YDL106C,YKL038W,PHO2,RGT1,0.89,0.0089,559,YDL106C_cluster,YDL106C_cluster,YDL106C_cluster,0.0089
YDL106C,YKL062W,PHO2,MSN4,0.95,0.0095,559,YDL106C_cluster,YDL106C_cluster,YDL106C_cluster,0.0095
YDL106C,YKL109W,PHO2,HAP4,1.97,0.0197,554,YDL106C_cluster,YDL106C_cluster,YDL106C_cluster,0.0197
YDL106C,YKL112W,PHO2,ABF1,1.05,0.0105,559,YDL106C_cluster,YDL106C_cluster,YDL106C_cluster,0.0105
YDL106C,YKL185W,PHO2,ASH1,0.63,0.0063,559,YDL106C_cluster,YDL106C_cluster,YDL106C_cluster,0.0063
YDL106C,YKR034W,PHO2,DAL80,0.12,0.0012,269,YDL106C_cluster,YDL106C_cluster,YDL106C_cluster,0.0012
YDL106C,YKR099W,PHO2,BAS1,0.6,0.006,559,YDL106C_cluster,YDL106C_cluster,YDL106C_cluster,0.006
YDL106C,YLR014C,PHO2,PPR1,0.21,0.0021,559,YDL106C_cluster,YDL106C_cluster,YDL106C_cluster,0.0021
YDL106C,YLR098C,PHO2,CHA4,0.6,0.006,559,YDL106C_cluster,YDL106C_cluster,YDL106C_cluster,0.006
YDL106C,YLR131C,PHO2,ACE2,0.93,0.0093,559,YDL106C_cluster,YDL106C_cluster,YDL106C_cluster,0.0093
YDL106C,YLR176C,PHO2,RFX1,0.98,0.0098,559,YDL106C_cluster,YDL106C_cluster,YDL106C_cluster,0.0098
YDL106C,YLR228C,PHO2,ECM22,1.52,0.0152,559,YDL106C_cluster,YDL106C_cluster,YDL106C_cluster,0.0152
YDL106C,YLR256W,PHO2,HAP1,1.17,0.0117,559,YDL106C_cluster,YDL106C_cluster,YDL106C_cluster,0.0117
YDL106C,YLR266C,PHO2,PDR8,0.32,0.0032,559,YDL106C_cluster,YDL106C_cluster,YDL106C_cluster,0.0032
YDL106C,YLR451W,PHO2,LEU3,0.57,0.0057,559,YDL106C_cluster,YDL106C_cluster,YDL106C_cluster,0.0057
YDL106C,YML007W,PHO2,YAP1,0.95,0.0095,559,YDL106C_cluster,YDL106C_cluster,YDL106C_cluster,0.0095
YDL106C,YML076C,PHO2,WAR1,0.82,0.0082,559,YDL106C_cluster,YDL106C_cluster,YDL106C_cluster,0.0082
YDL106C,YML081W,PHO2,TDA9,0.91,0.0091,559,YDL106C_cluster,YDL106C_cluster,YDL106C_cluster,0.0091
YDL106C,YML099C,PHO2,ARG81,0.5,0.005,559,YDL106C_cluster,YDL106C_cluster,YDL106C_cluster,0.005
YDL106C,YMR019W,PHO2,STB4,0.54,0.0054,559,YDL106C_cluster,YDL106C_cluster,YDL106C_cluster,0.0054
YDL106C,YMR021C,PHO2,MAC1,0.1,0.001,417,YDL106C_cluster,YDL106C_cluster,YDL106C_cluster,0.001
YDL106C,YMR037C,PHO2,MSN2,1.4,0.014,559,YDL106C_cluster,YDL106C_cluster,YDL106C_cluster,0.014
YDL106C,YMR042W,PHO2,ARG80,0.28,0.0028,177,YDL106C_cluster,YDL106C_cluster,YDL106C_cluster,0.0028
YDL106C,YMR043W,PHO2,MCM1,1.03,0.0103,286,YDL106C_cluster,YDL106C_cluster,YDL106C_cluster,0.0103
YDL106C,YMR070W,PHO2,MOT3,1.57,0.0157,490,YDL106C_cluster,YDL106C_cluster,YDL106C_cluster,0.0157
YDL106C,YMR164C,PHO2,MSS11,0.82,0.0082,559,YDL106C_cluster,YDL106C_cluster,YDL106C_cluster,0.0082
YDL106C,YMR172W,PHO2,HOT1,0.81,0.0081,559,YDL106C_cluster,YDL106C_cluster,YDL106C_cluster,0.0081
YDL106C,YMR280C,PHO2,CAT8,1.2,0.012,559,YDL106C_cluster,YDL106C_cluster,YDL106C_cluster,0.012
YDL106C,YNL027W,PHO2,CRZ1,1.45,0.0145,559,YDL106C_cluster,YDL106C_cluster,YDL106C_cluster,0.0145
YDL106C,YNL068C,PHO2,FKH2,1.02,0.0102,559,YDL106C_cluster,YDL106C_cluster,YDL106C_cluster,0.0102
YDL106C,YNL103W,PHO2,MET4,0.93,0.0093,559,YDL106C_cluster,YDL106C_cluster,YDL106C_cluster,0.0093
YDL106C,YNL167C,PHO2,SKO1,0.6,0.006,559,YDL106C_cluster,YDL106C_cluster,YDL106C_cluster,0.006
YDL106C,YNL199C,PHO2,GCR2,1.04,0.0104,534,YDL106C_cluster,YDL106C_cluster,YDL106C_cluster,0.0104
YDL106C,YNL216W,PHO2,RAP1,0.9,0.009,559,YDL106C_cluster,YDL106C_cluster,YDL106C_cluster,0.009
YDL106C,YNL314W,PHO2,DAL82,0.25,0.0025,255,YDL106C_cluster,YDL106C_cluster,YDL106C_cluster,0.0025
YDL106C,YOL067C,PHO2,RTG1,0.0,0.0,177,YDL106C_cluster,YDL106C_cluster,YDL106C_cluster,0.0
YDL106C,YOL108C,PHO2,INO4,0.15,0.0015,151,YDL106C_cluster,YDL106C_cluster,YDL106C_cluster,0.0015
YDL106C,YOR028C,PHO2,CIN5,0.0,0.0,295,YDL106C_cluster,YDL106C_cluster,YDL106C_cluster,0.0
YDL106C,YOR113W,PHO2,AZF1,1.06,0.0106,559,YDL106C_cluster,YDL106C_cluster,YDL106C_cluster,0.0106
YDL106C,YOR140W,PHO2,SFL1,0.7,0.007,559,YDL106C_cluster,YDL106C_cluster,YDL106C_cluster,0.007
YDL106C,YOR162C,PHO2,YRR1,1.2,0.012,559,YDL106C_cluster,YDL106C_cluster,YDL106C_cluster,0.012
YDL106C,YOR337W,PHO2,TEA1,0.94,0.0094,559,YDL106C_cluster,YDL106C_cluster,YDL106C_cluster,0.0094
YDL106C,YOR344C,PHO2,TYE7,0.73,0.0073,291,YDL106C_cluster,YDL106C_cluster,YDL106C_cluster,0.0073
YDL106C,YOR358W,PHO2,HAP5,0.13,0.0013,242,YDL106C_cluster,YDL106C_cluster,YDL106C_cluster,0.0013
YDL106C,YOR363C,PHO2,PIP2,0.59,0.0059,559,YDL106C_cluster,YDL106C_cluster,YDL106C_cluster,0.0059
YDL106C,YPL038W,PHO2,MET31,0.0,0.0,177,YDL106C_cluster,YDL106C_cluster,YDL106C_cluster,0.0
YDL106C,YPL075W,PHO2,GCR1,1.15,0.0115,559,YDL106C_cluster,YDL106C_cluster,YDL106C_cluster,0.0115
YDL106C,YPL089C,PHO2,RLM1,1.81,0.0181,559,YDL106C_cluster,YDL106C_cluster,YDL106C_cluster,0.0181
YDL106C,YPL133C,PHO2,RDS2,0.31,0.0031,446,YDL106C_cluster,YDL106C_cluster,YDL106C_cluster,0.0031
YDL106C,YPL202C,PHO2,AFT2,0.32,0.0032,416,YDL106C_cluster,YDL106C_cluster,YDL106C_cluster,0.0032
YDL106C,YPL230W,PHO2,USV1,0.66,0.0066,391,YDL106C_cluster,YDL106C_cluster,YDL106C_cluster,0.0066
YDL106C,YPL248C,PHO2,GAL4,0.57,0.0057,559,YDL106C_cluster,YDL106C_cluster,YDL106C_cluster,0.0057
YDL106C,YPR008W,PHO2,HAA1,1.07,0.0107,559,YDL106C_cluster,YDL106C_cluster,YDL106C_cluster,0.0107
YDL106C,YPR065W,PHO2,ROX1,0.9,0.009,368,YDL106C_cluster,YDL106C_cluster,YDL106C_cluster,0.009
YDL106C,YPR199C,PHO2,ARR1,0.36,0.0036,294,YDL106C_cluster,YDL106C_cluster,YDL106C_cluster,0.0036
YDL170W,YDR034C,UGA3,LYS14,0.38,0.0038,528,YDL170W_cluster,YDL170W_cluster,YDL170W_cluster,0.0038
YDL170W,YDR043C,UGA3,NRG1,0.0,0.0,231,YDL170W_cluster,YDL170W_cluster,YDL170W_cluster,0.0
YDL170W,YDR096W,UGA3,GIS1,0.36,0.0036,528,YDL170W_cluster,YDL170W_cluster,YDL170W_cluster,0.0036
YDL170W,YDR123C,UGA3,INO2,0.0,0.0,304,YDL170W_cluster,YDL170W_cluster,YDL170W_cluster,0.0
YDL170W,YDR146C,UGA3,SWI5,0.16,0.0016,528,YDL170W_cluster,YDL170W_cluster,YDL170W_cluster,0.0016
YDL170W,YDR207C,UGA3,UME6,0.61,0.0061,528,YDL170W_cluster,YDL170W_cluster,YDL170W_cluster,0.0061
YDL170W,YDR213W,UGA3,UPC2,0.71,0.0071,528,YDL170W_cluster,YDL170W_cluster,YDL170W_cluster,0.0071
YDL170W,YDR216W,UGA3,ADR1,0.44,0.0044,528,YDL170W_cluster,YDL170W_cluster,YDL170W_cluster,0.0044
YDL170W,YDR253C,UGA3,MET32,0.14,0.0014,191,YDL170W_cluster,YDL170W_cluster,YDL170W_cluster,0.0014
YDL170W,YDR310C,UGA3,SUM1,0.38,0.0038,528,YDL170W_cluster,YDL170W_cluster,YDL170W_cluster,0.0038
YDL170W,YDR423C,UGA3,CAD1,0.0,0.0,409,YDL170W_cluster,YDL170W_cluster,YDL170W_cluster,0.0
YDL170W,YDR463W,UGA3,STP1,0.0,0.0,519,YDL170W_cluster,YDL170W_cluster,YDL170W_cluster,0.0
YDL170W,YEL009C,UGA3,GCN4,0.75,0.0075,281,YDL170W_cluster,YDL170W_cluster,YDL170W_cluster,0.0075
YDL170W,YER028C,UGA3,MIG3,0.11,0.0011,394,YDL170W_cluster,YDL170W_cluster,YDL170W_cluster,0.0011
YDL170W,YER040W,UGA3,GLN3,0.91,0.0091,528,YDL170W_cluster,YDL170W_cluster,YDL170W_cluster,0.0091
YDL170W,YER045C,UGA3,ACA1,0.5,0.005,489,YDL170W_cluster,YDL170W_cluster,YDL170W_cluster,0.005
YDL170W,YER068W,UGA3,MOT2,0.36,0.0036,528,YDL170W_cluster,YDL170W_cluster,YDL170W_cluster,0.0036
YDL170W,YER111C,UGA3,SWI4,0.96,0.0096,528,YDL170W_cluster,YDL170W_cluster,YDL170W_cluster,0.0096
YDL170W,YER130C,UGA3,COM2,0.53,0.0053,443,YDL170W_cluster,YDL170W_cluster,YDL170W_cluster,0.0053
YDL170W,YER169W,UGA3,RPH1,0.31,0.0031,528,YDL170W_cluster,YDL170W_cluster,YDL170W_cluster,0.0031
YDL170W,YFL021W,UGA3,GAT1,0.39,0.0039,510,YDL170W_cluster,YDL170W_cluster,YDL170W_cluster,0.0039
YDL170W,YFL031W,UGA3,HAC1,0.26,0.0026,238,YDL170W_cluster,YDL170W_cluster,YDL170W_cluster,0.0026
YDL170W,YFL052W,UGA3,ZNF1,0.31,0.0031,465,YDL170W_cluster,YDL170W_cluster,YDL170W_cluster,0.0031
YDL170W,YFR034C,UGA3,PHO4,0.36,0.0036,312,YDL170W_cluster,YDL170W_cluster,YDL170W_cluster,0.0036
YDL170W,YGL013C,UGA3,PDR1,0.77,0.0077,528,YDL170W_cluster,YDL170W_cluster,YDL170W_cluster,0.0077
YDL170W,YGL035C,UGA3,MIG1,0.2,0.002,504,YDL170W_cluster,YDL170W_cluster,YDL170W_cluster,0.002
YDL170W,YGL071W,UGA3,AFT1,0.5,0.005,528,YDL170W_cluster,YDL170W_cluster,YDL170W_cluster,0.005
YDL170W,YGL073W,UGA3,HSF1,0.37,0.0037,528,YDL170W_cluster,YDL170W_cluster,YDL170W_cluster,0.0037
YDL170W,YGL162W,UGA3,SUT1,0.24,0.0024,299,YDL170W_cluster,YDL170W_cluster,YDL170W_cluster,0.0024
YDL170W,YGL166W,UGA3,CUP2,0.13,0.0013,225,YDL170W_cluster,YDL170W_cluster,YDL170W_cluster,0.0013
YDL170W,YGL209W,UGA3,MIG2,0.11,0.0011,382,YDL170W_cluster,YDL170W_cluster,YDL170W_cluster,0.0011
YDL170W,YGL237C,UGA3,HAP2,0.26,0.0026,265,YDL170W_cluster,YDL170W_cluster,YDL170W_cluster,0.0026
YDL170W,YGL254W,UGA3,FZF1,0.24,0.0024,299,YDL170W_cluster,YDL170W_cluster,YDL170W_cluster,0.0024
YDL170W,YGR044C,UGA3,RME1,0.74,0.0074,300,YDL170W_cluster,YDL170W_cluster,YDL170W_cluster,0.0074
YDL170W,YHL009C,UGA3,YAP3,0.35,0.0035,330,YDL170W_cluster,YDL170W_cluster,YDL170W_cluster,0.0035
YDL170W,YHL027W,UGA3,RIM101,0.53,0.0053,528,YDL170W_cluster,YDL170W_cluster,YDL170W_cluster,0.0053
YDL170W,YHR006W,UGA3,STP2,0.19,0.0019,528,YDL170W_cluster,YDL170W_cluster,YDL170W_cluster,0.0019
YDL170W,YHR084W,UGA3,STE12,0.25,0.0025,528,YDL170W_cluster,YDL170W_cluster,YDL170W_cluster,0.0025
YDL170W,YHR124W,UGA3,NDT80,0.44,0.0044,528,YDL170W_cluster,YDL170W_cluster,YDL170W_cluster,0.0044
YDL170W,YHR177W,UGA3,ROF1,0.41,0.0041,453,YDL170W_cluster,YDL170W_cluster,YDL170W_cluster,0.0041
YDL170W,YHR178W,UGA3,STB5,0.4,0.004,528,YDL170W_cluster,YDL170W_cluster,YDL170W_cluster,0.004
YDL170W,YHR206W,UGA3,SKN7,0.53,0.0053,528,YDL170W_cluster,YDL170W_cluster,YDL170W_cluster,0.0053
YDL170W,YIL036W,UGA3,CST6,0.18,0.0018,528,YDL170W_cluster,YDL170W_cluster,YDL170W_cluster,0.0018
YDL170W,YIL101C,UGA3,XBP1,0.09,0.0009,528,YDL170W_cluster,YDL170W_cluster,YDL170W_cluster,0.0009
YDL170W,YIL131C,UGA3,FKH1,0.3,0.003,484,YDL170W_cluster,YDL170W_cluster,YDL170W_cluster,0.003
YDL170W,YIR018W,UGA3,YAP5,0.53,0.0053,245,YDL170W_cluster,YDL170W_cluster,YDL170W_cluster,0.0053
YDL170W,YIR023W,UGA3,DAL81,0.77,0.0077,528,YDL170W_cluster,YDL170W_cluster,YDL170W_cluster,0.0077
YDL170W,YJL056C,UGA3,ZAP1,0.36,0.0036,528,YDL170W_cluster,YDL170W_cluster,YDL170W_cluster,0.0036
YDL170W,YJL089W,UGA3,SIP4,1.14,0.0114,528,YDL170W_cluster,YDL170W_cluster,YDL170W_cluster,0.0114
YDL170W,YJL103C,UGA3,GSM1,0.44,0.0044,528,YDL170W_cluster,YDL170W_cluster,YDL170W_cluster,0.0044
YDL170W,YJL110C,UGA3,GZF3,0.38,0.0038,528,YDL170W_cluster,YDL170W_cluster,YDL170W_cluster,0.0038
YDL170W,YJR060W,UGA3,CBF1,0.46,0.0046,351,YDL170W_cluster,YDL170W_cluster,YDL170W_cluster,0.0046
YDL170W,YJR094C,UGA3,IME1,0.11,0.0011,360,YDL170W_cluster,YDL170W_cluster,YDL170W_cluster,0.0011
YDL170W,YKL015W,UGA3,PUT3,0.54,0.0054,528,YDL170W_cluster,YDL170W_cluster,YDL170W_cluster,0.0054
YDL170W,YKL032C,UGA3,IXR1,0.48,0.0048,528,YDL170W_cluster,YDL170W_cluster,YDL170W_cluster,0.0048
YDL170W,YKL038W,UGA3,RGT1,0.54,0.0054,528,YDL170W_cluster,YDL170W_cluster,YDL170W_cluster,0.0054
YDL170W,YKL062W,UGA3,MSN4,0.44,0.0044,528,YDL170W_cluster,YDL170W_cluster,YDL170W_cluster,0.0044
YDL170W,YKL109W,UGA3,HAP4,0.75,0.0075,528,YDL170W_cluster,YDL170W_cluster,YDL170W_cluster,0.0075
YDL170W,YKL112W,UGA3,ABF1,0.73,0.0073,528,YDL170W_cluster,YDL170W_cluster,YDL170W_cluster,0.0073
YDL170W,YKL185W,UGA3,ASH1,0.18,0.0018,528,YDL170W_cluster,YDL170W_cluster,YDL170W_cluster,0.0018
YDL170W,YKR034W,UGA3,DAL80,0.13,0.0013,269,YDL170W_cluster,YDL170W_cluster,YDL170W_cluster,0.0013
YDL170W,YKR099W,UGA3,BAS1,0.53,0.0053,528,YDL170W_cluster,YDL170W_cluster,YDL170W_cluster,0.0053
YDL170W,YLR014C,UGA3,PPR1,0.43,0.0043,528,YDL170W_cluster,YDL170W_cluster,YDL170W_cluster,0.0043
YDL170W,YLR098C,UGA3,CHA4,0.7,0.007,528,YDL170W_cluster,YDL170W_cluster,YDL170W_cluster,0.007
YDL170W,YLR131C,UGA3,ACE2,0.39,0.0039,528,YDL170W_cluster,YDL170W_cluster,YDL170W_cluster,0.0039
YDL170W,YLR176C,UGA3,RFX1,0.46,0.0046,528,YDL170W_cluster,YDL170W_cluster,YDL170W_cluster,0.0046
YDL170W,YLR228C,UGA3,ECM22,0.46,0.0046,528,YDL170W_cluster,YDL170W_cluster,YDL170W_cluster,0.0046
YDL170W,YLR256W,UGA3,HAP1,0.41,0.0041,528,YDL170W_cluster,YDL170W_cluster,YDL170W_cluster,0.0041
YDL170W,YLR266C,UGA3,PDR8,1.08,0.0108,528,YDL170W_cluster,YDL170W_cluster,YDL170W_cluster,0.0108
YDL170W,YLR451W,UGA3,LEU3,0.5,0.005,528,YDL170W_cluster,YDL170W_cluster,YDL170W_cluster,0.005
YDL170W,YML007W,UGA3,YAP1,0.52,0.0052,528,YDL170W_cluster,YDL170W_cluster,YDL170W_cluster,0.0052
YDL170W,YML076C,UGA3,WAR1,0.48,0.0048,528,YDL170W_cluster,YDL170W_cluster,YDL170W_cluster,0.0048
YDL170W,YML081W,UGA3,TDA9,0.63,0.0063,528,YDL170W_cluster,YDL170W_cluster,YDL170W_cluster,0.0063
YDL170W,YML099C,UGA3,ARG81,0.8,0.008,528,YDL170W_cluster,YDL170W_cluster,YDL170W_cluster,0.008
YDL170W,YMR019W,UGA3,STB4,0.14,0.0014,528,YDL170W_cluster,YDL170W_cluster,YDL170W_cluster,0.0014
YDL170W,YMR021C,UGA3,MAC1,0.21,0.0021,417,YDL170W_cluster,YDL170W_cluster,YDL170W_cluster,0.0021
YDL170W,YMR037C,UGA3,MSN2,0.25,0.0025,528,YDL170W_cluster,YDL170W_cluster,YDL170W_cluster,0.0025
YDL170W,YMR042W,UGA3,ARG80,0.29,0.0029,177,YDL170W_cluster,YDL170W_cluster,YDL170W_cluster,0.0029
YDL170W,YMR043W,UGA3,MCM1,0.13,0.0013,286,YDL170W_cluster,YDL170W_cluster,YDL170W_cluster,0.0013
YDL170W,YMR070W,UGA3,MOT3,0.21,0.0021,490,YDL170W_cluster,YDL170W_cluster,YDL170W_cluster,0.0021
YDL170W,YMR164C,UGA3,MSS11,0.41,0.0041,528,YDL170W_cluster,YDL170W_cluster,YDL170W_cluster,0.0041
YDL170W,YMR172W,UGA3,HOT1,0.33,0.0033,528,YDL170W_cluster,YDL170W_cluster,YDL170W_cluster,0.0033
YDL170W,YMR280C,UGA3,CAT8,0.68,0.0068,528,YDL170W_cluster,YDL170W_cluster,YDL170W_cluster,0.0068
YDL170W,YNL027W,UGA3,CRZ1,0.6,0.006,528,YDL170W_cluster,YDL170W_cluster,YDL170W_cluster,0.006
YDL170W,YNL068C,UGA3,FKH2,0.37,0.0037,528,YDL170W_cluster,YDL170W_cluster,YDL170W_cluster,0.0037
YDL170W,YNL103W,UGA3,MET4,0.26,0.0026,528,YDL170W_cluster,YDL170W_cluster,YDL170W_cluster,0.0026
YDL170W,YNL167C,UGA3,SKO1,0.26,0.0026,528,YDL170W_cluster,YDL170W_cluster,YDL170W_cluster,0.0026
YDL170W,YNL199C,UGA3,GCR2,0.19,0.0019,528,YDL170W_cluster,YDL170W_cluster,YDL170W_cluster,0.0019
YDL170W,YNL216W,UGA3,RAP1,0.45,0.0045,528,YDL170W_cluster,YDL170W_cluster,YDL170W_cluster,0.0045
YDL170W,YNL314W,UGA3,DAL82,0.52,0.0052,255,YDL170W_cluster,YDL170W_cluster,YDL170W_cluster,0.0052
YDL170W,YOL067C,UGA3,RTG1,0.0,0.0,177,YDL170W_cluster,YDL170W_cluster,YDL170W_cluster,0.0
YDL170W,YOL108C,UGA3,INO4,0.15,0.0015,151,YDL170W_cluster,YDL170W_cluster,YDL170W_cluster,0.0015
YDL170W,YOR028C,UGA3,CIN5,0.25,0.0025,295,YDL170W_cluster,YDL170W_cluster,YDL170W_cluster,0.0025
YDL170W,YOR113W,UGA3,AZF1,0.29,0.0029,528,YDL170W_cluster,YDL170W_cluster,YDL170W_cluster,0.0029
YDL170W,YOR140W,UGA3,SFL1,0.24,0.0024,528,YDL170W_cluster,YDL170W_cluster,YDL170W_cluster,0.0024
YDL170W,YOR162C,UGA3,YRR1,0.76,0.0076,528,YDL170W_cluster,YDL170W_cluster,YDL170W_cluster,0.0076
YDL170W,YOR337W,UGA3,TEA1,0.63,0.0063,528,YDL170W_cluster,YDL170W_cluster,YDL170W_cluster,0.0063
YDL170W,YOR344C,UGA3,TYE7,0.37,0.0037,291,YDL170W_cluster,YDL170W_cluster,YDL170W_cluster,0.0037
YDL170W,YOR358W,UGA3,HAP5,0.13,0.0013,242,YDL170W_cluster,YDL170W_cluster,YDL170W_cluster,0.0013
YDL170W,YOR363C,UGA3,PIP2,0.8,0.008,528,YDL170W_cluster,YDL170W_cluster,YDL170W_cluster,0.008
YDL170W,YPL038W,UGA3,MET31,0.29,0.0029,177,YDL170W_cluster,YDL170W_cluster,YDL170W_cluster,0.0029
YDL170W,YPL075W,UGA3,GCR1,0.78,0.0078,528,YDL170W_cluster,YDL170W_cluster,YDL170W_cluster,0.0078
YDL170W,YPL089C,UGA3,RLM1,0.52,0.0052,528,YDL170W_cluster,YDL170W_cluster,YDL170W_cluster,0.0052
YDL170W,YPL133C,UGA3,RDS2,0.21,0.0021,446,YDL170W_cluster,YDL170W_cluster,YDL170W_cluster,0.0021
YDL170W,YPL202C,UGA3,AFT2,0.43,0.0043,416,YDL170W_cluster,YDL170W_cluster,YDL170W_cluster,0.0043
YDL170W,YPL230W,UGA3,USV1,0.0,0.0,391,YDL170W_cluster,YDL170W_cluster,YDL170W_cluster,0.0
YDL170W,YPL248C,UGA3,GAL4,0.43,0.0043,528,YDL170W_cluster,YDL170W_cluster,YDL170W_cluster,0.0043
YDL170W,YPR008W,UGA3,HAA1,0.33,0.0033,528,YDL170W_cluster,YDL170W_cluster,YDL170W_cluster,0.0033
YDL170W,YPR065W,UGA3,ROX1,0.23,0.0023,368,YDL170W_cluster,YDL170W_cluster,YDL170W_cluster,0.0023
YDL170W,YPR199C,UGA3,ARR1,0.12,0.0012,294,YDL170W_cluster,YDL170W_cluster,YDL170W_cluster,0.0012
YDR034C,YDR043C,LYS14,NRG1,0.4,0.004,231,YDR034C_cluster,YDR034C_cluster,YDR034C_cluster,0.004
YDR034C,YDR096W,LYS14,GIS1,0.48,0.0048,790,YDR034C_cluster,YDR034C_cluster,YDR034C_cluster,0.0048
YDR034C,YDR123C,LYS14,INO2,0.37,0.0037,304,YDR034C_cluster,YDR034C_cluster,YDR034C_cluster,0.0037
YDR034C,YDR146C,LYS14,SWI5,0.27,0.0027,709,YDR034C_cluster,YDR034C_cluster,YDR034C_cluster,0.0027
YDR034C,YDR207C,LYS14,UME6,0.63,0.0063,790,YDR034C_cluster,YDR034C_cluster,YDR034C_cluster,0.0063
YDR034C,YDR213W,LYS14,UPC2,0.84,0.0084,790,YDR034C_cluster,YDR034C_cluster,YDR034C_cluster,0.0084
YDR034C,YDR216W,LYS14,ADR1,1.16,0.0116,790,YDR034C_cluster,YDR034C_cluster,YDR034C_cluster,0.0116
YDR034C,YDR253C,LYS14,MET32,0.0,0.0,191,YDR034C_cluster,YDR034C_cluster,YDR034C_cluster,0.0
YDR034C,YDR310C,LYS14,SUM1,0.94,0.0094,790,YDR034C_cluster,YDR034C_cluster,YDR034C_cluster,0.0094
YDR034C,YDR423C,LYS14,CAD1,0.25,0.0025,409,YDR034C_cluster,YDR034C_cluster,YDR034C_cluster,0.0025
YDR034C,YDR463W,LYS14,STP1,0.7,0.007,519,YDR034C_cluster,YDR034C_cluster,YDR034C_cluster,0.007
YDR034C,YEL009C,LYS14,GCN4,0.38,0.0038,281,YDR034C_cluster,YDR034C_cluster,YDR034C_cluster,0.0038
YDR034C,YER028C,LYS14,MIG3,0.43,0.0043,394,YDR034C_cluster,YDR034C_cluster,YDR034C_cluster,0.0043
YDR034C,YER040W,LYS14,GLN3,0.75,0.0075,730,YDR034C_cluster,YDR034C_cluster,YDR034C_cluster,0.0075
YDR034C,YER045C,LYS14,ACA1,0.56,0.0056,489,YDR034C_cluster,YDR034C_cluster,YDR034C_cluster,0.0056
YDR034C,YER068W,LYS14,MOT2,0.59,0.0059,587,YDR034C_cluster,YDR034C_cluster,YDR034C_cluster,0.0059
YDR034C,YER111C,LYS14,SWI4,0.66,0.0066,790,YDR034C_cluster,YDR034C_cluster,YDR034C_cluster,0.0066
YDR034C,YER130C,LYS14,COM2,0.41,0.0041,443,YDR034C_cluster,YDR034C_cluster,YDR034C_cluster,0.0041
YDR034C,YER169W,LYS14,RPH1,0.58,0.0058,790,YDR034C_cluster,YDR034C_cluster,YDR034C_cluster,0.0058
YDR034C,YFL021W,LYS14,GAT1,0.79,0.0079,510,YDR034C_cluster,YDR034C_cluster,YDR034C_cluster,0.0079
YDR034C,YFL031W,LYS14,HAC1,0.39,0.0039,238,YDR034C_cluster,YDR034C_cluster,YDR034C_cluster,0.0039
YDR034C,YFL052W,LYS14,ZNF1,0.81,0.0081,465,YDR034C_cluster,YDR034C_cluster,YDR034C_cluster,0.0081
YDR034C,YFR034C,LYS14,PHO4,0.37,0.0037,312,YDR034C_cluster,YDR034C_cluster,YDR034C_cluster,0.0037
YDR034C,YGL013C,LYS14,PDR1,0.49,0.0049,790,YDR034C_cluster,YDR034C_cluster,YDR034C_cluster,0.0049
YDR034C,YGL035C,LYS14,MIG1,0.39,0.0039,504,YDR034C_cluster,YDR034C_cluster,YDR034C_cluster,0.0039
YDR034C,YGL071W,LYS14,AFT1,0.83,0.0083,690,YDR034C_cluster,YDR034C_cluster,YDR034C_cluster,0.0083
YDR034C,YGL073W,LYS14,HSF1,0.88,0.0088,790,YDR034C_cluster,YDR034C_cluster,YDR034C_cluster,0.0088
YDR034C,YGL162W,LYS14,SUT1,0.56,0.0056,299,YDR034C_cluster,YDR034C_cluster,YDR034C_cluster,0.0056
YDR034C,YGL166W,LYS14,CUP2,0.3,0.003,225,YDR034C_cluster,YDR034C_cluster,YDR034C_cluster,0.003
YDR034C,YGL209W,LYS14,MIG2,0.09,0.0009,382,YDR034C_cluster,YDR034C_cluster,YDR034C_cluster,0.0009
YDR034C,YGL237C,LYS14,HAP2,0.0,0.0,265,YDR034C_cluster,YDR034C_cluster,YDR034C_cluster,0.0
YDR034C,YGL254W,LYS14,FZF1,0.09,0.0009,299,YDR034C_cluster,YDR034C_cluster,YDR034C_cluster,0.0009
YDR034C,YGR044C,LYS14,RME1,0.47,0.0047,300,YDR034C_cluster,YDR034C_cluster,YDR034C_cluster,0.0047
YDR034C,YHL009C,LYS14,YAP3,0.36,0.0036,330,YDR034C_cluster,YDR034C_cluster,YDR034C_cluster,0.0036
YDR034C,YHL027W,LYS14,RIM101,0.72,0.0072,625,YDR034C_cluster,YDR034C_cluster,YDR034C_cluster,0.0072
YDR034C,YHR006W,LYS14,STP2,0.46,0.0046,541,YDR034C_cluster,YDR034C_cluster,YDR034C_cluster,0.0046
YDR034C,YHR084W,LYS14,STE12,0.21,0.0021,688,YDR034C_cluster,YDR034C_cluster,YDR034C_cluster,0.0021
YDR034C,YHR124W,LYS14,NDT80,1.01,0.0101,627,YDR034C_cluster,YDR034C_cluster,YDR034C_cluster,0.0101
YDR034C,YHR177W,LYS14,ROF1,0.24,0.0024,453,YDR034C_cluster,YDR034C_cluster,YDR034C_cluster,0.0024
YDR034C,YHR178W,LYS14,STB5,0.73,0.0073,743,YDR034C_cluster,YDR034C_cluster,YDR034C_cluster,0.0073
YDR034C,YHR206W,LYS14,SKN7,1.09,0.0109,622,YDR034C_cluster,YDR034C_cluster,YDR034C_cluster,0.0109
YDR034C,YIL036W,LYS14,CST6,0.74,0.0074,587,YDR034C_cluster,YDR034C_cluster,YDR034C_cluster,0.0074
YDR034C,YIL101C,LYS14,XBP1,1.0,0.01,647,YDR034C_cluster,YDR034C_cluster,YDR034C_cluster,0.01
YDR034C,YIL131C,LYS14,FKH1,0.32,0.0032,484,YDR034C_cluster,YDR034C_cluster,YDR034C_cluster,0.0032
YDR034C,YIR018W,LYS14,YAP5,0.39,0.0039,245,YDR034C_cluster,YDR034C_cluster,YDR034C_cluster,0.0039
YDR034C,YIR023W,LYS14,DAL81,0.71,0.0071,790,YDR034C_cluster,YDR034C_cluster,YDR034C_cluster,0.0071
YDR034C,YJL056C,LYS14,ZAP1,0.73,0.0073,790,YDR034C_cluster,YDR034C_cluster,YDR034C_cluster,0.0073
YDR034C,YJL089W,LYS14,SIP4,0.83,0.0083,790,YDR034C_cluster,YDR034C_cluster,YDR034C_cluster,0.0083
YDR034C,YJL103C,LYS14,GSM1,0.58,0.0058,618,YDR034C_cluster,YDR034C_cluster,YDR034C_cluster,0.0058
YDR034C,YJL110C,LYS14,GZF3,0.61,0.0061,551,YDR034C_cluster,YDR034C_cluster,YDR034C_cluster,0.0061
YDR034C,YJR060W,LYS14,CBF1,0.18,0.0018,351,YDR034C_cluster,YDR034C_cluster,YDR034C_cluster,0.0018
YDR034C,YJR094C,LYS14,IME1,0.09,0.0009,360,YDR034C_cluster,YDR034C_cluster,YDR034C_cluster,0.0009
YDR034C,YKL015W,LYS14,PUT3,0.63,0.0063,790,YDR034C_cluster,YDR034C_cluster,YDR034C_cluster,0.0063
YDR034C,YKL032C,LYS14,IXR1,0.62,0.0062,597,YDR034C_cluster,YDR034C_cluster,YDR034C_cluster,0.0062
YDR034C,YKL038W,LYS14,RGT1,0.83,0.0083,790,YDR034C_cluster,YDR034C_cluster,YDR034C_cluster,0.0083
YDR034C,YKL062W,LYS14,MSN4,0.57,0.0057,630,YDR034C_cluster,YDR034C_cluster,YDR034C_cluster,0.0057
YDR034C,YKL109W,LYS14,HAP4,0.45,0.0045,554,YDR034C_cluster,YDR034C_cluster,YDR034C_cluster,0.0045
YDR034C,YKL112W,LYS14,ABF1,0.67,0.0067,731,YDR034C_cluster,YDR034C_cluster,YDR034C_cluster,0.0067
YDR034C,YKL185W,LYS14,ASH1,1.11,0.0111,588,YDR034C_cluster,YDR034C_cluster,YDR034C_cluster,0.0111
YDR034C,YKR034W,LYS14,DAL80,0.48,0.0048,269,YDR034C_cluster,YDR034C_cluster,YDR034C_cluster,0.0048
YDR034C,YKR099W,LYS14,BAS1,0.7,0.007,790,YDR034C_cluster,YDR034C_cluster,YDR034C_cluster,0.007
YDR034C,YLR014C,LYS14,PPR1,0.54,0.0054,790,YDR034C_cluster,YDR034C_cluster,YDR034C_cluster,0.0054
YDR034C,YLR098C,LYS14,CHA4,0.57,0.0057,648,YDR034C_cluster,YDR034C_cluster,YDR034C_cluster,0.0057
YDR034C,YLR131C,LYS14,ACE2,0.92,0.0092,770,YDR034C_cluster,YDR034C_cluster,YDR034C_cluster,0.0092
YDR034C,YLR176C,LYS14,RFX1,0.7,0.007,790,YDR034C_cluster,YDR034C_cluster,YDR034C_cluster,0.007
YDR034C,YLR228C,LYS14,ECM22,0.7,0.007,790,YDR034C_cluster,YDR034C_cluster,YDR034C_cluster,0.007
YDR034C,YLR256W,LYS14,HAP1,1.45,0.0145,790,YDR034C_cluster,YDR034C_cluster,YDR034C_cluster,0.0145
YDR034C,YLR266C,LYS14,PDR8,0.34,0.0034,701,YDR034C_cluster,YDR034C_cluster,YDR034C_cluster,0.0034
YDR034C,YLR451W,LYS14,LEU3,0.73,0.0073,790,YDR034C_cluster,YDR034C_cluster,YDR034C_cluster,0.0073
YDR034C,YML007W,LYS14,YAP1,0.71,0.0071,650,YDR034C_cluster,YDR034C_cluster,YDR034C_cluster,0.0071
YDR034C,YML076C,LYS14,WAR1,0.7,0.007,790,YDR034C_cluster,YDR034C_cluster,YDR034C_cluster,0.007
YDR034C,YML081W,LYS14,TDA9,1.1,0.011,790,YDR034C_cluster,YDR034C_cluster,YDR034C_cluster,0.011
YDR034C,YML099C,LYS14,ARG81,0.85,0.0085,790,YDR034C_cluster,YDR034C_cluster,YDR034C_cluster,0.0085
YDR034C,YMR019W,LYS14,STB4,0.41,0.0041,790,YDR034C_cluster,YDR034C_cluster,YDR034C_cluster,0.0041
YDR034C,YMR021C,LYS14,MAC1,0.59,0.0059,417,YDR034C_cluster,YDR034C_cluster,YDR034C_cluster,0.0059
YDR034C,YMR037C,LYS14,MSN2,0.82,0.0082,704,YDR034C_cluster,YDR034C_cluster,YDR034C_cluster,0.0082
YDR034C,YMR042W,LYS14,ARG80,0.42,0.0042,177,YDR034C_cluster,YDR034C_cluster,YDR034C_cluster,0.0042
YDR034C,YMR043W,LYS14,MCM1,0.1,0.001,286,YDR034C_cluster,YDR034C_cluster,YDR034C_cluster,0.001
YDR034C,YMR070W,LYS14,MOT3,0.33,0.0033,490,YDR034C_cluster,YDR034C_cluster,YDR034C_cluster,0.0033
YDR034C,YMR164C,LYS14,MSS11,0.34,0.0034,758,YDR034C_cluster,YDR034C_cluster,YDR034C_cluster,0.0034
YDR034C,YMR172W,LYS14,HOT1,0.95,0.0095,719,YDR034C_cluster,YDR034C_cluster,YDR034C_cluster,0.0095
YDR034C,YMR280C,LYS14,CAT8,1.35,0.0135,790,YDR034C_cluster,YDR034C_cluster,YDR034C_cluster,0.0135
YDR034C,YNL027W,LYS14,CRZ1,0.71,0.0071,678,YDR034C_cluster,YDR034C_cluster,YDR034C_cluster,0.0071
YDR034C,YNL068C,LYS14,FKH2,0.74,0.0074,790,YDR034C_cluster,YDR034C_cluster,YDR034C_cluster,0.0074
YDR034C,YNL103W,LYS14,MET4,0.7,0.007,672,YDR034C_cluster,YDR034C_cluster,YDR034C_cluster,0.007
YDR034C,YNL167C,LYS14,SKO1,1.08,0.0108,647,YDR034C_cluster,YDR034C_cluster,YDR034C_cluster,0.0108
YDR034C,YNL199C,LYS14,GCR2,0.38,0.0038,534,YDR034C_cluster,YDR034C_cluster,YDR034C_cluster,0.0038
YDR034C,YNL216W,LYS14,RAP1,0.32,0.0032,790,YDR034C_cluster,YDR034C_cluster,YDR034C_cluster,0.0032
YDR034C,YNL314W,LYS14,DAL82,0.29,0.0029,255,YDR034C_cluster,YDR034C_cluster,YDR034C_cluster,0.0029
YDR034C,YOL067C,LYS14,RTG1,0.1,0.001,177,YDR034C_cluster,YDR034C_cluster,YDR034C_cluster,0.001
YDR034C,YOL108C,LYS14,INO4,0.54,0.0054,151,YDR034C_cluster,YDR034C_cluster,YDR034C_cluster,0.0054
YDR034C,YOR028C,LYS14,CIN5,0.47,0.0047,295,YDR034C_cluster,YDR034C_cluster,YDR034C_cluster,0.0047
YDR034C,YOR113W,LYS14,AZF1,0.54,0.0054,790,YDR034C_cluster,YDR034C_cluster,YDR034C_cluster,0.0054
YDR034C,YOR140W,LYS14,SFL1,0.59,0.0059,766,YDR034C_cluster,YDR034C_cluster,YDR034C_cluster,0.0059
YDR034C,YOR162C,LYS14,YRR1,0.7,0.007,790,YDR034C_cluster,YDR034C_cluster,YDR034C_cluster,0.007
YDR034C,YOR337W,LYS14,TEA1,0.92,0.0092,759,YDR034C_cluster,YDR034C_cluster,YDR034C_cluster,0.0092
YDR034C,YOR344C,LYS14,TYE7,0.19,0.0019,291,YDR034C_cluster,YDR034C_cluster,YDR034C_cluster,0.0019
YDR034C,YOR358W,LYS14,HAP5,0.2,0.002,242,YDR034C_cluster,YDR034C_cluster,YDR034C_cluster,0.002
YDR034C,YOR363C,LYS14,PIP2,0.62,0.0063,790,YDR034C_cluster,YDR034C_cluster,YDR034C_cluster,0.0062
YDR034C,YPL038W,LYS14,MET31,0.0,0.0,177,YDR034C_cluster,YDR034C_cluster,YDR034C_cluster,0.0
YDR034C,YPL075W,LYS14,GCR1,1.1,0.011,785,YDR034C_cluster,YDR034C_cluster,YDR034C_cluster,0.011
YDR034C,YPL089C,LYS14,RLM1,0.49,0.0049,676,YDR034C_cluster,YDR034C_cluster,YDR034C_cluster,0.0049
YDR034C,YPL133C,LYS14,RDS2,0.33,0.0033,446,YDR034C_cluster,YDR034C_cluster,YDR034C_cluster,0.0033
YDR034C,YPL202C,LYS14,AFT2,0.76,0.0076,416,YDR034C_cluster,YDR034C_cluster,YDR034C_cluster,0.0076
YDR034C,YPL230W,LYS14,USV1,0.7,0.007,391,YDR034C_cluster,YDR034C_cluster,YDR034C_cluster,0.007
YDR034C,YPL248C,LYS14,GAL4,0.79,0.0079,790,YDR034C_cluster,YDR034C_cluster,YDR034C_cluster,0.0079
YDR034C,YPR008W,LYS14,HAA1,1.1,0.011,694,YDR034C_cluster,YDR034C_cluster,YDR034C_cluster,0.011
YDR034C,YPR065W,LYS14,ROX1,0.62,0.0062,368,YDR034C_cluster,YDR034C_cluster,YDR034C_cluster,0.0062
YDR034C,YPR199C,LYS14,ARR1,0.56,0.0056,294,YDR034C_cluster,YDR034C_cluster,YDR034C_cluster,0.0056
YDR043C,YDR096W,NRG1,GIS1,0.54,0.0054,231,YDR043C_cluster,YDR043C_cluster,YDR043C_cluster,0.0054
YDR043C,YDR123C,NRG1,INO2,0.0,0.0,231,YDR043C_cluster,YDR043C_cluster,YDR043C_cluster,0.0
YDR043C,YDR146C,NRG1,SWI5,0.32,0.0032,231,YDR043C_cluster,YDR043C_cluster,YDR043C_cluster,0.0032
YDR043C,YDR207C,NRG1,UME6,0.29,0.0029,231,YDR043C_cluster,YDR043C_cluster,YDR043C_cluster,0.0029
YDR043C,YDR213W,NRG1,UPC2,0.63,0.0063,231,YDR043C_cluster,YDR043C_cluster,YDR043C_cluster,0.0063
YDR043C,YDR216W,NRG1,ADR1,0.26,0.0026,231,YDR043C_cluster,YDR043C_cluster,YDR043C_cluster,0.0026
YDR043C,YDR253C,NRG1,MET32,0.24,0.0024,191,YDR043C_cluster,YDR043C_cluster,YDR043C_cluster,0.0024
YDR043C,YDR310C,NRG1,SUM1,0.39,0.0039,231,YDR043C_cluster,YDR043C_cluster,YDR043C_cluster,0.0039
YDR043C,YDR423C,NRG1,CAD1,0.48,0.0048,231,YDR043C_cluster,YDR043C_cluster,YDR043C_cluster,0.0048
YDR043C,YDR463W,NRG1,STP1,0.27,0.0027,231,YDR043C_cluster,YDR043C_cluster,YDR043C_cluster,0.0027
YDR043C,YEL009C,NRG1,GCN4,0.2,0.002,231,YDR043C_cluster,YDR043C_cluster,YDR043C_cluster,0.002
YDR043C,YER028C,NRG1,MIG3,0.82,0.0082,231,YDR043C_cluster,YDR043C_cluster,YDR043C_cluster,0.0082
YDR043C,YER040W,NRG1,GLN3,0.11,0.0011,231,YDR043C_cluster,YDR043C_cluster,YDR043C_cluster,0.0011
YDR043C,YER045C,NRG1,ACA1,0.28,0.0028,231,YDR043C_cluster,YDR043C_cluster,YDR043C_cluster,0.0028
YDR043C,YER068W,NRG1,MOT2,0.62,0.0062,231,YDR043C_cluster,YDR043C_cluster,YDR043C_cluster,0.0062
YDR043C,YER111C,NRG1,SWI4,0.31,0.0031,231,YDR043C_cluster,YDR043C_cluster,YDR043C_cluster,0.0031
YDR043C,YER130C,NRG1,COM2,0.15,0.0015,231,YDR043C_cluster,YDR043C_cluster,YDR043C_cluster,0.0015
YDR043C,YER169W,NRG1,RPH1,0.3,0.003,231,YDR043C_cluster,YDR043C_cluster,YDR043C_cluster,0.003
YDR043C,YFL021W,NRG1,GAT1,0.28,0.0028,231,YDR043C_cluster,YDR043C_cluster,YDR043C_cluster,0.0028
YDR043C,YFL031W,NRG1,HAC1,0.43,0.0043,231,YDR043C_cluster,YDR043C_cluster,YDR043C_cluster,0.0043
YDR043C,YFL052W,NRG1,ZNF1,0.88,0.0088,231,YDR043C_cluster,YDR043C_cluster,YDR043C_cluster,0.0088
YDR043C,YFR034C,NRG1,PHO4,0.38,0.0038,231,YDR043C_cluster,YDR043C_cluster,YDR043C_cluster,0.0038
YDR043C,YGL013C,NRG1,PDR1,0.16,0.0016,231,YDR043C_cluster,YDR043C_cluster,YDR043C_cluster,0.0016
YDR043C,YGL035C,NRG1,MIG1,1.42,0.0142,231,YDR043C_cluster,YDR043C_cluster,YDR043C_cluster,0.0142
YDR043C,YGL071W,NRG1,AFT1,0.11,0.0011,231,YDR043C_cluster,YDR043C_cluster,YDR043C_cluster,0.0011
YDR043C,YGL073W,NRG1,HSF1,0.1,0.001,231,YDR043C_cluster,YDR043C_cluster,YDR043C_cluster,0.001
YDR043C,YGL162W,NRG1,SUT1,0.0,0.0,231,YDR043C_cluster,YDR043C_cluster,YDR043C_cluster,0.0
YDR043C,YGL166W,NRG1,CUP2,0.0,0.0,225,YDR043C_cluster,YDR043C_cluster,YDR043C_cluster,0.0
YDR043C,YGL209W,NRG1,MIG2,0.5,0.005,231,YDR043C_cluster,YDR043C_cluster,YDR043C_cluster,0.005
YDR043C,YGL237C,NRG1,HAP2,0.64,0.0064,231,YDR043C_cluster,YDR043C_cluster,YDR043C_cluster,0.0064
YDR043C,YGL254W,NRG1,FZF1,0.58,0.0058,231,YDR043C_cluster,YDR043C_cluster,YDR043C_cluster,0.0058
YDR043C,YGR044C,NRG1,RME1,0.0,0.0,231,YDR043C_cluster,YDR043C_cluster,YDR043C_cluster,0.0
YDR043C,YHL009C,NRG1,YAP3,0.18,0.0018,231,YDR043C_cluster,YDR043C_cluster,YDR043C_cluster,0.0018
YDR043C,YHL027W,NRG1,RIM101,0.36,0.0036,231,YDR043C_cluster,YDR043C_cluster,YDR043C_cluster,0.0036
YDR043C,YHR006W,NRG1,STP2,0.4,0.004,231,YDR043C_cluster,YDR043C_cluster,YDR043C_cluster,0.004
YDR043C,YHR084W,NRG1,STE12,0.11,0.0011,231,YDR043C_cluster,YDR043C_cluster,YDR043C_cluster,0.0011
YDR043C,YHR124W,NRG1,NDT80,0.0,0.0,231,YDR043C_cluster,YDR043C_cluster,YDR043C_cluster,0.0
YDR043C,YHR177W,NRG1,ROF1,0.15,0.0015,231,YDR043C_cluster,YDR043C_cluster,YDR043C_cluster,0.0015
YDR043C,YHR178W,NRG1,STB5,0.1,0.001,231,YDR043C_cluster,YDR043C_cluster,YDR043C_cluster,0.001
YDR043C,YHR206W,NRG1,SKN7,0.12,0.0012,231,YDR043C_cluster,YDR043C_cluster,YDR043C_cluster,0.0012
YDR043C,YIL036W,NRG1,CST6,0.25,0.0025,231,YDR043C_cluster,YDR043C_cluster,YDR043C_cluster,0.0025
YDR043C,YIL101C,NRG1,XBP1,0.58,0.0058,231,YDR043C_cluster,YDR043C_cluster,YDR043C_cluster,0.0058
YDR043C,YIL131C,NRG1,FKH1,0.29,0.0029,231,YDR043C_cluster,YDR043C_cluster,YDR043C_cluster,0.0029
YDR043C,YIR018W,NRG1,YAP5,0.21,0.0021,231,YDR043C_cluster,YDR043C_cluster,YDR043C_cluster,0.0021
YDR043C,YIR023W,NRG1,DAL81,0.09,0.0009,231,YDR043C_cluster,YDR043C_cluster,YDR043C_cluster,0.0009
YDR043C,YJL056C,NRG1,ZAP1,0.55,0.0055,231,YDR043C_cluster,YDR043C_cluster,YDR043C_cluster,0.0055
YDR043C,YJL089W,NRG1,SIP4,0.49,0.0049,231,YDR043C_cluster,YDR043C_cluster,YDR043C_cluster,0.0049
YDR043C,YJL103C,NRG1,GSM1,0.12,0.0012,231,YDR043C_cluster,YDR043C_cluster,YDR043C_cluster,0.0012
YDR043C,YJL110C,NRG1,GZF3,0.79,0.0079,231,YDR043C_cluster,YDR043C_cluster,YDR043C_cluster,0.0079
YDR043C,YJR060W,NRG1,CBF1,0.17,0.0017,231,YDR043C_cluster,YDR043C_cluster,YDR043C_cluster,0.0017
YDR043C,YJR094C,NRG1,IME1,0.34,0.0034,231,YDR043C_cluster,YDR043C_cluster,YDR043C_cluster,0.0034
YDR043C,YKL015W,NRG1,PUT3,0.17,0.0017,231,YDR043C_cluster,YDR043C_cluster,YDR043C_cluster,0.0017
YDR043C,YKL032C,NRG1,IXR1,0.27,0.0027,231,YDR043C_cluster,YDR043C_cluster,YDR043C_cluster,0.0027
YDR043C,YKL038W,NRG1,RGT1,0.36,0.0036,231,YDR043C_cluster,YDR043C_cluster,YDR043C_cluster,0.0036
YDR043C,YKL062W,NRG1,MSN4,0.24,0.0024,231,YDR043C_cluster,YDR043C_cluster,YDR043C_cluster,0.0024
YDR043C,YKL109W,NRG1,HAP4,0.26,0.0026,231,YDR043C_cluster,YDR043C_cluster,YDR043C_cluster,0.0026
YDR043C,YKL112W,NRG1,ABF1,0.43,0.0043,231,YDR043C_cluster,YDR043C_cluster,YDR043C_cluster,0.0043
YDR043C,YKL185W,NRG1,ASH1,0.37,0.0037,231,YDR043C_cluster,YDR043C_cluster,YDR043C_cluster,0.0037
YDR043C,YKR034W,NRG1,DAL80,0.2,0.002,231,YDR043C_cluster,YDR043C_cluster,YDR043C_cluster,0.002
YDR043C,YKR099W,NRG1,BAS1,0.39,0.0039,231,YDR043C_cluster,YDR043C_cluster,YDR043C_cluster,0.0039
YDR043C,YLR014C,NRG1,PPR1,0.0,0.0,231,YDR043C_cluster,YDR043C_cluster,YDR043C_cluster,0.0
YDR043C,YLR098C,NRG1,CHA4,0.12,0.0012,231,YDR043C_cluster,YDR043C_cluster,YDR043C_cluster,0.0012
YDR043C,YLR131C,NRG1,ACE2,0.2,0.002,231,YDR043C_cluster,YDR043C_cluster,YDR043C_cluster,0.002
YDR043C,YLR176C,NRG1,RFX1,0.29,0.0029,231,YDR043C_cluster,YDR043C_cluster,YDR043C_cluster,0.0029
YDR043C,YLR228C,NRG1,ECM22,0.29,0.0029,231,YDR043C_cluster,YDR043C_cluster,YDR043C_cluster,0.0029
YDR043C,YLR256W,NRG1,HAP1,0.66,0.0066,231,YDR043C_cluster,YDR043C_cluster,YDR043C_cluster,0.0066
YDR043C,YLR266C,NRG1,PDR8,0.33,0.0033,231,YDR043C_cluster,YDR043C_cluster,YDR043C_cluster,0.0033
YDR043C,YLR451W,NRG1,LEU3,0.27,0.0027,231,YDR043C_cluster,YDR043C_cluster,YDR043C_cluster,0.0027
YDR043C,YML007W,NRG1,YAP1,0.23,0.0023,231,YDR043C_cluster,YDR043C_cluster,YDR043C_cluster,0.0023
YDR043C,YML076C,NRG1,WAR1,0.34,0.0034,231,YDR043C_cluster,YDR043C_cluster,YDR043C_cluster,0.0034
YDR043C,YML081W,NRG1,TDA9,0.14,0.0014,231,YDR043C_cluster,YDR043C_cluster,YDR043C_cluster,0.0014
YDR043C,YML099C,NRG1,ARG81,0.09,0.0009,231,YDR043C_cluster,YDR043C_cluster,YDR043C_cluster,0.0009
YDR043C,YMR019W,NRG1,STB4,0.26,0.0026,231,YDR043C_cluster,YDR043C_cluster,YDR043C_cluster,0.0026
YDR043C,YMR021C,NRG1,MAC1,0.47,0.0047,231,YDR043C_cluster,YDR043C_cluster,YDR043C_cluster,0.0047
YDR043C,YMR037C,NRG1,MSN2,0.0,0.0,231,YDR043C_cluster,YDR043C_cluster,YDR043C_cluster,0.0
YDR043C,YMR042W,NRG1,ARG80,0.25,0.0025,177,YDR043C_cluster,YDR043C_cluster,YDR043C_cluster,0.0025
YDR043C,YMR043W,NRG1,MCM1,0.0,0.0,231,YDR043C_cluster,YDR043C_cluster,YDR043C_cluster,0.0
YDR043C,YMR070W,NRG1,MOT3,0.0,0.0,231,YDR043C_cluster,YDR043C_cluster,YDR043C_cluster,0.0
YDR043C,YMR164C,NRG1,MSS11,0.22,0.0022,231,YDR043C_cluster,YDR043C_cluster,YDR043C_cluster,0.0022
YDR043C,YMR172W,NRG1,HOT1,0.32,0.0032,231,YDR043C_cluster,YDR043C_cluster,YDR043C_cluster,0.0032
YDR043C,YMR280C,NRG1,CAT8,0.18,0.0018,231,YDR043C_cluster,YDR043C_cluster,YDR043C_cluster,0.0018
YDR043C,YNL027W,NRG1,CRZ1,0.23,0.0023,231,YDR043C_cluster,YDR043C_cluster,YDR043C_cluster,0.0023
YDR043C,YNL068C,NRG1,FKH2,0.09,0.0009,231,YDR043C_cluster,YDR043C_cluster,YDR043C_cluster,0.0009
YDR043C,YNL103W,NRG1,MET4,0.23,0.0023,231,YDR043C_cluster,YDR043C_cluster,YDR043C_cluster,0.0023
YDR043C,YNL167C,NRG1,SKO1,0.35,0.0035,231,YDR043C_cluster,YDR043C_cluster,YDR043C_cluster,0.0035
YDR043C,YNL199C,NRG1,GCR2,0.27,0.0027,231,YDR043C_cluster,YDR043C_cluster,YDR043C_cluster,0.0027
YDR043C,YNL216W,NRG1,RAP1,0.19,0.0019,231,YDR043C_cluster,YDR043C_cluster,YDR043C_cluster,0.0019
YDR043C,YNL314W,NRG1,DAL82,0.21,0.0021,231,YDR043C_cluster,YDR043C_cluster,YDR043C_cluster,0.0021
YDR043C,YOL067C,NRG1,RTG1,0.0,0.0,177,YDR043C_cluster,YDR043C_cluster,YDR043C_cluster,0.0
YDR043C,YOL108C,NRG1,INO4,0.27,0.0027,151,YDR043C_cluster,YDR043C_cluster,YDR043C_cluster,0.0027
YDR043C,YOR028C,NRG1,CIN5,0.0,0.0,231,YDR043C_cluster,YDR043C_cluster,YDR043C_cluster,0.0
YDR043C,YOR113W,NRG1,AZF1,0.36,0.0036,231,YDR043C_cluster,YDR043C_cluster,YDR043C_cluster,0.0036
YDR043C,YOR140W,NRG1,SFL1,0.61,0.0061,231,YDR043C_cluster,YDR043C_cluster,YDR043C_cluster,0.0061
YDR043C,YOR162C,NRG1,YRR1,0.0,0.0,231,YDR043C_cluster,YDR043C_cluster,YDR043C_cluster,0.0
YDR043C,YOR337W,NRG1,TEA1,0.31,0.0031,231,YDR043C_cluster,YDR043C_cluster,YDR043C_cluster,0.0031
YDR043C,YOR344C,NRG1,TYE7,0.39,0.0039,231,YDR043C_cluster,YDR043C_cluster,YDR043C_cluster,0.0039
YDR043C,YOR358W,NRG1,HAP5,0.0,0.0,231,YDR043C_cluster,YDR043C_cluster,YDR043C_cluster,0.0
YDR043C,YOR363C,NRG1,PIP2,0.33,0.0033,231,YDR043C_cluster,YDR043C_cluster,YDR043C_cluster,0.0033
YDR043C,YPL038W,NRG1,MET31,0.0,0.0,177,YDR043C_cluster,YDR043C_cluster,YDR043C_cluster,0.0
YDR043C,YPL075W,NRG1,GCR1,0.2,0.002,231,YDR043C_cluster,YDR043C_cluster,YDR043C_cluster,0.002
YDR043C,YPL089C,NRG1,RLM1,0.12,0.0012,231,YDR043C_cluster,YDR043C_cluster,YDR043C_cluster,0.0012
YDR043C,YPL133C,NRG1,RDS2,0.45,0.0045,231,YDR043C_cluster,YDR043C_cluster,YDR043C_cluster,0.0045
YDR043C,YPL202C,NRG1,AFT2,0.16,0.0016,231,YDR043C_cluster,YDR043C_cluster,YDR043C_cluster,0.0016
YDR043C,YPL230W,NRG1,USV1,1.01,0.0101,231,YDR043C_cluster,YDR043C_cluster,YDR043C_cluster,0.0101
YDR043C,YPL248C,NRG1,GAL4,0.46,0.0046,231,YDR043C_cluster,YDR043C_cluster,YDR043C_cluster,0.0046
YDR043C,YPR008W,NRG1,HAA1,0.22,0.0022,231,YDR043C_cluster,YDR043C_cluster,YDR043C_cluster,0.0022
YDR043C,YPR065W,NRG1,ROX1,0.52,0.0052,231,YDR043C_cluster,YDR043C_cluster,YDR043C_cluster,0.0052
YDR043C,YPR199C,NRG1,ARR1,0.19,0.0019,231,YDR043C_cluster,YDR043C_cluster,YDR043C_cluster,0.0019
YDR096W,YDR123C,GIS1,INO2,0.25,0.0025,304,YDR096W_cluster,YDR096W_cluster,YDR096W_cluster,0.0025
YDR096W,YDR146C,GIS1,SWI5,0.83,0.0083,709,YDR096W_cluster,YDR096W_cluster,YDR096W_cluster,0.0083
YDR096W,YDR207C,GIS1,UME6,1.57,0.0157,836,YDR096W_cluster,YDR096W_cluster,YDR096W_cluster,0.0157
YDR096W,YDR213W,GIS1,UPC2,0.68,0.0068,894,YDR096W_cluster,YDR096W_cluster,YDR096W_cluster,0.0068
YDR096W,YDR216W,GIS1,ADR1,1.39,0.0139,894,YDR096W_cluster,YDR096W_cluster,YDR096W_cluster,0.0139
YDR096W,YDR253C,GIS1,MET32,0.38,0.0038,191,YDR096W_cluster,YDR096W_cluster,YDR096W_cluster,0.0038
YDR096W,YDR310C,GIS1,SUM1,1.26,0.0126,894,YDR096W_cluster,YDR096W_cluster,YDR096W_cluster,0.0126
YDR096W,YDR423C,GIS1,CAD1,0.63,0.0063,409,YDR096W_cluster,YDR096W_cluster,YDR096W_cluster,0.0063
YDR096W,YDR463W,GIS1,STP1,1.01,0.0101,519,YDR096W_cluster,YDR096W_cluster,YDR096W_cluster,0.0101
YDR096W,YEL009C,GIS1,GCN4,0.52,0.0052,281,YDR096W_cluster,YDR096W_cluster,YDR096W_cluster,0.0052
YDR096W,YER028C,GIS1,MIG3,0.88,0.0088,394,YDR096W_cluster,YDR096W_cluster,YDR096W_cluster,0.0088
YDR096W,YER040W,GIS1,GLN3,2.2,0.022,730,YDR096W_cluster,YDR096W_cluster,YDR096W_cluster,0.022
YDR096W,YER045C,GIS1,ACA1,1.12,0.0112,489,YDR096W_cluster,YDR096W_cluster,YDR096W_cluster,0.0112
YDR096W,YER068W,GIS1,MOT2,1.11,0.0111,587,YDR096W_cluster,YDR096W_cluster,YDR096W_cluster,0.0111
YDR096W,YER111C,GIS1,SWI4,2.0,0.02,894,YDR096W_cluster,YDR096W_cluster,YDR096W_cluster,0.02
YDR096W,YER130C,GIS1,COM2,1.63,0.0163,443,YDR096W_cluster,YDR096W_cluster,YDR096W_cluster,0.0163
YDR096W,YER169W,GIS1,RPH1,6.58,0.0658,796,YDR096W_cluster,YDR096W_cluster,YDR096W_cluster,0.0658
YDR096W,YFL021W,GIS1,GAT1,1.33,0.0133,510,YDR096W_cluster,YDR096W_cluster,YDR096W_cluster,0.0133
YDR096W,YFL031W,GIS1,HAC1,0.09,0.0009,238,YDR096W_cluster,YDR096W_cluster,YDR096W_cluster,0.0009
YDR096W,YFL052W,GIS1,ZNF1,0.3,0.003,465,YDR096W_cluster,YDR096W_cluster,YDR096W_cluster,0.003
YDR096W,YFR034C,GIS1,PHO4,0.6,0.006,312,YDR096W_cluster,YDR096W_cluster,YDR096W_cluster,0.006
YDR096W,YGL013C,GIS1,PDR1,0.99,0.0099,894,YDR096W_cluster,YDR096W_cluster,YDR096W_cluster,0.0099
YDR096W,YGL035C,GIS1,MIG1,0.89,0.0089,504,YDR096W_cluster,YDR096W_cluster,YDR096W_cluster,0.0089
YDR096W,YGL071W,GIS1,AFT1,0.91,0.0091,690,YDR096W_cluster,YDR096W_cluster,YDR096W_cluster,0.0091
YDR096W,YGL073W,GIS1,HSF1,1.74,0.0174,833,YDR096W_cluster,YDR096W_cluster,YDR096W_cluster,0.0174
YDR096W,YGL162W,GIS1,SUT1,0.68,0.0068,299,YDR096W_cluster,YDR096W_cluster,YDR096W_cluster,0.0068
YDR096W,YGL166W,GIS1,CUP2,0.18,0.0018,225,YDR096W_cluster,YDR096W_cluster,YDR096W_cluster,0.0018
YDR096W,YGL209W,GIS1,MIG2,0.96,0.0096,382,YDR096W_cluster,YDR096W_cluster,YDR096W_cluster,0.0096
YDR096W,YGL237C,GIS1,HAP2,0.54,0.0054,265,YDR096W_cluster,YDR096W_cluster,YDR096W_cluster,0.0054
YDR096W,YGL254W,GIS1,FZF1,0.17,0.0017,299,YDR096W_cluster,YDR096W_cluster,YDR096W_cluster,0.0017
YDR096W,YGR044C,GIS1,RME1,0.26,0.0026,300,YDR096W_cluster,YDR096W_cluster,YDR096W_cluster,0.0026
YDR096W,YHL009C,GIS1,YAP3,0.5,0.005,330,YDR096W_cluster,YDR096W_cluster,YDR096W_cluster,0.005
YDR096W,YHL027W,GIS1,RIM101,0.61,0.0061,625,YDR096W_cluster,YDR096W_cluster,YDR096W_cluster,0.0061
YDR096W,YHR006W,GIS1,STP2,0.28,0.0028,541,YDR096W_cluster,YDR096W_cluster,YDR096W_cluster,0.0028
YDR096W,YHR084W,GIS1,STE12,0.9,0.009,688,YDR096W_cluster,YDR096W_cluster,YDR096W_cluster,0.009
YDR096W,YHR124W,GIS1,NDT80,0.4,0.004,627,YDR096W_cluster,YDR096W_cluster,YDR096W_cluster,0.004
YDR096W,YHR177W,GIS1,ROF1,0.45,0.0045,453,YDR096W_cluster,YDR096W_cluster,YDR096W_cluster,0.0045
YDR096W,YHR178W,GIS1,STB5,0.94,0.0094,743,YDR096W_cluster,YDR096W_cluster,YDR096W_cluster,0.0094
YDR096W,YHR206W,GIS1,SKN7,1.7,0.017,622,YDR096W_cluster,YDR096W_cluster,YDR096W_cluster,0.017
YDR096W,YIL036W,GIS1,CST6,1.46,0.0146,587,YDR096W_cluster,YDR096W_cluster,YDR096W_cluster,0.0146
YDR096W,YIL101C,GIS1,XBP1,0.93,0.0093,647,YDR096W_cluster,YDR096W_cluster,YDR096W_cluster,0.0093
YDR096W,YIL131C,GIS1,FKH1,0.89,0.0089,484,YDR096W_cluster,YDR096W_cluster,YDR096W_cluster,0.0089
YDR096W,YIR018W,GIS1,YAP5,0.27,0.0027,245,YDR096W_cluster,YDR096W_cluster,YDR096W_cluster,0.0027
YDR096W,YIR023W,GIS1,DAL81,1.64,0.0164,894,YDR096W_cluster,YDR096W_cluster,YDR096W_cluster,0.0164
YDR096W,YJL056C,GIS1,ZAP1,1.57,0.0157,880,YDR096W_cluster,YDR096W_cluster,YDR096W_cluster,0.0157
YDR096W,YJL089W,GIS1,SIP4,1.69,0.0169,829,YDR096W_cluster,YDR096W_cluster,YDR096W_cluster,0.0169
YDR096W,YJL103C,GIS1,GSM1,0.54,0.0054,618,YDR096W_cluster,YDR096W_cluster,YDR096W_cluster,0.0054
YDR096W,YJL110C,GIS1,GZF3,0.85,0.0085,551,YDR096W_cluster,YDR096W_cluster,YDR096W_cluster,0.0085
YDR096W,YJR060W,GIS1,CBF1,0.41,0.0041,351,YDR096W_cluster,YDR096W_cluster,YDR096W_cluster,0.0041
YDR096W,YJR094C,GIS1,IME1,0.73,0.0073,360,YDR096W_cluster,YDR096W_cluster,YDR096W_cluster,0.0073
YDR096W,YKL015W,GIS1,PUT3,1.37,0.0137,894,YDR096W_cluster,YDR096W_cluster,YDR096W_cluster,0.0137
YDR096W,YKL032C,GIS1,IXR1,1.53,0.0153,597,YDR096W_cluster,YDR096W_cluster,YDR096W_cluster,0.0153
YDR096W,YKL038W,GIS1,RGT1,1.75,0.0175,894,YDR096W_cluster,YDR096W_cluster,YDR096W_cluster,0.0175
YDR096W,YKL062W,GIS1,MSN4,1.76,0.0176,630,YDR096W_cluster,YDR096W_cluster,YDR096W_cluster,0.0176
YDR096W,YKL109W,GIS1,HAP4,1.28,0.0128,554,YDR096W_cluster,YDR096W_cluster,YDR096W_cluster,0.0128
YDR096W,YKL112W,GIS1,ABF1,1.92,0.0192,731,YDR096W_cluster,YDR096W_cluster,YDR096W_cluster,0.0192
YDR096W,YKL185W,GIS1,ASH1,1.39,0.0139,588,YDR096W_cluster,YDR096W_cluster,YDR096W_cluster,0.0139
YDR096W,YKR034W,GIS1,DAL80,0.7,0.007,269,YDR096W_cluster,YDR096W_cluster,YDR096W_cluster,0.007
YDR096W,YKR099W,GIS1,BAS1,0.84,0.0084,811,YDR096W_cluster,YDR096W_cluster,YDR096W_cluster,0.0084
YDR096W,YLR014C,GIS1,PPR1,0.4,0.004,894,YDR096W_cluster,YDR096W_cluster,YDR096W_cluster,0.004
YDR096W,YLR098C,GIS1,CHA4,0.87,0.0087,648,YDR096W_cluster,YDR096W_cluster,YDR096W_cluster,0.0087
YDR096W,YLR131C,GIS1,ACE2,1.05,0.0105,770,YDR096W_cluster,YDR096W_cluster,YDR096W_cluster,0.0105
YDR096W,YLR176C,GIS1,RFX1,0.72,0.0072,811,YDR096W_cluster,YDR096W_cluster,YDR096W_cluster,0.0072
YDR096W,YLR228C,GIS1,ECM22,1.7,0.017,814,YDR096W_cluster,YDR096W_cluster,YDR096W_cluster,0.017
YDR096W,YLR256W,GIS1,HAP1,2.6,0.026,894,YDR096W_cluster,YDR096W_cluster,YDR096W_cluster,0.026
YDR096W,YLR266C,GIS1,PDR8,0.77,0.0077,701,YDR096W_cluster,YDR096W_cluster,YDR096W_cluster,0.0077
YDR096W,YLR451W,GIS1,LEU3,0.52,0.0052,886,YDR096W_cluster,YDR096W_cluster,YDR096W_cluster,0.0052
YDR096W,YML007W,GIS1,YAP1,1.34,0.0134,650,YDR096W_cluster,YDR096W_cluster,YDR096W_cluster,0.0134
YDR096W,YML076C,GIS1,WAR1,0.72,0.0072,894,YDR096W_cluster,YDR096W_cluster,YDR096W_cluster,0.0072
YDR096W,YML081W,GIS1,TDA9,1.2,0.012,894,YDR096W_cluster,YDR096W_cluster,YDR096W_cluster,0.012
YDR096W,YML099C,GIS1,ARG81,0.75,0.0075,880,YDR096W_cluster,YDR096W_cluster,YDR096W_cluster,0.0075
YDR096W,YMR019W,GIS1,STB4,1.05,0.0105,894,YDR096W_cluster,YDR096W_cluster,YDR096W_cluster,0.0105
YDR096W,YMR021C,GIS1,MAC1,0.31,0.0031,417,YDR096W_cluster,YDR096W_cluster,YDR096W_cluster,0.0031
YDR096W,YMR037C,GIS1,MSN2,1.36,0.0136,704,YDR096W_cluster,YDR096W_cluster,YDR096W_cluster,0.0136
YDR096W,YMR042W,GIS1,ARG80,0.29,0.0029,177,YDR096W_cluster,YDR096W_cluster,YDR096W_cluster,0.0029
YDR096W,YMR043W,GIS1,MCM1,0.09,0.0009,286,YDR096W_cluster,YDR096W_cluster,YDR096W_cluster,0.0009
YDR096W,YMR070W,GIS1,MOT3,2.26,0.0226,490,YDR096W_cluster,YDR096W_cluster,YDR096W_cluster,0.0226
YDR096W,YMR164C,GIS1,MSS11,0.84,0.0084,758,YDR096W_cluster,YDR096W_cluster,YDR096W_cluster,0.0084
YDR096W,YMR172W,GIS1,HOT1,1.28,0.0128,719,YDR096W_cluster,YDR096W_cluster,YDR096W_cluster,0.0128
YDR096W,YMR280C,GIS1,CAT8,1.56,0.0156,894,YDR096W_cluster,YDR096W_cluster,YDR096W_cluster,0.0156
YDR096W,YNL027W,GIS1,CRZ1,1.26,0.0126,678,YDR096W_cluster,YDR096W_cluster,YDR096W_cluster,0.0126
YDR096W,YNL068C,GIS1,FKH2,1.89,0.0189,862,YDR096W_cluster,YDR096W_cluster,YDR096W_cluster,0.0189
YDR096W,YNL103W,GIS1,MET4,1.66,0.0166,672,YDR096W_cluster,YDR096W_cluster,YDR096W_cluster,0.0166
YDR096W,YNL167C,GIS1,SKO1,1.28,0.0128,647,YDR096W_cluster,YDR096W_cluster,YDR096W_cluster,0.0128
YDR096W,YNL199C,GIS1,GCR2,1.37,0.0137,534,YDR096W_cluster,YDR096W_cluster,YDR096W_cluster,0.0137
YDR096W,YNL216W,GIS1,RAP1,1.26,0.0126,827,YDR096W_cluster,YDR096W_cluster,YDR096W_cluster,0.0126
YDR096W,YNL314W,GIS1,DAL82,0.44,0.0044,255,YDR096W_cluster,YDR096W_cluster,YDR096W_cluster,0.0044
YDR096W,YOL067C,GIS1,RTG1,0.38,0.0038,177,YDR096W_cluster,YDR096W_cluster,YDR096W_cluster,0.0038
YDR096W,YOL108C,GIS1,INO4,0.1,0.001,151,YDR096W_cluster,YDR096W_cluster,YDR096W_cluster,0.001
YDR096W,YOR028C,GIS1,CIN5,0.26,0.0026,295,YDR096W_cluster,YDR096W_cluster,YDR096W_cluster,0.0026
YDR096W,YOR113W,GIS1,AZF1,1.85,0.0185,894,YDR096W_cluster,YDR096W_cluster,YDR096W_cluster,0.0185
YDR096W,YOR140W,GIS1,SFL1,0.99,0.0099,766,YDR096W_cluster,YDR096W_cluster,YDR096W_cluster,0.0099
YDR096W,YOR162C,GIS1,YRR1,0.42,0.0042,810,YDR096W_cluster,YDR096W_cluster,YDR096W_cluster,0.0042
YDR096W,YOR337W,GIS1,TEA1,0.87,0.0087,759,YDR096W_cluster,YDR096W_cluster,YDR096W_cluster,0.0087
YDR096W,YOR344C,GIS1,TYE7,0.78,0.0078,291,YDR096W_cluster,YDR096W_cluster,YDR096W_cluster,0.0078
YDR096W,YOR358W,GIS1,HAP5,0.09,0.0009,242,YDR096W_cluster,YDR096W_cluster,YDR096W_cluster,0.0009
YDR096W,YOR363C,GIS1,PIP2,0.7,0.007,894,YDR096W_cluster,YDR096W_cluster,YDR096W_cluster,0.007
YDR096W,YPL038W,GIS1,MET31,0.19,0.0019,177,YDR096W_cluster,YDR096W_cluster,YDR096W_cluster,0.0019
YDR096W,YPL075W,GIS1,GCR1,1.35,0.0135,785,YDR096W_cluster,YDR096W_cluster,YDR096W_cluster,0.0135
YDR096W,YPL089C,GIS1,RLM1,2.84,0.0284,676,YDR096W_cluster,YDR096W_cluster,YDR096W_cluster,0.0284
YDR096W,YPL133C,GIS1,RDS2,0.15,0.0015,446,YDR096W_cluster,YDR096W_cluster,YDR096W_cluster,0.0015
YDR096W,YPL202C,GIS1,AFT2,0.31,0.0031,416,YDR096W_cluster,YDR096W_cluster,YDR096W_cluster,0.0031
YDR096W,YPL230W,GIS1,USV1,1.13,0.0113,391,YDR096W_cluster,YDR096W_cluster,YDR096W_cluster,0.0113
YDR096W,YPL248C,GIS1,GAL4,0.81,0.0081,881,YDR096W_cluster,YDR096W_cluster,YDR096W_cluster,0.0081
YDR096W,YPR008W,GIS1,HAA1,1.96,0.0196,694,YDR096W_cluster,YDR096W_cluster,YDR096W_cluster,0.0196
YDR096W,YPR065W,GIS1,ROX1,1.23,0.0123,368,YDR096W_cluster,YDR096W_cluster,YDR096W_cluster,0.0123
YDR096W,YPR199C,GIS1,ARR1,0.52,0.0052,294,YDR096W_cluster,YDR096W_cluster,YDR096W_cluster,0.0052
YDR123C,YDR146C,INO2,SWI5,0.5,0.005,304,YDR123C_cluster,YDR123C_cluster,YDR123C_cluster,0.005
YDR123C,YDR207C,INO2,UME6,0.64,0.0064,304,YDR123C_cluster,YDR123C_cluster,YDR123C_cluster,0.0064
YDR123C,YDR213W,INO2,UPC2,0.25,0.0025,304,YDR123C_cluster,YDR123C_cluster,YDR123C_cluster,0.0025
YDR123C,YDR216W,INO2,ADR1,0.5,0.005,304,YDR123C_cluster,YDR123C_cluster,YDR123C_cluster,0.005
YDR123C,YDR253C,INO2,MET32,0.21,0.0021,191,YDR123C_cluster,YDR123C_cluster,YDR123C_cluster,0.0021
YDR123C,YDR310C,INO2,SUM1,0.52,0.0052,304,YDR123C_cluster,YDR123C_cluster,YDR123C_cluster,0.0052
YDR123C,YDR423C,INO2,CAD1,0.0,0.0,304,YDR123C_cluster,YDR123C_cluster,YDR123C_cluster,0.0
YDR123C,YDR463W,INO2,STP1,0.25,0.0025,304,YDR123C_cluster,YDR123C_cluster,YDR123C_cluster,0.0025
YDR123C,YEL009C,INO2,GCN4,0.35,0.0035,281,YDR123C_cluster,YDR123C_cluster,YDR123C_cluster,0.0035
YDR123C,YER028C,INO2,MIG3,0.29,0.0029,304,YDR123C_cluster,YDR123C_cluster,YDR123C_cluster,0.0029
YDR123C,YER040W,INO2,GLN3,0.5,0.005,304,YDR123C_cluster,YDR123C_cluster,YDR123C_cluster,0.005
YDR123C,YER045C,INO2,ACA1,0.26,0.0026,304,YDR123C_cluster,YDR123C_cluster,YDR123C_cluster,0.0026
YDR123C,YER068W,INO2,MOT2,0.34,0.0034,304,YDR123C_cluster,YDR123C_cluster,YDR123C_cluster,0.0034
YDR123C,YER111C,INO2,SWI4,0.52,0.0052,304,YDR123C_cluster,YDR123C_cluster,YDR123C_cluster,0.0052
YDR123C,YER130C,INO2,COM2,0.27,0.0027,304,YDR123C_cluster,YDR123C_cluster,YDR123C_cluster,0.0027
YDR123C,YER169W,INO2,RPH1,0.28,0.0028,304,YDR123C_cluster,YDR123C_cluster,YDR123C_cluster,0.0028
YDR123C,YFL021W,INO2,GAT1,0.13,0.0013,304,YDR123C_cluster,YDR123C_cluster,YDR123C_cluster,0.0013
YDR123C,YFL031W,INO2,HAC1,0.19,0.0019,238,YDR123C_cluster,YDR123C_cluster,YDR123C_cluster,0.0019
YDR123C,YFL052W,INO2,ZNF1,0.4,0.004,304,YDR123C_cluster,YDR123C_cluster,YDR123C_cluster,0.004
YDR123C,YFR034C,INO2,PHO4,0.17,0.0017,304,YDR123C_cluster,YDR123C_cluster,YDR123C_cluster,0.0017
YDR123C,YGL013C,INO2,PDR1,0.3,0.003,304,YDR123C_cluster,YDR123C_cluster,YDR123C_cluster,0.003
YDR123C,YGL035C,INO2,MIG1,0.51,0.0051,304,YDR123C_cluster,YDR123C_cluster,YDR123C_cluster,0.0051
YDR123C,YGL071W,INO2,AFT1,0.51,0.0051,304,YDR123C_cluster,YDR123C_cluster,YDR123C_cluster,0.0051
YDR123C,YGL073W,INO2,HSF1,0.54,0.0054,304,YDR123C_cluster,YDR123C_cluster,YDR123C_cluster,0.0054
YDR123C,YGL162W,INO2,SUT1,0.68,0.0068,299,YDR123C_cluster,YDR123C_cluster,YDR123C_cluster,0.0068
YDR123C,YGL166W,INO2,CUP2,0.39,0.0039,225,YDR123C_cluster,YDR123C_cluster,YDR123C_cluster,0.0039
YDR123C,YGL209W,INO2,MIG2,0.74,0.0074,304,YDR123C_cluster,YDR123C_cluster,YDR123C_cluster,0.0074
YDR123C,YGL237C,INO2,HAP2,0.0,0.0,265,YDR123C_cluster,YDR123C_cluster,YDR123C_cluster,0.0
YDR123C,YGL254W,INO2,FZF1,0.17,0.0017,299,YDR123C_cluster,YDR123C_cluster,YDR123C_cluster,0.0017
YDR123C,YGR044C,INO2,RME1,0.34,0.0034,300,YDR123C_cluster,YDR123C_cluster,YDR123C_cluster,0.0034
YDR123C,YHL009C,INO2,YAP3,0.32,0.0032,304,YDR123C_cluster,YDR123C_cluster,YDR123C_cluster,0.0032
YDR123C,YHL027W,INO2,RIM101,0.44,0.0044,304,YDR123C_cluster,YDR123C_cluster,YDR123C_cluster,0.0044
YDR123C,YHR006W,INO2,STP2,0.36,0.0036,304,YDR123C_cluster,YDR123C_cluster,YDR123C_cluster,0.0036
YDR123C,YHR084W,INO2,STE12,0.1,0.001,304,YDR123C_cluster,YDR123C_cluster,YDR123C_cluster,0.001
YDR123C,YHR124W,INO2,NDT80,0.44,0.0044,304,YDR123C_cluster,YDR123C_cluster,YDR123C_cluster,0.0044
YDR123C,YHR177W,INO2,ROF1,0.13,0.0013,304,YDR123C_cluster,YDR123C_cluster,YDR123C_cluster,0.0013
YDR123C,YHR178W,INO2,STB5,0.29,0.0029,304,YDR123C_cluster,YDR123C_cluster,YDR123C_cluster,0.0029
YDR123C,YHR206W,INO2,SKN7,0.44,0.0044,304,YDR123C_cluster,YDR123C_cluster,YDR123C_cluster,0.0044
YDR123C,YIL036W,INO2,CST6,0.0,0.0,304,YDR123C_cluster,YDR123C_cluster,YDR123C_cluster,0.0
YDR123C,YIL101C,INO2,XBP1,0.11,0.0011,304,YDR123C_cluster,YDR123C_cluster,YDR123C_cluster,0.0011
YDR123C,YIL131C,INO2,FKH1,0.26,0.0026,304,YDR123C_cluster,YDR123C_cluster,YDR123C_cluster,0.0026
YDR123C,YIR018W,INO2,YAP5,0.19,0.0019,245,YDR123C_cluster,YDR123C_cluster,YDR123C_cluster,0.0019
YDR123C,YIR023W,INO2,DAL81,0.41,0.0041,304,YDR123C_cluster,YDR123C_cluster,YDR123C_cluster,0.0041
YDR123C,YJL056C,INO2,ZAP1,0.34,0.0034,304,YDR123C_cluster,YDR123C_cluster,YDR123C_cluster,0.0034
YDR123C,YJL089W,INO2,SIP4,0.27,0.0027,304,YDR123C_cluster,YDR123C_cluster,YDR123C_cluster,0.0027
YDR123C,YJL103C,INO2,GSM1,0.22,0.0022,304,YDR123C_cluster,YDR123C_cluster,YDR123C_cluster,0.0022
YDR123C,YJL110C,INO2,GZF3,0.0,0.0,304,YDR123C_cluster,YDR123C_cluster,YDR123C_cluster,0.0
YDR123C,YJR060W,INO2,CBF1,0.47,0.0047,304,YDR123C_cluster,YDR123C_cluster,YDR123C_cluster,0.0047
YDR123C,YJR094C,INO2,IME1,0.0,0.0,304,YDR123C_cluster,YDR123C_cluster,YDR123C_cluster,0.0
YDR123C,YKL015W,INO2,PUT3,0.4,0.004,304,YDR123C_cluster,YDR123C_cluster,YDR123C_cluster,0.004
YDR123C,YKL032C,INO2,IXR1,0.12,0.0012,304,YDR123C_cluster,YDR123C_cluster,YDR123C_cluster,0.0012
YDR123C,YKL038W,INO2,RGT1,0.34,0.0034,304,YDR123C_cluster,YDR123C_cluster,YDR123C_cluster,0.0034
YDR123C,YKL062W,INO2,MSN4,0.55,0.0055,304,YDR123C_cluster,YDR123C_cluster,YDR123C_cluster,0.0055
YDR123C,YKL109W,INO2,HAP4,0.36,0.0036,304,YDR123C_cluster,YDR123C_cluster,YDR123C_cluster,0.0036
YDR123C,YKL112W,INO2,ABF1,0.3,0.003,304,YDR123C_cluster,YDR123C_cluster,YDR123C_cluster,0.003
YDR123C,YKL185W,INO2,ASH1,0.11,0.0011,304,YDR123C_cluster,YDR123C_cluster,YDR123C_cluster,0.0011
YDR123C,YKR034W,INO2,DAL80,0.53,0.0053,269,YDR123C_cluster,YDR123C_cluster,YDR123C_cluster,0.0053
YDR123C,YKR099W,INO2,BAS1,0.55,0.0055,304,YDR123C_cluster,YDR123C_cluster,YDR123C_cluster,0.0055
YDR123C,YLR014C,INO2,PPR1,0.42,0.0042,304,YDR123C_cluster,YDR123C_cluster,YDR123C_cluster,0.0042
YDR123C,YLR098C,INO2,CHA4,0.11,0.0011,304,YDR123C_cluster,YDR123C_cluster,YDR123C_cluster,0.0011
YDR123C,YLR131C,INO2,ACE2,0.28,0.0028,304,YDR123C_cluster,YDR123C_cluster,YDR123C_cluster,0.0028
YDR123C,YLR176C,INO2,RFX1,0.27,0.0027,304,YDR123C_cluster,YDR123C_cluster,YDR123C_cluster,0.0027
YDR123C,YLR228C,INO2,ECM22,0.46,0.0046,304,YDR123C_cluster,YDR123C_cluster,YDR123C_cluster,0.0046
YDR123C,YLR256W,INO2,HAP1,0.46,0.0046,304,YDR123C_cluster,YDR123C_cluster,YDR123C_cluster,0.0046
YDR123C,YLR266C,INO2,PDR8,0.81,0.0081,304,YDR123C_cluster,YDR123C_cluster,YDR123C_cluster,0.0081
YDR123C,YLR451W,INO2,LEU3,0.09,0.0009,304,YDR123C_cluster,YDR123C_cluster,YDR123C_cluster,0.0009
YDR123C,YML007W,INO2,YAP1,0.22,0.0022,304,YDR123C_cluster,YDR123C_cluster,YDR123C_cluster,0.0022
YDR123C,YML076C,INO2,WAR1,0.41,0.0041,304,YDR123C_cluster,YDR123C_cluster,YDR123C_cluster,0.0041
YDR123C,YML081W,INO2,TDA9,0.59,0.0059,304,YDR123C_cluster,YDR123C_cluster,YDR123C_cluster,0.0059
YDR123C,YML099C,INO2,ARG81,0.26,0.0026,304,YDR123C_cluster,YDR123C_cluster,YDR123C_cluster,0.0026
YDR123C,YMR019W,INO2,STB4,0.24,0.0024,304,YDR123C_cluster,YDR123C_cluster,YDR123C_cluster,0.0024
YDR123C,YMR021C,INO2,MAC1,0.0,0.0,304,YDR123C_cluster,YDR123C_cluster,YDR123C_cluster,0.0
YDR123C,YMR037C,INO2,MSN2,0.51,0.0051,304,YDR123C_cluster,YDR123C_cluster,YDR123C_cluster,0.0051
YDR123C,YMR042W,INO2,ARG80,0.0,0.0,177,YDR123C_cluster,YDR123C_cluster,YDR123C_cluster,0.0
YDR123C,YMR043W,INO2,MCM1,0.0,0.0,286,YDR123C_cluster,YDR123C_cluster,YDR123C_cluster,0.0
YDR123C,YMR070W,INO2,MOT3,0.14,0.0014,304,YDR123C_cluster,YDR123C_cluster,YDR123C_cluster,0.0014
YDR123C,YMR164C,INO2,MSS11,0.0,0.0,304,YDR123C_cluster,YDR123C_cluster,YDR123C_cluster,0.0
YDR123C,YMR172W,INO2,HOT1,0.2,0.002,304,YDR123C_cluster,YDR123C_cluster,YDR123C_cluster,0.002
YDR123C,YMR280C,INO2,CAT8,0.3,0.003,304,YDR123C_cluster,YDR123C_cluster,YDR123C_cluster,0.003
YDR123C,YNL027W,INO2,CRZ1,1.4,0.014,304,YDR123C_cluster,YDR123C_cluster,YDR123C_cluster,0.014
YDR123C,YNL068C,INO2,FKH2,0.35,0.0035,304,YDR123C_cluster,YDR123C_cluster,YDR123C_cluster,0.0035
YDR123C,YNL103W,INO2,MET4,0.21,0.0021,304,YDR123C_cluster,YDR123C_cluster,YDR123C_cluster,0.0021
YDR123C,YNL167C,INO2,SKO1,0.65,0.0065,304,YDR123C_cluster,YDR123C_cluster,YDR123C_cluster,0.0065
YDR123C,YNL199C,INO2,GCR2,0.24,0.0024,304,YDR123C_cluster,YDR123C_cluster,YDR123C_cluster,0.0024
YDR123C,YNL216W,INO2,RAP1,0.45,0.0045,304,YDR123C_cluster,YDR123C_cluster,YDR123C_cluster,0.0045
YDR123C,YNL314W,INO2,DAL82,0.0,0.0,255,YDR123C_cluster,YDR123C_cluster,YDR123C_cluster,0.0
YDR123C,YOL067C,INO2,RTG1,0.21,0.0021,177,YDR123C_cluster,YDR123C_cluster,YDR123C_cluster,0.0021
YDR123C,YOL108C,INO2,INO4,0.22,0.0022,151,YDR123C_cluster,YDR123C_cluster,YDR123C_cluster,0.0022
YDR123C,YOR028C,INO2,CIN5,0.0,0.0,295,YDR123C_cluster,YDR123C_cluster,YDR123C_cluster,0.0
YDR123C,YOR113W,INO2,AZF1,0.17,0.0017,304,YDR123C_cluster,YDR123C_cluster,YDR123C_cluster,0.0017
YDR123C,YOR140W,INO2,SFL1,0.19,0.0019,304,YDR123C_cluster,YDR123C_cluster,YDR123C_cluster,0.0019
YDR123C,YOR162C,INO2,YRR1,0.27,0.0027,304,YDR123C_cluster,YDR123C_cluster,YDR123C_cluster,0.0027
YDR123C,YOR337W,INO2,TEA1,0.0,0.0,304,YDR123C_cluster,YDR123C_cluster,YDR123C_cluster,0.0
YDR123C,YOR344C,INO2,TYE7,0.17,0.0017,291,YDR123C_cluster,YDR123C_cluster,YDR123C_cluster,0.0017
YDR123C,YOR358W,INO2,HAP5,0.37,0.0037,242,YDR123C_cluster,YDR123C_cluster,YDR123C_cluster,0.0037
YDR123C,YOR363C,INO2,PIP2,0.16,0.0016,304,YDR123C_cluster,YDR123C_cluster,YDR123C_cluster,0.0016
YDR123C,YPL038W,INO2,MET31,0.42,0.0042,177,YDR123C_cluster,YDR123C_cluster,YDR123C_cluster,0.0042
YDR123C,YPL075W,INO2,GCR1,0.28,0.0028,304,YDR123C_cluster,YDR123C_cluster,YDR123C_cluster,0.0028
YDR123C,YPL089C,INO2,RLM1,0.21,0.0021,304,YDR123C_cluster,YDR123C_cluster,YDR123C_cluster,0.0021
YDR123C,YPL133C,INO2,RDS2,0.13,0.0013,304,YDR123C_cluster,YDR123C_cluster,YDR123C_cluster,0.0013
YDR123C,YPL202C,INO2,AFT2,0.28,0.0028,304,YDR123C_cluster,YDR123C_cluster,YDR123C_cluster,0.0028
YDR123C,YPL230W,INO2,USV1,0.6,0.006,304,YDR123C_cluster,YDR123C_cluster,YDR123C_cluster,0.006
YDR123C,YPL248C,INO2,GAL4,0.09,0.0009,304,YDR123C_cluster,YDR123C_cluster,YDR123C_cluster,0.0009
YDR123C,YPR008W,INO2,HAA1,0.61,0.0061,304,YDR123C_cluster,YDR123C_cluster,YDR123C_cluster,0.0061
YDR123C,YPR065W,INO2,ROX1,0.92,0.0092,304,YDR123C_cluster,YDR123C_cluster,YDR123C_cluster,0.0092
YDR123C,YPR199C,INO2,ARR1,0.68,0.0068,294,YDR123C_cluster,YDR123C_cluster,YDR123C_cluster,0.0068
YDR146C,YDR207C,SWI5,UME6,1.07,0.0107,709,YDR146C_cluster,YDR146C_cluster,YDR146C_cluster,0.0107
YDR146C,YDR213W,SWI5,UPC2,1.34,0.0134,709,YDR146C_cluster,YDR146C_cluster,YDR146C_cluster,0.0134
YDR146C,YDR216W,SWI5,ADR1,1.05,0.0105,709,YDR146C_cluster,YDR146C_cluster,YDR146C_cluster,0.0105
YDR146C,YDR253C,SWI5,MET32,0.11,0.0011,191,YDR146C_cluster,YDR146C_cluster,YDR146C_cluster,0.0011
YDR146C,YDR310C,SWI5,SUM1,1.33,0.0133,709,YDR146C_cluster,YDR146C_cluster,YDR146C_cluster,0.0133
YDR146C,YDR423C,SWI5,CAD1,0.54,0.0054,409,YDR146C_cluster,YDR146C_cluster,YDR146C_cluster,0.0054
YDR146C,YDR463W,SWI5,STP1,0.5,0.005,519,YDR146C_cluster,YDR146C_cluster,YDR146C_cluster,0.005
YDR146C,YEL009C,SWI5,GCN4,0.1,0.001,281,YDR146C_cluster,YDR146C_cluster,YDR146C_cluster,0.001
YDR146C,YER028C,SWI5,MIG3,0.74,0.0074,394,YDR146C_cluster,YDR146C_cluster,YDR146C_cluster,0.0074
YDR146C,YER040W,SWI5,GLN3,1.52,0.0152,709,YDR146C_cluster,YDR146C_cluster,YDR146C_cluster,0.0152
YDR146C,YER045C,SWI5,ACA1,0.51,0.0051,489,YDR146C_cluster,YDR146C_cluster,YDR146C_cluster,0.0051
YDR146C,YER068W,SWI5,MOT2,0.55,0.0055,587,YDR146C_cluster,YDR146C_cluster,YDR146C_cluster,0.0055
YDR146C,YER111C,SWI5,SWI4,0.98,0.0098,709,YDR146C_cluster,YDR146C_cluster,YDR146C_cluster,0.0098
YDR146C,YER130C,SWI5,COM2,0.35,0.0035,443,YDR146C_cluster,YDR146C_cluster,YDR146C_cluster,0.0035
YDR146C,YER169W,SWI5,RPH1,0.61,0.0061,709,YDR146C_cluster,YDR146C_cluster,YDR146C_cluster,0.0061
YDR146C,YFL021W,SWI5,GAT1,1.27,0.0127,510,YDR146C_cluster,YDR146C_cluster,YDR146C_cluster,0.0127
YDR146C,YFL031W,SWI5,HAC1,0.64,0.0064,238,YDR146C_cluster,YDR146C_cluster,YDR146C_cluster,0.0064
YDR146C,YFL052W,SWI5,ZNF1,0.43,0.0043,465,YDR146C_cluster,YDR146C_cluster,YDR146C_cluster,0.0043
YDR146C,YFR034C,SWI5,PHO4,0.4,0.004,312,YDR146C_cluster,YDR146C_cluster,YDR146C_cluster,0.004
YDR146C,YGL013C,SWI5,PDR1,0.69,0.0069,709,YDR146C_cluster,YDR146C_cluster,YDR146C_cluster,0.0069
YDR146C,YGL035C,SWI5,MIG1,1.28,0.0128,504,YDR146C_cluster,YDR146C_cluster,YDR146C_cluster,0.0128
YDR146C,YGL071W,SWI5,AFT1,0.88,0.0088,690,YDR146C_cluster,YDR146C_cluster,YDR146C_cluster,0.0088
YDR146C,YGL073W,SWI5,HSF1,0.53,0.0053,709,YDR146C_cluster,YDR146C_cluster,YDR146C_cluster,0.0053
YDR146C,YGL162W,SWI5,SUT1,0.71,0.0071,299,YDR146C_cluster,YDR146C_cluster,YDR146C_cluster,0.0071
YDR146C,YGL166W,SWI5,CUP2,0.43,0.0043,225,YDR146C_cluster,YDR146C_cluster,YDR146C_cluster,0.0043
YDR146C,YGL209W,SWI5,MIG2,0.28,0.0028,382,YDR146C_cluster,YDR146C_cluster,YDR146C_cluster,0.0028
YDR146C,YGL237C,SWI5,HAP2,0.53,0.0053,265,YDR146C_cluster,YDR146C_cluster,YDR146C_cluster,0.0053
YDR146C,YGL254W,SWI5,FZF1,0.5,0.005,299,YDR146C_cluster,YDR146C_cluster,YDR146C_cluster,0.005
YDR146C,YGR044C,SWI5,RME1,0.1,0.001,300,YDR146C_cluster,YDR146C_cluster,YDR146C_cluster,0.001
YDR146C,YHL009C,SWI5,YAP3,0.39,0.0039,330,YDR146C_cluster,YDR146C_cluster,YDR146C_cluster,0.0039
YDR146C,YHL027W,SWI5,RIM101,0.61,0.0061,625,YDR146C_cluster,YDR146C_cluster,YDR146C_cluster,0.0061
YDR146C,YHR006W,SWI5,STP2,0.65,0.0065,541,YDR146C_cluster,YDR146C_cluster,YDR146C_cluster,0.0065
YDR146C,YHR084W,SWI5,STE12,0.29,0.0029,688,YDR146C_cluster,YDR146C_cluster,YDR146C_cluster,0.0029
YDR146C,YHR124W,SWI5,NDT80,0.61,0.0061,627,YDR146C_cluster,YDR146C_cluster,YDR146C_cluster,0.0061
YDR146C,YHR177W,SWI5,ROF1,0.79,0.0079,453,YDR146C_cluster,YDR146C_cluster,YDR146C_cluster,0.0079
YDR146C,YHR178W,SWI5,STB5,0.35,0.0035,709,YDR146C_cluster,YDR146C_cluster,YDR146C_cluster,0.0035
YDR146C,YHR206W,SWI5,SKN7,0.84,0.0084,622,YDR146C_cluster,YDR146C_cluster,YDR146C_cluster,0.0084
YDR146C,YIL036W,SWI5,CST6,0.47,0.0047,587,YDR146C_cluster,YDR146C_cluster,YDR146C_cluster,0.0047
YDR146C,YIL101C,SWI5,XBP1,0.83,0.0083,647,YDR146C_cluster,YDR146C_cluster,YDR146C_cluster,0.0083
YDR146C,YIL131C,SWI5,FKH1,0.6,0.006,484,YDR146C_cluster,YDR146C_cluster,YDR146C_cluster,0.006
YDR146C,YIR018W,SWI5,YAP5,0.0,0.0,245,YDR146C_cluster,YDR146C_cluster,YDR146C_cluster,0.0
YDR146C,YIR023W,SWI5,DAL81,1.18,0.0118,709,YDR146C_cluster,YDR146C_cluster,YDR146C_cluster,0.0118
YDR146C,YJL056C,SWI5,ZAP1,0.77,0.0077,709,YDR146C_cluster,YDR146C_cluster,YDR146C_cluster,0.0077
YDR146C,YJL089W,SWI5,SIP4,0.67,0.0067,709,YDR146C_cluster,YDR146C_cluster,YDR146C_cluster,0.0067
YDR146C,YJL103C,SWI5,GSM1,1.23,0.0123,618,YDR146C_cluster,YDR146C_cluster,YDR146C_cluster,0.0123
YDR146C,YJL110C,SWI5,GZF3,0.57,0.0057,551,YDR146C_cluster,YDR146C_cluster,YDR146C_cluster,0.0057
YDR146C,YJR060W,SWI5,CBF1,0.29,0.0029,351,YDR146C_cluster,YDR146C_cluster,YDR146C_cluster,0.0029
YDR146C,YJR094C,SWI5,IME1,0.48,0.0048,360,YDR146C_cluster,YDR146C_cluster,YDR146C_cluster,0.0048
YDR146C,YKL015W,SWI5,PUT3,0.72,0.0072,709,YDR146C_cluster,YDR146C_cluster,YDR146C_cluster,0.0072
YDR146C,YKL032C,SWI5,IXR1,0.74,0.0074,597,YDR146C_cluster,YDR146C_cluster,YDR146C_cluster,0.0074
YDR146C,YKL038W,SWI5,RGT1,0.54,0.0054,709,YDR146C_cluster,YDR146C_cluster,YDR146C_cluster,0.0054
YDR146C,YKL062W,SWI5,MSN4,0.84,0.0084,630,YDR146C_cluster,YDR146C_cluster,YDR146C_cluster,0.0084
YDR146C,YKL109W,SWI5,HAP4,1.05,0.0105,554,YDR146C_cluster,YDR146C_cluster,YDR146C_cluster,0.0105
YDR146C,YKL112W,SWI5,ABF1,0.78,0.0078,709,YDR146C_cluster,YDR146C_cluster,YDR146C_cluster,0.0078
YDR146C,YKL185W,SWI5,ASH1,0.95,0.0095,588,YDR146C_cluster,YDR146C_cluster,YDR146C_cluster,0.0095
YDR146C,YKR034W,SWI5,DAL80,0.21,0.0021,269,YDR146C_cluster,YDR146C_cluster,YDR146C_cluster,0.0021
YDR146C,YKR099W,SWI5,BAS1,0.54,0.0054,709,YDR146C_cluster,YDR146C_cluster,YDR146C_cluster,0.0054
YDR146C,YLR014C,SWI5,PPR1,0.57,0.0057,709,YDR146C_cluster,YDR146C_cluster,YDR146C_cluster,0.0057
YDR146C,YLR098C,SWI5,CHA4,0.75,0.0075,648,YDR146C_cluster,YDR146C_cluster,YDR146C_cluster,0.0075
YDR146C,YLR131C,SWI5,ACE2,4.43,0.0443,709,YDR146C_cluster,YDR146C_cluster,YDR146C_cluster,0.0443
YDR146C,YLR176C,SWI5,RFX1,1.01,0.0101,709,YDR146C_cluster,YDR146C_cluster,YDR146C_cluster,0.0101
YDR146C,YLR228C,SWI5,ECM22,0.94,0.0094,709,YDR146C_cluster,YDR146C_cluster,YDR146C_cluster,0.0094
YDR146C,YLR256W,SWI5,HAP1,1.03,0.0103,709,YDR146C_cluster,YDR146C_cluster,YDR146C_cluster,0.0103
YDR146C,YLR266C,SWI5,PDR8,0.58,0.0058,701,YDR146C_cluster,YDR146C_cluster,YDR146C_cluster,0.0058
YDR146C,YLR451W,SWI5,LEU3,0.51,0.0051,709,YDR146C_cluster,YDR146C_cluster,YDR146C_cluster,0.0051
YDR146C,YML007W,SWI5,YAP1,0.68,0.0068,650,YDR146C_cluster,YDR146C_cluster,YDR146C_cluster,0.0068
YDR146C,YML076C,SWI5,WAR1,0.31,0.0031,709,YDR146C_cluster,YDR146C_cluster,YDR146C_cluster,0.0031
YDR146C,YML081W,SWI5,TDA9,0.47,0.0047,709,YDR146C_cluster,YDR146C_cluster,YDR146C_cluster,0.0047
YDR146C,YML099C,SWI5,ARG81,0.64,0.0064,709,YDR146C_cluster,YDR146C_cluster,YDR146C_cluster,0.0064
YDR146C,YMR019W,SWI5,STB4,0.43,0.0043,709,YDR146C_cluster,YDR146C_cluster,YDR146C_cluster,0.0043
YDR146C,YMR021C,SWI5,MAC1,0.18,0.0018,417,YDR146C_cluster,YDR146C_cluster,YDR146C_cluster,0.0018
YDR146C,YMR037C,SWI5,MSN2,1.02,0.0102,704,YDR146C_cluster,YDR146C_cluster,YDR146C_cluster,0.0102
YDR146C,YMR042W,SWI5,ARG80,0.46,0.0046,177,YDR146C_cluster,YDR146C_cluster,YDR146C_cluster,0.0046
YDR146C,YMR043W,SWI5,MCM1,0.64,0.0064,286,YDR146C_cluster,YDR146C_cluster,YDR146C_cluster,0.0064
YDR146C,YMR070W,SWI5,MOT3,0.53,0.0053,490,YDR146C_cluster,YDR146C_cluster,YDR146C_cluster,0.0053
YDR146C,YMR164C,SWI5,MSS11,0.72,0.0072,709,YDR146C_cluster,YDR146C_cluster,YDR146C_cluster,0.0072
YDR146C,YMR172W,SWI5,HOT1,0.43,0.0043,709,YDR146C_cluster,YDR146C_cluster,YDR146C_cluster,0.0043
YDR146C,YMR280C,SWI5,CAT8,1.01,0.0101,709,YDR146C_cluster,YDR146C_cluster,YDR146C_cluster,0.0101
YDR146C,YNL027W,SWI5,CRZ1,0.97,0.0097,678,YDR146C_cluster,YDR146C_cluster,YDR146C_cluster,0.0097
YDR146C,YNL068C,SWI5,FKH2,0.59,0.0059,709,YDR146C_cluster,YDR146C_cluster,YDR146C_cluster,0.0059
YDR146C,YNL103W,SWI5,MET4,0.82,0.0082,672,YDR146C_cluster,YDR146C_cluster,YDR146C_cluster,0.0082
YDR146C,YNL167C,SWI5,SKO1,0.99,0.0099,647,YDR146C_cluster,YDR146C_cluster,YDR146C_cluster,0.0099
YDR146C,YNL199C,SWI5,GCR2,0.99,0.0099,534,YDR146C_cluster,YDR146C_cluster,YDR146C_cluster,0.0099
YDR146C,YNL216W,SWI5,RAP1,0.47,0.0047,709,YDR146C_cluster,YDR146C_cluster,YDR146C_cluster,0.0047
YDR146C,YNL314W,SWI5,DAL82,1.06,0.0106,255,YDR146C_cluster,YDR146C_cluster,YDR146C_cluster,0.0106
YDR146C,YOL067C,SWI5,RTG1,0.23,0.0023,177,YDR146C_cluster,YDR146C_cluster,YDR146C_cluster,0.0023
YDR146C,YOL108C,SWI5,INO4,0.24,0.0024,151,YDR146C_cluster,YDR146C_cluster,YDR146C_cluster,0.0024
YDR146C,YOR028C,SWI5,CIN5,0.51,0.0051,295,YDR146C_cluster,YDR146C_cluster,YDR146C_cluster,0.0051
YDR146C,YOR113W,SWI5,AZF1,1.21,0.0121,709,YDR146C_cluster,YDR146C_cluster,YDR146C_cluster,0.0121
YDR146C,YOR140W,SWI5,SFL1,0.9,0.009,709,YDR146C_cluster,YDR146C_cluster,YDR146C_cluster,0.009
YDR146C,YOR162C,SWI5,YRR1,0.33,0.0033,709,YDR146C_cluster,YDR146C_cluster,YDR146C_cluster,0.0033
YDR146C,YOR337W,SWI5,TEA1,0.48,0.0048,709,YDR146C_cluster,YDR146C_cluster,YDR146C_cluster,0.0048
YDR146C,YOR344C,SWI5,TYE7,0.61,0.0061,291,YDR146C_cluster,YDR146C_cluster,YDR146C_cluster,0.0061
YDR146C,YOR358W,SWI5,HAP5,0.32,0.0032,242,YDR146C_cluster,YDR146C_cluster,YDR146C_cluster,0.0032
YDR146C,YOR363C,SWI5,PIP2,0.9,0.009,709,YDR146C_cluster,YDR146C_cluster,YDR146C_cluster,0.009
YDR146C,YPL038W,SWI5,MET31,0.23,0.0023,177,YDR146C_cluster,YDR146C_cluster,YDR146C_cluster,0.0023
YDR146C,YPL075W,SWI5,GCR1,1.1,0.011,709,YDR146C_cluster,YDR146C_cluster,YDR146C_cluster,0.011
YDR146C,YPL089C,SWI5,RLM1,1.05,0.0105,676,YDR146C_cluster,YDR146C_cluster,YDR146C_cluster,0.0105
YDR146C,YPL133C,SWI5,RDS2,0.61,0.0061,446,YDR146C_cluster,YDR146C_cluster,YDR146C_cluster,0.0061
YDR146C,YPL202C,SWI5,AFT2,0.36,0.0036,416,YDR146C_cluster,YDR146C_cluster,YDR146C_cluster,0.0036
YDR146C,YPL230W,SWI5,USV1,0.65,0.0065,391,YDR146C_cluster,YDR146C_cluster,YDR146C_cluster,0.0065
YDR146C,YPL248C,SWI5,GAL4,0.77,0.0077,709,YDR146C_cluster,YDR146C_cluster,YDR146C_cluster,0.0077
YDR146C,YPR008W,SWI5,HAA1,0.36,0.0036,694,YDR146C_cluster,YDR146C_cluster,YDR146C_cluster,0.0036
YDR146C,YPR065W,SWI5,ROX1,1.05,0.0105,368,YDR146C_cluster,YDR146C_cluster,YDR146C_cluster,0.0105
YDR146C,YPR199C,SWI5,ARR1,0.2,0.002,294,YDR146C_cluster,YDR146C_cluster,YDR146C_cluster,0.002
YDR207C,YDR213W,UME6,UPC2,1.26,0.0126,836,YDR207C_cluster,YDR207C_cluster,YDR207C_cluster,0.0126
YDR207C,YDR216W,UME6,ADR1,1.54,0.0154,836,YDR207C_cluster,YDR207C_cluster,YDR207C_cluster,0.0154
YDR207C,YDR253C,UME6,MET32,0.3,0.003,191,YDR207C_cluster,YDR207C_cluster,YDR207C_cluster,0.003
YDR207C,YDR310C,UME6,SUM1,1.98,0.0198,836,YDR207C_cluster,YDR207C_cluster,YDR207C_cluster,0.0198
YDR207C,YDR423C,UME6,CAD1,0.67,0.0067,409,YDR207C_cluster,YDR207C_cluster,YDR207C_cluster,0.0067
YDR207C,YDR463W,UME6,STP1,0.92,0.0092,519,YDR207C_cluster,YDR207C_cluster,YDR207C_cluster,0.0092
YDR207C,YEL009C,UME6,GCN4,0.19,0.0019,281,YDR207C_cluster,YDR207C_cluster,YDR207C_cluster,0.0019
YDR207C,YER028C,UME6,MIG3,0.85,0.0085,394,YDR207C_cluster,YDR207C_cluster,YDR207C_cluster,0.0085
YDR207C,YER040W,UME6,GLN3,2.73,0.0273,730,YDR207C_cluster,YDR207C_cluster,YDR207C_cluster,0.0273
YDR207C,YER045C,UME6,ACA1,0.55,0.0055,489,YDR207C_cluster,YDR207C_cluster,YDR207C_cluster,0.0055
YDR207C,YER068W,UME6,MOT2,1.09,0.0109,587,YDR207C_cluster,YDR207C_cluster,YDR207C_cluster,0.0109
YDR207C,YER111C,UME6,SWI4,1.42,0.0142,836,YDR207C_cluster,YDR207C_cluster,YDR207C_cluster,0.0142
YDR207C,YER130C,UME6,COM2,1.23,0.0123,443,YDR207C_cluster,YDR207C_cluster,YDR207C_cluster,0.0123
YDR207C,YER169W,UME6,RPH1,0.95,0.0095,796,YDR207C_cluster,YDR207C_cluster,YDR207C_cluster,0.0095
YDR207C,YFL021W,UME6,GAT1,1.09,0.0109,510,YDR207C_cluster,YDR207C_cluster,YDR207C_cluster,0.0109
YDR207C,YFL031W,UME6,HAC1,0.39,0.0039,238,YDR207C_cluster,YDR207C_cluster,YDR207C_cluster,0.0039
YDR207C,YFL052W,UME6,ZNF1,0.16,0.0016,465,YDR207C_cluster,YDR207C_cluster,YDR207C_cluster,0.0016
YDR207C,YFR034C,UME6,PHO4,0.54,0.0054,312,YDR207C_cluster,YDR207C_cluster,YDR207C_cluster,0.0054
YDR207C,YGL013C,UME6,PDR1,0.98,0.0098,836,YDR207C_cluster,YDR207C_cluster,YDR207C_cluster,0.0098
YDR207C,YGL035C,UME6,MIG1,1.17,0.0117,504,YDR207C_cluster,YDR207C_cluster,YDR207C_cluster,0.0117
YDR207C,YGL071W,UME6,AFT1,1.44,0.0144,690,YDR207C_cluster,YDR207C_cluster,YDR207C_cluster,0.0144
YDR207C,YGL073W,UME6,HSF1,1.38,0.0138,833,YDR207C_cluster,YDR207C_cluster,YDR207C_cluster,0.0138
YDR207C,YGL162W,UME6,SUT1,0.82,0.0082,299,YDR207C_cluster,YDR207C_cluster,YDR207C_cluster,0.0082
YDR207C,YGL166W,UME6,CUP2,0.49,0.0049,225,YDR207C_cluster,YDR207C_cluster,YDR207C_cluster,0.0049
YDR207C,YGL209W,UME6,MIG2,0.85,0.0085,382,YDR207C_cluster,YDR207C_cluster,YDR207C_cluster,0.0085
YDR207C,YGL237C,UME6,HAP2,1.06,0.0106,265,YDR207C_cluster,YDR207C_cluster,YDR207C_cluster,0.0106
YDR207C,YGL254W,UME6,FZF1,0.64,0.0064,299,YDR207C_cluster,YDR207C_cluster,YDR207C_cluster,0.0064
YDR207C,YGR044C,UME6,RME1,0.46,0.0046,300,YDR207C_cluster,YDR207C_cluster,YDR207C_cluster,0.0046
YDR207C,YHL009C,UME6,YAP3,0.8,0.008,330,YDR207C_cluster,YDR207C_cluster,YDR207C_cluster,0.008
YDR207C,YHL027W,UME6,RIM101,1.22,0.0122,625,YDR207C_cluster,YDR207C_cluster,YDR207C_cluster,0.0122
YDR207C,YHR006W,UME6,STP2,0.45,0.0045,541,YDR207C_cluster,YDR207C_cluster,YDR207C_cluster,0.0045
YDR207C,YHR084W,UME6,STE12,0.61,0.0061,688,YDR207C_cluster,YDR207C_cluster,YDR207C_cluster,0.0061
YDR207C,YHR124W,UME6,NDT80,0.71,0.0071,627,YDR207C_cluster,YDR207C_cluster,YDR207C_cluster,0.0071
YDR207C,YHR177W,UME6,ROF1,0.56,0.0056,453,YDR207C_cluster,YDR207C_cluster,YDR207C_cluster,0.0056
YDR207C,YHR178W,UME6,STB5,0.92,0.0092,743,YDR207C_cluster,YDR207C_cluster,YDR207C_cluster,0.0092
YDR207C,YHR206W,UME6,SKN7,1.21,0.0121,622,YDR207C_cluster,YDR207C_cluster,YDR207C_cluster,0.0121
YDR207C,YIL036W,UME6,CST6,0.8,0.008,587,YDR207C_cluster,YDR207C_cluster,YDR207C_cluster,0.008
YDR207C,YIL101C,UME6,XBP1,1.55,0.0155,647,YDR207C_cluster,YDR207C_cluster,YDR207C_cluster,0.0155
YDR207C,YIL131C,UME6,FKH1,1.03,0.0103,484,YDR207C_cluster,YDR207C_cluster,YDR207C_cluster,0.0103
YDR207C,YIR018W,UME6,YAP5,0.19,0.0019,245,YDR207C_cluster,YDR207C_cluster,YDR207C_cluster,0.0019
YDR207C,YIR023W,UME6,DAL81,1.35,0.0135,836,YDR207C_cluster,YDR207C_cluster,YDR207C_cluster,0.0135
YDR207C,YJL056C,UME6,ZAP1,0.91,0.0091,836,YDR207C_cluster,YDR207C_cluster,YDR207C_cluster,0.0091
YDR207C,YJL089W,UME6,SIP4,1.26,0.0126,829,YDR207C_cluster,YDR207C_cluster,YDR207C_cluster,0.0126
YDR207C,YJL103C,UME6,GSM1,0.57,0.0057,618,YDR207C_cluster,YDR207C_cluster,YDR207C_cluster,0.0057
YDR207C,YJL110C,UME6,GZF3,0.82,0.0082,551,YDR207C_cluster,YDR207C_cluster,YDR207C_cluster,0.0082
YDR207C,YJR060W,UME6,CBF1,0.26,0.0026,351,YDR207C_cluster,YDR207C_cluster,YDR207C_cluster,0.0026
YDR207C,YJR094C,UME6,IME1,0.96,0.0096,360,YDR207C_cluster,YDR207C_cluster,YDR207C_cluster,0.0096
YDR207C,YKL015W,UME6,PUT3,0.62,0.0063,836,YDR207C_cluster,YDR207C_cluster,YDR207C_cluster,0.0062
YDR207C,YKL032C,UME6,IXR1,1.07,0.0107,597,YDR207C_cluster,YDR207C_cluster,YDR207C_cluster,0.0107
YDR207C,YKL038W,UME6,RGT1,1.76,0.0176,836,YDR207C_cluster,YDR207C_cluster,YDR207C_cluster,0.0176
YDR207C,YKL062W,UME6,MSN4,1.93,0.0193,630,YDR207C_cluster,YDR207C_cluster,YDR207C_cluster,0.0193
YDR207C,YKL109W,UME6,HAP4,1.5,0.015,554,YDR207C_cluster,YDR207C_cluster,YDR207C_cluster,0.015
YDR207C,YKL112W,UME6,ABF1,1.0,0.01,731,YDR207C_cluster,YDR207C_cluster,YDR207C_cluster,0.01
YDR207C,YKL185W,UME6,ASH1,1.1,0.011,588,YDR207C_cluster,YDR207C_cluster,YDR207C_cluster,0.011
YDR207C,YKR034W,UME6,DAL80,0.37,0.0037,269,YDR207C_cluster,YDR207C_cluster,YDR207C_cluster,0.0037
YDR207C,YKR099W,UME6,BAS1,0.94,0.0094,811,YDR207C_cluster,YDR207C_cluster,YDR207C_cluster,0.0094
YDR207C,YLR014C,UME6,PPR1,0.95,0.0095,836,YDR207C_cluster,YDR207C_cluster,YDR207C_cluster,0.0095
YDR207C,YLR098C,UME6,CHA4,0.98,0.0098,648,YDR207C_cluster,YDR207C_cluster,YDR207C_cluster,0.0098
YDR207C,YLR131C,UME6,ACE2,0.84,0.0084,770,YDR207C_cluster,YDR207C_cluster,YDR207C_cluster,0.0084
YDR207C,YLR176C,UME6,RFX1,0.94,0.0094,811,YDR207C_cluster,YDR207C_cluster,YDR207C_cluster,0.0094
YDR207C,YLR228C,UME6,ECM22,1.14,0.0114,814,YDR207C_cluster,YDR207C_cluster,YDR207C_cluster,0.0114
YDR207C,YLR256W,UME6,HAP1,1.62,0.0162,836,YDR207C_cluster,YDR207C_cluster,YDR207C_cluster,0.0162
YDR207C,YLR266C,UME6,PDR8,0.6,0.006,701,YDR207C_cluster,YDR207C_cluster,YDR207C_cluster,0.006
YDR207C,YLR451W,UME6,LEU3,0.48,0.0048,836,YDR207C_cluster,YDR207C_cluster,YDR207C_cluster,0.0048
YDR207C,YML007W,UME6,YAP1,0.77,0.0077,650,YDR207C_cluster,YDR207C_cluster,YDR207C_cluster,0.0077
YDR207C,YML076C,UME6,WAR1,0.98,0.0098,836,YDR207C_cluster,YDR207C_cluster,YDR207C_cluster,0.0098
YDR207C,YML081W,UME6,TDA9,1.29,0.0129,836,YDR207C_cluster,YDR207C_cluster,YDR207C_cluster,0.0129
YDR207C,YML099C,UME6,ARG81,0.6,0.006,836,YDR207C_cluster,YDR207C_cluster,YDR207C_cluster,0.006
YDR207C,YMR019W,UME6,STB4,0.75,0.0075,836,YDR207C_cluster,YDR207C_cluster,YDR207C_cluster,0.0075
YDR207C,YMR021C,UME6,MAC1,0.58,0.0058,417,YDR207C_cluster,YDR207C_cluster,YDR207C_cluster,0.0058
YDR207C,YMR037C,UME6,MSN2,1.22,0.0122,704,YDR207C_cluster,YDR207C_cluster,YDR207C_cluster,0.0122
YDR207C,YMR042W,UME6,ARG80,0.31,0.0031,177,YDR207C_cluster,YDR207C_cluster,YDR207C_cluster,0.0031
YDR207C,YMR043W,UME6,MCM1,0.48,0.0048,286,YDR207C_cluster,YDR207C_cluster,YDR207C_cluster,0.0048
YDR207C,YMR070W,UME6,MOT3,1.56,0.0156,490,YDR207C_cluster,YDR207C_cluster,YDR207C_cluster,0.0156
YDR207C,YMR164C,UME6,MSS11,1.15,0.0115,758,YDR207C_cluster,YDR207C_cluster,YDR207C_cluster,0.0115
YDR207C,YMR172W,UME6,HOT1,0.8,0.008,719,YDR207C_cluster,YDR207C_cluster,YDR207C_cluster,0.008
YDR207C,YMR280C,UME6,CAT8,1.38,0.0138,836,YDR207C_cluster,YDR207C_cluster,YDR207C_cluster,0.0138
YDR207C,YNL027W,UME6,CRZ1,1.4,0.014,678,YDR207C_cluster,YDR207C_cluster,YDR207C_cluster,0.014
YDR207C,YNL068C,UME6,FKH2,1.67,0.0167,836,YDR207C_cluster,YDR207C_cluster,YDR207C_cluster,0.0167
YDR207C,YNL103W,UME6,MET4,1.11,0.0111,672,YDR207C_cluster,YDR207C_cluster,YDR207C_cluster,0.0111
YDR207C,YNL167C,UME6,SKO1,1.63,0.0163,647,YDR207C_cluster,YDR207C_cluster,YDR207C_cluster,0.0163
YDR207C,YNL199C,UME6,GCR2,1.45,0.0145,534,YDR207C_cluster,YDR207C_cluster,YDR207C_cluster,0.0145
YDR207C,YNL216W,UME6,RAP1,0.75,0.0075,827,YDR207C_cluster,YDR207C_cluster,YDR207C_cluster,0.0075
YDR207C,YNL314W,UME6,DAL82,0.48,0.0048,255,YDR207C_cluster,YDR207C_cluster,YDR207C_cluster,0.0048
YDR207C,YOL067C,UME6,RTG1,0.2,0.002,177,YDR207C_cluster,YDR207C_cluster,YDR207C_cluster,0.002
YDR207C,YOL108C,UME6,INO4,0.0,0.0,151,YDR207C_cluster,YDR207C_cluster,YDR207C_cluster,0.0
YDR207C,YOR028C,UME6,CIN5,0.46,0.0046,295,YDR207C_cluster,YDR207C_cluster,YDR207C_cluster,0.0046
YDR207C,YOR113W,UME6,AZF1,1.32,0.0132,836,YDR207C_cluster,YDR207C_cluster,YDR207C_cluster,0.0132
YDR207C,YOR140W,UME6,SFL1,1.36,0.0136,766,YDR207C_cluster,YDR207C_cluster,YDR207C_cluster,0.0136
YDR207C,YOR162C,UME6,YRR1,0.88,0.0088,810,YDR207C_cluster,YDR207C_cluster,YDR207C_cluster,0.0088
YDR207C,YOR337W,UME6,TEA1,0.84,0.0084,759,YDR207C_cluster,YDR207C_cluster,YDR207C_cluster,0.0084
YDR207C,YOR344C,UME6,TYE7,0.74,0.0074,291,YDR207C_cluster,YDR207C_cluster,YDR207C_cluster,0.0074
YDR207C,YOR358W,UME6,HAP5,0.38,0.0038,242,YDR207C_cluster,YDR207C_cluster,YDR207C_cluster,0.0038
YDR207C,YOR363C,UME6,PIP2,0.84,0.0084,836,YDR207C_cluster,YDR207C_cluster,YDR207C_cluster,0.0084
YDR207C,YPL038W,UME6,MET31,0.0,0.0,177,YDR207C_cluster,YDR207C_cluster,YDR207C_cluster,0.0
YDR207C,YPL075W,UME6,GCR1,1.15,0.0115,785,YDR207C_cluster,YDR207C_cluster,YDR207C_cluster,0.0115
YDR207C,YPL089C,UME6,RLM1,1.69,0.0169,676,YDR207C_cluster,YDR207C_cluster,YDR207C_cluster,0.0169
YDR207C,YPL133C,UME6,RDS2,0.64,0.0064,446,YDR207C_cluster,YDR207C_cluster,YDR207C_cluster,0.0064
YDR207C,YPL202C,UME6,AFT2,0.33,0.0033,416,YDR207C_cluster,YDR207C_cluster,YDR207C_cluster,0.0033
YDR207C,YPL230W,UME6,USV1,1.03,0.0103,391,YDR207C_cluster,YDR207C_cluster,YDR207C_cluster,0.0103
YDR207C,YPL248C,UME6,GAL4,1.02,0.0102,836,YDR207C_cluster,YDR207C_cluster,YDR207C_cluster,0.0102
YDR207C,YPR008W,UME6,HAA1,0.88,0.0088,694,YDR207C_cluster,YDR207C_cluster,YDR207C_cluster,0.0088
YDR207C,YPR065W,UME6,ROX1,1.13,0.0113,368,YDR207C_cluster,YDR207C_cluster,YDR207C_cluster,0.0113
YDR207C,YPR199C,UME6,ARR1,0.46,0.0046,294,YDR207C_cluster,YDR207C_cluster,YDR207C_cluster,0.0046
YDR213W,YDR216W,UPC2,ADR1,1.29,0.0129,913,YDR213W_cluster,YDR213W_cluster,YDR213W_cluster,0.0129
YDR213W,YDR253C,UPC2,MET32,0.19,0.0019,191,YDR213W_cluster,YDR213W_cluster,YDR213W_cluster,0.0019
YDR213W,YDR310C,UPC2,SUM1,0.89,0.0089,913,YDR213W_cluster,YDR213W_cluster,YDR213W_cluster,0.0089
YDR213W,YDR423C,UPC2,CAD1,0.7,0.007,409,YDR213W_cluster,YDR213W_cluster,YDR213W_cluster,0.007
YDR213W,YDR463W,UPC2,STP1,0.21,0.0021,519,YDR213W_cluster,YDR213W_cluster,YDR213W_cluster,0.0021
YDR213W,YEL009C,UPC2,GCN4,0.34,0.0034,281,YDR213W_cluster,YDR213W_cluster,YDR213W_cluster,0.0034
YDR213W,YER028C,UPC2,MIG3,0.55,0.0055,394,YDR213W_cluster,YDR213W_cluster,YDR213W_cluster,0.0055
YDR213W,YER040W,UPC2,GLN3,1.28,0.0128,730,YDR213W_cluster,YDR213W_cluster,YDR213W_cluster,0.0128
YDR213W,YER045C,UPC2,ACA1,0.37,0.0037,489,YDR213W_cluster,YDR213W_cluster,YDR213W_cluster,0.0037
YDR213W,YER068W,UPC2,MOT2,0.55,0.0055,587,YDR213W_cluster,YDR213W_cluster,YDR213W_cluster,0.0055
YDR213W,YER111C,UPC2,SWI4,0.78,0.0078,913,YDR213W_cluster,YDR213W_cluster,YDR213W_cluster,0.0078
YDR213W,YER130C,UPC2,COM2,0.38,0.0038,443,YDR213W_cluster,YDR213W_cluster,YDR213W_cluster,0.0038
YDR213W,YER169W,UPC2,RPH1,0.36,0.0036,796,YDR213W_cluster,YDR213W_cluster,YDR213W_cluster,0.0036
YDR213W,YFL021W,UPC2,GAT1,0.51,0.0051,510,YDR213W_cluster,YDR213W_cluster,YDR213W_cluster,0.0051
YDR213W,YFL031W,UPC2,HAC1,0.0,0.0,238,YDR213W_cluster,YDR213W_cluster,YDR213W_cluster,0.0
YDR213W,YFL052W,UPC2,ZNF1,0.82,0.0082,465,YDR213W_cluster,YDR213W_cluster,YDR213W_cluster,0.0082
YDR213W,YFR034C,UPC2,PHO4,0.42,0.0042,312,YDR213W_cluster,YDR213W_cluster,YDR213W_cluster,0.0042
YDR213W,YGL013C,UPC2,PDR1,0.67,0.0067,913,YDR213W_cluster,YDR213W_cluster,YDR213W_cluster,0.0067
YDR213W,YGL035C,UPC2,MIG1,1.33,0.0133,504,YDR213W_cluster,YDR213W_cluster,YDR213W_cluster,0.0133
YDR213W,YGL071W,UPC2,AFT1,0.84,0.0084,690,YDR213W_cluster,YDR213W_cluster,YDR213W_cluster,0.0084
YDR213W,YGL073W,UPC2,HSF1,0.77,0.0077,833,YDR213W_cluster,YDR213W_cluster,YDR213W_cluster,0.0077
YDR213W,YGL162W,UPC2,SUT1,0.51,0.0051,299,YDR213W_cluster,YDR213W_cluster,YDR213W_cluster,0.0051
YDR213W,YGL166W,UPC2,CUP2,0.64,0.0064,225,YDR213W_cluster,YDR213W_cluster,YDR213W_cluster,0.0064
YDR213W,YGL209W,UPC2,MIG2,0.4,0.004,382,YDR213W_cluster,YDR213W_cluster,YDR213W_cluster,0.004
YDR213W,YGL237C,UPC2,HAP2,0.71,0.0071,265,YDR213W_cluster,YDR213W_cluster,YDR213W_cluster,0.0071
YDR213W,YGL254W,UPC2,FZF1,0.51,0.0051,299,YDR213W_cluster,YDR213W_cluster,YDR213W_cluster,0.0051
YDR213W,YGR044C,UPC2,RME1,0.0,0.0,300,YDR213W_cluster,YDR213W_cluster,YDR213W_cluster,0.0
YDR213W,YHL009C,UPC2,YAP3,0.08,0.0008,330,YDR213W_cluster,YDR213W_cluster,YDR213W_cluster,0.0008
YDR213W,YHL027W,UPC2,RIM101,0.54,0.0054,625,YDR213W_cluster,YDR213W_cluster,YDR213W_cluster,0.0054
YDR213W,YHR006W,UPC2,STP2,0.28,0.0028,541,YDR213W_cluster,YDR213W_cluster,YDR213W_cluster,0.0028
YDR213W,YHR084W,UPC2,STE12,0.58,0.0058,688,YDR213W_cluster,YDR213W_cluster,YDR213W_cluster,0.0058
YDR213W,YHR124W,UPC2,NDT80,0.53,0.0053,627,YDR213W_cluster,YDR213W_cluster,YDR213W_cluster,0.0053
YDR213W,YHR177W,UPC2,ROF1,0.45,0.0045,453,YDR213W_cluster,YDR213W_cluster,YDR213W_cluster,0.0045
YDR213W,YHR178W,UPC2,STB5,0.56,0.0056,743,YDR213W_cluster,YDR213W_cluster,YDR213W_cluster,0.0056
YDR213W,YHR206W,UPC2,SKN7,0.81,0.0081,622,YDR213W_cluster,YDR213W_cluster,YDR213W_cluster,0.0081
YDR213W,YIL036W,UPC2,CST6,0.82,0.0082,587,YDR213W_cluster,YDR213W_cluster,YDR213W_cluster,0.0082
YDR213W,YIL101C,UPC2,XBP1,0.46,0.0046,647,YDR213W_cluster,YDR213W_cluster,YDR213W_cluster,0.0046
YDR213W,YIL131C,UPC2,FKH1,0.59,0.0059,484,YDR213W_cluster,YDR213W_cluster,YDR213W_cluster,0.0059
YDR213W,YIR018W,UPC2,YAP5,0.27,0.0027,245,YDR213W_cluster,YDR213W_cluster,YDR213W_cluster,0.0027
YDR213W,YIR023W,UPC2,DAL81,0.84,0.0084,913,YDR213W_cluster,YDR213W_cluster,YDR213W_cluster,0.0084
YDR213W,YJL056C,UPC2,ZAP1,0.63,0.0063,880,YDR213W_cluster,YDR213W_cluster,YDR213W_cluster,0.0063
YDR213W,YJL089W,UPC2,SIP4,0.9,0.009,829,YDR213W_cluster,YDR213W_cluster,YDR213W_cluster,0.009
YDR213W,YJL103C,UPC2,GSM1,0.47,0.0047,618,YDR213W_cluster,YDR213W_cluster,YDR213W_cluster,0.0047
YDR213W,YJL110C,UPC2,GZF3,0.21,0.0021,551,YDR213W_cluster,YDR213W_cluster,YDR213W_cluster,0.0021
YDR213W,YJR060W,UPC2,CBF1,0.24,0.0024,351,YDR213W_cluster,YDR213W_cluster,YDR213W_cluster,0.0024
YDR213W,YJR094C,UPC2,IME1,0.49,0.0049,360,YDR213W_cluster,YDR213W_cluster,YDR213W_cluster,0.0049
YDR213W,YKL015W,UPC2,PUT3,0.27,0.0027,913,YDR213W_cluster,YDR213W_cluster,YDR213W_cluster,0.0027
YDR213W,YKL032C,UPC2,IXR1,1.52,0.0152,597,YDR213W_cluster,YDR213W_cluster,YDR213W_cluster,0.0152
YDR213W,YKL038W,UPC2,RGT1,1.39,0.0139,913,YDR213W_cluster,YDR213W_cluster,YDR213W_cluster,0.0139
YDR213W,YKL062W,UPC2,MSN4,0.87,0.0087,630,YDR213W_cluster,YDR213W_cluster,YDR213W_cluster,0.0087
YDR213W,YKL109W,UPC2,HAP4,0.7,0.007,554,YDR213W_cluster,YDR213W_cluster,YDR213W_cluster,0.007
YDR213W,YKL112W,UPC2,ABF1,0.88,0.0088,731,YDR213W_cluster,YDR213W_cluster,YDR213W_cluster,0.0088
YDR213W,YKL185W,UPC2,ASH1,0.9,0.009,588,YDR213W_cluster,YDR213W_cluster,YDR213W_cluster,0.009
YDR213W,YKR034W,UPC2,DAL80,0.09,0.0009,269,YDR213W_cluster,YDR213W_cluster,YDR213W_cluster,0.0009
YDR213W,YKR099W,UPC2,BAS1,1.14,0.0114,811,YDR213W_cluster,YDR213W_cluster,YDR213W_cluster,0.0114
YDR213W,YLR014C,UPC2,PPR1,0.68,0.0068,904,YDR213W_cluster,YDR213W_cluster,YDR213W_cluster,0.0068
YDR213W,YLR098C,UPC2,CHA4,0.66,0.0066,648,YDR213W_cluster,YDR213W_cluster,YDR213W_cluster,0.0066
YDR213W,YLR131C,UPC2,ACE2,0.73,0.0073,770,YDR213W_cluster,YDR213W_cluster,YDR213W_cluster,0.0073
YDR213W,YLR176C,UPC2,RFX1,0.78,0.0078,811,YDR213W_cluster,YDR213W_cluster,YDR213W_cluster,0.0078
YDR213W,YLR228C,UPC2,ECM22,14.87,0.1487,814,YDR213W_cluster,YDR213W_cluster,YDR213W_cluster,0.1487
YDR213W,YLR256W,UPC2,HAP1,1.04,0.0104,913,YDR213W_cluster,YDR213W_cluster,YDR213W_cluster,0.0104
YDR213W,YLR266C,UPC2,PDR8,0.38,0.0038,701,YDR213W_cluster,YDR213W_cluster,YDR213W_cluster,0.0038
YDR213W,YLR451W,UPC2,LEU3,0.8,0.008,886,YDR213W_cluster,YDR213W_cluster,YDR213W_cluster,0.008
YDR213W,YML007W,UPC2,YAP1,0.53,0.0053,650,YDR213W_cluster,YDR213W_cluster,YDR213W_cluster,0.0053
YDR213W,YML076C,UPC2,WAR1,0.55,0.0055,913,YDR213W_cluster,YDR213W_cluster,YDR213W_cluster,0.0055
YDR213W,YML081W,UPC2,TDA9,0.95,0.0095,913,YDR213W_cluster,YDR213W_cluster,YDR213W_cluster,0.0095
YDR213W,YML099C,UPC2,ARG81,0.8,0.008,880,YDR213W_cluster,YDR213W_cluster,YDR213W_cluster,0.008
YDR213W,YMR019W,UPC2,STB4,0.83,0.0083,913,YDR213W_cluster,YDR213W_cluster,YDR213W_cluster,0.0083
YDR213W,YMR021C,UPC2,MAC1,0.15,0.0015,417,YDR213W_cluster,YDR213W_cluster,YDR213W_cluster,0.0015
YDR213W,YMR037C,UPC2,MSN2,1.03,0.0103,704,YDR213W_cluster,YDR213W_cluster,YDR213W_cluster,0.0103
YDR213W,YMR042W,UPC2,ARG80,0.38,0.0038,177,YDR213W_cluster,YDR213W_cluster,YDR213W_cluster,0.0038
YDR213W,YMR043W,UPC2,MCM1,1.26,0.0126,286,YDR213W_cluster,YDR213W_cluster,YDR213W_cluster,0.0126
YDR213W,YMR070W,UPC2,MOT3,1.23,0.0123,490,YDR213W_cluster,YDR213W_cluster,YDR213W_cluster,0.0123
YDR213W,YMR164C,UPC2,MSS11,1.09,0.0109,758,YDR213W_cluster,YDR213W_cluster,YDR213W_cluster,0.0109
YDR213W,YMR172W,UPC2,HOT1,0.63,0.0063,719,YDR213W_cluster,YDR213W_cluster,YDR213W_cluster,0.0063
YDR213W,YMR280C,UPC2,CAT8,0.97,0.0097,913,YDR213W_cluster,YDR213W_cluster,YDR213W_cluster,0.0097
YDR213W,YNL027W,UPC2,CRZ1,0.92,0.0092,678,YDR213W_cluster,YDR213W_cluster,YDR213W_cluster,0.0092
YDR213W,YNL068C,UPC2,FKH2,0.7,0.007,862,YDR213W_cluster,YDR213W_cluster,YDR213W_cluster,0.007
YDR213W,YNL103W,UPC2,MET4,0.46,0.0046,672,YDR213W_cluster,YDR213W_cluster,YDR213W_cluster,0.0046
YDR213W,YNL167C,UPC2,SKO1,0.67,0.0067,647,YDR213W_cluster,YDR213W_cluster,YDR213W_cluster,0.0067
YDR213W,YNL199C,UPC2,GCR2,0.64,0.0064,534,YDR213W_cluster,YDR213W_cluster,YDR213W_cluster,0.0064
YDR213W,YNL216W,UPC2,RAP1,0.65,0.0065,827,YDR213W_cluster,YDR213W_cluster,YDR213W_cluster,0.0065
YDR213W,YNL314W,UPC2,DAL82,0.18,0.0018,255,YDR213W_cluster,YDR213W_cluster,YDR213W_cluster,0.0018
YDR213W,YOL067C,UPC2,RTG1,0.09,0.0009,177,YDR213W_cluster,YDR213W_cluster,YDR213W_cluster,0.0009
YDR213W,YOL108C,UPC2,INO4,0.19,0.0019,151,YDR213W_cluster,YDR213W_cluster,YDR213W_cluster,0.0019
YDR213W,YOR028C,UPC2,CIN5,0.68,0.0068,295,YDR213W_cluster,YDR213W_cluster,YDR213W_cluster,0.0068
YDR213W,YOR113W,UPC2,AZF1,1.2,0.012,913,YDR213W_cluster,YDR213W_cluster,YDR213W_cluster,0.012
YDR213W,YOR140W,UPC2,SFL1,0.67,0.0067,766,YDR213W_cluster,YDR213W_cluster,YDR213W_cluster,0.0067
YDR213W,YOR162C,UPC2,YRR1,0.36,0.0036,810,YDR213W_cluster,YDR213W_cluster,YDR213W_cluster,0.0036
YDR213W,YOR337W,UPC2,TEA1,0.93,0.0093,759,YDR213W_cluster,YDR213W_cluster,YDR213W_cluster,0.0093
YDR213W,YOR344C,UPC2,TYE7,0.69,0.0069,291,YDR213W_cluster,YDR213W_cluster,YDR213W_cluster,0.0069
YDR213W,YOR358W,UPC2,HAP5,0.36,0.0036,242,YDR213W_cluster,YDR213W_cluster,YDR213W_cluster,0.0036
YDR213W,YOR363C,UPC2,PIP2,0.75,0.0075,913,YDR213W_cluster,YDR213W_cluster,YDR213W_cluster,0.0075
YDR213W,YPL038W,UPC2,MET31,0.09,0.0009,177,YDR213W_cluster,YDR213W_cluster,YDR213W_cluster,0.0009
YDR213W,YPL075W,UPC2,GCR1,1.04,0.0104,785,YDR213W_cluster,YDR213W_cluster,YDR213W_cluster,0.0104
YDR213W,YPL089C,UPC2,RLM1,1.33,0.0133,676,YDR213W_cluster,YDR213W_cluster,YDR213W_cluster,0.0133
YDR213W,YPL133C,UPC2,RDS2,0.45,0.0045,446,YDR213W_cluster,YDR213W_cluster,YDR213W_cluster,0.0045
YDR213W,YPL202C,UPC2,AFT2,0.39,0.0039,416,YDR213W_cluster,YDR213W_cluster,YDR213W_cluster,0.0039
YDR213W,YPL230W,UPC2,USV1,0.88,0.0088,391,YDR213W_cluster,YDR213W_cluster,YDR213W_cluster,0.0088
YDR213W,YPL248C,UPC2,GAL4,1.09,0.0109,881,YDR213W_cluster,YDR213W_cluster,YDR213W_cluster,0.0109
YDR213W,YPR008W,UPC2,HAA1,1.03,0.0103,694,YDR213W_cluster,YDR213W_cluster,YDR213W_cluster,0.0103
YDR213W,YPR065W,UPC2,ROX1,1.06,0.0106,368,YDR213W_cluster,YDR213W_cluster,YDR213W_cluster,0.0106
YDR213W,YPR199C,UPC2,ARR1,0.26,0.0026,294,YDR213W_cluster,YDR213W_cluster,YDR213W_cluster,0.0026
YDR216W,YDR253C,ADR1,MET32,0.4,0.004,191,YDR216W_cluster,YDR216W_cluster,YDR216W_cluster,0.004
YDR216W,YDR310C,ADR1,SUM1,0.9,0.009,1062,YDR216W_cluster,YDR216W_cluster,YDR216W_cluster,0.009
YDR216W,YDR423C,ADR1,CAD1,0.41,0.0041,409,YDR216W_cluster,YDR216W_cluster,YDR216W_cluster,0.0041
YDR216W,YDR463W,ADR1,STP1,0.44,0.0044,519,YDR216W_cluster,YDR216W_cluster,YDR216W_cluster,0.0044
YDR216W,YEL009C,ADR1,GCN4,0.32,0.0032,281,YDR216W_cluster,YDR216W_cluster,YDR216W_cluster,0.0032
YDR216W,YER028C,ADR1,MIG3,0.41,0.0041,394,YDR216W_cluster,YDR216W_cluster,YDR216W_cluster,0.0041
YDR216W,YER040W,ADR1,GLN3,1.62,0.0162,730,YDR216W_cluster,YDR216W_cluster,YDR216W_cluster,0.0162
YDR216W,YER045C,ADR1,ACA1,0.79,0.0079,489,YDR216W_cluster,YDR216W_cluster,YDR216W_cluster,0.0079
YDR216W,YER068W,ADR1,MOT2,0.69,0.0069,587,YDR216W_cluster,YDR216W_cluster,YDR216W_cluster,0.0069
YDR216W,YER111C,ADR1,SWI4,1.2,0.012,1093,YDR216W_cluster,YDR216W_cluster,YDR216W_cluster,0.012
YDR216W,YER130C,ADR1,COM2,0.93,0.0093,443,YDR216W_cluster,YDR216W_cluster,YDR216W_cluster,0.0093
YDR216W,YER169W,ADR1,RPH1,0.91,0.0091,796,YDR216W_cluster,YDR216W_cluster,YDR216W_cluster,0.0091
YDR216W,YFL021W,ADR1,GAT1,1.12,0.0112,510,YDR216W_cluster,YDR216W_cluster,YDR216W_cluster,0.0112
YDR216W,YFL031W,ADR1,HAC1,0.33,0.0033,238,YDR216W_cluster,YDR216W_cluster,YDR216W_cluster,0.0033
YDR216W,YFL052W,ADR1,ZNF1,0.34,0.0034,465,YDR216W_cluster,YDR216W_cluster,YDR216W_cluster,0.0034
YDR216W,YFR034C,ADR1,PHO4,0.31,0.0031,312,YDR216W_cluster,YDR216W_cluster,YDR216W_cluster,0.0031
YDR216W,YGL013C,ADR1,PDR1,0.85,0.0085,1068,YDR216W_cluster,YDR216W_cluster,YDR216W_cluster,0.0085
YDR216W,YGL035C,ADR1,MIG1,0.45,0.0045,504,YDR216W_cluster,YDR216W_cluster,YDR216W_cluster,0.0045
YDR216W,YGL071W,ADR1,AFT1,0.71,0.0071,690,YDR216W_cluster,YDR216W_cluster,YDR216W_cluster,0.0071
YDR216W,YGL073W,ADR1,HSF1,1.19,0.0119,833,YDR216W_cluster,YDR216W_cluster,YDR216W_cluster,0.0119
YDR216W,YGL162W,ADR1,SUT1,0.44,0.0044,299,YDR216W_cluster,YDR216W_cluster,YDR216W_cluster,0.0044
YDR216W,YGL166W,ADR1,CUP2,0.2,0.002,225,YDR216W_cluster,YDR216W_cluster,YDR216W_cluster,0.002
YDR216W,YGL209W,ADR1,MIG2,0.6,0.006,382,YDR216W_cluster,YDR216W_cluster,YDR216W_cluster,0.006
YDR216W,YGL237C,ADR1,HAP2,0.13,0.0013,265,YDR216W_cluster,YDR216W_cluster,YDR216W_cluster,0.0013
YDR216W,YGL254W,ADR1,FZF1,0.63,0.0063,299,YDR216W_cluster,YDR216W_cluster,YDR216W_cluster,0.0063
YDR216W,YGR044C,ADR1,RME1,0.19,0.0019,300,YDR216W_cluster,YDR216W_cluster,YDR216W_cluster,0.0019
YDR216W,YHL009C,ADR1,YAP3,0.37,0.0037,330,YDR216W_cluster,YDR216W_cluster,YDR216W_cluster,0.0037
YDR216W,YHL027W,ADR1,RIM101,0.52,0.0052,625,YDR216W_cluster,YDR216W_cluster,YDR216W_cluster,0.0052
YDR216W,YHR006W,ADR1,STP2,0.77,0.0077,541,YDR216W_cluster,YDR216W_cluster,YDR216W_cluster,0.0077
YDR216W,YHR084W,ADR1,STE12,0.61,0.0061,688,YDR216W_cluster,YDR216W_cluster,YDR216W_cluster,0.0061
YDR216W,YHR124W,ADR1,NDT80,0.52,0.0052,627,YDR216W_cluster,YDR216W_cluster,YDR216W_cluster,0.0052
YDR216W,YHR177W,ADR1,ROF1,0.23,0.0023,453,YDR216W_cluster,YDR216W_cluster,YDR216W_cluster,0.0023
YDR216W,YHR178W,ADR1,STB5,0.59,0.0059,743,YDR216W_cluster,YDR216W_cluster,YDR216W_cluster,0.0059
YDR216W,YHR206W,ADR1,SKN7,0.73,0.0073,622,YDR216W_cluster,YDR216W_cluster,YDR216W_cluster,0.0073
YDR216W,YIL036W,ADR1,CST6,0.8,0.008,587,YDR216W_cluster,YDR216W_cluster,YDR216W_cluster,0.008
YDR216W,YIL101C,ADR1,XBP1,0.88,0.0088,647,YDR216W_cluster,YDR216W_cluster,YDR216W_cluster,0.0088
YDR216W,YIL131C,ADR1,FKH1,0.39,0.0039,484,YDR216W_cluster,YDR216W_cluster,YDR216W_cluster,0.0039
YDR216W,YIR018W,ADR1,YAP5,0.26,0.0026,245,YDR216W_cluster,YDR216W_cluster,YDR216W_cluster,0.0026
YDR216W,YIR023W,ADR1,DAL81,0.81,0.0081,970,YDR216W_cluster,YDR216W_cluster,YDR216W_cluster,0.0081
YDR216W,YJL056C,ADR1,ZAP1,1.12,0.0112,880,YDR216W_cluster,YDR216W_cluster,YDR216W_cluster,0.0112
YDR216W,YJL089W,ADR1,SIP4,1.59,0.0159,829,YDR216W_cluster,YDR216W_cluster,YDR216W_cluster,0.0159
YDR216W,YJL103C,ADR1,GSM1,0.42,0.0042,618,YDR216W_cluster,YDR216W_cluster,YDR216W_cluster,0.0042
YDR216W,YJL110C,ADR1,GZF3,0.22,0.0022,551,YDR216W_cluster,YDR216W_cluster,YDR216W_cluster,0.0022
YDR216W,YJR060W,ADR1,CBF1,0.24,0.0024,351,YDR216W_cluster,YDR216W_cluster,YDR216W_cluster,0.0024
YDR216W,YJR094C,ADR1,IME1,0.6,0.006,360,YDR216W_cluster,YDR216W_cluster,YDR216W_cluster,0.006
YDR216W,YKL015W,ADR1,PUT3,0.84,0.0084,979,YDR216W_cluster,YDR216W_cluster,YDR216W_cluster,0.0084
YDR216W,YKL032C,ADR1,IXR1,0.66,0.0066,597,YDR216W_cluster,YDR216W_cluster,YDR216W_cluster,0.0066
YDR216W,YKL038W,ADR1,RGT1,0.86,0.0086,1170,YDR216W_cluster,YDR216W_cluster,YDR216W_cluster,0.0086
YDR216W,YKL062W,ADR1,MSN4,1.42,0.0142,630,YDR216W_cluster,YDR216W_cluster,YDR216W_cluster,0.0142
YDR216W,YKL109W,ADR1,HAP4,1.31,0.0131,554,YDR216W_cluster,YDR216W_cluster,YDR216W_cluster,0.0131
YDR216W,YKL112W,ADR1,ABF1,1.1,0.011,731,YDR216W_cluster,YDR216W_cluster,YDR216W_cluster,0.011
YDR216W,YKL185W,ADR1,ASH1,0.86,0.0086,588,YDR216W_cluster,YDR216W_cluster,YDR216W_cluster,0.0086
YDR216W,YKR034W,ADR1,DAL80,0.25,0.0025,269,YDR216W_cluster,YDR216W_cluster,YDR216W_cluster,0.0025
YDR216W,YKR099W,ADR1,BAS1,0.96,0.0096,811,YDR216W_cluster,YDR216W_cluster,YDR216W_cluster,0.0096
YDR216W,YLR014C,ADR1,PPR1,0.73,0.0073,904,YDR216W_cluster,YDR216W_cluster,YDR216W_cluster,0.0073
YDR216W,YLR098C,ADR1,CHA4,0.99,0.0099,648,YDR216W_cluster,YDR216W_cluster,YDR216W_cluster,0.0099
YDR216W,YLR131C,ADR1,ACE2,0.68,0.0068,770,YDR216W_cluster,YDR216W_cluster,YDR216W_cluster,0.0068
YDR216W,YLR176C,ADR1,RFX1,0.67,0.0067,811,YDR216W_cluster,YDR216W_cluster,YDR216W_cluster,0.0067
YDR216W,YLR228C,ADR1,ECM22,1.2,0.012,814,YDR216W_cluster,YDR216W_cluster,YDR216W_cluster,0.012
YDR216W,YLR256W,ADR1,HAP1,1.62,0.0162,1323,YDR216W_cluster,YDR216W_cluster,YDR216W_cluster,0.0162
YDR216W,YLR266C,ADR1,PDR8,0.45,0.0045,701,YDR216W_cluster,YDR216W_cluster,YDR216W_cluster,0.0045
YDR216W,YLR451W,ADR1,LEU3,0.88,0.0088,886,YDR216W_cluster,YDR216W_cluster,YDR216W_cluster,0.0088
YDR216W,YML007W,ADR1,YAP1,0.83,0.0083,650,YDR216W_cluster,YDR216W_cluster,YDR216W_cluster,0.0083
YDR216W,YML076C,ADR1,WAR1,0.72,0.0072,944,YDR216W_cluster,YDR216W_cluster,YDR216W_cluster,0.0072
YDR216W,YML081W,ADR1,TDA9,1.76,0.0176,1251,YDR216W_cluster,YDR216W_cluster,YDR216W_cluster,0.0176
YDR216W,YML099C,ADR1,ARG81,0.65,0.0065,880,YDR216W_cluster,YDR216W_cluster,YDR216W_cluster,0.0065
YDR216W,YMR019W,ADR1,STB4,1.4,0.014,949,YDR216W_cluster,YDR216W_cluster,YDR216W_cluster,0.014
YDR216W,YMR021C,ADR1,MAC1,0.35,0.0035,417,YDR216W_cluster,YDR216W_cluster,YDR216W_cluster,0.0035
YDR216W,YMR037C,ADR1,MSN2,0.76,0.0076,704,YDR216W_cluster,YDR216W_cluster,YDR216W_cluster,0.0076
YDR216W,YMR042W,ADR1,ARG80,0.41,0.0041,177,YDR216W_cluster,YDR216W_cluster,YDR216W_cluster,0.0041
YDR216W,YMR043W,ADR1,MCM1,0.06,0.0006,286,YDR216W_cluster,YDR216W_cluster,YDR216W_cluster,0.0006
YDR216W,YMR070W,ADR1,MOT3,0.69,0.0069,490,YDR216W_cluster,YDR216W_cluster,YDR216W_cluster,0.0069
YDR216W,YMR164C,ADR1,MSS11,0.35,0.0035,758,YDR216W_cluster,YDR216W_cluster,YDR216W_cluster,0.0035
YDR216W,YMR172W,ADR1,HOT1,0.85,0.0085,719,YDR216W_cluster,YDR216W_cluster,YDR216W_cluster,0.0085
YDR216W,YMR280C,ADR1,CAT8,1.35,0.0135,1323,YDR216W_cluster,YDR216W_cluster,YDR216W_cluster,0.0135
YDR216W,YNL027W,ADR1,CRZ1,1.35,0.0135,678,YDR216W_cluster,YDR216W_cluster,YDR216W_cluster,0.0135
YDR216W,YNL068C,ADR1,FKH2,0.84,0.0084,862,YDR216W_cluster,YDR216W_cluster,YDR216W_cluster,0.0084
YDR216W,YNL103W,ADR1,MET4,0.98,0.0098,672,YDR216W_cluster,YDR216W_cluster,YDR216W_cluster,0.0098
YDR216W,YNL167C,ADR1,SKO1,0.62,0.0062,647,YDR216W_cluster,YDR216W_cluster,YDR216W_cluster,0.0062
YDR216W,YNL199C,ADR1,GCR2,0.44,0.0044,534,YDR216W_cluster,YDR216W_cluster,YDR216W_cluster,0.0044
YDR216W,YNL216W,ADR1,RAP1,0.67,0.0067,827,YDR216W_cluster,YDR216W_cluster,YDR216W_cluster,0.0067
YDR216W,YNL314W,ADR1,DAL82,0.32,0.0032,255,YDR216W_cluster,YDR216W_cluster,YDR216W_cluster,0.0032
YDR216W,YOL067C,ADR1,RTG1,0.41,0.0041,177,YDR216W_cluster,YDR216W_cluster,YDR216W_cluster,0.0041
YDR216W,YOL108C,ADR1,INO4,0.28,0.0028,151,YDR216W_cluster,YDR216W_cluster,YDR216W_cluster,0.0028
YDR216W,YOR028C,ADR1,CIN5,0.38,0.0038,295,YDR216W_cluster,YDR216W_cluster,YDR216W_cluster,0.0038
YDR216W,YOR113W,ADR1,AZF1,0.83,0.0083,914,YDR216W_cluster,YDR216W_cluster,YDR216W_cluster,0.0083
YDR216W,YOR140W,ADR1,SFL1,0.78,0.0078,766,YDR216W_cluster,YDR216W_cluster,YDR216W_cluster,0.0078
YDR216W,YOR162C,ADR1,YRR1,0.67,0.0067,810,YDR216W_cluster,YDR216W_cluster,YDR216W_cluster,0.0067
YDR216W,YOR337W,ADR1,TEA1,1.13,0.0113,759,YDR216W_cluster,YDR216W_cluster,YDR216W_cluster,0.0113
YDR216W,YOR344C,ADR1,TYE7,0.38,0.0038,291,YDR216W_cluster,YDR216W_cluster,YDR216W_cluster,0.0038
YDR216W,YOR358W,ADR1,HAP5,0.19,0.0019,242,YDR216W_cluster,YDR216W_cluster,YDR216W_cluster,0.0019
YDR216W,YOR363C,ADR1,PIP2,0.79,0.0079,996,YDR216W_cluster,YDR216W_cluster,YDR216W_cluster,0.0079
YDR216W,YPL038W,ADR1,MET31,0.2,0.002,177,YDR216W_cluster,YDR216W_cluster,YDR216W_cluster,0.002
YDR216W,YPL075W,ADR1,GCR1,0.73,0.0073,785,YDR216W_cluster,YDR216W_cluster,YDR216W_cluster,0.0073
YDR216W,YPL089C,ADR1,RLM1,0.93,0.0093,676,YDR216W_cluster,YDR216W_cluster,YDR216W_cluster,0.0093
YDR216W,YPL133C,ADR1,RDS2,0.63,0.0063,446,YDR216W_cluster,YDR216W_cluster,YDR216W_cluster,0.0063
YDR216W,YPL202C,ADR1,AFT2,0.53,0.0053,416,YDR216W_cluster,YDR216W_cluster,YDR216W_cluster,0.0053
YDR216W,YPL230W,ADR1,USV1,0.9,0.009,391,YDR216W_cluster,YDR216W_cluster,YDR216W_cluster,0.009
YDR216W,YPL248C,ADR1,GAL4,0.83,0.0083,881,YDR216W_cluster,YDR216W_cluster,YDR216W_cluster,0.0083
YDR216W,YPR008W,ADR1,HAA1,1.12,0.0112,694,YDR216W_cluster,YDR216W_cluster,YDR216W_cluster,0.0112
YDR216W,YPR065W,ADR1,ROX1,0.42,0.0042,368,YDR216W_cluster,YDR216W_cluster,YDR216W_cluster,0.0042
YDR216W,YPR199C,ADR1,ARR1,0.5,0.005,294,YDR216W_cluster,YDR216W_cluster,YDR216W_cluster,0.005
YDR253C,YDR310C,MET32,SUM1,0.57,0.0057,191,YDR253C_cluster,YDR253C_cluster,YDR253C_cluster,0.0057
YDR253C,YDR423C,MET32,CAD1,0.17,0.0017,191,YDR253C_cluster,YDR253C_cluster,YDR253C_cluster,0.0017
YDR253C,YDR463W,MET32,STP1,0.43,0.0043,191,YDR253C_cluster,YDR253C_cluster,YDR253C_cluster,0.0043
YDR253C,YEL009C,MET32,GCN4,1.09,0.0109,191,YDR253C_cluster,YDR253C_cluster,YDR253C_cluster,0.0109
YDR253C,YER028C,MET32,MIG3,0.7,0.007,191,YDR253C_cluster,YDR253C_cluster,YDR253C_cluster,0.007
YDR253C,YER040W,MET32,GLN3,0.68,0.0068,191,YDR253C_cluster,YDR253C_cluster,YDR253C_cluster,0.0068
YDR253C,YER045C,MET32,ACA1,0.6,0.006,191,YDR253C_cluster,YDR253C_cluster,YDR253C_cluster,0.006
YDR253C,YER068W,MET32,MOT2,0.13,0.0013,191,YDR253C_cluster,YDR253C_cluster,YDR253C_cluster,0.0013
YDR253C,YER111C,MET32,SWI4,0.4,0.004,191,YDR253C_cluster,YDR253C_cluster,YDR253C_cluster,0.004
YDR253C,YER130C,MET32,COM2,0.32,0.0032,191,YDR253C_cluster,YDR253C_cluster,YDR253C_cluster,0.0032
YDR253C,YER169W,MET32,RPH1,0.51,0.0051,191,YDR253C_cluster,YDR253C_cluster,YDR253C_cluster,0.0051
YDR253C,YFL021W,MET32,GAT1,0.74,0.0074,191,YDR253C_cluster,YDR253C_cluster,YDR253C_cluster,0.0074
YDR253C,YFL031W,MET32,HAC1,0.24,0.0024,191,YDR253C_cluster,YDR253C_cluster,YDR253C_cluster,0.0024
YDR253C,YFL052W,MET32,ZNF1,0.46,0.0046,191,YDR253C_cluster,YDR253C_cluster,YDR253C_cluster,0.0046
YDR253C,YFR034C,MET32,PHO4,0.82,0.0082,191,YDR253C_cluster,YDR253C_cluster,YDR253C_cluster,0.0082
YDR253C,YGL013C,MET32,PDR1,0.08,0.0008,191,YDR253C_cluster,YDR253C_cluster,YDR253C_cluster,0.0008
YDR253C,YGL035C,MET32,MIG1,0.6,0.006,191,YDR253C_cluster,YDR253C_cluster,YDR253C_cluster,0.006
YDR253C,YGL071W,MET32,AFT1,0.46,0.0046,191,YDR253C_cluster,YDR253C_cluster,YDR253C_cluster,0.0046
YDR253C,YGL073W,MET32,HSF1,0.4,0.004,191,YDR253C_cluster,YDR253C_cluster,YDR253C_cluster,0.004
YDR253C,YGL162W,MET32,SUT1,0.21,0.0021,191,YDR253C_cluster,YDR253C_cluster,YDR253C_cluster,0.0021
YDR253C,YGL166W,MET32,CUP2,0.49,0.0049,191,YDR253C_cluster,YDR253C_cluster,YDR253C_cluster,0.0049
YDR253C,YGL209W,MET32,MIG2,0.89,0.0089,191,YDR253C_cluster,YDR253C_cluster,YDR253C_cluster,0.0089
YDR253C,YGL237C,MET32,HAP2,0.0,0.0,191,YDR253C_cluster,YDR253C_cluster,YDR253C_cluster,0.0
YDR253C,YGL254W,MET32,FZF1,0.21,0.0021,191,YDR253C_cluster,YDR253C_cluster,YDR253C_cluster,0.0021
YDR253C,YGR044C,MET32,RME1,0.42,0.0042,191,YDR253C_cluster,YDR253C_cluster,YDR253C_cluster,0.0042
YDR253C,YHL009C,MET32,YAP3,0.19,0.0019,191,YDR253C_cluster,YDR253C_cluster,YDR253C_cluster,0.0019
YDR253C,YHL027W,MET32,RIM101,0.38,0.0038,191,YDR253C_cluster,YDR253C_cluster,YDR253C_cluster,0.0038
YDR253C,YHR006W,MET32,STP2,0.84,0.0084,191,YDR253C_cluster,YDR253C_cluster,YDR253C_cluster,0.0084
YDR253C,YHR084W,MET32,STE12,0.12,0.0012,191,YDR253C_cluster,YDR253C_cluster,YDR253C_cluster,0.0012
YDR253C,YHR124W,MET32,NDT80,0.25,0.0025,191,YDR253C_cluster,YDR253C_cluster,YDR253C_cluster,0.0025
YDR253C,YHR177W,MET32,ROF1,0.32,0.0032,191,YDR253C_cluster,YDR253C_cluster,YDR253C_cluster,0.0032
YDR253C,YHR178W,MET32,STB5,0.22,0.0022,191,YDR253C_cluster,YDR253C_cluster,YDR253C_cluster,0.0022
YDR253C,YHR206W,MET32,SKN7,0.12,0.0013,191,YDR253C_cluster,YDR253C_cluster,YDR253C_cluster,0.0012
YDR253C,YIL036W,MET32,CST6,0.26,0.0026,191,YDR253C_cluster,YDR253C_cluster,YDR253C_cluster,0.0026
YDR253C,YIL101C,MET32,XBP1,0.12,0.0012,191,YDR253C_cluster,YDR253C_cluster,YDR253C_cluster,0.0012
YDR253C,YIL131C,MET32,FKH1,0.15,0.0015,191,YDR253C_cluster,YDR253C_cluster,YDR253C_cluster,0.0015
YDR253C,YIR018W,MET32,YAP5,0.7,0.007,191,YDR253C_cluster,YDR253C_cluster,YDR253C_cluster,0.007
YDR253C,YIR023W,MET32,DAL81,0.18,0.0018,191,YDR253C_cluster,YDR253C_cluster,YDR253C_cluster,0.0018
YDR253C,YJL056C,MET32,ZAP1,0.1,0.001,191,YDR253C_cluster,YDR253C_cluster,YDR253C_cluster,0.001
YDR253C,YJL089W,MET32,SIP4,0.1,0.001,191,YDR253C_cluster,YDR253C_cluster,YDR253C_cluster,0.001
YDR253C,YJL103C,MET32,GSM1,0.5,0.005,191,YDR253C_cluster,YDR253C_cluster,YDR253C_cluster,0.005
YDR253C,YJL110C,MET32,GZF3,0.55,0.0055,191,YDR253C_cluster,YDR253C_cluster,YDR253C_cluster,0.0055
YDR253C,YJR060W,MET32,CBF1,0.0,0.0,191,YDR253C_cluster,YDR253C_cluster,YDR253C_cluster,0.0
YDR253C,YJR094C,MET32,IME1,0.0,0.0,191,YDR253C_cluster,YDR253C_cluster,YDR253C_cluster,0.0
YDR253C,YKL015W,MET32,PUT3,0.35,0.0035,191,YDR253C_cluster,YDR253C_cluster,YDR253C_cluster,0.0035
YDR253C,YKL032C,MET32,IXR1,0.29,0.0029,191,YDR253C_cluster,YDR253C_cluster,YDR253C_cluster,0.0029
YDR253C,YKL038W,MET32,RGT1,0.0,0.0,191,YDR253C_cluster,YDR253C_cluster,YDR253C_cluster,0.0
YDR253C,YKL062W,MET32,MSN4,0.37,0.0037,191,YDR253C_cluster,YDR253C_cluster,YDR253C_cluster,0.0037
YDR253C,YKL109W,MET32,HAP4,0.14,0.0014,191,YDR253C_cluster,YDR253C_cluster,YDR253C_cluster,0.0014
YDR253C,YKL112W,MET32,ABF1,0.11,0.0011,191,YDR253C_cluster,YDR253C_cluster,YDR253C_cluster,0.0011
YDR253C,YKL185W,MET32,ASH1,0.26,0.0026,191,YDR253C_cluster,YDR253C_cluster,YDR253C_cluster,0.0026
YDR253C,YKR034W,MET32,DAL80,0.0,0.0,191,YDR253C_cluster,YDR253C_cluster,YDR253C_cluster,0.0
YDR253C,YKR099W,MET32,BAS1,0.41,0.0041,191,YDR253C_cluster,YDR253C_cluster,YDR253C_cluster,0.0041
YDR253C,YLR014C,MET32,PPR1,0.0,0.0,191,YDR253C_cluster,YDR253C_cluster,YDR253C_cluster,0.0
YDR253C,YLR098C,MET32,CHA4,0.0,0.0,191,YDR253C_cluster,YDR253C_cluster,YDR253C_cluster,0.0
YDR253C,YLR131C,MET32,ACE2,0.32,0.0032,191,YDR253C_cluster,YDR253C_cluster,YDR253C_cluster,0.0032
YDR253C,YLR176C,MET32,RFX1,0.3,0.003,191,YDR253C_cluster,YDR253C_cluster,YDR253C_cluster,0.003
YDR253C,YLR228C,MET32,ECM22,0.0,0.0,191,YDR253C_cluster,YDR253C_cluster,YDR253C_cluster,0.0
YDR253C,YLR256W,MET32,HAP1,0.43,0.0043,191,YDR253C_cluster,YDR253C_cluster,YDR253C_cluster,0.0043
YDR253C,YLR266C,MET32,PDR8,0.11,0.0011,191,YDR253C_cluster,YDR253C_cluster,YDR253C_cluster,0.0011
YDR253C,YLR451W,MET32,LEU3,0.47,0.0047,191,YDR253C_cluster,YDR253C_cluster,YDR253C_cluster,0.0047
YDR253C,YML007W,MET32,YAP1,0.37,0.0037,191,YDR253C_cluster,YDR253C_cluster,YDR253C_cluster,0.0037
YDR253C,YML076C,MET32,WAR1,0.45,0.0045,191,YDR253C_cluster,YDR253C_cluster,YDR253C_cluster,0.0045
YDR253C,YML081W,MET32,TDA9,0.28,0.0028,191,YDR253C_cluster,YDR253C_cluster,YDR253C_cluster,0.0028
YDR253C,YML099C,MET32,ARG81,0.19,0.0019,191,YDR253C_cluster,YDR253C_cluster,YDR253C_cluster,0.0019
YDR253C,YMR019W,MET32,STB4,0.18,0.0018,191,YDR253C_cluster,YDR253C_cluster,YDR253C_cluster,0.0018
YDR253C,YMR021C,MET32,MAC1,0.0,0.0,191,YDR253C_cluster,YDR253C_cluster,YDR253C_cluster,0.0
YDR253C,YMR037C,MET32,MSN2,0.69,0.0069,191,YDR253C_cluster,YDR253C_cluster,YDR253C_cluster,0.0069
YDR253C,YMR042W,MET32,ARG80,0.0,0.0,177,YDR253C_cluster,YDR253C_cluster,YDR253C_cluster,0.0
YDR253C,YMR043W,MET32,MCM1,0.0,0.0,191,YDR253C_cluster,YDR253C_cluster,YDR253C_cluster,0.0
YDR253C,YMR070W,MET32,MOT3,0.16,0.0016,191,YDR253C_cluster,YDR253C_cluster,YDR253C_cluster,0.0016
YDR253C,YMR164C,MET32,MSS11,0.0,0.0,191,YDR253C_cluster,YDR253C_cluster,YDR253C_cluster,0.0
YDR253C,YMR172W,MET32,HOT1,0.0,0.0,191,YDR253C_cluster,YDR253C_cluster,YDR253C_cluster,0.0
YDR253C,YMR280C,MET32,CAT8,0.32,0.0032,191,YDR253C_cluster,YDR253C_cluster,YDR253C_cluster,0.0032
YDR253C,YNL027W,MET32,CRZ1,0.12,0.0012,191,YDR253C_cluster,YDR253C_cluster,YDR253C_cluster,0.0012
YDR253C,YNL068C,MET32,FKH2,0.29,0.0029,191,YDR253C_cluster,YDR253C_cluster,YDR253C_cluster,0.0029
YDR253C,YNL103W,MET32,MET4,0.36,0.0036,191,YDR253C_cluster,YDR253C_cluster,YDR253C_cluster,0.0036
YDR253C,YNL167C,MET32,SKO1,0.0,0.0,191,YDR253C_cluster,YDR253C_cluster,YDR253C_cluster,0.0
YDR253C,YNL199C,MET32,GCR2,0.28,0.0028,191,YDR253C_cluster,YDR253C_cluster,YDR253C_cluster,0.0028
YDR253C,YNL216W,MET32,RAP1,0.5,0.005,191,YDR253C_cluster,YDR253C_cluster,YDR253C_cluster,0.005
YDR253C,YNL314W,MET32,DAL82,0.0,0.0,191,YDR253C_cluster,YDR253C_cluster,YDR253C_cluster,0.0
YDR253C,YOL067C,MET32,RTG1,0.0,0.0,177,YDR253C_cluster,YDR253C_cluster,YDR253C_cluster,0.0
YDR253C,YOL108C,MET32,INO4,0.0,0.0,151,YDR253C_cluster,YDR253C_cluster,YDR253C_cluster,0.0
YDR253C,YOR028C,MET32,CIN5,0.21,0.0021,191,YDR253C_cluster,YDR253C_cluster,YDR253C_cluster,0.0021
YDR253C,YOR113W,MET32,AZF1,0.47,0.0047,191,YDR253C_cluster,YDR253C_cluster,YDR253C_cluster,0.0047
YDR253C,YOR140W,MET32,SFL1,0.43,0.0043,191,YDR253C_cluster,YDR253C_cluster,YDR253C_cluster,0.0043
YDR253C,YOR162C,MET32,YRR1,0.51,0.0051,191,YDR253C_cluster,YDR253C_cluster,YDR253C_cluster,0.0051
YDR253C,YOR337W,MET32,TEA1,0.11,0.0011,191,YDR253C_cluster,YDR253C_cluster,YDR253C_cluster,0.0011
YDR253C,YOR344C,MET32,TYE7,0.0,0.0,191,YDR253C_cluster,YDR253C_cluster,YDR253C_cluster,0.0
YDR253C,YOR358W,MET32,HAP5,0.0,0.0,191,YDR253C_cluster,YDR253C_cluster,YDR253C_cluster,0.0
YDR253C,YOR363C,MET32,PIP2,0.43,0.0043,191,YDR253C_cluster,YDR253C_cluster,YDR253C_cluster,0.0043
YDR253C,YPL038W,MET32,MET31,6.78,0.0678,177,YDR253C_cluster,YDR253C_cluster,YDR253C_cluster,0.0678
YDR253C,YPL075W,MET32,GCR1,0.31,0.0031,191,YDR253C_cluster,YDR253C_cluster,YDR253C_cluster,0.0031
YDR253C,YPL089C,MET32,RLM1,0.36,0.0036,191,YDR253C_cluster,YDR253C_cluster,YDR253C_cluster,0.0036
YDR253C,YPL133C,MET32,RDS2,0.16,0.0016,191,YDR253C_cluster,YDR253C_cluster,YDR253C_cluster,0.0016
YDR253C,YPL202C,MET32,AFT2,0.17,0.0017,191,YDR253C_cluster,YDR253C_cluster,YDR253C_cluster,0.0017
YDR253C,YPL230W,MET32,USV1,0.36,0.0036,191,YDR253C_cluster,YDR253C_cluster,YDR253C_cluster,0.0036
YDR253C,YPL248C,MET32,GAL4,0.38,0.0038,191,YDR253C_cluster,YDR253C_cluster,YDR253C_cluster,0.0038
YDR253C,YPR008W,MET32,HAA1,0.0,0.0,191,YDR253C_cluster,YDR253C_cluster,YDR253C_cluster,0.0
YDR253C,YPR065W,MET32,ROX1,0.18,0.0018,191,YDR253C_cluster,YDR253C_cluster,YDR253C_cluster,0.0018
YDR253C,YPR199C,MET32,ARR1,0.63,0.0063,191,YDR253C_cluster,YDR253C_cluster,YDR253C_cluster,0.0063
YDR310C,YDR423C,SUM1,CAD1,0.35,0.0035,409,YDR310C_cluster,YDR310C_cluster,YDR310C_cluster,0.0035
YDR310C,YDR463W,SUM1,STP1,0.45,0.0045,519,YDR310C_cluster,YDR310C_cluster,YDR310C_cluster,0.0045
YDR310C,YEL009C,SUM1,GCN4,0.69,0.0069,281,YDR310C_cluster,YDR310C_cluster,YDR310C_cluster,0.0069
YDR310C,YER028C,SUM1,MIG3,0.56,0.0056,394,YDR310C_cluster,YDR310C_cluster,YDR310C_cluster,0.0056
YDR310C,YER040W,SUM1,GLN3,1.58,0.0158,730,YDR310C_cluster,YDR310C_cluster,YDR310C_cluster,0.0158
YDR310C,YER045C,SUM1,ACA1,0.53,0.0053,489,YDR310C_cluster,YDR310C_cluster,YDR310C_cluster,0.0053
YDR310C,YER068W,SUM1,MOT2,1.12,0.0112,587,YDR310C_cluster,YDR310C_cluster,YDR310C_cluster,0.0112
YDR310C,YER111C,SUM1,SWI4,1.2,0.012,1062,YDR310C_cluster,YDR310C_cluster,YDR310C_cluster,0.012
YDR310C,YER130C,SUM1,COM2,1.16,0.0116,443,YDR310C_cluster,YDR310C_cluster,YDR310C_cluster,0.0116
YDR310C,YER169W,SUM1,RPH1,0.94,0.0094,796,YDR310C_cluster,YDR310C_cluster,YDR310C_cluster,0.0094
YDR310C,YFL021W,SUM1,GAT1,0.65,0.0065,510,YDR310C_cluster,YDR310C_cluster,YDR310C_cluster,0.0065
YDR310C,YFL031W,SUM1,HAC1,0.24,0.0024,238,YDR310C_cluster,YDR310C_cluster,YDR310C_cluster,0.0024
YDR310C,YFL052W,SUM1,ZNF1,0.33,0.0033,465,YDR310C_cluster,YDR310C_cluster,YDR310C_cluster,0.0033
YDR310C,YFR034C,SUM1,PHO4,0.6,0.006,312,YDR310C_cluster,YDR310C_cluster,YDR310C_cluster,0.006
YDR310C,YGL013C,SUM1,PDR1,0.91,0.0091,1062,YDR310C_cluster,YDR310C_cluster,YDR310C_cluster,0.0091
YDR310C,YGL035C,SUM1,MIG1,0.86,0.0086,504,YDR310C_cluster,YDR310C_cluster,YDR310C_cluster,0.0086
YDR310C,YGL071W,SUM1,AFT1,1.35,0.0135,690,YDR310C_cluster,YDR310C_cluster,YDR310C_cluster,0.0135
YDR310C,YGL073W,SUM1,HSF1,1.03,0.0103,833,YDR310C_cluster,YDR310C_cluster,YDR310C_cluster,0.0103
YDR310C,YGL162W,SUM1,SUT1,0.45,0.0045,299,YDR310C_cluster,YDR310C_cluster,YDR310C_cluster,0.0045
YDR310C,YGL166W,SUM1,CUP2,0.4,0.004,225,YDR310C_cluster,YDR310C_cluster,YDR310C_cluster,0.004
YDR310C,YGL209W,SUM1,MIG2,0.57,0.0057,382,YDR310C_cluster,YDR310C_cluster,YDR310C_cluster,0.0057
YDR310C,YGL237C,SUM1,HAP2,0.47,0.0047,265,YDR310C_cluster,YDR310C_cluster,YDR310C_cluster,0.0047
YDR310C,YGL254W,SUM1,FZF1,0.6,0.006,299,YDR310C_cluster,YDR310C_cluster,YDR310C_cluster,0.006
YDR310C,YGR044C,SUM1,RME1,0.45,0.0045,300,YDR310C_cluster,YDR310C_cluster,YDR310C_cluster,0.0045
YDR310C,YHL009C,SUM1,YAP3,0.07,0.0007,330,YDR310C_cluster,YDR310C_cluster,YDR310C_cluster,0.0007
YDR310C,YHL027W,SUM1,RIM101,0.55,0.0055,625,YDR310C_cluster,YDR310C_cluster,YDR310C_cluster,0.0055
YDR310C,YHR006W,SUM1,STP2,0.7,0.007,541,YDR310C_cluster,YDR310C_cluster,YDR310C_cluster,0.007
YDR310C,YHR084W,SUM1,STE12,0.76,0.0076,688,YDR310C_cluster,YDR310C_cluster,YDR310C_cluster,0.0076
YDR310C,YHR124W,SUM1,NDT80,0.6,0.006,627,YDR310C_cluster,YDR310C_cluster,YDR310C_cluster,0.006
YDR310C,YHR177W,SUM1,ROF1,0.47,0.0047,453,YDR310C_cluster,YDR310C_cluster,YDR310C_cluster,0.0047
YDR310C,YHR178W,SUM1,STB5,0.45,0.0045,743,YDR310C_cluster,YDR310C_cluster,YDR310C_cluster,0.0045
YDR310C,YHR206W,SUM1,SKN7,0.67,0.0067,622,YDR310C_cluster,YDR310C_cluster,YDR310C_cluster,0.0067
YDR310C,YIL036W,SUM1,CST6,0.74,0.0074,587,YDR310C_cluster,YDR310C_cluster,YDR310C_cluster,0.0074
YDR310C,YIL101C,SUM1,XBP1,0.96,0.0096,647,YDR310C_cluster,YDR310C_cluster,YDR310C_cluster,0.0096
YDR310C,YIL131C,SUM1,FKH1,0.46,0.0046,484,YDR310C_cluster,YDR310C_cluster,YDR310C_cluster,0.0046
YDR310C,YIR018W,SUM1,YAP5,0.71,0.0071,245,YDR310C_cluster,YDR310C_cluster,YDR310C_cluster,0.0071
YDR310C,YIR023W,SUM1,DAL81,0.92,0.0092,970,YDR310C_cluster,YDR310C_cluster,YDR310C_cluster,0.0092
YDR310C,YJL056C,SUM1,ZAP1,1.33,0.0133,880,YDR310C_cluster,YDR310C_cluster,YDR310C_cluster,0.0133
YDR310C,YJL089W,SUM1,SIP4,1.43,0.0143,829,YDR310C_cluster,YDR310C_cluster,YDR310C_cluster,0.0143
YDR310C,YJL103C,SUM1,GSM1,0.73,0.0073,618,YDR310C_cluster,YDR310C_cluster,YDR310C_cluster,0.0073
YDR310C,YJL110C,SUM1,GZF3,0.89,0.0089,551,YDR310C_cluster,YDR310C_cluster,YDR310C_cluster,0.0089
YDR310C,YJR060W,SUM1,CBF1,0.58,0.0058,351,YDR310C_cluster,YDR310C_cluster,YDR310C_cluster,0.0058
YDR310C,YJR094C,SUM1,IME1,0.29,0.0029,360,YDR310C_cluster,YDR310C_cluster,YDR310C_cluster,0.0029
YDR310C,YKL015W,SUM1,PUT3,1.01,0.0101,979,YDR310C_cluster,YDR310C_cluster,YDR310C_cluster,0.0101
YDR310C,YKL032C,SUM1,IXR1,0.97,0.0097,597,YDR310C_cluster,YDR310C_cluster,YDR310C_cluster,0.0097
YDR310C,YKL038W,SUM1,RGT1,1.38,0.0138,1062,YDR310C_cluster,YDR310C_cluster,YDR310C_cluster,0.0138
YDR310C,YKL062W,SUM1,MSN4,0.85,0.0085,630,YDR310C_cluster,YDR310C_cluster,YDR310C_cluster,0.0085
YDR310C,YKL109W,SUM1,HAP4,0.95,0.0095,554,YDR310C_cluster,YDR310C_cluster,YDR310C_cluster,0.0095
YDR310C,YKL112W,SUM1,ABF1,1.09,0.0109,731,YDR310C_cluster,YDR310C_cluster,YDR310C_cluster,0.0109
YDR310C,YKL185W,SUM1,ASH1,1.06,0.0106,588,YDR310C_cluster,YDR310C_cluster,YDR310C_cluster,0.0106
YDR310C,YKR034W,SUM1,DAL80,0.38,0.0038,269,YDR310C_cluster,YDR310C_cluster,YDR310C_cluster,0.0038
YDR310C,YKR099W,SUM1,BAS1,1.15,0.0115,811,YDR310C_cluster,YDR310C_cluster,YDR310C_cluster,0.0115
YDR310C,YLR014C,SUM1,PPR1,0.47,0.0047,904,YDR310C_cluster,YDR310C_cluster,YDR310C_cluster,0.0047
YDR310C,YLR098C,SUM1,CHA4,0.66,0.0066,648,YDR310C_cluster,YDR310C_cluster,YDR310C_cluster,0.0066
YDR310C,YLR131C,SUM1,ACE2,0.89,0.0089,770,YDR310C_cluster,YDR310C_cluster,YDR310C_cluster,0.0089
YDR310C,YLR176C,SUM1,RFX1,1.21,0.0121,811,YDR310C_cluster,YDR310C_cluster,YDR310C_cluster,0.0121
YDR310C,YLR228C,SUM1,ECM22,0.99,0.0099,814,YDR310C_cluster,YDR310C_cluster,YDR310C_cluster,0.0099
YDR310C,YLR256W,SUM1,HAP1,1.5,0.015,1062,YDR310C_cluster,YDR310C_cluster,YDR310C_cluster,0.015
YDR310C,YLR266C,SUM1,PDR8,0.52,0.0052,701,YDR310C_cluster,YDR310C_cluster,YDR310C_cluster,0.0052
YDR310C,YLR451W,SUM1,LEU3,0.63,0.0063,886,YDR310C_cluster,YDR310C_cluster,YDR310C_cluster,0.0063
YDR310C,YML007W,SUM1,YAP1,0.9,0.009,650,YDR310C_cluster,YDR310C_cluster,YDR310C_cluster,0.009
YDR310C,YML076C,SUM1,WAR1,1.02,0.0102,944,YDR310C_cluster,YDR310C_cluster,YDR310C_cluster,0.0102
YDR310C,YML081W,SUM1,TDA9,1.02,0.0102,1062,YDR310C_cluster,YDR310C_cluster,YDR310C_cluster,0.0102
YDR310C,YML099C,SUM1,ARG81,0.95,0.0095,880,YDR310C_cluster,YDR310C_cluster,YDR310C_cluster,0.0095
YDR310C,YMR019W,SUM1,STB4,0.81,0.0081,949,YDR310C_cluster,YDR310C_cluster,YDR310C_cluster,0.0081
YDR310C,YMR021C,SUM1,MAC1,0.55,0.0055,417,YDR310C_cluster,YDR310C_cluster,YDR310C_cluster,0.0055
YDR310C,YMR037C,SUM1,MSN2,1.11,0.0111,704,YDR310C_cluster,YDR310C_cluster,YDR310C_cluster,0.0111
YDR310C,YMR042W,SUM1,ARG80,0.41,0.0041,177,YDR310C_cluster,YDR310C_cluster,YDR310C_cluster,0.0041
YDR310C,YMR043W,SUM1,MCM1,0.63,0.0063,286,YDR310C_cluster,YDR310C_cluster,YDR310C_cluster,0.0063
YDR310C,YMR070W,SUM1,MOT3,1.38,0.0138,490,YDR310C_cluster,YDR310C_cluster,YDR310C_cluster,0.0138
YDR310C,YMR164C,SUM1,MSS11,0.99,0.0099,758,YDR310C_cluster,YDR310C_cluster,YDR310C_cluster,0.0099
YDR310C,YMR172W,SUM1,HOT1,1.28,0.0128,719,YDR310C_cluster,YDR310C_cluster,YDR310C_cluster,0.0128
YDR310C,YMR280C,SUM1,CAT8,0.66,0.0066,1062,YDR310C_cluster,YDR310C_cluster,YDR310C_cluster,0.0066
YDR310C,YNL027W,SUM1,CRZ1,1.5,0.015,678,YDR310C_cluster,YDR310C_cluster,YDR310C_cluster,0.015
YDR310C,YNL068C,SUM1,FKH2,1.07,0.0107,862,YDR310C_cluster,YDR310C_cluster,YDR310C_cluster,0.0107
YDR310C,YNL103W,SUM1,MET4,1.13,0.0113,672,YDR310C_cluster,YDR310C_cluster,YDR310C_cluster,0.0113
YDR310C,YNL167C,SUM1,SKO1,1.46,0.0146,647,YDR310C_cluster,YDR310C_cluster,YDR310C_cluster,0.0146
YDR310C,YNL199C,SUM1,GCR2,0.38,0.0038,534,YDR310C_cluster,YDR310C_cluster,YDR310C_cluster,0.0038
YDR310C,YNL216W,SUM1,RAP1,1.37,0.0137,827,YDR310C_cluster,YDR310C_cluster,YDR310C_cluster,0.0137
YDR310C,YNL314W,SUM1,DAL82,0.39,0.0039,255,YDR310C_cluster,YDR310C_cluster,YDR310C_cluster,0.0039
YDR310C,YOL067C,SUM1,RTG1,0.25,0.0025,177,YDR310C_cluster,YDR310C_cluster,YDR310C_cluster,0.0025
YDR310C,YOL108C,SUM1,INO4,0.25,0.0025,151,YDR310C_cluster,YDR310C_cluster,YDR310C_cluster,0.0025
YDR310C,YOR028C,SUM1,CIN5,0.53,0.0053,295,YDR310C_cluster,YDR310C_cluster,YDR310C_cluster,0.0053
YDR310C,YOR113W,SUM1,AZF1,1.1,0.011,914,YDR310C_cluster,YDR310C_cluster,YDR310C_cluster,0.011
YDR310C,YOR140W,SUM1,SFL1,0.95,0.0095,766,YDR310C_cluster,YDR310C_cluster,YDR310C_cluster,0.0095
YDR310C,YOR162C,SUM1,YRR1,0.93,0.0093,810,YDR310C_cluster,YDR310C_cluster,YDR310C_cluster,0.0093
YDR310C,YOR337W,SUM1,TEA1,0.62,0.0062,759,YDR310C_cluster,YDR310C_cluster,YDR310C_cluster,0.0062
YDR310C,YOR344C,SUM1,TYE7,0.53,0.0053,291,YDR310C_cluster,YDR310C_cluster,YDR310C_cluster,0.0053
YDR310C,YOR358W,SUM1,HAP5,0.31,0.0031,242,YDR310C_cluster,YDR310C_cluster,YDR310C_cluster,0.0031
YDR310C,YOR363C,SUM1,PIP2,0.59,0.0059,996,YDR310C_cluster,YDR310C_cluster,YDR310C_cluster,0.0059
YDR310C,YPL038W,SUM1,MET31,0.08,0.0008,177,YDR310C_cluster,YDR310C_cluster,YDR310C_cluster,0.0008
YDR310C,YPL075W,SUM1,GCR1,0.94,0.0094,785,YDR310C_cluster,YDR310C_cluster,YDR310C_cluster,0.0094
YDR310C,YPL089C,SUM1,RLM1,1.51,0.0151,676,YDR310C_cluster,YDR310C_cluster,YDR310C_cluster,0.0151
YDR310C,YPL133C,SUM1,RDS2,0.34,0.0034,446,YDR310C_cluster,YDR310C_cluster,YDR310C_cluster,0.0034
YDR310C,YPL202C,SUM1,AFT2,0.69,0.0069,416,YDR310C_cluster,YDR310C_cluster,YDR310C_cluster,0.0069
YDR310C,YPL230W,SUM1,USV1,0.71,0.0071,391,YDR310C_cluster,YDR310C_cluster,YDR310C_cluster,0.0071
YDR310C,YPL248C,SUM1,GAL4,0.58,0.0058,881,YDR310C_cluster,YDR310C_cluster,YDR310C_cluster,0.0058
YDR310C,YPR008W,SUM1,HAA1,1.47,0.0147,694,YDR310C_cluster,YDR310C_cluster,YDR310C_cluster,0.0147
YDR310C,YPR065W,SUM1,ROX1,0.65,0.0065,368,YDR310C_cluster,YDR310C_cluster,YDR310C_cluster,0.0065
YDR310C,YPR199C,SUM1,ARR1,0.38,0.0038,294,YDR310C_cluster,YDR310C_cluster,YDR310C_cluster,0.0038
YDR423C,YDR463W,CAD1,STP1,0.55,0.0055,409,YDR423C_cluster,YDR423C_cluster,YDR423C_cluster,0.0055
YDR423C,YEL009C,CAD1,GCN4,0.15,0.0015,281,YDR423C_cluster,YDR423C_cluster,YDR423C_cluster,0.0015
YDR423C,YER028C,CAD1,MIG3,0.25,0.0025,394,YDR423C_cluster,YDR423C_cluster,YDR423C_cluster,0.0025
YDR423C,YER040W,CAD1,GLN3,0.82,0.0082,409,YDR423C_cluster,YDR423C_cluster,YDR423C_cluster,0.0082
YDR423C,YER045C,CAD1,ACA1,0.57,0.0057,409,YDR423C_cluster,YDR423C_cluster,YDR423C_cluster,0.0057
YDR423C,YER068W,CAD1,MOT2,0.41,0.0041,409,YDR423C_cluster,YDR423C_cluster,YDR423C_cluster,0.0041
YDR423C,YER111C,CAD1,SWI4,0.34,0.0034,409,YDR423C_cluster,YDR423C_cluster,YDR423C_cluster,0.0034
YDR423C,YER130C,CAD1,COM2,0.24,0.0024,409,YDR423C_cluster,YDR423C_cluster,YDR423C_cluster,0.0024
YDR423C,YER169W,CAD1,RPH1,0.0,0.0,409,YDR423C_cluster,YDR423C_cluster,YDR423C_cluster,0.0
YDR423C,YFL021W,CAD1,GAT1,0.22,0.0022,409,YDR423C_cluster,YDR423C_cluster,YDR423C_cluster,0.0022
YDR423C,YFL031W,CAD1,HAC1,0.16,0.0016,238,YDR423C_cluster,YDR423C_cluster,YDR423C_cluster,0.0016
YDR423C,YFL052W,CAD1,ZNF1,0.12,0.0012,409,YDR423C_cluster,YDR423C_cluster,YDR423C_cluster,0.0012
YDR423C,YFR034C,CAD1,PHO4,0.28,0.0028,312,YDR423C_cluster,YDR423C_cluster,YDR423C_cluster,0.0028
YDR423C,YGL013C,CAD1,PDR1,0.28,0.0028,409,YDR423C_cluster,YDR423C_cluster,YDR423C_cluster,0.0028
YDR423C,YGL035C,CAD1,MIG1,0.11,0.0011,409,YDR423C_cluster,YDR423C_cluster,YDR423C_cluster,0.0011
YDR423C,YGL071W,CAD1,AFT1,0.09,0.0009,409,YDR423C_cluster,YDR423C_cluster,YDR423C_cluster,0.0009
YDR423C,YGL073W,CAD1,HSF1,0.33,0.0033,409,YDR423C_cluster,YDR423C_cluster,YDR423C_cluster,0.0033
YDR423C,YGL162W,CAD1,SUT1,0.0,0.0,299,YDR423C_cluster,YDR423C_cluster,YDR423C_cluster,0.0
YDR423C,YGL166W,CAD1,CUP2,0.32,0.0032,225,YDR423C_cluster,YDR423C_cluster,YDR423C_cluster,0.0032
YDR423C,YGL209W,CAD1,MIG2,0.64,0.0064,382,YDR423C_cluster,YDR423C_cluster,YDR423C_cluster,0.0064
YDR423C,YGL237C,CAD1,HAP2,0.46,0.0046,265,YDR423C_cluster,YDR423C_cluster,YDR423C_cluster,0.0046
YDR423C,YGL254W,CAD1,FZF1,0.0,0.0,299,YDR423C_cluster,YDR423C_cluster,YDR423C_cluster,0.0
YDR423C,YGR044C,CAD1,RME1,0.43,0.0043,300,YDR423C_cluster,YDR423C_cluster,YDR423C_cluster,0.0043
YDR423C,YHL009C,CAD1,YAP3,0.97,0.0097,330,YDR423C_cluster,YDR423C_cluster,YDR423C_cluster,0.0097
YDR423C,YHL027W,CAD1,RIM101,1.2,0.012,409,YDR423C_cluster,YDR423C_cluster,YDR423C_cluster,0.012
YDR423C,YHR006W,CAD1,STP2,0.21,0.0021,409,YDR423C_cluster,YDR423C_cluster,YDR423C_cluster,0.0021
YDR423C,YHR084W,CAD1,STE12,0.37,0.0037,409,YDR423C_cluster,YDR423C_cluster,YDR423C_cluster,0.0037
YDR423C,YHR124W,CAD1,NDT80,0.2,0.002,409,YDR423C_cluster,YDR423C_cluster,YDR423C_cluster,0.002
YDR423C,YHR177W,CAD1,ROF1,0.0,0.0,409,YDR423C_cluster,YDR423C_cluster,YDR423C_cluster,0.0
YDR423C,YHR178W,CAD1,STB5,0.18,0.0018,409,YDR423C_cluster,YDR423C_cluster,YDR423C_cluster,0.0018
YDR423C,YHR206W,CAD1,SKN7,0.69,0.0069,409,YDR423C_cluster,YDR423C_cluster,YDR423C_cluster,0.0069
YDR423C,YIL036W,CAD1,CST6,0.51,0.0051,409,YDR423C_cluster,YDR423C_cluster,YDR423C_cluster,0.0051
YDR423C,YIL101C,CAD1,XBP1,0.29,0.0029,409,YDR423C_cluster,YDR423C_cluster,YDR423C_cluster,0.0029
YDR423C,YIL131C,CAD1,FKH1,0.46,0.0046,409,YDR423C_cluster,YDR423C_cluster,YDR423C_cluster,0.0046
YDR423C,YIR018W,CAD1,YAP5,0.94,0.0094,245,YDR423C_cluster,YDR423C_cluster,YDR423C_cluster,0.0094
YDR423C,YIR023W,CAD1,DAL81,0.53,0.0053,409,YDR423C_cluster,YDR423C_cluster,YDR423C_cluster,0.0053
YDR423C,YJL056C,CAD1,ZAP1,0.48,0.0048,409,YDR423C_cluster,YDR423C_cluster,YDR423C_cluster,0.0048
YDR423C,YJL089W,CAD1,SIP4,0.42,0.0042,409,YDR423C_cluster,YDR423C_cluster,YDR423C_cluster,0.0042
YDR423C,YJL103C,CAD1,GSM1,0.3,0.003,409,YDR423C_cluster,YDR423C_cluster,YDR423C_cluster,0.003
YDR423C,YJL110C,CAD1,GZF3,0.43,0.0043,409,YDR423C_cluster,YDR423C_cluster,YDR423C_cluster,0.0043
YDR423C,YJR060W,CAD1,CBF1,0.54,0.0054,351,YDR423C_cluster,YDR423C_cluster,YDR423C_cluster,0.0054
YDR423C,YJR094C,CAD1,IME1,0.26,0.0026,360,YDR423C_cluster,YDR423C_cluster,YDR423C_cluster,0.0026
YDR423C,YKL015W,CAD1,PUT3,0.88,0.0088,409,YDR423C_cluster,YDR423C_cluster,YDR423C_cluster,0.0088
YDR423C,YKL032C,CAD1,IXR1,0.22,0.0022,409,YDR423C_cluster,YDR423C_cluster,YDR423C_cluster,0.0022
YDR423C,YKL038W,CAD1,RGT1,0.64,0.0064,409,YDR423C_cluster,YDR423C_cluster,YDR423C_cluster,0.0064
YDR423C,YKL062W,CAD1,MSN4,0.0,0.0,409,YDR423C_cluster,YDR423C_cluster,YDR423C_cluster,0.0
YDR423C,YKL109W,CAD1,HAP4,0.64,0.0064,409,YDR423C_cluster,YDR423C_cluster,YDR423C_cluster,0.0064
YDR423C,YKL112W,CAD1,ABF1,0.54,0.0054,409,YDR423C_cluster,YDR423C_cluster,YDR423C_cluster,0.0054
YDR423C,YKL185W,CAD1,ASH1,0.31,0.0031,409,YDR423C_cluster,YDR423C_cluster,YDR423C_cluster,0.0031
YDR423C,YKR034W,CAD1,DAL80,0.45,0.0045,269,YDR423C_cluster,YDR423C_cluster,YDR423C_cluster,0.0045
YDR423C,YKR099W,CAD1,BAS1,0.84,0.0084,409,YDR423C_cluster,YDR423C_cluster,YDR423C_cluster,0.0084
YDR423C,YLR014C,CAD1,PPR1,0.78,0.0078,409,YDR423C_cluster,YDR423C_cluster,YDR423C_cluster,0.0078
YDR423C,YLR098C,CAD1,CHA4,0.29,0.0029,409,YDR423C_cluster,YDR423C_cluster,YDR423C_cluster,0.0029
YDR423C,YLR131C,CAD1,ACE2,0.69,0.0069,409,YDR423C_cluster,YDR423C_cluster,YDR423C_cluster,0.0069
YDR423C,YLR176C,CAD1,RFX1,0.92,0.0092,409,YDR423C_cluster,YDR423C_cluster,YDR423C_cluster,0.0092
YDR423C,YLR228C,CAD1,ECM22,0.84,0.0084,409,YDR423C_cluster,YDR423C_cluster,YDR423C_cluster,0.0084
YDR423C,YLR256W,CAD1,HAP1,0.49,0.0049,409,YDR423C_cluster,YDR423C_cluster,YDR423C_cluster,0.0049
YDR423C,YLR266C,CAD1,PDR8,0.09,0.0009,409,YDR423C_cluster,YDR423C_cluster,YDR423C_cluster,0.0009
YDR423C,YLR451W,CAD1,LEU3,0.55,0.0055,409,YDR423C_cluster,YDR423C_cluster,YDR423C_cluster,0.0055
YDR423C,YML007W,CAD1,YAP1,1.77,0.0177,409,YDR423C_cluster,YDR423C_cluster,YDR423C_cluster,0.0177
YDR423C,YML076C,CAD1,WAR1,0.45,0.0045,409,YDR423C_cluster,YDR423C_cluster,YDR423C_cluster,0.0045
YDR423C,YML081W,CAD1,TDA9,0.86,0.0086,409,YDR423C_cluster,YDR423C_cluster,YDR423C_cluster,0.0086
YDR423C,YML099C,CAD1,ARG81,0.24,0.0024,409,YDR423C_cluster,YDR423C_cluster,YDR423C_cluster,0.0024
YDR423C,YMR019W,CAD1,STB4,0.52,0.0052,409,YDR423C_cluster,YDR423C_cluster,YDR423C_cluster,0.0052
YDR423C,YMR021C,CAD1,MAC1,0.49,0.0049,409,YDR423C_cluster,YDR423C_cluster,YDR423C_cluster,0.0049
YDR423C,YMR037C,CAD1,MSN2,0.28,0.0028,409,YDR423C_cluster,YDR423C_cluster,YDR423C_cluster,0.0028
YDR423C,YMR042W,CAD1,ARG80,0.0,0.0,177,YDR423C_cluster,YDR423C_cluster,YDR423C_cluster,0.0
YDR423C,YMR043W,CAD1,MCM1,0.0,0.0,286,YDR423C_cluster,YDR423C_cluster,YDR423C_cluster,0.0
YDR423C,YMR070W,CAD1,MOT3,0.48,0.0048,409,YDR423C_cluster,YDR423C_cluster,YDR423C_cluster,0.0048
YDR423C,YMR164C,CAD1,MSS11,0.37,0.0037,409,YDR423C_cluster,YDR423C_cluster,YDR423C_cluster,0.0037
YDR423C,YMR172W,CAD1,HOT1,0.27,0.0027,409,YDR423C_cluster,YDR423C_cluster,YDR423C_cluster,0.0027
YDR423C,YMR280C,CAD1,CAT8,0.39,0.0039,409,YDR423C_cluster,YDR423C_cluster,YDR423C_cluster,0.0039
YDR423C,YNL027W,CAD1,CRZ1,0.77,0.0077,409,YDR423C_cluster,YDR423C_cluster,YDR423C_cluster,0.0077
YDR423C,YNL068C,CAD1,FKH2,0.4,0.004,409,YDR423C_cluster,YDR423C_cluster,YDR423C_cluster,0.004
YDR423C,YNL103W,CAD1,MET4,0.09,0.0009,409,YDR423C_cluster,YDR423C_cluster,YDR423C_cluster,0.0009
YDR423C,YNL167C,CAD1,SKO1,0.29,0.0029,409,YDR423C_cluster,YDR423C_cluster,YDR423C_cluster,0.0029
YDR423C,YNL199C,CAD1,GCR2,0.54,0.0054,409,YDR423C_cluster,YDR423C_cluster,YDR423C_cluster,0.0054
YDR423C,YNL216W,CAD1,RAP1,0.5,0.005,409,YDR423C_cluster,YDR423C_cluster,YDR423C_cluster,0.005
YDR423C,YNL314W,CAD1,DAL82,0.46,0.0046,255,YDR423C_cluster,YDR423C_cluster,YDR423C_cluster,0.0046
YDR423C,YOL067C,CAD1,RTG1,0.0,0.0,177,YDR423C_cluster,YDR423C_cluster,YDR423C_cluster,0.0
YDR423C,YOL108C,CAD1,INO4,0.92,0.0092,151,YDR423C_cluster,YDR423C_cluster,YDR423C_cluster,0.0092
YDR423C,YOR028C,CAD1,CIN5,0.43,0.0043,295,YDR423C_cluster,YDR423C_cluster,YDR423C_cluster,0.0043
YDR423C,YOR113W,CAD1,AZF1,0.31,0.0031,409,YDR423C_cluster,YDR423C_cluster,YDR423C_cluster,0.0031
YDR423C,YOR140W,CAD1,SFL1,0.43,0.0043,409,YDR423C_cluster,YDR423C_cluster,YDR423C_cluster,0.0043
YDR423C,YOR162C,CAD1,YRR1,0.25,0.0025,409,YDR423C_cluster,YDR423C_cluster,YDR423C_cluster,0.0025
YDR423C,YOR337W,CAD1,TEA1,0.7,0.007,409,YDR423C_cluster,YDR423C_cluster,YDR423C_cluster,0.007
YDR423C,YOR344C,CAD1,TYE7,0.29,0.0029,291,YDR423C_cluster,YDR423C_cluster,YDR423C_cluster,0.0029
YDR423C,YOR358W,CAD1,HAP5,0.16,0.0016,242,YDR423C_cluster,YDR423C_cluster,YDR423C_cluster,0.0016
YDR423C,YOR363C,CAD1,PIP2,0.8,0.008,409,YDR423C_cluster,YDR423C_cluster,YDR423C_cluster,0.008
YDR423C,YPL038W,CAD1,MET31,0.0,0.0,177,YDR423C_cluster,YDR423C_cluster,YDR423C_cluster,0.0
YDR423C,YPL075W,CAD1,GCR1,0.17,0.0017,409,YDR423C_cluster,YDR423C_cluster,YDR423C_cluster,0.0017
YDR423C,YPL089C,CAD1,RLM1,0.1,0.001,409,YDR423C_cluster,YDR423C_cluster,YDR423C_cluster,0.001
YDR423C,YPL133C,CAD1,RDS2,0.12,0.0012,409,YDR423C_cluster,YDR423C_cluster,YDR423C_cluster,0.0012
YDR423C,YPL202C,CAD1,AFT2,0.25,0.0025,409,YDR423C_cluster,YDR423C_cluster,YDR423C_cluster,0.0025
YDR423C,YPL230W,CAD1,USV1,0.52,0.0052,391,YDR423C_cluster,YDR423C_cluster,YDR423C_cluster,0.0052
YDR423C,YPL248C,CAD1,GAL4,0.24,0.0024,409,YDR423C_cluster,YDR423C_cluster,YDR423C_cluster,0.0024
YDR423C,YPR008W,CAD1,HAA1,0.28,0.0028,409,YDR423C_cluster,YDR423C_cluster,YDR423C_cluster,0.0028
YDR423C,YPR065W,CAD1,ROX1,0.53,0.0053,368,YDR423C_cluster,YDR423C_cluster,YDR423C_cluster,0.0053
YDR423C,YPR199C,CAD1,ARR1,0.29,0.0029,294,YDR423C_cluster,YDR423C_cluster,YDR423C_cluster,0.0029
YDR463W,YEL009C,STP1,GCN4,0.51,0.0051,281,YDR463W_cluster,YDR463W_cluster,YDR463W_cluster,0.0051
YDR463W,YER028C,STP1,MIG3,0.33,0.0033,394,YDR463W_cluster,YDR463W_cluster,YDR463W_cluster,0.0033
YDR463W,YER040W,STP1,GLN3,0.92,0.0092,519,YDR463W_cluster,YDR463W_cluster,YDR463W_cluster,0.0092
YDR463W,YER045C,STP1,ACA1,0.2,0.002,489,YDR463W_cluster,YDR463W_cluster,YDR463W_cluster,0.002
YDR463W,YER068W,STP1,MOT2,1.2,0.012,519,YDR463W_cluster,YDR463W_cluster,YDR463W_cluster,0.012
YDR463W,YER111C,STP1,SWI4,0.58,0.0058,519,YDR463W_cluster,YDR463W_cluster,YDR463W_cluster,0.0058
YDR463W,YER130C,STP1,COM2,0.53,0.0053,443,YDR463W_cluster,YDR463W_cluster,YDR463W_cluster,0.0053
YDR463W,YER169W,STP1,RPH1,0.31,0.0031,519,YDR463W_cluster,YDR463W_cluster,YDR463W_cluster,0.0031
YDR463W,YFL021W,STP1,GAT1,0.4,0.004,510,YDR463W_cluster,YDR463W_cluster,YDR463W_cluster,0.004
YDR463W,YFL031W,STP1,HAC1,0.4,0.004,238,YDR463W_cluster,YDR463W_cluster,YDR463W_cluster,0.004
YDR463W,YFL052W,STP1,ZNF1,0.0,0.0,465,YDR463W_cluster,YDR463W_cluster,YDR463W_cluster,0.0
YDR463W,YFR034C,STP1,PHO4,0.37,0.0037,312,YDR463W_cluster,YDR463W_cluster,YDR463W_cluster,0.0037
YDR463W,YGL013C,STP1,PDR1,0.9,0.009,519,YDR463W_cluster,YDR463W_cluster,YDR463W_cluster,0.009
YDR463W,YGL035C,STP1,MIG1,0.81,0.0081,504,YDR463W_cluster,YDR463W_cluster,YDR463W_cluster,0.0081
YDR463W,YGL071W,STP1,AFT1,0.68,0.0068,519,YDR463W_cluster,YDR463W_cluster,YDR463W_cluster,0.0068
YDR463W,YGL073W,STP1,HSF1,0.83,0.0083,519,YDR463W_cluster,YDR463W_cluster,YDR463W_cluster,0.0083
YDR463W,YGL162W,STP1,SUT1,0.5,0.005,299,YDR463W_cluster,YDR463W_cluster,YDR463W_cluster,0.005
YDR463W,YGL166W,STP1,CUP2,0.14,0.0014,225,YDR463W_cluster,YDR463W_cluster,YDR463W_cluster,0.0014
YDR463W,YGL209W,STP1,MIG2,0.34,0.0034,382,YDR463W_cluster,YDR463W_cluster,YDR463W_cluster,0.0034
YDR463W,YGL237C,STP1,HAP2,0.26,0.0026,265,YDR463W_cluster,YDR463W_cluster,YDR463W_cluster,0.0026
YDR463W,YGL254W,STP1,FZF1,0.5,0.005,299,YDR463W_cluster,YDR463W_cluster,YDR463W_cluster,0.005
YDR463W,YGR044C,STP1,RME1,0.37,0.0037,300,YDR463W_cluster,YDR463W_cluster,YDR463W_cluster,0.0037
YDR463W,YHL009C,STP1,YAP3,0.24,0.0024,330,YDR463W_cluster,YDR463W_cluster,YDR463W_cluster,0.0024
YDR463W,YHL027W,STP1,RIM101,0.63,0.0063,519,YDR463W_cluster,YDR463W_cluster,YDR463W_cluster,0.0063
YDR463W,YHR006W,STP1,STP2,4.91,0.0491,519,YDR463W_cluster,YDR463W_cluster,YDR463W_cluster,0.0491
YDR463W,YHR084W,STP1,STE12,0.67,0.0067,519,YDR463W_cluster,YDR463W_cluster,YDR463W_cluster,0.0067
YDR463W,YHR124W,STP1,NDT80,0.26,0.0026,519,YDR463W_cluster,YDR463W_cluster,YDR463W_cluster,0.0026
YDR463W,YHR177W,STP1,ROF1,0.31,0.0031,453,YDR463W_cluster,YDR463W_cluster,YDR463W_cluster,0.0031
YDR463W,YHR178W,STP1,STB5,0.48,0.0048,519,YDR463W_cluster,YDR463W_cluster,YDR463W_cluster,0.0048
YDR463W,YHR206W,STP1,SKN7,0.81,0.0081,519,YDR463W_cluster,YDR463W_cluster,YDR463W_cluster,0.0081
YDR463W,YIL036W,STP1,CST6,0.46,0.0046,519,YDR463W_cluster,YDR463W_cluster,YDR463W_cluster,0.0046
YDR463W,YIL101C,STP1,XBP1,1.06,0.0106,519,YDR463W_cluster,YDR463W_cluster,YDR463W_cluster,0.0106
YDR463W,YIL131C,STP1,FKH1,0.61,0.0061,484,YDR463W_cluster,YDR463W_cluster,YDR463W_cluster,0.0061
YDR463W,YIR018W,STP1,YAP5,0.53,0.0053,245,YDR463W_cluster,YDR463W_cluster,YDR463W_cluster,0.0053
YDR463W,YIR023W,STP1,DAL81,0.77,0.0077,519,YDR463W_cluster,YDR463W_cluster,YDR463W_cluster,0.0077
YDR463W,YJL056C,STP1,ZAP1,0.15,0.0015,519,YDR463W_cluster,YDR463W_cluster,YDR463W_cluster,0.0015
YDR463W,YJL089W,STP1,SIP4,0.23,0.0023,519,YDR463W_cluster,YDR463W_cluster,YDR463W_cluster,0.0023
YDR463W,YJL103C,STP1,GSM1,0.54,0.0054,519,YDR463W_cluster,YDR463W_cluster,YDR463W_cluster,0.0054
YDR463W,YJL110C,STP1,GZF3,0.29,0.0029,519,YDR463W_cluster,YDR463W_cluster,YDR463W_cluster,0.0029
YDR463W,YJR060W,STP1,CBF1,0.47,0.0047,351,YDR463W_cluster,YDR463W_cluster,YDR463W_cluster,0.0047
YDR463W,YJR094C,STP1,IME1,0.23,0.0023,360,YDR463W_cluster,YDR463W_cluster,YDR463W_cluster,0.0023
YDR463W,YKL015W,STP1,PUT3,0.41,0.0041,519,YDR463W_cluster,YDR463W_cluster,YDR463W_cluster,0.0041
YDR463W,YKL032C,STP1,IXR1,0.98,0.0098,519,YDR463W_cluster,YDR463W_cluster,YDR463W_cluster,0.0098
YDR463W,YKL038W,STP1,RGT1,0.6,0.006,519,YDR463W_cluster,YDR463W_cluster,YDR463W_cluster,0.006
YDR463W,YKL062W,STP1,MSN4,0.44,0.0044,519,YDR463W_cluster,YDR463W_cluster,YDR463W_cluster,0.0044
YDR463W,YKL109W,STP1,HAP4,0.67,0.0067,519,YDR463W_cluster,YDR463W_cluster,YDR463W_cluster,0.0067
YDR463W,YKL112W,STP1,ABF1,0.82,0.0082,519,YDR463W_cluster,YDR463W_cluster,YDR463W_cluster,0.0082
YDR463W,YKL185W,STP1,ASH1,0.18,0.0018,519,YDR463W_cluster,YDR463W_cluster,YDR463W_cluster,0.0018
YDR463W,YKR034W,STP1,DAL80,0.39,0.0039,269,YDR463W_cluster,YDR463W_cluster,YDR463W_cluster,0.0039
YDR463W,YKR099W,STP1,BAS1,0.38,0.0038,519,YDR463W_cluster,YDR463W_cluster,YDR463W_cluster,0.0038
YDR463W,YLR014C,STP1,PPR1,0.14,0.0014,519,YDR463W_cluster,YDR463W_cluster,YDR463W_cluster,0.0014
YDR463W,YLR098C,STP1,CHA4,1.06,0.0106,519,YDR463W_cluster,YDR463W_cluster,YDR463W_cluster,0.0106
YDR463W,YLR131C,STP1,ACE2,0.63,0.0063,519,YDR463W_cluster,YDR463W_cluster,YDR463W_cluster,0.0063
YDR463W,YLR176C,STP1,RFX1,0.23,0.0023,519,YDR463W_cluster,YDR463W_cluster,YDR463W_cluster,0.0023
YDR463W,YLR228C,STP1,ECM22,0.61,0.0061,519,YDR463W_cluster,YDR463W_cluster,YDR463W_cluster,0.0061
YDR463W,YLR256W,STP1,HAP1,0.41,0.0041,519,YDR463W_cluster,YDR463W_cluster,YDR463W_cluster,0.0041
YDR463W,YLR266C,STP1,PDR8,0.42,0.0042,519,YDR463W_cluster,YDR463W_cluster,YDR463W_cluster,0.0042
YDR463W,YLR451W,STP1,LEU3,0.58,0.0058,519,YDR463W_cluster,YDR463W_cluster,YDR463W_cluster,0.0058
YDR463W,YML007W,STP1,YAP1,0.26,0.0026,519,YDR463W_cluster,YDR463W_cluster,YDR463W_cluster,0.0026
YDR463W,YML076C,STP1,WAR1,0.48,0.0048,519,YDR463W_cluster,YDR463W_cluster,YDR463W_cluster,0.0048
YDR463W,YML081W,STP1,TDA9,0.63,0.0063,519,YDR463W_cluster,YDR463W_cluster,YDR463W_cluster,0.0063
YDR463W,YML099C,STP1,ARG81,0.51,0.0051,519,YDR463W_cluster,YDR463W_cluster,YDR463W_cluster,0.0051
YDR463W,YMR019W,STP1,STB4,0.14,0.0014,519,YDR463W_cluster,YDR463W_cluster,YDR463W_cluster,0.0014
YDR463W,YMR021C,STP1,MAC1,0.43,0.0043,417,YDR463W_cluster,YDR463W_cluster,YDR463W_cluster,0.0043
YDR463W,YMR037C,STP1,MSN2,0.76,0.0076,519,YDR463W_cluster,YDR463W_cluster,YDR463W_cluster,0.0076
YDR463W,YMR042W,STP1,ARG80,0.44,0.0044,177,YDR463W_cluster,YDR463W_cluster,YDR463W_cluster,0.0044
YDR463W,YMR043W,STP1,MCM1,0.27,0.0027,286,YDR463W_cluster,YDR463W_cluster,YDR463W_cluster,0.0027
YDR463W,YMR070W,STP1,MOT3,0.96,0.0096,490,YDR463W_cluster,YDR463W_cluster,YDR463W_cluster,0.0096
YDR463W,YMR164C,STP1,MSS11,0.59,0.0059,519,YDR463W_cluster,YDR463W_cluster,YDR463W_cluster,0.0059
YDR463W,YMR172W,STP1,HOT1,0.41,0.0041,519,YDR463W_cluster,YDR463W_cluster,YDR463W_cluster,0.0041
YDR463W,YMR280C,STP1,CAT8,0.95,0.0095,519,YDR463W_cluster,YDR463W_cluster,YDR463W_cluster,0.0095
YDR463W,YNL027W,STP1,CRZ1,0.7,0.007,519,YDR463W_cluster,YDR463W_cluster,YDR463W_cluster,0.007
YDR463W,YNL068C,STP1,FKH2,0.82,0.0082,519,YDR463W_cluster,YDR463W_cluster,YDR463W_cluster,0.0082
YDR463W,YNL103W,STP1,MET4,0.6,0.006,519,YDR463W_cluster,YDR463W_cluster,YDR463W_cluster,0.006
YDR463W,YNL167C,STP1,SKO1,1.06,0.0106,519,YDR463W_cluster,YDR463W_cluster,YDR463W_cluster,0.0106
YDR463W,YNL199C,STP1,GCR2,0.29,0.0029,519,YDR463W_cluster,YDR463W_cluster,YDR463W_cluster,0.0029
YDR463W,YNL216W,STP1,RAP1,0.46,0.0046,519,YDR463W_cluster,YDR463W_cluster,YDR463W_cluster,0.0046
YDR463W,YNL314W,STP1,DAL82,0.53,0.0053,255,YDR463W_cluster,YDR463W_cluster,YDR463W_cluster,0.0053
YDR463W,YOL067C,STP1,RTG1,0.15,0.0015,177,YDR463W_cluster,YDR463W_cluster,YDR463W_cluster,0.0015
YDR463W,YOL108C,STP1,INO4,0.46,0.0046,151,YDR463W_cluster,YDR463W_cluster,YDR463W_cluster,0.0046
YDR463W,YOR028C,STP1,CIN5,0.38,0.0037,295,YDR463W_cluster,YDR463W_cluster,YDR463W_cluster,0.0038
YDR463W,YOR113W,STP1,AZF1,0.65,0.0065,519,YDR463W_cluster,YDR463W_cluster,YDR463W_cluster,0.0065
YDR463W,YOR140W,STP1,SFL1,0.56,0.0056,519,YDR463W_cluster,YDR463W_cluster,YDR463W_cluster,0.0056
YDR463W,YOR162C,STP1,YRR1,0.53,0.0053,519,YDR463W_cluster,YDR463W_cluster,YDR463W_cluster,0.0053
YDR463W,YOR337W,STP1,TEA1,0.24,0.0024,519,YDR463W_cluster,YDR463W_cluster,YDR463W_cluster,0.0024
YDR463W,YOR344C,STP1,TYE7,0.38,0.0038,291,YDR463W_cluster,YDR463W_cluster,YDR463W_cluster,0.0038
YDR463W,YOR358W,STP1,HAP5,0.27,0.0027,242,YDR463W_cluster,YDR463W_cluster,YDR463W_cluster,0.0027
YDR463W,YOR363C,STP1,PIP2,0.54,0.0054,519,YDR463W_cluster,YDR463W_cluster,YDR463W_cluster,0.0054
YDR463W,YPL038W,STP1,MET31,0.29,0.0029,177,YDR463W_cluster,YDR463W_cluster,YDR463W_cluster,0.0029
YDR463W,YPL075W,STP1,GCR1,0.55,0.0055,519,YDR463W_cluster,YDR463W_cluster,YDR463W_cluster,0.0055
YDR463W,YPL089C,STP1,RLM1,0.79,0.0079,519,YDR463W_cluster,YDR463W_cluster,YDR463W_cluster,0.0079
YDR463W,YPL133C,STP1,RDS2,0.42,0.0042,446,YDR463W_cluster,YDR463W_cluster,YDR463W_cluster,0.0042
YDR463W,YPL202C,STP1,AFT2,0.98,0.0098,416,YDR463W_cluster,YDR463W_cluster,YDR463W_cluster,0.0098
YDR463W,YPL230W,STP1,USV1,0.8,0.008,391,YDR463W_cluster,YDR463W_cluster,YDR463W_cluster,0.008
YDR463W,YPL248C,STP1,GAL4,0.51,0.0051,519,YDR463W_cluster,YDR463W_cluster,YDR463W_cluster,0.0051
YDR463W,YPR008W,STP1,HAA1,0.42,0.0042,519,YDR463W_cluster,YDR463W_cluster,YDR463W_cluster,0.0042
YDR463W,YPR065W,STP1,ROX1,0.93,0.0093,368,YDR463W_cluster,YDR463W_cluster,YDR463W_cluster,0.0093
YDR463W,YPR199C,STP1,ARR1,0.25,0.0025,294,YDR463W_cluster,YDR463W_cluster,YDR463W_cluster,0.0025
YEL009C,YER028C,GCN4,MIG3,0.3,0.003,281,YEL009C_cluster,YEL009C_cluster,YEL009C_cluster,0.003
YEL009C,YER040W,GCN4,GLN3,0.41,0.0041,281,YEL009C_cluster,YEL009C_cluster,YEL009C_cluster,0.0041
YEL009C,YER045C,GCN4,ACA1,0.13,0.0013,281,YEL009C_cluster,YEL009C_cluster,YEL009C_cluster,0.0013
YEL009C,YER068W,GCN4,MOT2,0.71,0.0071,281,YEL009C_cluster,YEL009C_cluster,YEL009C_cluster,0.0071
YEL009C,YER111C,GCN4,SWI4,0.08,0.0008,281,YEL009C_cluster,YEL009C_cluster,YEL009C_cluster,0.0008
YEL009C,YER130C,GCN4,COM2,0.42,0.0042,281,YEL009C_cluster,YEL009C_cluster,YEL009C_cluster,0.0042
YEL009C,YER169W,GCN4,RPH1,0.09,0.0009,281,YEL009C_cluster,YEL009C_cluster,YEL009C_cluster,0.0009
YEL009C,YFL021W,GCN4,GAT1,0.26,0.0026,281,YEL009C_cluster,YEL009C_cluster,YEL009C_cluster,0.0026
YEL009C,YFL031W,GCN4,HAC1,0.2,0.002,238,YEL009C_cluster,YEL009C_cluster,YEL009C_cluster,0.002
YEL009C,YFL052W,GCN4,ZNF1,0.14,0.0014,281,YEL009C_cluster,YEL009C_cluster,YEL009C_cluster,0.0014
YEL009C,YFR034C,GCN4,PHO4,0.52,0.0052,281,YEL009C_cluster,YEL009C_cluster,YEL009C_cluster,0.0052
YEL009C,YGL013C,GCN4,PDR1,0.53,0.0053,281,YEL009C_cluster,YEL009C_cluster,YEL009C_cluster,0.0053
YEL009C,YGL035C,GCN4,MIG1,0.26,0.0026,281,YEL009C_cluster,YEL009C_cluster,YEL009C_cluster,0.0026
YEL009C,YGL071W,GCN4,AFT1,0.32,0.0032,281,YEL009C_cluster,YEL009C_cluster,YEL009C_cluster,0.0032
YEL009C,YGL073W,GCN4,HSF1,0.46,0.0046,281,YEL009C_cluster,YEL009C_cluster,YEL009C_cluster,0.0046
YEL009C,YGL162W,GCN4,SUT1,0.7,0.007,281,YEL009C_cluster,YEL009C_cluster,YEL009C_cluster,0.007
YEL009C,YGL166W,GCN4,CUP2,0.0,0.0,225,YEL009C_cluster,YEL009C_cluster,YEL009C_cluster,0.0
YEL009C,YGL209W,GCN4,MIG2,0.15,0.0015,281,YEL009C_cluster,YEL009C_cluster,YEL009C_cluster,0.0015
YEL009C,YGL237C,GCN4,HAP2,0.19,0.0019,265,YEL009C_cluster,YEL009C_cluster,YEL009C_cluster,0.0019
YEL009C,YGL254W,GCN4,FZF1,0.35,0.0035,281,YEL009C_cluster,YEL009C_cluster,YEL009C_cluster,0.0035
YEL009C,YGR044C,GCN4,RME1,0.35,0.0035,281,YEL009C_cluster,YEL009C_cluster,YEL009C_cluster,0.0035
YEL009C,YHL009C,GCN4,YAP3,0.33,0.0033,281,YEL009C_cluster,YEL009C_cluster,YEL009C_cluster,0.0033
YEL009C,YHL027W,GCN4,RIM101,0.11,0.0011,281,YEL009C_cluster,YEL009C_cluster,YEL009C_cluster,0.0011
YEL009C,YHR006W,GCN4,STP2,0.37,0.0037,281,YEL009C_cluster,YEL009C_cluster,YEL009C_cluster,0.0037
YEL009C,YHR084W,GCN4,STE12,0.52,0.0052,281,YEL009C_cluster,YEL009C_cluster,YEL009C_cluster,0.0052
YEL009C,YHR124W,GCN4,NDT80,0.67,0.0067,281,YEL009C_cluster,YEL009C_cluster,YEL009C_cluster,0.0067
YEL009C,YHR177W,GCN4,ROF1,0.28,0.0028,281,YEL009C_cluster,YEL009C_cluster,YEL009C_cluster,0.0028
YEL009C,YHR178W,GCN4,STB5,0.3,0.003,281,YEL009C_cluster,YEL009C_cluster,YEL009C_cluster,0.003
YEL009C,YHR206W,GCN4,SKN7,0.11,0.0011,281,YEL009C_cluster,YEL009C_cluster,YEL009C_cluster,0.0011
YEL009C,YIL036W,GCN4,CST6,0.47,0.0047,281,YEL009C_cluster,YEL009C_cluster,YEL009C_cluster,0.0047
YEL009C,YIL101C,GCN4,XBP1,0.33,0.0033,281,YEL009C_cluster,YEL009C_cluster,YEL009C_cluster,0.0033
YEL009C,YIL131C,GCN4,FKH1,0.94,0.0094,281,YEL009C_cluster,YEL009C_cluster,YEL009C_cluster,0.0094
YEL009C,YIR018W,GCN4,YAP5,0.19,0.0019,245,YEL009C_cluster,YEL009C_cluster,YEL009C_cluster,0.0019
YEL009C,YIR023W,GCN4,DAL81,0.25,0.0025,281,YEL009C_cluster,YEL009C_cluster,YEL009C_cluster,0.0025
YEL009C,YJL056C,GCN4,ZAP1,0.35,0.0035,281,YEL009C_cluster,YEL009C_cluster,YEL009C_cluster,0.0035
YEL009C,YJL089W,GCN4,SIP4,0.09,0.0009,281,YEL009C_cluster,YEL009C_cluster,YEL009C_cluster,0.0009
YEL009C,YJL103C,GCN4,GSM1,0.45,0.0045,281,YEL009C_cluster,YEL009C_cluster,YEL009C_cluster,0.0045
YEL009C,YJL110C,GCN4,GZF3,0.49,0.0049,281,YEL009C_cluster,YEL009C_cluster,YEL009C_cluster,0.0049
YEL009C,YJR060W,GCN4,CBF1,0.16,0.0016,281,YEL009C_cluster,YEL009C_cluster,YEL009C_cluster,0.0016
YEL009C,YJR094C,GCN4,IME1,0.8,0.008,281,YEL009C_cluster,YEL009C_cluster,YEL009C_cluster,0.008
YEL009C,YKL015W,GCN4,PUT3,0.24,0.0024,281,YEL009C_cluster,YEL009C_cluster,YEL009C_cluster,0.0024
YEL009C,YKL032C,GCN4,IXR1,0.25,0.0025,281,YEL009C_cluster,YEL009C_cluster,YEL009C_cluster,0.0025
YEL009C,YKL038W,GCN4,RGT1,0.42,0.0042,281,YEL009C_cluster,YEL009C_cluster,YEL009C_cluster,0.0042
YEL009C,YKL062W,GCN4,MSN4,0.22,0.0022,281,YEL009C_cluster,YEL009C_cluster,YEL009C_cluster,0.0022
YEL009C,YKL109W,GCN4,HAP4,0.61,0.0061,281,YEL009C_cluster,YEL009C_cluster,YEL009C_cluster,0.0061
YEL009C,YKL112W,GCN4,ABF1,0.51,0.0051,281,YEL009C_cluster,YEL009C_cluster,YEL009C_cluster,0.0051
YEL009C,YKL185W,GCN4,ASH1,0.23,0.0023,281,YEL009C_cluster,YEL009C_cluster,YEL009C_cluster,0.0023
YEL009C,YKR034W,GCN4,DAL80,0.18,0.0018,269,YEL009C_cluster,YEL009C_cluster,YEL009C_cluster,0.0018
YEL009C,YKR099W,GCN4,BAS1,0.47,0.0047,281,YEL009C_cluster,YEL009C_cluster,YEL009C_cluster,0.0047
YEL009C,YLR014C,GCN4,PPR1,0.26,0.0026,281,YEL009C_cluster,YEL009C_cluster,YEL009C_cluster,0.0026
YEL009C,YLR098C,GCN4,CHA4,0.55,0.0055,281,YEL009C_cluster,YEL009C_cluster,YEL009C_cluster,0.0055
YEL009C,YLR131C,GCN4,ACE2,0.29,0.0029,281,YEL009C_cluster,YEL009C_cluster,YEL009C_cluster,0.0029
YEL009C,YLR176C,GCN4,RFX1,0.0,0.0,281,YEL009C_cluster,YEL009C_cluster,YEL009C_cluster,0.0
YEL009C,YLR228C,GCN4,ECM22,0.09,0.0009,281,YEL009C_cluster,YEL009C_cluster,YEL009C_cluster,0.0009
YEL009C,YLR256W,GCN4,HAP1,0.7,0.007,281,YEL009C_cluster,YEL009C_cluster,YEL009C_cluster,0.007
YEL009C,YLR266C,GCN4,PDR8,0.0,0.0,281,YEL009C_cluster,YEL009C_cluster,YEL009C_cluster,0.0
YEL009C,YLR451W,GCN4,LEU3,0.44,0.0044,281,YEL009C_cluster,YEL009C_cluster,YEL009C_cluster,0.0044
YEL009C,YML007W,GCN4,YAP1,0.67,0.0067,281,YEL009C_cluster,YEL009C_cluster,YEL009C_cluster,0.0067
YEL009C,YML076C,GCN4,WAR1,0.75,0.0075,281,YEL009C_cluster,YEL009C_cluster,YEL009C_cluster,0.0075
YEL009C,YML081W,GCN4,TDA9,0.53,0.0053,281,YEL009C_cluster,YEL009C_cluster,YEL009C_cluster,0.0053
YEL009C,YML099C,GCN4,ARG81,0.44,0.0044,281,YEL009C_cluster,YEL009C_cluster,YEL009C_cluster,0.0044
YEL009C,YMR019W,GCN4,STB4,0.33,0.0033,281,YEL009C_cluster,YEL009C_cluster,YEL009C_cluster,0.0033
YEL009C,YMR021C,GCN4,MAC1,0.29,0.0029,281,YEL009C_cluster,YEL009C_cluster,YEL009C_cluster,0.0029
YEL009C,YMR037C,GCN4,MSN2,0.42,0.0042,281,YEL009C_cluster,YEL009C_cluster,YEL009C_cluster,0.0042
YEL009C,YMR042W,GCN4,ARG80,0.22,0.0022,177,YEL009C_cluster,YEL009C_cluster,YEL009C_cluster,0.0022
YEL009C,YMR043W,GCN4,MCM1,0.0,0.0,281,YEL009C_cluster,YEL009C_cluster,YEL009C_cluster,0.0
YEL009C,YMR070W,GCN4,MOT3,0.28,0.0028,281,YEL009C_cluster,YEL009C_cluster,YEL009C_cluster,0.0028
YEL009C,YMR164C,GCN4,MSS11,0.21,0.0021,281,YEL009C_cluster,YEL009C_cluster,YEL009C_cluster,0.0021
YEL009C,YMR172W,GCN4,HOT1,0.41,0.0041,281,YEL009C_cluster,YEL009C_cluster,YEL009C_cluster,0.0041
YEL009C,YMR280C,GCN4,CAT8,0.6,0.006,281,YEL009C_cluster,YEL009C_cluster,YEL009C_cluster,0.006
YEL009C,YNL027W,GCN4,CRZ1,0.22,0.0022,281,YEL009C_cluster,YEL009C_cluster,YEL009C_cluster,0.0022
YEL009C,YNL068C,GCN4,FKH2,0.45,0.0045,281,YEL009C_cluster,YEL009C_cluster,YEL009C_cluster,0.0045
YEL009C,YNL103W,GCN4,MET4,0.43,0.0043,281,YEL009C_cluster,YEL009C_cluster,YEL009C_cluster,0.0043
YEL009C,YNL167C,GCN4,SKO1,0.33,0.0033,281,YEL009C_cluster,YEL009C_cluster,YEL009C_cluster,0.0033
YEL009C,YNL199C,GCN4,GCR2,0.5,0.005,281,YEL009C_cluster,YEL009C_cluster,YEL009C_cluster,0.005
YEL009C,YNL216W,GCN4,RAP1,0.56,0.0056,281,YEL009C_cluster,YEL009C_cluster,YEL009C_cluster,0.0056
YEL009C,YNL314W,GCN4,DAL82,0.19,0.0019,255,YEL009C_cluster,YEL009C_cluster,YEL009C_cluster,0.0019
YEL009C,YOL067C,GCN4,RTG1,0.22,0.0022,177,YEL009C_cluster,YEL009C_cluster,YEL009C_cluster,0.0022
YEL009C,YOL108C,GCN4,INO4,0.24,0.0024,151,YEL009C_cluster,YEL009C_cluster,YEL009C_cluster,0.0024
YEL009C,YOR028C,GCN4,CIN5,0.18,0.0018,281,YEL009C_cluster,YEL009C_cluster,YEL009C_cluster,0.0018
YEL009C,YOR113W,GCN4,AZF1,0.26,0.0026,281,YEL009C_cluster,YEL009C_cluster,YEL009C_cluster,0.0026
YEL009C,YOR140W,GCN4,SFL1,0.29,0.0029,281,YEL009C_cluster,YEL009C_cluster,YEL009C_cluster,0.0029
YEL009C,YOR162C,GCN4,YRR1,0.28,0.0028,281,YEL009C_cluster,YEL009C_cluster,YEL009C_cluster,0.0028
YEL009C,YOR337W,GCN4,TEA1,0.39,0.0039,281,YEL009C_cluster,YEL009C_cluster,YEL009C_cluster,0.0039
YEL009C,YOR344C,GCN4,TYE7,0.72,0.0072,281,YEL009C_cluster,YEL009C_cluster,YEL009C_cluster,0.0072
YEL009C,YOR358W,GCN4,HAP5,0.39,0.0039,242,YEL009C_cluster,YEL009C_cluster,YEL009C_cluster,0.0039
YEL009C,YOR363C,GCN4,PIP2,0.32,0.0032,281,YEL009C_cluster,YEL009C_cluster,YEL009C_cluster,0.0032
YEL009C,YPL038W,GCN4,MET31,0.45,0.0045,177,YEL009C_cluster,YEL009C_cluster,YEL009C_cluster,0.0045
YEL009C,YPL075W,GCN4,GCR1,0.87,0.0087,281,YEL009C_cluster,YEL009C_cluster,YEL009C_cluster,0.0087
YEL009C,YPL089C,GCN4,RLM1,0.11,0.0011,281,YEL009C_cluster,YEL009C_cluster,YEL009C_cluster,0.0011
YEL009C,YPL133C,GCN4,RDS2,0.42,0.0042,281,YEL009C_cluster,YEL009C_cluster,YEL009C_cluster,0.0042
YEL009C,YPL202C,GCN4,AFT2,0.29,0.0029,281,YEL009C_cluster,YEL009C_cluster,YEL009C_cluster,0.0029
YEL009C,YPL230W,GCN4,USV1,0.31,0.0031,281,YEL009C_cluster,YEL009C_cluster,YEL009C_cluster,0.0031
YEL009C,YPL248C,GCN4,GAL4,0.61,0.0061,281,YEL009C_cluster,YEL009C_cluster,YEL009C_cluster,0.0061
YEL009C,YPR008W,GCN4,HAA1,0.42,0.0042,281,YEL009C_cluster,YEL009C_cluster,YEL009C_cluster,0.0042
YEL009C,YPR065W,GCN4,ROX1,0.48,0.0048,281,YEL009C_cluster,YEL009C_cluster,YEL009C_cluster,0.0048
YEL009C,YPR199C,GCN4,ARR1,0.35,0.0035,281,YEL009C_cluster,YEL009C_cluster,YEL009C_cluster,0.0035
YER028C,YER040W,MIG3,GLN3,1.4,0.014,394,YER028C_cluster,YER028C_cluster,YER028C_cluster,0.014
YER028C,YER045C,MIG3,ACA1,0.93,0.0093,394,YER028C_cluster,YER028C_cluster,YER028C_cluster,0.0093
YER028C,YER068W,MIG3,MOT2,0.0,0.0,394,YER028C_cluster,YER028C_cluster,YER028C_cluster,0.0
YER028C,YER111C,MIG3,SWI4,0.42,0.0042,394,YER028C_cluster,YER028C_cluster,YER028C_cluster,0.0042
YER028C,YER130C,MIG3,COM2,0.61,0.0061,394,YER028C_cluster,YER028C_cluster,YER028C_cluster,0.0061
YER028C,YER169W,MIG3,RPH1,0.6,0.006,394,YER028C_cluster,YER028C_cluster,YER028C_cluster,0.006
YER028C,YFL021W,MIG3,GAT1,0.8,0.008,394,YER028C_cluster,YER028C_cluster,YER028C_cluster,0.008
YER028C,YFL031W,MIG3,HAC1,0.0,0.0,238,YER028C_cluster,YER028C_cluster,YER028C_cluster,0.0
YER028C,YFL052W,MIG3,ZNF1,0.36,0.0036,394,YER028C_cluster,YER028C_cluster,YER028C_cluster,0.0036
YER028C,YFR034C,MIG3,PHO4,0.58,0.0058,312,YER028C_cluster,YER028C_cluster,YER028C_cluster,0.0058
YER028C,YGL013C,MIG3,PDR1,0.42,0.0042,394,YER028C_cluster,YER028C_cluster,YER028C_cluster,0.0042
YER028C,YGL035C,MIG3,MIG1,2.71,0.0271,394,YER028C_cluster,YER028C_cluster,YER028C_cluster,0.0271
YER028C,YGL071W,MIG3,AFT1,0.47,0.0047,394,YER028C_cluster,YER028C_cluster,YER028C_cluster,0.0047
YER028C,YGL073W,MIG3,HSF1,0.5,0.005,394,YER028C_cluster,YER028C_cluster,YER028C_cluster,0.005
YER028C,YGL162W,MIG3,SUT1,1.34,0.0134,299,YER028C_cluster,YER028C_cluster,YER028C_cluster,0.0134
YER028C,YGL166W,MIG3,CUP2,0.17,0.0017,225,YER028C_cluster,YER028C_cluster,YER028C_cluster,0.0017
YER028C,YGL209W,MIG3,MIG2,4.81,0.0481,382,YER028C_cluster,YER028C_cluster,YER028C_cluster,0.0481
YER028C,YGL237C,MIG3,HAP2,0.16,0.0016,265,YER028C_cluster,YER028C_cluster,YER028C_cluster,0.0016
YER028C,YGL254W,MIG3,FZF1,0.15,0.0015,299,YER028C_cluster,YER028C_cluster,YER028C_cluster,0.0015
YER028C,YGR044C,MIG3,RME1,0.15,0.0015,300,YER028C_cluster,YER028C_cluster,YER028C_cluster,0.0015
YER028C,YHL009C,MIG3,YAP3,0.42,0.0042,330,YER028C_cluster,YER028C_cluster,YER028C_cluster,0.0042
YER028C,YHL027W,MIG3,RIM101,0.61,0.0061,394,YER028C_cluster,YER028C_cluster,YER028C_cluster,0.0061
YER028C,YHR006W,MIG3,STP2,0.55,0.0055,394,YER028C_cluster,YER028C_cluster,YER028C_cluster,0.0055
YER028C,YHR084W,MIG3,STE12,0.19,0.0019,394,YER028C_cluster,YER028C_cluster,YER028C_cluster,0.0019
YER028C,YHR124W,MIG3,NDT80,0.3,0.003,394,YER028C_cluster,YER028C_cluster,YER028C_cluster,0.003
YER028C,YHR177W,MIG3,ROF1,0.6,0.006,394,YER028C_cluster,YER028C_cluster,YER028C_cluster,0.006
YER028C,YHR178W,MIG3,STB5,0.72,0.0072,394,YER028C_cluster,YER028C_cluster,YER028C_cluster,0.0072
YER028C,YHR206W,MIG3,SKN7,0.2,0.002,394,YER028C_cluster,YER028C_cluster,YER028C_cluster,0.002
YER028C,YIL036W,MIG3,CST6,0.41,0.0041,394,YER028C_cluster,YER028C_cluster,YER028C_cluster,0.0041
YER028C,YIL101C,MIG3,XBP1,0.99,0.0099,394,YER028C_cluster,YER028C_cluster,YER028C_cluster,0.0099
YER028C,YIL131C,MIG3,FKH1,0.7,0.007,394,YER028C_cluster,YER028C_cluster,YER028C_cluster,0.007
YER028C,YIR018W,MIG3,YAP5,0.0,0.0,245,YER028C_cluster,YER028C_cluster,YER028C_cluster,0.0
YER028C,YIR023W,MIG3,DAL81,0.54,0.0054,394,YER028C_cluster,YER028C_cluster,YER028C_cluster,0.0054
YER028C,YJL056C,MIG3,ZAP1,0.97,0.0097,394,YER028C_cluster,YER028C_cluster,YER028C_cluster,0.0097
YER028C,YJL089W,MIG3,SIP4,0.42,0.0042,394,YER028C_cluster,YER028C_cluster,YER028C_cluster,0.0042
YER028C,YJL103C,MIG3,GSM1,0.2,0.002,394,YER028C_cluster,YER028C_cluster,YER028C_cluster,0.002
YER028C,YJL110C,MIG3,GZF3,0.54,0.0054,394,YER028C_cluster,YER028C_cluster,YER028C_cluster,0.0054
YER028C,YJR060W,MIG3,CBF1,0.27,0.0027,351,YER028C_cluster,YER028C_cluster,YER028C_cluster,0.0027
YER028C,YJR094C,MIG3,IME1,0.54,0.0054,360,YER028C_cluster,YER028C_cluster,YER028C_cluster,0.0054
YER028C,YKL015W,MIG3,PUT3,0.37,0.0037,394,YER028C_cluster,YER028C_cluster,YER028C_cluster,0.0037
YER028C,YKL032C,MIG3,IXR1,0.22,0.0022,394,YER028C_cluster,YER028C_cluster,YER028C_cluster,0.0022
YER028C,YKL038W,MIG3,RGT1,0.78,0.0078,394,YER028C_cluster,YER028C_cluster,YER028C_cluster,0.0078
YER028C,YKL062W,MIG3,MSN4,0.9,0.009,394,YER028C_cluster,YER028C_cluster,YER028C_cluster,0.009
YER028C,YKL109W,MIG3,HAP4,0.54,0.0054,394,YER028C_cluster,YER028C_cluster,YER028C_cluster,0.0054
YER028C,YKL112W,MIG3,ABF1,0.73,0.0073,394,YER028C_cluster,YER028C_cluster,YER028C_cluster,0.0073
YER028C,YKL185W,MIG3,ASH1,1.05,0.0105,394,YER028C_cluster,YER028C_cluster,YER028C_cluster,0.0105
YER028C,YKR034W,MIG3,DAL80,0.15,0.0015,269,YER028C_cluster,YER028C_cluster,YER028C_cluster,0.0015
YER028C,YKR099W,MIG3,BAS1,0.51,0.0051,394,YER028C_cluster,YER028C_cluster,YER028C_cluster,0.0051
YER028C,YLR014C,MIG3,PPR1,0.39,0.0039,394,YER028C_cluster,YER028C_cluster,YER028C_cluster,0.0039
YER028C,YLR098C,MIG3,CHA4,0.59,0.0059,394,YER028C_cluster,YER028C_cluster,YER028C_cluster,0.0059
YER028C,YLR131C,MIG3,ACE2,0.7,0.007,394,YER028C_cluster,YER028C_cluster,YER028C_cluster,0.007
YER028C,YLR176C,MIG3,RFX1,0.77,0.0077,394,YER028C_cluster,YER028C_cluster,YER028C_cluster,0.0077
YER028C,YLR228C,MIG3,ECM22,0.94,0.0094,394,YER028C_cluster,YER028C_cluster,YER028C_cluster,0.0094
YER028C,YLR256W,MIG3,HAP1,0.99,0.0099,394,YER028C_cluster,YER028C_cluster,YER028C_cluster,0.0099
YER028C,YLR266C,MIG3,PDR8,0.37,0.0037,394,YER028C_cluster,YER028C_cluster,YER028C_cluster,0.0037
YER028C,YLR451W,MIG3,LEU3,0.8,0.008,394,YER028C_cluster,YER028C_cluster,YER028C_cluster,0.008
YER028C,YML007W,MIG3,YAP1,0.89,0.0089,394,YER028C_cluster,YER028C_cluster,YER028C_cluster,0.0089
YER028C,YML076C,MIG3,WAR1,0.53,0.0053,394,YER028C_cluster,YER028C_cluster,YER028C_cluster,0.0053
YER028C,YML081W,MIG3,TDA9,0.68,0.0068,394,YER028C_cluster,YER028C_cluster,YER028C_cluster,0.0068
YER028C,YML099C,MIG3,ARG81,0.32,0.0032,394,YER028C_cluster,YER028C_cluster,YER028C_cluster,0.0032
YER028C,YMR019W,MIG3,STB4,0.84,0.0084,394,YER028C_cluster,YER028C_cluster,YER028C_cluster,0.0084
YER028C,YMR021C,MIG3,MAC1,0.38,0.0038,394,YER028C_cluster,YER028C_cluster,YER028C_cluster,0.0038
YER028C,YMR037C,MIG3,MSN2,0.85,0.0085,394,YER028C_cluster,YER028C_cluster,YER028C_cluster,0.0085
YER028C,YMR042W,MIG3,ARG80,0.18,0.0018,177,YER028C_cluster,YER028C_cluster,YER028C_cluster,0.0018
YER028C,YMR043W,MIG3,MCM1,0.16,0.0016,286,YER028C_cluster,YER028C_cluster,YER028C_cluster,0.0016
YER028C,YMR070W,MIG3,MOT3,0.62,0.0062,394,YER028C_cluster,YER028C_cluster,YER028C_cluster,0.0062
YER028C,YMR164C,MIG3,MSS11,0.37,0.0037,394,YER028C_cluster,YER028C_cluster,YER028C_cluster,0.0037
YER028C,YMR172W,MIG3,HOT1,0.84,0.0084,394,YER028C_cluster,YER028C_cluster,YER028C_cluster,0.0084
YER028C,YMR280C,MIG3,CAT8,0.34,0.0034,394,YER028C_cluster,YER028C_cluster,YER028C_cluster,0.0034
YER028C,YNL027W,MIG3,CRZ1,0.98,0.0098,394,YER028C_cluster,YER028C_cluster,YER028C_cluster,0.0098
YER028C,YNL068C,MIG3,FKH2,0.49,0.0049,394,YER028C_cluster,YER028C_cluster,YER028C_cluster,0.0049
YER028C,YNL103W,MIG3,MET4,1.07,0.0107,394,YER028C_cluster,YER028C_cluster,YER028C_cluster,0.0107
YER028C,YNL167C,MIG3,SKO1,0.9,0.009,394,YER028C_cluster,YER028C_cluster,YER028C_cluster,0.009
YER028C,YNL199C,MIG3,GCR2,0.66,0.0066,394,YER028C_cluster,YER028C_cluster,YER028C_cluster,0.0066
YER028C,YNL216W,MIG3,RAP1,0.59,0.0059,394,YER028C_cluster,YER028C_cluster,YER028C_cluster,0.0059
YER028C,YNL314W,MIG3,DAL82,1.11,0.0111,255,YER028C_cluster,YER028C_cluster,YER028C_cluster,0.0111
YER028C,YOL067C,MIG3,RTG1,0.0,0.0,177,YER028C_cluster,YER028C_cluster,YER028C_cluster,0.0
YER028C,YOL108C,MIG3,INO4,0.57,0.0057,151,YER028C_cluster,YER028C_cluster,YER028C_cluster,0.0057
YER028C,YOR028C,MIG3,CIN5,0.3,0.003,295,YER028C_cluster,YER028C_cluster,YER028C_cluster,0.003
YER028C,YOR113W,MIG3,AZF1,0.96,0.0096,394,YER028C_cluster,YER028C_cluster,YER028C_cluster,0.0096
YER028C,YOR140W,MIG3,SFL1,1.15,0.0115,394,YER028C_cluster,YER028C_cluster,YER028C_cluster,0.0115
YER028C,YOR162C,MIG3,YRR1,0.34,0.0034,394,YER028C_cluster,YER028C_cluster,YER028C_cluster,0.0034
YER028C,YOR337W,MIG3,TEA1,0.18,0.0018,394,YER028C_cluster,YER028C_cluster,YER028C_cluster,0.0018
YER028C,YOR344C,MIG3,TYE7,0.45,0.0045,291,YER028C_cluster,YER028C_cluster,YER028C_cluster,0.0045
YER028C,YOR358W,MIG3,HAP5,0.0,0.0,242,YER028C_cluster,YER028C_cluster,YER028C_cluster,0.0
YER028C,YOR363C,MIG3,PIP2,0.22,0.0022,394,YER028C_cluster,YER028C_cluster,YER028C_cluster,0.0022
YER028C,YPL038W,MIG3,MET31,0.36,0.0036,177,YER028C_cluster,YER028C_cluster,YER028C_cluster,0.0036
YER028C,YPL075W,MIG3,GCR1,0.52,0.0052,394,YER028C_cluster,YER028C_cluster,YER028C_cluster,0.0052
YER028C,YPL089C,MIG3,RLM1,0.88,0.0088,394,YER028C_cluster,YER028C_cluster,YER028C_cluster,0.0088
YER028C,YPL133C,MIG3,RDS2,1.1,0.011,394,YER028C_cluster,YER028C_cluster,YER028C_cluster,0.011
YER028C,YPL202C,MIG3,AFT2,0.5,0.005,394,YER028C_cluster,YER028C_cluster,YER028C_cluster,0.005
YER028C,YPL230W,MIG3,USV1,2.02,0.0202,391,YER028C_cluster,YER028C_cluster,YER028C_cluster,0.0202
YER028C,YPL248C,MIG3,GAL4,0.8,0.008,394,YER028C_cluster,YER028C_cluster,YER028C_cluster,0.008
YER028C,YPR008W,MIG3,HAA1,0.75,0.0075,394,YER028C_cluster,YER028C_cluster,YER028C_cluster,0.0075
YER028C,YPR065W,MIG3,ROX1,0.95,0.0095,368,YER028C_cluster,YER028C_cluster,YER028C_cluster,0.0095
YER028C,YPR199C,MIG3,ARR1,0.15,0.0015,294,YER028C_cluster,YER028C_cluster,YER028C_cluster,0.0015
YER040W,YER045C,GLN3,ACA1,0.77,0.0077,489,YER040W_cluster,YER040W_cluster,YER040W_cluster,0.0077
YER040W,YER068W,GLN3,MOT2,0.79,0.0079,587,YER040W_cluster,YER040W_cluster,YER040W_cluster,0.0079
YER040W,YER111C,GLN3,SWI4,1.45,0.0145,730,YER040W_cluster,YER040W_cluster,YER040W_cluster,0.0145
YER040W,YER130C,GLN3,COM2,1.16,0.0116,443,YER040W_cluster,YER040W_cluster,YER040W_cluster,0.0116
YER040W,YER169W,GLN3,RPH1,1.02,0.0102,730,YER040W_cluster,YER040W_cluster,YER040W_cluster,0.0102
YER040W,YFL021W,GLN3,GAT1,3.65,0.0365,510,YER040W_cluster,YER040W_cluster,YER040W_cluster,0.0365
YER040W,YFL031W,GLN3,HAC1,0.76,0.0076,238,YER040W_cluster,YER040W_cluster,YER040W_cluster,0.0076
YER040W,YFL052W,GLN3,ZNF1,0.35,0.0035,465,YER040W_cluster,YER040W_cluster,YER040W_cluster,0.0035
YER040W,YFR034C,GLN3,PHO4,0.81,0.0081,312,YER040W_cluster,YER040W_cluster,YER040W_cluster,0.0081
YER040W,YGL013C,GLN3,PDR1,0.81,0.0081,730,YER040W_cluster,YER040W_cluster,YER040W_cluster,0.0081
YER040W,YGL035C,GLN3,MIG1,1.46,0.0146,504,YER040W_cluster,YER040W_cluster,YER040W_cluster,0.0146
YER040W,YGL071W,GLN3,AFT1,1.1,0.011,690,YER040W_cluster,YER040W_cluster,YER040W_cluster,0.011
YER040W,YGL073W,GLN3,HSF1,2.23,0.0223,730,YER040W_cluster,YER040W_cluster,YER040W_cluster,0.0223
YER040W,YGL162W,GLN3,SUT1,0.61,0.0061,299,YER040W_cluster,YER040W_cluster,YER040W_cluster,0.0061
YER040W,YGL166W,GLN3,CUP2,0.66,0.0066,225,YER040W_cluster,YER040W_cluster,YER040W_cluster,0.0066
YER040W,YGL209W,GLN3,MIG2,1.23,0.0123,382,YER040W_cluster,YER040W_cluster,YER040W_cluster,0.0123
YER040W,YGL237C,GLN3,HAP2,0.64,0.0064,265,YER040W_cluster,YER040W_cluster,YER040W_cluster,0.0064
YER040W,YGL254W,GLN3,FZF1,0.3,0.003,299,YER040W_cluster,YER040W_cluster,YER040W_cluster,0.003
YER040W,YGR044C,GLN3,RME1,0.41,0.0041,300,YER040W_cluster,YER040W_cluster,YER040W_cluster,0.0041
YER040W,YHL009C,GLN3,YAP3,0.79,0.0079,330,YER040W_cluster,YER040W_cluster,YER040W_cluster,0.0079
YER040W,YHL027W,GLN3,RIM101,1.48,0.0148,625,YER040W_cluster,YER040W_cluster,YER040W_cluster,0.0148
YER040W,YHR006W,GLN3,STP2,0.49,0.0049,541,YER040W_cluster,YER040W_cluster,YER040W_cluster,0.0049
YER040W,YHR084W,GLN3,STE12,0.58,0.0058,688,YER040W_cluster,YER040W_cluster,YER040W_cluster,0.0058
YER040W,YHR124W,GLN3,NDT80,0.76,0.0076,627,YER040W_cluster,YER040W_cluster,YER040W_cluster,0.0076
YER040W,YHR177W,GLN3,ROF1,0.7,0.007,453,YER040W_cluster,YER040W_cluster,YER040W_cluster,0.007
YER040W,YHR178W,GLN3,STB5,0.7,0.007,730,YER040W_cluster,YER040W_cluster,YER040W_cluster,0.007
YER040W,YHR206W,GLN3,SKN7,1.39,0.0139,622,YER040W_cluster,YER040W_cluster,YER040W_cluster,0.0139
YER040W,YIL036W,GLN3,CST6,1.11,0.0111,587,YER040W_cluster,YER040W_cluster,YER040W_cluster,0.0111
YER040W,YIL101C,GLN3,XBP1,0.91,0.0091,647,YER040W_cluster,YER040W_cluster,YER040W_cluster,0.0091
YER040W,YIL131C,GLN3,FKH1,1.12,0.0112,484,YER040W_cluster,YER040W_cluster,YER040W_cluster,0.0112
YER040W,YIR018W,GLN3,YAP5,0.21,0.0021,245,YER040W_cluster,YER040W_cluster,YER040W_cluster,0.0021
YER040W,YIR023W,GLN3,DAL81,1.7,0.017,730,YER040W_cluster,YER040W_cluster,YER040W_cluster,0.017
YER040W,YJL056C,GLN3,ZAP1,0.71,0.0071,730,YER040W_cluster,YER040W_cluster,YER040W_cluster,0.0071
YER040W,YJL089W,GLN3,SIP4,1.76,0.0176,730,YER040W_cluster,YER040W_cluster,YER040W_cluster,0.0176
YER040W,YJL103C,GLN3,GSM1,0.92,0.0092,618,YER040W_cluster,YER040W_cluster,YER040W_cluster,0.0092
YER040W,YJL110C,GLN3,GZF3,1.98,0.0198,551,YER040W_cluster,YER040W_cluster,YER040W_cluster,0.0198
YER040W,YJR060W,GLN3,CBF1,0.39,0.0039,351,YER040W_cluster,YER040W_cluster,YER040W_cluster,0.0039
YER040W,YJR094C,GLN3,IME1,1.55,0.0155,360,YER040W_cluster,YER040W_cluster,YER040W_cluster,0.0155
YER040W,YKL015W,GLN3,PUT3,1.4,0.014,730,YER040W_cluster,YER040W_cluster,YER040W_cluster,0.014
YER040W,YKL032C,GLN3,IXR1,1.76,0.0176,597,YER040W_cluster,YER040W_cluster,YER040W_cluster,0.0176
YER040W,YKL038W,GLN3,RGT1,2.09,0.0209,730,YER040W_cluster,YER040W_cluster,YER040W_cluster,0.0209
YER040W,YKL062W,GLN3,MSN4,1.15,0.0115,630,YER040W_cluster,YER040W_cluster,YER040W_cluster,0.0115
YER040W,YKL109W,GLN3,HAP4,2.14,0.0214,554,YER040W_cluster,YER040W_cluster,YER040W_cluster,0.0214
YER040W,YKL112W,GLN3,ABF1,1.29,0.0129,730,YER040W_cluster,YER040W_cluster,YER040W_cluster,0.0129
YER040W,YKL185W,GLN3,ASH1,1.27,0.0127,588,YER040W_cluster,YER040W_cluster,YER040W_cluster,0.0127
YER040W,YKR034W,GLN3,DAL80,1.48,0.0148,269,YER040W_cluster,YER040W_cluster,YER040W_cluster,0.0148
YER040W,YKR099W,GLN3,BAS1,1.49,0.0149,730,YER040W_cluster,YER040W_cluster,YER040W_cluster,0.0149
YER040W,YLR014C,GLN3,PPR1,0.89,0.0089,730,YER040W_cluster,YER040W_cluster,YER040W_cluster,0.0089
YER040W,YLR098C,GLN3,CHA4,1.14,0.0114,648,YER040W_cluster,YER040W_cluster,YER040W_cluster,0.0114
YER040W,YLR131C,GLN3,ACE2,0.9,0.009,730,YER040W_cluster,YER040W_cluster,YER040W_cluster,0.009
YER040W,YLR176C,GLN3,RFX1,1.56,0.0156,730,YER040W_cluster,YER040W_cluster,YER040W_cluster,0.0156
YER040W,YLR228C,GLN3,ECM22,1.91,0.0191,730,YER040W_cluster,YER040W_cluster,YER040W_cluster,0.0191
YER040W,YLR256W,GLN3,HAP1,2.33,0.0233,730,YER040W_cluster,YER040W_cluster,YER040W_cluster,0.0233
YER040W,YLR266C,GLN3,PDR8,0.73,0.0073,701,YER040W_cluster,YER040W_cluster,YER040W_cluster,0.0073
YER040W,YLR451W,GLN3,LEU3,0.7,0.007,730,YER040W_cluster,YER040W_cluster,YER040W_cluster,0.007
YER040W,YML007W,GLN3,YAP1,1.45,0.0145,650,YER040W_cluster,YER040W_cluster,YER040W_cluster,0.0145
YER040W,YML076C,GLN3,WAR1,0.31,0.0031,730,YER040W_cluster,YER040W_cluster,YER040W_cluster,0.0031
YER040W,YML081W,GLN3,TDA9,0.94,0.0094,730,YER040W_cluster,YER040W_cluster,YER040W_cluster,0.0094
YER040W,YML099C,GLN3,ARG81,0.97,0.0097,730,YER040W_cluster,YER040W_cluster,YER040W_cluster,0.0097
YER040W,YMR019W,GLN3,STB4,0.68,0.0068,730,YER040W_cluster,YER040W_cluster,YER040W_cluster,0.0068
YER040W,YMR021C,GLN3,MAC1,0.82,0.0082,417,YER040W_cluster,YER040W_cluster,YER040W_cluster,0.0082
YER040W,YMR037C,GLN3,MSN2,2.29,0.0229,704,YER040W_cluster,YER040W_cluster,YER040W_cluster,0.0229
YER040W,YMR042W,GLN3,ARG80,0.58,0.0058,177,YER040W_cluster,YER040W_cluster,YER040W_cluster,0.0058
YER040W,YMR043W,GLN3,MCM1,0.21,0.0021,286,YER040W_cluster,YER040W_cluster,YER040W_cluster,0.0021
YER040W,YMR070W,GLN3,MOT3,2.08,0.0208,490,YER040W_cluster,YER040W_cluster,YER040W_cluster,0.0208
YER040W,YMR164C,GLN3,MSS11,2.44,0.0244,730,YER040W_cluster,YER040W_cluster,YER040W_cluster,0.0244
YER040W,YMR172W,GLN3,HOT1,1.01,0.0101,719,YER040W_cluster,YER040W_cluster,YER040W_cluster,0.0101
YER040W,YMR280C,GLN3,CAT8,1.31,0.0131,730,YER040W_cluster,YER040W_cluster,YER040W_cluster,0.0131
YER040W,YNL027W,GLN3,CRZ1,1.82,0.0182,678,YER040W_cluster,YER040W_cluster,YER040W_cluster,0.0182
YER040W,YNL068C,GLN3,FKH2,1.72,0.0172,730,YER040W_cluster,YER040W_cluster,YER040W_cluster,0.0172
YER040W,YNL103W,GLN3,MET4,1.2,0.012,672,YER040W_cluster,YER040W_cluster,YER040W_cluster,0.012
YER040W,YNL167C,GLN3,SKO1,1.93,0.0193,647,YER040W_cluster,YER040W_cluster,YER040W_cluster,0.0193
YER040W,YNL199C,GLN3,GCR2,1.92,0.0192,534,YER040W_cluster,YER040W_cluster,YER040W_cluster,0.0192
YER040W,YNL216W,GLN3,RAP1,0.94,0.0094,730,YER040W_cluster,YER040W_cluster,YER040W_cluster,0.0094
YER040W,YNL314W,GLN3,DAL82,0.85,0.0085,255,YER040W_cluster,YER040W_cluster,YER040W_cluster,0.0085
YER040W,YOL067C,GLN3,RTG1,0.46,0.0046,177,YER040W_cluster,YER040W_cluster,YER040W_cluster,0.0046
YER040W,YOL108C,GLN3,INO4,0.12,0.0012,151,YER040W_cluster,YER040W_cluster,YER040W_cluster,0.0012
YER040W,YOR028C,GLN3,CIN5,0.82,0.0082,295,YER040W_cluster,YER040W_cluster,YER040W_cluster,0.0082
YER040W,YOR113W,GLN3,AZF1,2.0,0.02,730,YER040W_cluster,YER040W_cluster,YER040W_cluster,0.02
YER040W,YOR140W,GLN3,SFL1,1.54,0.0154,730,YER040W_cluster,YER040W_cluster,YER040W_cluster,0.0154
YER040W,YOR162C,GLN3,YRR1,0.2,0.002,730,YER040W_cluster,YER040W_cluster,YER040W_cluster,0.002
YER040W,YOR337W,GLN3,TEA1,1.12,0.0112,730,YER040W_cluster,YER040W_cluster,YER040W_cluster,0.0112
YER040W,YOR344C,GLN3,TYE7,1.13,0.0113,291,YER040W_cluster,YER040W_cluster,YER040W_cluster,0.0113
YER040W,YOR358W,GLN3,HAP5,0.21,0.0021,242,YER040W_cluster,YER040W_cluster,YER040W_cluster,0.0021
YER040W,YOR363C,GLN3,PIP2,0.9,0.009,730,YER040W_cluster,YER040W_cluster,YER040W_cluster,0.009
YER040W,YPL038W,GLN3,MET31,0.11,0.0011,177,YER040W_cluster,YER040W_cluster,YER040W_cluster,0.0011
YER040W,YPL075W,GLN3,GCR1,1.45,0.0145,730,YER040W_cluster,YER040W_cluster,YER040W_cluster,0.0145
YER040W,YPL089C,GLN3,RLM1,1.83,0.0183,676,YER040W_cluster,YER040W_cluster,YER040W_cluster,0.0183
YER040W,YPL133C,GLN3,RDS2,0.71,0.0071,446,YER040W_cluster,YER040W_cluster,YER040W_cluster,0.0071
YER040W,YPL202C,GLN3,AFT2,0.64,0.0064,416,YER040W_cluster,YER040W_cluster,YER040W_cluster,0.0064
YER040W,YPL230W,GLN3,USV1,1.33,0.0133,391,YER040W_cluster,YER040W_cluster,YER040W_cluster,0.0133
YER040W,YPL248C,GLN3,GAL4,1.16,0.0116,730,YER040W_cluster,YER040W_cluster,YER040W_cluster,0.0116
YER040W,YPR008W,GLN3,HAA1,1.32,0.0132,694,YER040W_cluster,YER040W_cluster,YER040W_cluster,0.0132
YER040W,YPR065W,GLN3,ROX1,1.54,0.0154,368,YER040W_cluster,YER040W_cluster,YER040W_cluster,0.0154
YER040W,YPR199C,GLN3,ARR1,0.61,0.0061,294,YER040W_cluster,YER040W_cluster,YER040W_cluster,0.0061
YER045C,YER068W,ACA1,MOT2,0.38,0.0038,489,YER045C_cluster,YER045C_cluster,YER045C_cluster,0.0038
YER045C,YER111C,ACA1,SWI4,0.85,0.0085,489,YER045C_cluster,YER045C_cluster,YER045C_cluster,0.0085
YER045C,YER130C,ACA1,COM2,0.55,0.0055,443,YER045C_cluster,YER045C_cluster,YER045C_cluster,0.0055
YER045C,YER169W,ACA1,RPH1,0.63,0.0063,489,YER045C_cluster,YER045C_cluster,YER045C_cluster,0.0063
YER045C,YFL021W,ACA1,GAT1,0.52,0.0052,489,YER045C_cluster,YER045C_cluster,YER045C_cluster,0.0052
YER045C,YFL031W,ACA1,HAC1,0.0,0.0,238,YER045C_cluster,YER045C_cluster,YER045C_cluster,0.0
YER045C,YFL052W,ACA1,ZNF1,0.43,0.0043,465,YER045C_cluster,YER045C_cluster,YER045C_cluster,0.0043
YER045C,YFR034C,ACA1,PHO4,0.26,0.0026,312,YER045C_cluster,YER045C_cluster,YER045C_cluster,0.0026
YER045C,YGL013C,ACA1,PDR1,0.33,0.0033,489,YER045C_cluster,YER045C_cluster,YER045C_cluster,0.0033
YER045C,YGL035C,ACA1,MIG1,0.52,0.0052,489,YER045C_cluster,YER045C_cluster,YER045C_cluster,0.0052
YER045C,YGL071W,ACA1,AFT1,0.43,0.0043,489,YER045C_cluster,YER045C_cluster,YER045C_cluster,0.0043
YER045C,YGL073W,ACA1,HSF1,0.31,0.0031,489,YER045C_cluster,YER045C_cluster,YER045C_cluster,0.0031
YER045C,YGL162W,ACA1,SUT1,0.39,0.0039,299,YER045C_cluster,YER045C_cluster,YER045C_cluster,0.0039
YER045C,YGL166W,ACA1,CUP2,0.0,0.0,225,YER045C_cluster,YER045C_cluster,YER045C_cluster,0.0
YER045C,YGL209W,ACA1,MIG2,0.35,0.0035,382,YER045C_cluster,YER045C_cluster,YER045C_cluster,0.0035
YER045C,YGL237C,ACA1,HAP2,0.14,0.0014,265,YER045C_cluster,YER045C_cluster,YER045C_cluster,0.0014
YER045C,YGL254W,ACA1,FZF1,0.39,0.0039,299,YER045C_cluster,YER045C_cluster,YER045C_cluster,0.0039
YER045C,YGR044C,ACA1,RME1,0.13,0.0013,300,YER045C_cluster,YER045C_cluster,YER045C_cluster,0.0013
YER045C,YHL009C,ACA1,YAP3,0.25,0.0025,330,YER045C_cluster,YER045C_cluster,YER045C_cluster,0.0025
YER045C,YHL027W,ACA1,RIM101,0.65,0.0065,489,YER045C_cluster,YER045C_cluster,YER045C_cluster,0.0065
YER045C,YHR006W,ACA1,STP2,0.5,0.005,489,YER045C_cluster,YER045C_cluster,YER045C_cluster,0.005
YER045C,YHR084W,ACA1,STE12,0.17,0.0017,489,YER045C_cluster,YER045C_cluster,YER045C_cluster,0.0017
YER045C,YHR124W,ACA1,NDT80,0.46,0.0046,489,YER045C_cluster,YER045C_cluster,YER045C_cluster,0.0046
YER045C,YHR177W,ACA1,ROF1,0.0,0.0,453,YER045C_cluster,YER045C_cluster,YER045C_cluster,0.0
YER045C,YHR178W,ACA1,STB5,0.5,0.005,489,YER045C_cluster,YER045C_cluster,YER045C_cluster,0.005
YER045C,YHR206W,ACA1,SKN7,0.28,0.0028,489,YER045C_cluster,YER045C_cluster,YER045C_cluster,0.0028
YER045C,YIL036W,ACA1,CST6,5.36,0.0536,489,YER045C_cluster,YER045C_cluster,YER045C_cluster,0.0536
YER045C,YIL101C,ACA1,XBP1,0.63,0.0063,489,YER045C_cluster,YER045C_cluster,YER045C_cluster,0.0063
YER045C,YIL131C,ACA1,FKH1,0.74,0.0074,484,YER045C_cluster,YER045C_cluster,YER045C_cluster,0.0074
YER045C,YIR018W,ACA1,YAP5,0.14,0.0014,245,YER045C_cluster,YER045C_cluster,YER045C_cluster,0.0014
YER045C,YIR023W,ACA1,DAL81,0.36,0.0036,489,YER045C_cluster,YER045C_cluster,YER045C_cluster,0.0036
YER045C,YJL056C,ACA1,ZAP1,1.13,0.0113,489,YER045C_cluster,YER045C_cluster,YER045C_cluster,0.0113
YER045C,YJL089W,ACA1,SIP4,0.63,0.0063,489,YER045C_cluster,YER045C_cluster,YER045C_cluster,0.0063
YER045C,YJL103C,ACA1,GSM1,0.55,0.0055,489,YER045C_cluster,YER045C_cluster,YER045C_cluster,0.0055
YER045C,YJL110C,ACA1,GZF3,0.49,0.0049,489,YER045C_cluster,YER045C_cluster,YER045C_cluster,0.0049
YER045C,YJR060W,ACA1,CBF1,0.36,0.0036,351,YER045C_cluster,YER045C_cluster,YER045C_cluster,0.0036
YER045C,YJR094C,ACA1,IME1,0.6,0.006,360,YER045C_cluster,YER045C_cluster,YER045C_cluster,0.006
YER045C,YKL015W,ACA1,PUT3,0.63,0.0063,489,YER045C_cluster,YER045C_cluster,YER045C_cluster,0.0063
YER045C,YKL032C,ACA1,IXR1,0.61,0.0061,489,YER045C_cluster,YER045C_cluster,YER045C_cluster,0.0061
YER045C,YKL038W,ACA1,RGT1,0.92,0.0092,489,YER045C_cluster,YER045C_cluster,YER045C_cluster,0.0092
YER045C,YKL062W,ACA1,MSN4,0.64,0.0064,489,YER045C_cluster,YER045C_cluster,YER045C_cluster,0.0064
YER045C,YKL109W,ACA1,HAP4,0.79,0.0079,489,YER045C_cluster,YER045C_cluster,YER045C_cluster,0.0079
YER045C,YKL112W,ACA1,ABF1,0.76,0.0076,489,YER045C_cluster,YER045C_cluster,YER045C_cluster,0.0076
YER045C,YKL185W,ACA1,ASH1,1.44,0.0144,489,YER045C_cluster,YER045C_cluster,YER045C_cluster,0.0144
YER045C,YKR034W,ACA1,DAL80,0.0,0.0,269,YER045C_cluster,YER045C_cluster,YER045C_cluster,0.0
YER045C,YKR099W,ACA1,BAS1,0.87,0.0087,489,YER045C_cluster,YER045C_cluster,YER045C_cluster,0.0087
YER045C,YLR014C,ACA1,PPR1,0.66,0.0066,489,YER045C_cluster,YER045C_cluster,YER045C_cluster,0.0066
YER045C,YLR098C,ACA1,CHA4,0.36,0.0036,489,YER045C_cluster,YER045C_cluster,YER045C_cluster,0.0036
YER045C,YLR131C,ACA1,ACE2,0.4,0.004,489,YER045C_cluster,YER045C_cluster,YER045C_cluster,0.004
YER045C,YLR176C,ACA1,RFX1,0.47,0.0047,489,YER045C_cluster,YER045C_cluster,YER045C_cluster,0.0047
YER045C,YLR228C,ACA1,ECM22,0.31,0.0031,489,YER045C_cluster,YER045C_cluster,YER045C_cluster,0.0031
YER045C,YLR256W,ACA1,HAP1,0.89,0.0089,489,YER045C_cluster,YER045C_cluster,YER045C_cluster,0.0089
YER045C,YLR266C,ACA1,PDR8,0.69,0.0069,489,YER045C_cluster,YER045C_cluster,YER045C_cluster,0.0069
YER045C,YLR451W,ACA1,LEU3,0.67,0.0067,489,YER045C_cluster,YER045C_cluster,YER045C_cluster,0.0067
YER045C,YML007W,ACA1,YAP1,0.27,0.0027,489,YER045C_cluster,YER045C_cluster,YER045C_cluster,0.0027
YER045C,YML076C,ACA1,WAR1,0.35,0.0035,489,YER045C_cluster,YER045C_cluster,YER045C_cluster,0.0035
YER045C,YML081W,ACA1,TDA9,0.41,0.0041,489,YER045C_cluster,YER045C_cluster,YER045C_cluster,0.0041
YER045C,YML099C,ACA1,ARG81,0.3,0.003,489,YER045C_cluster,YER045C_cluster,YER045C_cluster,0.003
YER045C,YMR019W,ACA1,STB4,0.71,0.0071,489,YER045C_cluster,YER045C_cluster,YER045C_cluster,0.0071
YER045C,YMR021C,ACA1,MAC1,0.56,0.0056,417,YER045C_cluster,YER045C_cluster,YER045C_cluster,0.0056
YER045C,YMR037C,ACA1,MSN2,0.87,0.0087,489,YER045C_cluster,YER045C_cluster,YER045C_cluster,0.0087
YER045C,YMR042W,ACA1,ARG80,0.0,0.0,177,YER045C_cluster,YER045C_cluster,YER045C_cluster,0.0
YER045C,YMR043W,ACA1,MCM1,0.14,0.0014,286,YER045C_cluster,YER045C_cluster,YER045C_cluster,0.0014
YER045C,YMR070W,ACA1,MOT3,0.55,0.0055,489,YER045C_cluster,YER045C_cluster,YER045C_cluster,0.0055
YER045C,YMR164C,ACA1,MSS11,0.78,0.0078,489,YER045C_cluster,YER045C_cluster,YER045C_cluster,0.0078
YER045C,YMR172W,ACA1,HOT1,0.6,0.006,489,YER045C_cluster,YER045C_cluster,YER045C_cluster,0.006
YER045C,YMR280C,ACA1,CAT8,0.43,0.0043,489,YER045C_cluster,YER045C_cluster,YER045C_cluster,0.0043
YER045C,YNL027W,ACA1,CRZ1,0.27,0.0027,489,YER045C_cluster,YER045C_cluster,YER045C_cluster,0.0027
YER045C,YNL068C,ACA1,FKH2,0.99,0.0099,489,YER045C_cluster,YER045C_cluster,YER045C_cluster,0.0099
YER045C,YNL103W,ACA1,MET4,0.62,0.0062,489,YER045C_cluster,YER045C_cluster,YER045C_cluster,0.0062
YER045C,YNL167C,ACA1,SKO1,1.38,0.0138,489,YER045C_cluster,YER045C_cluster,YER045C_cluster,0.0138
YER045C,YNL199C,ACA1,GCR2,0.4,0.004,489,YER045C_cluster,YER045C_cluster,YER045C_cluster,0.004
YER045C,YNL216W,ACA1,RAP1,0.62,0.0063,489,YER045C_cluster,YER045C_cluster,YER045C_cluster,0.0062
YER045C,YNL314W,ACA1,DAL82,0.55,0.0055,255,YER045C_cluster,YER045C_cluster,YER045C_cluster,0.0055
YER045C,YOL067C,ACA1,RTG1,0.46,0.0046,177,YER045C_cluster,YER045C_cluster,YER045C_cluster,0.0046
YER045C,YOL108C,ACA1,INO4,0.32,0.0032,151,YER045C_cluster,YER045C_cluster,YER045C_cluster,0.0032
YER045C,YOR028C,ACA1,CIN5,0.26,0.0026,295,YER045C_cluster,YER045C_cluster,YER045C_cluster,0.0026
YER045C,YOR113W,ACA1,AZF1,0.37,0.0037,489,YER045C_cluster,YER045C_cluster,YER045C_cluster,0.0037
YER045C,YOR140W,ACA1,SFL1,0.33,0.0033,489,YER045C_cluster,YER045C_cluster,YER045C_cluster,0.0033
YER045C,YOR162C,ACA1,YRR1,0.47,0.0047,489,YER045C_cluster,YER045C_cluster,YER045C_cluster,0.0047
YER045C,YOR337W,ACA1,TEA1,0.57,0.0057,489,YER045C_cluster,YER045C_cluster,YER045C_cluster,0.0057
YER045C,YOR344C,ACA1,TYE7,0.53,0.0053,291,YER045C_cluster,YER045C_cluster,YER045C_cluster,0.0053
YER045C,YOR358W,ACA1,HAP5,0.0,0.0,242,YER045C_cluster,YER045C_cluster,YER045C_cluster,0.0
YER045C,YOR363C,ACA1,PIP2,0.2,0.002,489,YER045C_cluster,YER045C_cluster,YER045C_cluster,0.002
YER045C,YPL038W,ACA1,MET31,0.31,0.0031,177,YER045C_cluster,YER045C_cluster,YER045C_cluster,0.0031
YER045C,YPL075W,ACA1,GCR1,0.89,0.0089,489,YER045C_cluster,YER045C_cluster,YER045C_cluster,0.0089
YER045C,YPL089C,ACA1,RLM1,0.72,0.0072,489,YER045C_cluster,YER045C_cluster,YER045C_cluster,0.0072
YER045C,YPL133C,ACA1,RDS2,0.22,0.0022,446,YER045C_cluster,YER045C_cluster,YER045C_cluster,0.0022
YER045C,YPL202C,ACA1,AFT2,0.34,0.0034,416,YER045C_cluster,YER045C_cluster,YER045C_cluster,0.0034
YER045C,YPL230W,ACA1,USV1,0.59,0.0059,391,YER045C_cluster,YER045C_cluster,YER045C_cluster,0.0059
YER045C,YPL248C,ACA1,GAL4,0.52,0.0052,489,YER045C_cluster,YER045C_cluster,YER045C_cluster,0.0052
YER045C,YPR008W,ACA1,HAA1,0.78,0.0078,489,YER045C_cluster,YER045C_cluster,YER045C_cluster,0.0078
YER045C,YPR065W,ACA1,ROX1,0.72,0.0072,368,YER045C_cluster,YER045C_cluster,YER045C_cluster,0.0072
YER045C,YPR199C,ACA1,ARR1,0.0,0.0,294,YER045C_cluster,YER045C_cluster,YER045C_cluster,0.0
YER068W,YER111C,MOT2,SWI4,0.62,0.0062,587,YER068W_cluster,YER068W_cluster,YER068W_cluster,0.0062
YER068W,YER130C,MOT2,COM2,0.2,0.002,443,YER068W_cluster,YER068W_cluster,YER068W_cluster,0.002
YER068W,YER169W,MOT2,RPH1,0.51,0.0051,587,YER068W_cluster,YER068W_cluster,YER068W_cluster,0.0051
YER068W,YFL021W,MOT2,GAT1,0.94,0.0094,510,YER068W_cluster,YER068W_cluster,YER068W_cluster,0.0094
YER068W,YFL031W,MOT2,HAC1,0.37,0.0037,238,YER068W_cluster,YER068W_cluster,YER068W_cluster,0.0037
YER068W,YFL052W,MOT2,ZNF1,0.19,0.0019,465,YER068W_cluster,YER068W_cluster,YER068W_cluster,0.0019
YER068W,YFR034C,MOT2,PHO4,0.57,0.0057,312,YER068W_cluster,YER068W_cluster,YER068W_cluster,0.0057
YER068W,YGL013C,MOT2,PDR1,0.31,0.0031,587,YER068W_cluster,YER068W_cluster,YER068W_cluster,0.0031
YER068W,YGL035C,MOT2,MIG1,0.57,0.0057,504,YER068W_cluster,YER068W_cluster,YER068W_cluster,0.0057
YER068W,YGL071W,MOT2,AFT1,0.56,0.0056,587,YER068W_cluster,YER068W_cluster,YER068W_cluster,0.0056
YER068W,YGL073W,MOT2,HSF1,1.16,0.0116,587,YER068W_cluster,YER068W_cluster,YER068W_cluster,0.0116
YER068W,YGL162W,MOT2,SUT1,0.23,0.0023,299,YER068W_cluster,YER068W_cluster,YER068W_cluster,0.0023
YER068W,YGL166W,MOT2,CUP2,0.38,0.0038,225,YER068W_cluster,YER068W_cluster,YER068W_cluster,0.0038
YER068W,YGL209W,MOT2,MIG2,0.21,0.0021,382,YER068W_cluster,YER068W_cluster,YER068W_cluster,0.0021
YER068W,YGL237C,MOT2,HAP2,0.61,0.0061,265,YER068W_cluster,YER068W_cluster,YER068W_cluster,0.0061
YER068W,YGL254W,MOT2,FZF1,0.23,0.0023,299,YER068W_cluster,YER068W_cluster,YER068W_cluster,0.0023
YER068W,YGR044C,MOT2,RME1,0.46,0.0046,300,YER068W_cluster,YER068W_cluster,YER068W_cluster,0.0046
YER068W,YHL009C,MOT2,YAP3,0.56,0.0056,330,YER068W_cluster,YER068W_cluster,YER068W_cluster,0.0056
YER068W,YHL027W,MOT2,RIM101,0.68,0.0068,587,YER068W_cluster,YER068W_cluster,YER068W_cluster,0.0068
YER068W,YHR006W,MOT2,STP2,0.18,0.0018,541,YER068W_cluster,YER068W_cluster,YER068W_cluster,0.0018
YER068W,YHR084W,MOT2,STE12,0.4,0.004,587,YER068W_cluster,YER068W_cluster,YER068W_cluster,0.004
YER068W,YHR124W,MOT2,NDT80,0.5,0.005,587,YER068W_cluster,YER068W_cluster,YER068W_cluster,0.005
YER068W,YHR177W,MOT2,ROF1,0.69,0.0069,453,YER068W_cluster,YER068W_cluster,YER068W_cluster,0.0069
YER068W,YHR178W,MOT2,STB5,0.31,0.0031,587,YER068W_cluster,YER068W_cluster,YER068W_cluster,0.0031
YER068W,YHR206W,MOT2,SKN7,1.02,0.0102,587,YER068W_cluster,YER068W_cluster,YER068W_cluster,0.0102
YER068W,YIL036W,MOT2,CST6,0.43,0.0043,587,YER068W_cluster,YER068W_cluster,YER068W_cluster,0.0043
YER068W,YIL101C,MOT2,XBP1,0.91,0.0091,587,YER068W_cluster,YER068W_cluster,YER068W_cluster,0.0091
YER068W,YIL131C,MOT2,FKH1,0.38,0.0038,484,YER068W_cluster,YER068W_cluster,YER068W_cluster,0.0038
YER068W,YIR018W,MOT2,YAP5,0.0,0.0,245,YER068W_cluster,YER068W_cluster,YER068W_cluster,0.0
YER068W,YIR023W,MOT2,DAL81,0.67,0.0067,587,YER068W_cluster,YER068W_cluster,YER068W_cluster,0.0067
YER068W,YJL056C,MOT2,ZAP1,0.42,0.0042,587,YER068W_cluster,YER068W_cluster,YER068W_cluster,0.0042
YER068W,YJL089W,MOT2,SIP4,0.66,0.0066,587,YER068W_cluster,YER068W_cluster,YER068W_cluster,0.0066
YER068W,YJL103C,MOT2,GSM1,0.34,0.0034,587,YER068W_cluster,YER068W_cluster,YER068W_cluster,0.0034
YER068W,YJL110C,MOT2,GZF3,0.72,0.0072,551,YER068W_cluster,YER068W_cluster,YER068W_cluster,0.0072
YER068W,YJR060W,MOT2,CBF1,0.43,0.0043,351,YER068W_cluster,YER068W_cluster,YER068W_cluster,0.0043
YER068W,YJR094C,MOT2,IME1,0.54,0.0054,360,YER068W_cluster,YER068W_cluster,YER068W_cluster,0.0054
YER068W,YKL015W,MOT2,PUT3,0.52,0.0052,587,YER068W_cluster,YER068W_cluster,YER068W_cluster,0.0052
YER068W,YKL032C,MOT2,IXR1,0.55,0.0055,587,YER068W_cluster,YER068W_cluster,YER068W_cluster,0.0055
YER068W,YKL038W,MOT2,RGT1,0.7,0.007,587,YER068W_cluster,YER068W_cluster,YER068W_cluster,0.007
YER068W,YKL062W,MOT2,MSN4,1.1,0.011,587,YER068W_cluster,YER068W_cluster,YER068W_cluster,0.011
YER068W,YKL109W,MOT2,HAP4,1.08,0.0108,554,YER068W_cluster,YER068W_cluster,YER068W_cluster,0.0108
YER068W,YKL112W,MOT2,ABF1,0.39,0.0039,587,YER068W_cluster,YER068W_cluster,YER068W_cluster,0.0039
YER068W,YKL185W,MOT2,ASH1,0.35,0.0035,587,YER068W_cluster,YER068W_cluster,YER068W_cluster,0.0035
YER068W,YKR034W,MOT2,DAL80,0.24,0.0024,269,YER068W_cluster,YER068W_cluster,YER068W_cluster,0.0024
YER068W,YKR099W,MOT2,BAS1,0.73,0.0073,587,YER068W_cluster,YER068W_cluster,YER068W_cluster,0.0073
YER068W,YLR014C,MOT2,PPR1,0.48,0.0048,587,YER068W_cluster,YER068W_cluster,YER068W_cluster,0.0048
YER068W,YLR098C,MOT2,CHA4,0.5,0.005,587,YER068W_cluster,YER068W_cluster,YER068W_cluster,0.005
YER068W,YLR131C,MOT2,ACE2,0.45,0.0045,587,YER068W_cluster,YER068W_cluster,YER068W_cluster,0.0045
YER068W,YLR176C,MOT2,RFX1,0.58,0.0058,587,YER068W_cluster,YER068W_cluster,YER068W_cluster,0.0058
YER068W,YLR228C,MOT2,ECM22,0.81,0.0081,587,YER068W_cluster,YER068W_cluster,YER068W_cluster,0.0081
YER068W,YLR256W,MOT2,HAP1,0.89,0.0089,587,YER068W_cluster,YER068W_cluster,YER068W_cluster,0.0089
YER068W,YLR266C,MOT2,PDR8,0.39,0.0039,587,YER068W_cluster,YER068W_cluster,YER068W_cluster,0.0039
YER068W,YLR451W,MOT2,LEU3,0.35,0.0035,587,YER068W_cluster,YER068W_cluster,YER068W_cluster,0.0035
YER068W,YML007W,MOT2,YAP1,1.09,0.0109,587,YER068W_cluster,YER068W_cluster,YER068W_cluster,0.0109
YER068W,YML076C,MOT2,WAR1,0.33,0.0033,587,YER068W_cluster,YER068W_cluster,YER068W_cluster,0.0033
YER068W,YML081W,MOT2,TDA9,0.11,0.0011,587,YER068W_cluster,YER068W_cluster,YER068W_cluster,0.0011
YER068W,YML099C,MOT2,ARG81,0.35,0.0035,587,YER068W_cluster,YER068W_cluster,YER068W_cluster,0.0035
YER068W,YMR019W,MOT2,STB4,0.46,0.0046,587,YER068W_cluster,YER068W_cluster,YER068W_cluster,0.0046
YER068W,YMR021C,MOT2,MAC1,0.3,0.003,417,YER068W_cluster,YER068W_cluster,YER068W_cluster,0.003
YER068W,YMR037C,MOT2,MSN2,0.64,0.0064,587,YER068W_cluster,YER068W_cluster,YER068W_cluster,0.0064
YER068W,YMR042W,MOT2,ARG80,0.53,0.0053,177,YER068W_cluster,YER068W_cluster,YER068W_cluster,0.0053
YER068W,YMR043W,MOT2,MCM1,0.74,0.0074,286,YER068W_cluster,YER068W_cluster,YER068W_cluster,0.0074
YER068W,YMR070W,MOT2,MOT3,0.7,0.007,490,YER068W_cluster,YER068W_cluster,YER068W_cluster,0.007
YER068W,YMR164C,MOT2,MSS11,0.56,0.0056,587,YER068W_cluster,YER068W_cluster,YER068W_cluster,0.0056
YER068W,YMR172W,MOT2,HOT1,0.31,0.0031,587,YER068W_cluster,YER068W_cluster,YER068W_cluster,0.0031
YER068W,YMR280C,MOT2,CAT8,1.02,0.0102,587,YER068W_cluster,YER068W_cluster,YER068W_cluster,0.0102
YER068W,YNL027W,MOT2,CRZ1,0.82,0.0082,587,YER068W_cluster,YER068W_cluster,YER068W_cluster,0.0082
YER068W,YNL068C,MOT2,FKH2,0.78,0.0078,587,YER068W_cluster,YER068W_cluster,YER068W_cluster,0.0078
YER068W,YNL103W,MOT2,MET4,0.98,0.0098,587,YER068W_cluster,YER068W_cluster,YER068W_cluster,0.0098
YER068W,YNL167C,MOT2,SKO1,1.01,0.0101,587,YER068W_cluster,YER068W_cluster,YER068W_cluster,0.0101
YER068W,YNL199C,MOT2,GCR2,0.82,0.0082,534,YER068W_cluster,YER068W_cluster,YER068W_cluster,0.0082
YER068W,YNL216W,MOT2,RAP1,0.29,0.0029,587,YER068W_cluster,YER068W_cluster,YER068W_cluster,0.0029
YER068W,YNL314W,MOT2,DAL82,0.12,0.0012,255,YER068W_cluster,YER068W_cluster,YER068W_cluster,0.0012
YER068W,YOL067C,MOT2,RTG1,0.0,0.0,177,YER068W_cluster,YER068W_cluster,YER068W_cluster,0.0
YER068W,YOL108C,MOT2,INO4,0.14,0.0014,151,YER068W_cluster,YER068W_cluster,YER068W_cluster,0.0014
YER068W,YOR028C,MOT2,CIN5,0.0,0.0,295,YER068W_cluster,YER068W_cluster,YER068W_cluster,0.0
YER068W,YOR113W,MOT2,AZF1,0.55,0.0055,587,YER068W_cluster,YER068W_cluster,YER068W_cluster,0.0055
YER068W,YOR140W,MOT2,SFL1,0.83,0.0083,587,YER068W_cluster,YER068W_cluster,YER068W_cluster,0.0083
YER068W,YOR162C,MOT2,YRR1,0.14,0.0014,587,YER068W_cluster,YER068W_cluster,YER068W_cluster,0.0014
YER068W,YOR337W,MOT2,TEA1,0.23,0.0023,587,YER068W_cluster,YER068W_cluster,YER068W_cluster,0.0023
YER068W,YOR344C,MOT2,TYE7,0.47,0.0047,291,YER068W_cluster,YER068W_cluster,YER068W_cluster,0.0047
YER068W,YOR358W,MOT2,HAP5,0.12,0.0012,242,YER068W_cluster,YER068W_cluster,YER068W_cluster,0.0012
YER068W,YOR363C,MOT2,PIP2,0.51,0.0051,587,YER068W_cluster,YER068W_cluster,YER068W_cluster,0.0051
YER068W,YPL038W,MOT2,MET31,0.13,0.0013,177,YER068W_cluster,YER068W_cluster,YER068W_cluster,0.0013
YER068W,YPL075W,MOT2,GCR1,0.37,0.0037,587,YER068W_cluster,YER068W_cluster,YER068W_cluster,0.0037
YER068W,YPL089C,MOT2,RLM1,0.58,0.0058,587,YER068W_cluster,YER068W_cluster,YER068W_cluster,0.0058
YER068W,YPL133C,MOT2,RDS2,0.0,0.0,446,YER068W_cluster,YER068W_cluster,YER068W_cluster,0.0
YER068W,YPL202C,MOT2,AFT2,0.0,0.0,416,YER068W_cluster,YER068W_cluster,YER068W_cluster,0.0
YER068W,YPL230W,MOT2,USV1,0.53,0.0053,391,YER068W_cluster,YER068W_cluster,YER068W_cluster,0.0053
YER068W,YPL248C,MOT2,GAL4,0.35,0.0035,587,YER068W_cluster,YER068W_cluster,YER068W_cluster,0.0035
YER068W,YPR008W,MOT2,HAA1,0.4,0.004,587,YER068W_cluster,YER068W_cluster,YER068W_cluster,0.004
YER068W,YPR065W,MOT2,ROX1,1.08,0.0108,368,YER068W_cluster,YER068W_cluster,YER068W_cluster,0.0108
YER068W,YPR199C,MOT2,ARR1,0.46,0.0046,294,YER068W_cluster,YER068W_cluster,YER068W_cluster,0.0046
YER111C,YER130C,SWI4,COM2,1.15,0.0115,443,YER111C_cluster,YER111C_cluster,YER111C_cluster,0.0115
YER111C,YER169W,SWI4,RPH1,0.44,0.0044,796,YER111C_cluster,YER111C_cluster,YER111C_cluster,0.0044
YER111C,YFL021W,SWI4,GAT1,0.98,0.0098,510,YER111C_cluster,YER111C_cluster,YER111C_cluster,0.0098
YER111C,YFL031W,SWI4,HAC1,0.39,0.0039,238,YER111C_cluster,YER111C_cluster,YER111C_cluster,0.0039
YER111C,YFL052W,SWI4,ZNF1,0.26,0.0026,465,YER111C_cluster,YER111C_cluster,YER111C_cluster,0.0026
YER111C,YFR034C,SWI4,PHO4,0.0,0.0,312,YER111C_cluster,YER111C_cluster,YER111C_cluster,0.0
YER111C,YGL013C,SWI4,PDR1,0.86,0.0086,1068,YER111C_cluster,YER111C_cluster,YER111C_cluster,0.0086
YER111C,YGL035C,SWI4,MIG1,0.92,0.0092,504,YER111C_cluster,YER111C_cluster,YER111C_cluster,0.0092
YER111C,YGL071W,SWI4,AFT1,1.23,0.0123,690,YER111C_cluster,YER111C_cluster,YER111C_cluster,0.0123
YER111C,YGL073W,SWI4,HSF1,1.57,0.0157,833,YER111C_cluster,YER111C_cluster,YER111C_cluster,0.0157
YER111C,YGL162W,SWI4,SUT1,0.22,0.0022,299,YER111C_cluster,YER111C_cluster,YER111C_cluster,0.0022
YER111C,YGL166W,SWI4,CUP2,0.47,0.0047,225,YER111C_cluster,YER111C_cluster,YER111C_cluster,0.0047
YER111C,YGL209W,SWI4,MIG2,0.42,0.0042,382,YER111C_cluster,YER111C_cluster,YER111C_cluster,0.0042
YER111C,YGL237C,SWI4,HAP2,0.31,0.0031,265,YER111C_cluster,YER111C_cluster,YER111C_cluster,0.0031
YER111C,YGL254W,SWI4,FZF1,0.15,0.0015,299,YER111C_cluster,YER111C_cluster,YER111C_cluster,0.0015
YER111C,YGR044C,SWI4,RME1,0.15,0.0015,300,YER111C_cluster,YER111C_cluster,YER111C_cluster,0.0015
YER111C,YHL009C,SWI4,YAP3,0.95,0.0095,330,YER111C_cluster,YER111C_cluster,YER111C_cluster,0.0095
YER111C,YHL027W,SWI4,RIM101,1.09,0.0109,625,YER111C_cluster,YER111C_cluster,YER111C_cluster,0.0109
YER111C,YHR006W,SWI4,STP2,0.89,0.0089,541,YER111C_cluster,YER111C_cluster,YER111C_cluster,0.0089
YER111C,YHR084W,SWI4,STE12,0.64,0.0064,688,YER111C_cluster,YER111C_cluster,YER111C_cluster,0.0064
YER111C,YHR124W,SWI4,NDT80,0.78,0.0078,627,YER111C_cluster,YER111C_cluster,YER111C_cluster,0.0078
YER111C,YHR177W,SWI4,ROF1,0.67,0.0067,453,YER111C_cluster,YER111C_cluster,YER111C_cluster,0.0067
YER111C,YHR178W,SWI4,STB5,0.9,0.009,743,YER111C_cluster,YER111C_cluster,YER111C_cluster,0.009
YER111C,YHR206W,SWI4,SKN7,1.03,0.0103,622,YER111C_cluster,YER111C_cluster,YER111C_cluster,0.0103
YER111C,YIL036W,SWI4,CST6,1.05,0.0105,587,YER111C_cluster,YER111C_cluster,YER111C_cluster,0.0105
YER111C,YIL101C,SWI4,XBP1,1.08,0.0108,647,YER111C_cluster,YER111C_cluster,YER111C_cluster,0.0108
YER111C,YIL131C,SWI4,FKH1,0.79,0.0079,484,YER111C_cluster,YER111C_cluster,YER111C_cluster,0.0079
YER111C,YIR018W,SWI4,YAP5,0.23,0.0023,245,YER111C_cluster,YER111C_cluster,YER111C_cluster,0.0023
YER111C,YIR023W,SWI4,DAL81,1.64,0.0164,970,YER111C_cluster,YER111C_cluster,YER111C_cluster,0.0164
YER111C,YJL056C,SWI4,ZAP1,0.84,0.0084,880,YER111C_cluster,YER111C_cluster,YER111C_cluster,0.0084
YER111C,YJL089W,SWI4,SIP4,1.09,0.0109,829,YER111C_cluster,YER111C_cluster,YER111C_cluster,0.0109
YER111C,YJL103C,SWI4,GSM1,0.48,0.0048,618,YER111C_cluster,YER111C_cluster,YER111C_cluster,0.0048
YER111C,YJL110C,SWI4,GZF3,0.76,0.0076,551,YER111C_cluster,YER111C_cluster,YER111C_cluster,0.0076
YER111C,YJR060W,SWI4,CBF1,0.29,0.0029,351,YER111C_cluster,YER111C_cluster,YER111C_cluster,0.0029
YER111C,YJR094C,SWI4,IME1,1.15,0.0115,360,YER111C_cluster,YER111C_cluster,YER111C_cluster,0.0115
YER111C,YKL015W,SWI4,PUT3,1.1,0.011,979,YER111C_cluster,YER111C_cluster,YER111C_cluster,0.011
YER111C,YKL032C,SWI4,IXR1,1.16,0.0116,597,YER111C_cluster,YER111C_cluster,YER111C_cluster,0.0116
YER111C,YKL038W,SWI4,RGT1,1.51,0.0151,1093,YER111C_cluster,YER111C_cluster,YER111C_cluster,0.0151
YER111C,YKL062W,SWI4,MSN4,1.39,0.0139,630,YER111C_cluster,YER111C_cluster,YER111C_cluster,0.0139
YER111C,YKL109W,SWI4,HAP4,1.33,0.0133,554,YER111C_cluster,YER111C_cluster,YER111C_cluster,0.0133
YER111C,YKL112W,SWI4,ABF1,1.84,0.0184,731,YER111C_cluster,YER111C_cluster,YER111C_cluster,0.0184
YER111C,YKL185W,SWI4,ASH1,0.8,0.008,588,YER111C_cluster,YER111C_cluster,YER111C_cluster,0.008
YER111C,YKR034W,SWI4,DAL80,0.46,0.0046,269,YER111C_cluster,YER111C_cluster,YER111C_cluster,0.0046
YER111C,YKR099W,SWI4,BAS1,1.14,0.0114,811,YER111C_cluster,YER111C_cluster,YER111C_cluster,0.0114
YER111C,YLR014C,SWI4,PPR1,0.62,0.0062,904,YER111C_cluster,YER111C_cluster,YER111C_cluster,0.0062
YER111C,YLR098C,SWI4,CHA4,0.83,0.0083,648,YER111C_cluster,YER111C_cluster,YER111C_cluster,0.0083
YER111C,YLR131C,SWI4,ACE2,1.11,0.0111,770,YER111C_cluster,YER111C_cluster,YER111C_cluster,0.0111
YER111C,YLR176C,SWI4,RFX1,1.31,0.0131,811,YER111C_cluster,YER111C_cluster,YER111C_cluster,0.0131
YER111C,YLR228C,SWI4,ECM22,1.31,0.0131,814,YER111C_cluster,YER111C_cluster,YER111C_cluster,0.0131
YER111C,YLR256W,SWI4,HAP1,1.58,0.0158,1093,YER111C_cluster,YER111C_cluster,YER111C_cluster,0.0158
YER111C,YLR266C,SWI4,PDR8,0.81,0.0081,701,YER111C_cluster,YER111C_cluster,YER111C_cluster,0.0081
YER111C,YLR451W,SWI4,LEU3,0.78,0.0078,886,YER111C_cluster,YER111C_cluster,YER111C_cluster,0.0078
YER111C,YML007W,SWI4,YAP1,1.2,0.012,650,YER111C_cluster,YER111C_cluster,YER111C_cluster,0.012
YER111C,YML076C,SWI4,WAR1,0.61,0.0061,944,YER111C_cluster,YER111C_cluster,YER111C_cluster,0.0061
YER111C,YML081W,SWI4,TDA9,1.19,0.0119,1093,YER111C_cluster,YER111C_cluster,YER111C_cluster,0.0119
YER111C,YML099C,SWI4,ARG81,0.84,0.0084,880,YER111C_cluster,YER111C_cluster,YER111C_cluster,0.0084
YER111C,YMR019W,SWI4,STB4,0.66,0.0066,949,YER111C_cluster,YER111C_cluster,YER111C_cluster,0.0066
YER111C,YMR021C,SWI4,MAC1,0.48,0.0048,417,YER111C_cluster,YER111C_cluster,YER111C_cluster,0.0048
YER111C,YMR037C,SWI4,MSN2,1.4,0.014,704,YER111C_cluster,YER111C_cluster,YER111C_cluster,0.014
YER111C,YMR042W,SWI4,ARG80,0.24,0.0024,177,YER111C_cluster,YER111C_cluster,YER111C_cluster,0.0024
YER111C,YMR043W,SWI4,MCM1,0.86,0.0086,286,YER111C_cluster,YER111C_cluster,YER111C_cluster,0.0086
YER111C,YMR070W,SWI4,MOT3,1.57,0.0157,490,YER111C_cluster,YER111C_cluster,YER111C_cluster,0.0157
YER111C,YMR164C,SWI4,MSS11,1.04,0.0104,758,YER111C_cluster,YER111C_cluster,YER111C_cluster,0.0104
YER111C,YMR172W,SWI4,HOT1,0.98,0.0098,719,YER111C_cluster,YER111C_cluster,YER111C_cluster,0.0098
YER111C,YMR280C,SWI4,CAT8,1.53,0.0153,1093,YER111C_cluster,YER111C_cluster,YER111C_cluster,0.0153
YER111C,YNL027W,SWI4,CRZ1,1.31,0.0131,678,YER111C_cluster,YER111C_cluster,YER111C_cluster,0.0131
YER111C,YNL068C,SWI4,FKH2,1.23,0.0123,862,YER111C_cluster,YER111C_cluster,YER111C_cluster,0.0123
YER111C,YNL103W,SWI4,MET4,1.36,0.0136,672,YER111C_cluster,YER111C_cluster,YER111C_cluster,0.0136
YER111C,YNL167C,SWI4,SKO1,1.08,0.0108,647,YER111C_cluster,YER111C_cluster,YER111C_cluster,0.0108
YER111C,YNL199C,SWI4,GCR2,1.41,0.0141,534,YER111C_cluster,YER111C_cluster,YER111C_cluster,0.0141
YER111C,YNL216W,SWI4,RAP1,0.81,0.0081,827,YER111C_cluster,YER111C_cluster,YER111C_cluster,0.0081
YER111C,YNL314W,SWI4,DAL82,0.38,0.0038,255,YER111C_cluster,YER111C_cluster,YER111C_cluster,0.0038
YER111C,YOL067C,SWI4,RTG1,0.08,0.0008,177,YER111C_cluster,YER111C_cluster,YER111C_cluster,0.0008
YER111C,YOL108C,SWI4,INO4,0.25,0.0025,151,YER111C_cluster,YER111C_cluster,YER111C_cluster,0.0025
YER111C,YOR028C,SWI4,CIN5,0.37,0.0037,295,YER111C_cluster,YER111C_cluster,YER111C_cluster,0.0037
YER111C,YOR113W,SWI4,AZF1,2.11,0.0211,914,YER111C_cluster,YER111C_cluster,YER111C_cluster,0.0211
YER111C,YOR140W,SWI4,SFL1,0.78,0.0078,766,YER111C_cluster,YER111C_cluster,YER111C_cluster,0.0078
YER111C,YOR162C,SWI4,YRR1,0.81,0.0081,810,YER111C_cluster,YER111C_cluster,YER111C_cluster,0.0081
YER111C,YOR337W,SWI4,TEA1,1.01,0.0101,759,YER111C_cluster,YER111C_cluster,YER111C_cluster,0.0101
YER111C,YOR344C,SWI4,TYE7,0.52,0.0052,291,YER111C_cluster,YER111C_cluster,YER111C_cluster,0.0052
YER111C,YOR358W,SWI4,HAP5,0.15,0.0015,242,YER111C_cluster,YER111C_cluster,YER111C_cluster,0.0015
YER111C,YOR363C,SWI4,PIP2,0.79,0.0079,996,YER111C_cluster,YER111C_cluster,YER111C_cluster,0.0079
YER111C,YPL038W,SWI4,MET31,0.41,0.0041,177,YER111C_cluster,YER111C_cluster,YER111C_cluster,0.0041
YER111C,YPL075W,SWI4,GCR1,0.99,0.0099,785,YER111C_cluster,YER111C_cluster,YER111C_cluster,0.0099
YER111C,YPL089C,SWI4,RLM1,1.68,0.0168,676,YER111C_cluster,YER111C_cluster,YER111C_cluster,0.0168
YER111C,YPL133C,SWI4,RDS2,0.33,0.0033,446,YER111C_cluster,YER111C_cluster,YER111C_cluster,0.0033
YER111C,YPL202C,SWI4,AFT2,0.62,0.0062,416,YER111C_cluster,YER111C_cluster,YER111C_cluster,0.0062
YER111C,YPL230W,SWI4,USV1,1.2,0.012,391,YER111C_cluster,YER111C_cluster,YER111C_cluster,0.012
YER111C,YPL248C,SWI4,GAL4,1.31,0.0131,881,YER111C_cluster,YER111C_cluster,YER111C_cluster,0.0131
YER111C,YPR008W,SWI4,HAA1,1.28,0.0128,694,YER111C_cluster,YER111C_cluster,YER111C_cluster,0.0128
YER111C,YPR065W,SWI4,ROX1,1.07,0.0107,368,YER111C_cluster,YER111C_cluster,YER111C_cluster,0.0107
YER111C,YPR199C,SWI4,ARR1,0.3,0.003,294,YER111C_cluster,YER111C_cluster,YER111C_cluster,0.003
YER130C,YER169W,COM2,RPH1,0.58,0.0058,443,YER130C_cluster,YER130C_cluster,YER130C_cluster,0.0058
YER130C,YFL021W,COM2,GAT1,0.87,0.0087,443,YER130C_cluster,YER130C_cluster,YER130C_cluster,0.0087
YER130C,YFL031W,COM2,HAC1,0.3,0.003,238,YER130C_cluster,YER130C_cluster,YER130C_cluster,0.003
YER130C,YFL052W,COM2,ZNF1,0.0,0.0,443,YER130C_cluster,YER130C_cluster,YER130C_cluster,0.0
YER130C,YFR034C,COM2,PHO4,0.55,0.0055,312,YER130C_cluster,YER130C_cluster,YER130C_cluster,0.0055
YER130C,YGL013C,COM2,PDR1,0.95,0.0095,443,YER130C_cluster,YER130C_cluster,YER130C_cluster,0.0095
YER130C,YGL035C,COM2,MIG1,1.1,0.011,443,YER130C_cluster,YER130C_cluster,YER130C_cluster,0.011
YER130C,YGL071W,COM2,AFT1,0.63,0.0063,443,YER130C_cluster,YER130C_cluster,YER130C_cluster,0.0063
YER130C,YGL073W,COM2,HSF1,1.71,0.0171,443,YER130C_cluster,YER130C_cluster,YER130C_cluster,0.0171
YER130C,YGL162W,COM2,SUT1,0.28,0.0028,299,YER130C_cluster,YER130C_cluster,YER130C_cluster,0.0028
YER130C,YGL166W,COM2,CUP2,0.62,0.0062,225,YER130C_cluster,YER130C_cluster,YER130C_cluster,0.0062
YER130C,YGL209W,COM2,MIG2,1.12,0.0112,382,YER130C_cluster,YER130C_cluster,YER130C_cluster,0.0112
YER130C,YGL237C,COM2,HAP2,0.3,0.003,265,YER130C_cluster,YER130C_cluster,YER130C_cluster,0.003
YER130C,YGL254W,COM2,FZF1,0.0,0.0,299,YER130C_cluster,YER130C_cluster,YER130C_cluster,0.0
YER130C,YGR044C,COM2,RME1,0.14,0.0014,300,YER130C_cluster,YER130C_cluster,YER130C_cluster,0.0014
YER130C,YHL009C,COM2,YAP3,0.4,0.004,330,YER130C_cluster,YER130C_cluster,YER130C_cluster,0.004
YER130C,YHL027W,COM2,RIM101,0.29,0.0029,443,YER130C_cluster,YER130C_cluster,YER130C_cluster,0.0029
YER130C,YHR006W,COM2,STP2,0.21,0.0021,443,YER130C_cluster,YER130C_cluster,YER130C_cluster,0.0021
YER130C,YHR084W,COM2,STE12,0.45,0.0045,443,YER130C_cluster,YER130C_cluster,YER130C_cluster,0.0045
YER130C,YHR124W,COM2,NDT80,0.48,0.0048,443,YER130C_cluster,YER130C_cluster,YER130C_cluster,0.0048
YER130C,YHR177W,COM2,ROF1,0.57,0.0057,443,YER130C_cluster,YER130C_cluster,YER130C_cluster,0.0057
YER130C,YHR178W,COM2,STB5,0.69,0.0069,443,YER130C_cluster,YER130C_cluster,YER130C_cluster,0.0069
YER130C,YHR206W,COM2,SKN7,0.77,0.0077,443,YER130C_cluster,YER130C_cluster,YER130C_cluster,0.0077
YER130C,YIL036W,COM2,CST6,0.5,0.005,443,YER130C_cluster,YER130C_cluster,YER130C_cluster,0.005
YER130C,YIL101C,COM2,XBP1,0.19,0.0019,443,YER130C_cluster,YER130C_cluster,YER130C_cluster,0.0019
YER130C,YIL131C,COM2,FKH1,0.78,0.0078,443,YER130C_cluster,YER130C_cluster,YER130C_cluster,0.0078
YER130C,YIR018W,COM2,YAP5,0.15,0.0015,245,YER130C_cluster,YER130C_cluster,YER130C_cluster,0.0015
YER130C,YIR023W,COM2,DAL81,0.97,0.0097,443,YER130C_cluster,YER130C_cluster,YER130C_cluster,0.0097
YER130C,YJL056C,COM2,ZAP1,0.78,0.0078,443,YER130C_cluster,YER130C_cluster,YER130C_cluster,0.0078
YER130C,YJL089W,COM2,SIP4,0.98,0.0098,443,YER130C_cluster,YER130C_cluster,YER130C_cluster,0.0098
YER130C,YJL103C,COM2,GSM1,0.77,0.0077,443,YER130C_cluster,YER130C_cluster,YER130C_cluster,0.0077
YER130C,YJL110C,COM2,GZF3,0.1,0.001,443,YER130C_cluster,YER130C_cluster,YER130C_cluster,0.001
YER130C,YJR060W,COM2,CBF1,1.17,0.0117,351,YER130C_cluster,YER130C_cluster,YER130C_cluster,0.0117
YER130C,YJR094C,COM2,IME1,0.9,0.009,360,YER130C_cluster,YER130C_cluster,YER130C_cluster,0.009
YER130C,YKL015W,COM2,PUT3,0.5,0.005,443,YER130C_cluster,YER130C_cluster,YER130C_cluster,0.005
YER130C,YKL032C,COM2,IXR1,0.96,0.0096,443,YER130C_cluster,YER130C_cluster,YER130C_cluster,0.0096
YER130C,YKL038W,COM2,RGT1,0.44,0.0044,443,YER130C_cluster,YER130C_cluster,YER130C_cluster,0.0044
YER130C,YKL062W,COM2,MSN4,1.44,0.0144,443,YER130C_cluster,YER130C_cluster,YER130C_cluster,0.0144
YER130C,YKL109W,COM2,HAP4,1.35,0.0135,443,YER130C_cluster,YER130C_cluster,YER130C_cluster,0.0135
YER130C,YKL112W,COM2,ABF1,1.69,0.0169,443,YER130C_cluster,YER130C_cluster,YER130C_cluster,0.0169
YER130C,YKL185W,COM2,ASH1,0.7,0.007,443,YER130C_cluster,YER130C_cluster,YER130C_cluster,0.007
YER130C,YKR034W,COM2,DAL80,0.29,0.0029,269,YER130C_cluster,YER130C_cluster,YER130C_cluster,0.0029
YER130C,YKR099W,COM2,BAS1,0.9,0.009,443,YER130C_cluster,YER130C_cluster,YER130C_cluster,0.009
YER130C,YLR014C,COM2,PPR1,0.15,0.0015,443,YER130C_cluster,YER130C_cluster,YER130C_cluster,0.0015
YER130C,YLR098C,COM2,CHA4,0.85,0.0085,443,YER130C_cluster,YER130C_cluster,YER130C_cluster,0.0085
YER130C,YLR131C,COM2,ACE2,0.93,0.0093,443,YER130C_cluster,YER130C_cluster,YER130C_cluster,0.0093
YER130C,YLR176C,COM2,RFX1,0.82,0.0082,443,YER130C_cluster,YER130C_cluster,YER130C_cluster,0.0082
YER130C,YLR228C,COM2,ECM22,0.24,0.0024,443,YER130C_cluster,YER130C_cluster,YER130C_cluster,0.0024
YER130C,YLR256W,COM2,HAP1,1.07,0.0107,443,YER130C_cluster,YER130C_cluster,YER130C_cluster,0.0107
YER130C,YLR266C,COM2,PDR8,0.81,0.0081,443,YER130C_cluster,YER130C_cluster,YER130C_cluster,0.0081
YER130C,YLR451W,COM2,LEU3,0.15,0.0015,443,YER130C_cluster,YER130C_cluster,YER130C_cluster,0.0015
YER130C,YML007W,COM2,YAP1,0.38,0.0038,443,YER130C_cluster,YER130C_cluster,YER130C_cluster,0.0038
YER130C,YML076C,COM2,WAR1,0.51,0.0051,443,YER130C_cluster,YER130C_cluster,YER130C_cluster,0.0051
YER130C,YML081W,COM2,TDA9,1.4,0.014,443,YER130C_cluster,YER130C_cluster,YER130C_cluster,0.014
YER130C,YML099C,COM2,ARG81,0.7,0.007,443,YER130C_cluster,YER130C_cluster,YER130C_cluster,0.007
YER130C,YMR019W,COM2,STB4,0.29,0.0029,443,YER130C_cluster,YER130C_cluster,YER130C_cluster,0.0029
YER130C,YMR021C,COM2,MAC1,0.48,0.0048,417,YER130C_cluster,YER130C_cluster,YER130C_cluster,0.0048
YER130C,YMR037C,COM2,MSN2,2.01,0.0201,443,YER130C_cluster,YER130C_cluster,YER130C_cluster,0.0201
YER130C,YMR042W,COM2,ARG80,0.17,0.0017,177,YER130C_cluster,YER130C_cluster,YER130C_cluster,0.0017
YER130C,YMR043W,COM2,MCM1,0.3,0.003,286,YER130C_cluster,YER130C_cluster,YER130C_cluster,0.003
YER130C,YMR070W,COM2,MOT3,1.41,0.0141,443,YER130C_cluster,YER130C_cluster,YER130C_cluster,0.0141
YER130C,YMR164C,COM2,MSS11,0.45,0.0045,443,YER130C_cluster,YER130C_cluster,YER130C_cluster,0.0045
YER130C,YMR172W,COM2,HOT1,0.89,0.0089,443,YER130C_cluster,YER130C_cluster,YER130C_cluster,0.0089
YER130C,YMR280C,COM2,CAT8,0.38,0.0038,443,YER130C_cluster,YER130C_cluster,YER130C_cluster,0.0038
YER130C,YNL027W,COM2,CRZ1,0.56,0.0056,443,YER130C_cluster,YER130C_cluster,YER130C_cluster,0.0056
YER130C,YNL068C,COM2,FKH2,0.95,0.0095,443,YER130C_cluster,YER130C_cluster,YER130C_cluster,0.0095
YER130C,YNL103W,COM2,MET4,0.93,0.0093,443,YER130C_cluster,YER130C_cluster,YER130C_cluster,0.0093
YER130C,YNL167C,COM2,SKO1,1.24,0.0124,443,YER130C_cluster,YER130C_cluster,YER130C_cluster,0.0124
YER130C,YNL199C,COM2,GCR2,0.21,0.0021,443,YER130C_cluster,YER130C_cluster,YER130C_cluster,0.0021
YER130C,YNL216W,COM2,RAP1,0.65,0.0065,443,YER130C_cluster,YER130C_cluster,YER130C_cluster,0.0065
YER130C,YNL314W,COM2,DAL82,0.74,0.0074,255,YER130C_cluster,YER130C_cluster,YER130C_cluster,0.0074
YER130C,YOL067C,COM2,RTG1,0.17,0.0017,177,YER130C_cluster,YER130C_cluster,YER130C_cluster,0.0017
YER130C,YOL108C,COM2,INO4,0.7,0.007,151,YER130C_cluster,YER130C_cluster,YER130C_cluster,0.007
YER130C,YOR028C,COM2,CIN5,0.28,0.0028,295,YER130C_cluster,YER130C_cluster,YER130C_cluster,0.0028
YER130C,YOR113W,COM2,AZF1,1.15,0.0115,443,YER130C_cluster,YER130C_cluster,YER130C_cluster,0.0115
YER130C,YOR140W,COM2,SFL1,0.94,0.0094,443,YER130C_cluster,YER130C_cluster,YER130C_cluster,0.0094
YER130C,YOR162C,COM2,YRR1,0.57,0.0057,443,YER130C_cluster,YER130C_cluster,YER130C_cluster,0.0057
YER130C,YOR337W,COM2,TEA1,0.94,0.0094,443,YER130C_cluster,YER130C_cluster,YER130C_cluster,0.0094
YER130C,YOR344C,COM2,TYE7,0.56,0.0056,291,YER130C_cluster,YER130C_cluster,YER130C_cluster,0.0056
YER130C,YOR358W,COM2,HAP5,0.15,0.0015,242,YER130C_cluster,YER130C_cluster,YER130C_cluster,0.0015
YER130C,YOR363C,COM2,PIP2,0.71,0.0071,443,YER130C_cluster,YER130C_cluster,YER130C_cluster,0.0071
YER130C,YPL038W,COM2,MET31,0.66,0.0066,177,YER130C_cluster,YER130C_cluster,YER130C_cluster,0.0066
YER130C,YPL075W,COM2,GCR1,1.18,0.0118,443,YER130C_cluster,YER130C_cluster,YER130C_cluster,0.0118
YER130C,YPL089C,COM2,RLM1,2.29,0.0229,443,YER130C_cluster,YER130C_cluster,YER130C_cluster,0.0229
YER130C,YPL133C,COM2,RDS2,0.46,0.0046,443,YER130C_cluster,YER130C_cluster,YER130C_cluster,0.0046
YER130C,YPL202C,COM2,AFT2,0.48,0.0048,416,YER130C_cluster,YER130C_cluster,YER130C_cluster,0.0048
YER130C,YPL230W,COM2,USV1,1.0,0.01,391,YER130C_cluster,YER130C_cluster,YER130C_cluster,0.01
YER130C,YPL248C,COM2,GAL4,0.31,0.0031,443,YER130C_cluster,YER130C_cluster,YER130C_cluster,0.0031
YER130C,YPR008W,COM2,HAA1,1.45,0.0145,443,YER130C_cluster,YER130C_cluster,YER130C_cluster,0.0145
YER130C,YPR065W,COM2,ROX1,1.03,0.0103,368,YER130C_cluster,YER130C_cluster,YER130C_cluster,0.0103
YER130C,YPR199C,COM2,ARR1,0.56,0.0056,294,YER130C_cluster,YER130C_cluster,YER130C_cluster,0.0056
YER169W,YFL021W,RPH1,GAT1,0.78,0.0078,510,YER169W_cluster,YER169W_cluster,YER169W_cluster,0.0078
YER169W,YFL031W,RPH1,HAC1,0.39,0.0039,238,YER169W_cluster,YER169W_cluster,YER169W_cluster,0.0039
YER169W,YFL052W,RPH1,ZNF1,0.24,0.0024,465,YER169W_cluster,YER169W_cluster,YER169W_cluster,0.0024
YER169W,YFR034C,RPH1,PHO4,0.28,0.0028,312,YER169W_cluster,YER169W_cluster,YER169W_cluster,0.0028
YER169W,YGL013C,RPH1,PDR1,0.71,0.0071,796,YER169W_cluster,YER169W_cluster,YER169W_cluster,0.0071
YER169W,YGL035C,RPH1,MIG1,0.79,0.0079,504,YER169W_cluster,YER169W_cluster,YER169W_cluster,0.0079
YER169W,YGL071W,RPH1,AFT1,0.48,0.0048,690,YER169W_cluster,YER169W_cluster,YER169W_cluster,0.0048
YER169W,YGL073W,RPH1,HSF1,0.44,0.0044,796,YER169W_cluster,YER169W_cluster,YER169W_cluster,0.0044
YER169W,YGL162W,RPH1,SUT1,0.28,0.0028,299,YER169W_cluster,YER169W_cluster,YER169W_cluster,0.0028
YER169W,YGL166W,RPH1,CUP2,0.0,0.0,225,YER169W_cluster,YER169W_cluster,YER169W_cluster,0.0
YER169W,YGL209W,RPH1,MIG2,0.52,0.0052,382,YER169W_cluster,YER169W_cluster,YER169W_cluster,0.0052
YER169W,YGL237C,RPH1,HAP2,0.39,0.0039,265,YER169W_cluster,YER169W_cluster,YER169W_cluster,0.0039
YER169W,YGL254W,RPH1,FZF1,0.28,0.0028,299,YER169W_cluster,YER169W_cluster,YER169W_cluster,0.0028
YER169W,YGR044C,RPH1,RME1,0.0,0.0,300,YER169W_cluster,YER169W_cluster,YER169W_cluster,0.0
YER169W,YHL009C,RPH1,YAP3,0.45,0.0045,330,YER169W_cluster,YER169W_cluster,YER169W_cluster,0.0045
YER169W,YHL027W,RPH1,RIM101,0.58,0.0058,625,YER169W_cluster,YER169W_cluster,YER169W_cluster,0.0058
YER169W,YHR006W,RPH1,STP2,0.61,0.0061,541,YER169W_cluster,YER169W_cluster,YER169W_cluster,0.0061
YER169W,YHR084W,RPH1,STE12,0.55,0.0055,688,YER169W_cluster,YER169W_cluster,YER169W_cluster,0.0055
YER169W,YHR124W,RPH1,NDT80,0.71,0.0071,627,YER169W_cluster,YER169W_cluster,YER169W_cluster,0.0071
YER169W,YHR177W,RPH1,ROF1,0.16,0.0016,453,YER169W_cluster,YER169W_cluster,YER169W_cluster,0.0016
YER169W,YHR178W,RPH1,STB5,0.46,0.0046,743,YER169W_cluster,YER169W_cluster,YER169W_cluster,0.0046
YER169W,YHR206W,RPH1,SKN7,0.36,0.0036,622,YER169W_cluster,YER169W_cluster,YER169W_cluster,0.0036
YER169W,YIL036W,RPH1,CST6,0.44,0.0044,587,YER169W_cluster,YER169W_cluster,YER169W_cluster,0.0044
YER169W,YIL101C,RPH1,XBP1,0.49,0.0049,647,YER169W_cluster,YER169W_cluster,YER169W_cluster,0.0049
YER169W,YIL131C,RPH1,FKH1,0.32,0.0032,484,YER169W_cluster,YER169W_cluster,YER169W_cluster,0.0032
YER169W,YIR018W,RPH1,YAP5,0.19,0.0019,245,YER169W_cluster,YER169W_cluster,YER169W_cluster,0.0019
YER169W,YIR023W,RPH1,DAL81,0.94,0.0094,796,YER169W_cluster,YER169W_cluster,YER169W_cluster,0.0094
YER169W,YJL056C,RPH1,ZAP1,0.92,0.0092,796,YER169W_cluster,YER169W_cluster,YER169W_cluster,0.0092
YER169W,YJL089W,RPH1,SIP4,0.82,0.0082,796,YER169W_cluster,YER169W_cluster,YER169W_cluster,0.0082
YER169W,YJL103C,RPH1,GSM1,0.65,0.0065,618,YER169W_cluster,YER169W_cluster,YER169W_cluster,0.0065
YER169W,YJL110C,RPH1,GZF3,0.45,0.0045,551,YER169W_cluster,YER169W_cluster,YER169W_cluster,0.0045
YER169W,YJR060W,RPH1,CBF1,0.35,0.0035,351,YER169W_cluster,YER169W_cluster,YER169W_cluster,0.0035
YER169W,YJR094C,RPH1,IME1,0.35,0.0035,360,YER169W_cluster,YER169W_cluster,YER169W_cluster,0.0035
YER169W,YKL015W,RPH1,PUT3,0.57,0.0057,796,YER169W_cluster,YER169W_cluster,YER169W_cluster,0.0057
YER169W,YKL032C,RPH1,IXR1,0.23,0.0023,597,YER169W_cluster,YER169W_cluster,YER169W_cluster,0.0023
YER169W,YKL038W,RPH1,RGT1,0.99,0.0099,796,YER169W_cluster,YER169W_cluster,YER169W_cluster,0.0099
YER169W,YKL062W,RPH1,MSN4,0.5,0.005,630,YER169W_cluster,YER169W_cluster,YER169W_cluster,0.005
YER169W,YKL109W,RPH1,HAP4,0.53,0.0053,554,YER169W_cluster,YER169W_cluster,YER169W_cluster,0.0053
YER169W,YKL112W,RPH1,ABF1,0.27,0.0027,731,YER169W_cluster,YER169W_cluster,YER169W_cluster,0.0027
YER169W,YKL185W,RPH1,ASH1,1.19,0.0119,588,YER169W_cluster,YER169W_cluster,YER169W_cluster,0.0119
YER169W,YKR034W,RPH1,DAL80,0.19,0.0019,269,YER169W_cluster,YER169W_cluster,YER169W_cluster,0.0019
YER169W,YKR099W,RPH1,BAS1,0.57,0.0057,796,YER169W_cluster,YER169W_cluster,YER169W_cluster,0.0057
YER169W,YLR014C,RPH1,PPR1,0.9,0.009,796,YER169W_cluster,YER169W_cluster,YER169W_cluster,0.009
YER169W,YLR098C,RPH1,CHA4,0.78,0.0078,648,YER169W_cluster,YER169W_cluster,YER169W_cluster,0.0078
YER169W,YLR131C,RPH1,ACE2,0.78,0.0078,770,YER169W_cluster,YER169W_cluster,YER169W_cluster,0.0078
YER169W,YLR176C,RPH1,RFX1,0.7,0.007,796,YER169W_cluster,YER169W_cluster,YER169W_cluster,0.007
YER169W,YLR228C,RPH1,ECM22,0.57,0.0057,796,YER169W_cluster,YER169W_cluster,YER169W_cluster,0.0057
YER169W,YLR256W,RPH1,HAP1,0.99,0.0099,796,YER169W_cluster,YER169W_cluster,YER169W_cluster,0.0099
YER169W,YLR266C,RPH1,PDR8,0.54,0.0054,701,YER169W_cluster,YER169W_cluster,YER169W_cluster,0.0054
YER169W,YLR451W,RPH1,LEU3,0.67,0.0067,796,YER169W_cluster,YER169W_cluster,YER169W_cluster,0.0067
YER169W,YML007W,RPH1,YAP1,0.35,0.0035,650,YER169W_cluster,YER169W_cluster,YER169W_cluster,0.0035
YER169W,YML076C,RPH1,WAR1,0.41,0.0041,796,YER169W_cluster,YER169W_cluster,YER169W_cluster,0.0041
YER169W,YML081W,RPH1,TDA9,0.9,0.009,796,YER169W_cluster,YER169W_cluster,YER169W_cluster,0.009
YER169W,YML099C,RPH1,ARG81,0.61,0.0061,796,YER169W_cluster,YER169W_cluster,YER169W_cluster,0.0061
YER169W,YMR019W,RPH1,STB4,0.7,0.007,796,YER169W_cluster,YER169W_cluster,YER169W_cluster,0.007
YER169W,YMR021C,RPH1,MAC1,0.33,0.0033,417,YER169W_cluster,YER169W_cluster,YER169W_cluster,0.0033
YER169W,YMR037C,RPH1,MSN2,0.82,0.0082,704,YER169W_cluster,YER169W_cluster,YER169W_cluster,0.0082
YER169W,YMR042W,RPH1,ARG80,0.42,0.0042,177,YER169W_cluster,YER169W_cluster,YER169W_cluster,0.0042
YER169W,YMR043W,RPH1,MCM1,0.1,0.001,286,YER169W_cluster,YER169W_cluster,YER169W_cluster,0.001
YER169W,YMR070W,RPH1,MOT3,0.41,0.0041,490,YER169W_cluster,YER169W_cluster,YER169W_cluster,0.0041
YER169W,YMR164C,RPH1,MSS11,0.61,0.0061,758,YER169W_cluster,YER169W_cluster,YER169W_cluster,0.0061
YER169W,YMR172W,RPH1,HOT1,0.34,0.0034,719,YER169W_cluster,YER169W_cluster,YER169W_cluster,0.0034
YER169W,YMR280C,RPH1,CAT8,0.69,0.0069,796,YER169W_cluster,YER169W_cluster,YER169W_cluster,0.0069
YER169W,YNL027W,RPH1,CRZ1,0.77,0.0077,678,YER169W_cluster,YER169W_cluster,YER169W_cluster,0.0077
YER169W,YNL068C,RPH1,FKH2,0.55,0.0055,796,YER169W_cluster,YER169W_cluster,YER169W_cluster,0.0055
YER169W,YNL103W,RPH1,MET4,1.05,0.0105,672,YER169W_cluster,YER169W_cluster,YER169W_cluster,0.0105
YER169W,YNL167C,RPH1,SKO1,0.71,0.0071,647,YER169W_cluster,YER169W_cluster,YER169W_cluster,0.0071
YER169W,YNL199C,RPH1,GCR2,0.15,0.0015,534,YER169W_cluster,YER169W_cluster,YER169W_cluster,0.0015
YER169W,YNL216W,RPH1,RAP1,0.38,0.0038,796,YER169W_cluster,YER169W_cluster,YER169W_cluster,0.0038
YER169W,YNL314W,RPH1,DAL82,0.68,0.0068,255,YER169W_cluster,YER169W_cluster,YER169W_cluster,0.0068
YER169W,YOL067C,RPH1,RTG1,0.1,0.001,177,YER169W_cluster,YER169W_cluster,YER169W_cluster,0.001
YER169W,YOL108C,RPH1,INO4,0.21,0.0021,151,YER169W_cluster,YER169W_cluster,YER169W_cluster,0.0021
YER169W,YOR028C,RPH1,CIN5,0.28,0.0028,295,YER169W_cluster,YER169W_cluster,YER169W_cluster,0.0028
YER169W,YOR113W,RPH1,AZF1,0.91,0.0091,796,YER169W_cluster,YER169W_cluster,YER169W_cluster,0.0091
YER169W,YOR140W,RPH1,SFL1,1.05,0.0105,766,YER169W_cluster,YER169W_cluster,YER169W_cluster,0.0105
YER169W,YOR162C,RPH1,YRR1,0.63,0.0063,796,YER169W_cluster,YER169W_cluster,YER169W_cluster,0.0063
YER169W,YOR337W,RPH1,TEA1,0.52,0.0052,759,YER169W_cluster,YER169W_cluster,YER169W_cluster,0.0052
YER169W,YOR344C,RPH1,TYE7,0.19,0.0019,291,YER169W_cluster,YER169W_cluster,YER169W_cluster,0.0019
YER169W,YOR358W,RPH1,HAP5,0.19,0.0019,242,YER169W_cluster,YER169W_cluster,YER169W_cluster,0.0019
YER169W,YOR363C,RPH1,PIP2,0.51,0.0051,796,YER169W_cluster,YER169W_cluster,YER169W_cluster,0.0051
YER169W,YPL038W,RPH1,MET31,0.21,0.0021,177,YER169W_cluster,YER169W_cluster,YER169W_cluster,0.0021
YER169W,YPL075W,RPH1,GCR1,1.17,0.0117,785,YER169W_cluster,YER169W_cluster,YER169W_cluster,0.0117
YER169W,YPL089C,RPH1,RLM1,0.92,0.0092,676,YER169W_cluster,YER169W_cluster,YER169W_cluster,0.0092
YER169W,YPL133C,RPH1,RDS2,0.24,0.0024,446,YER169W_cluster,YER169W_cluster,YER169W_cluster,0.0024
YER169W,YPL202C,RPH1,AFT2,0.59,0.0059,416,YER169W_cluster,YER169W_cluster,YER169W_cluster,0.0059
YER169W,YPL230W,RPH1,USV1,0.26,0.0026,391,YER169W_cluster,YER169W_cluster,YER169W_cluster,0.0026
YER169W,YPL248C,RPH1,GAL4,0.55,0.0055,796,YER169W_cluster,YER169W_cluster,YER169W_cluster,0.0055
YER169W,YPR008W,RPH1,HAA1,0.75,0.0075,694,YER169W_cluster,YER169W_cluster,YER169W_cluster,0.0075
YER169W,YPR065W,RPH1,ROX1,0.44,0.0044,368,YER169W_cluster,YER169W_cluster,YER169W_cluster,0.0044
YER169W,YPR199C,RPH1,ARR1,0.47,0.0047,294,YER169W_cluster,YER169W_cluster,YER169W_cluster,0.0047
YFL021W,YFL031W,GAT1,HAC1,0.14,0.0014,238,YFL021W_cluster,YFL021W_cluster,YFL021W_cluster,0.0014
YFL021W,YFL052W,GAT1,ZNF1,0.21,0.0021,465,YFL021W_cluster,YFL021W_cluster,YFL021W_cluster,0.0021
YFL021W,YFR034C,GAT1,PHO4,0.38,0.0038,312,YFL021W_cluster,YFL021W_cluster,YFL021W_cluster,0.0038
YFL021W,YGL013C,GAT1,PDR1,0.78,0.0078,510,YFL021W_cluster,YFL021W_cluster,YFL021W_cluster,0.0078
YFL021W,YGL035C,GAT1,MIG1,0.92,0.0092,504,YFL021W_cluster,YFL021W_cluster,YFL021W_cluster,0.0092
YFL021W,YGL071W,GAT1,AFT1,0.95,0.0095,510,YFL021W_cluster,YFL021W_cluster,YFL021W_cluster,0.0095
YFL021W,YGL073W,GAT1,HSF1,1.39,0.0139,510,YFL021W_cluster,YFL021W_cluster,YFL021W_cluster,0.0139
YFL021W,YGL162W,GAT1,SUT1,0.89,0.0089,299,YFL021W_cluster,YFL021W_cluster,YFL021W_cluster,0.0089
YFL021W,YGL166W,GAT1,CUP2,0.42,0.0042,225,YFL021W_cluster,YFL021W_cluster,YFL021W_cluster,0.0042
YFL021W,YGL209W,GAT1,MIG2,0.58,0.0058,382,YFL021W_cluster,YFL021W_cluster,YFL021W_cluster,0.0058
YFL021W,YGL237C,GAT1,HAP2,0.14,0.0014,265,YFL021W_cluster,YFL021W_cluster,YFL021W_cluster,0.0014
YFL021W,YGL254W,GAT1,FZF1,0.51,0.0051,299,YFL021W_cluster,YFL021W_cluster,YFL021W_cluster,0.0051
YFL021W,YGR044C,GAT1,RME1,0.38,0.0038,300,YFL021W_cluster,YFL021W_cluster,YFL021W_cluster,0.0038
YFL021W,YHL009C,GAT1,YAP3,0.12,0.0012,330,YFL021W_cluster,YFL021W_cluster,YFL021W_cluster,0.0012
YFL021W,YHL027W,GAT1,RIM101,0.46,0.0046,510,YFL021W_cluster,YFL021W_cluster,YFL021W_cluster,0.0046
YFL021W,YHR006W,GAT1,STP2,0.29,0.0029,510,YFL021W_cluster,YFL021W_cluster,YFL021W_cluster,0.0029
YFL021W,YHR084W,GAT1,STE12,0.43,0.0043,510,YFL021W_cluster,YFL021W_cluster,YFL021W_cluster,0.0043
YFL021W,YHR124W,GAT1,NDT80,0.36,0.0036,510,YFL021W_cluster,YFL021W_cluster,YFL021W_cluster,0.0036
YFL021W,YHR177W,GAT1,ROF1,0.96,0.0096,453,YFL021W_cluster,YFL021W_cluster,YFL021W_cluster,0.0096
YFL021W,YHR178W,GAT1,STB5,0.24,0.0024,510,YFL021W_cluster,YFL021W_cluster,YFL021W_cluster,0.0024
YFL021W,YHR206W,GAT1,SKN7,0.54,0.0054,510,YFL021W_cluster,YFL021W_cluster,YFL021W_cluster,0.0054
YFL021W,YIL036W,GAT1,CST6,0.84,0.0084,510,YFL021W_cluster,YFL021W_cluster,YFL021W_cluster,0.0084
YFL021W,YIL101C,GAT1,XBP1,1.25,0.0125,510,YFL021W_cluster,YFL021W_cluster,YFL021W_cluster,0.0125
YFL021W,YIL131C,GAT1,FKH1,0.62,0.0062,484,YFL021W_cluster,YFL021W_cluster,YFL021W_cluster,0.0062
YFL021W,YIR018W,GAT1,YAP5,0.41,0.0041,245,YFL021W_cluster,YFL021W_cluster,YFL021W_cluster,0.0041
YFL021W,YIR023W,GAT1,DAL81,0.85,0.0085,510,YFL021W_cluster,YFL021W_cluster,YFL021W_cluster,0.0085
YFL021W,YJL056C,GAT1,ZAP1,0.97,0.0097,510,YFL021W_cluster,YFL021W_cluster,YFL021W_cluster,0.0097
YFL021W,YJL089W,GAT1,SIP4,1.41,0.0141,510,YFL021W_cluster,YFL021W_cluster,YFL021W_cluster,0.0141
YFL021W,YJL103C,GAT1,GSM1,0.73,0.0073,510,YFL021W_cluster,YFL021W_cluster,YFL021W_cluster,0.0073
YFL021W,YJL110C,GAT1,GZF3,1.87,0.0187,510,YFL021W_cluster,YFL021W_cluster,YFL021W_cluster,0.0187
YFL021W,YJR060W,GAT1,CBF1,0.36,0.0036,351,YFL021W_cluster,YFL021W_cluster,YFL021W_cluster,0.0036
YFL021W,YJR094C,GAT1,IME1,0.95,0.0095,360,YFL021W_cluster,YFL021W_cluster,YFL021W_cluster,0.0095
YFL021W,YKL015W,GAT1,PUT3,0.62,0.0062,510,YFL021W_cluster,YFL021W_cluster,YFL021W_cluster,0.0062
YFL021W,YKL032C,GAT1,IXR1,1.2,0.012,510,YFL021W_cluster,YFL021W_cluster,YFL021W_cluster,0.012
YFL021W,YKL038W,GAT1,RGT1,0.79,0.0079,510,YFL021W_cluster,YFL021W_cluster,YFL021W_cluster,0.0079
YFL021W,YKL062W,GAT1,MSN4,1.36,0.0136,510,YFL021W_cluster,YFL021W_cluster,YFL021W_cluster,0.0136
YFL021W,YKL109W,GAT1,HAP4,1.56,0.0156,510,YFL021W_cluster,YFL021W_cluster,YFL021W_cluster,0.0156
YFL021W,YKL112W,GAT1,ABF1,1.17,0.0117,510,YFL021W_cluster,YFL021W_cluster,YFL021W_cluster,0.0117
YFL021W,YKL185W,GAT1,ASH1,0.56,0.0056,510,YFL021W_cluster,YFL021W_cluster,YFL021W_cluster,0.0056
YFL021W,YKR034W,GAT1,DAL80,2.56,0.0256,269,YFL021W_cluster,YFL021W_cluster,YFL021W_cluster,0.0256
YFL021W,YKR099W,GAT1,BAS1,0.62,0.0062,510,YFL021W_cluster,YFL021W_cluster,YFL021W_cluster,0.0062
YFL021W,YLR014C,GAT1,PPR1,0.73,0.0073,510,YFL021W_cluster,YFL021W_cluster,YFL021W_cluster,0.0073
YFL021W,YLR098C,GAT1,CHA4,0.62,0.0062,510,YFL021W_cluster,YFL021W_cluster,YFL021W_cluster,0.0062
YFL021W,YLR131C,GAT1,ACE2,0.56,0.0056,510,YFL021W_cluster,YFL021W_cluster,YFL021W_cluster,0.0056
YFL021W,YLR176C,GAT1,RFX1,0.86,0.0086,510,YFL021W_cluster,YFL021W_cluster,YFL021W_cluster,0.0086
YFL021W,YLR228C,GAT1,ECM22,0.78,0.0078,510,YFL021W_cluster,YFL021W_cluster,YFL021W_cluster,0.0078
YFL021W,YLR256W,GAT1,HAP1,0.72,0.0072,510,YFL021W_cluster,YFL021W_cluster,YFL021W_cluster,0.0072
YFL021W,YLR266C,GAT1,PDR8,0.34,0.0034,510,YFL021W_cluster,YFL021W_cluster,YFL021W_cluster,0.0034
YFL021W,YLR451W,GAT1,LEU3,0.59,0.0059,510,YFL021W_cluster,YFL021W_cluster,YFL021W_cluster,0.0059
YFL021W,YML007W,GAT1,YAP1,0.81,0.0081,510,YFL021W_cluster,YFL021W_cluster,YFL021W_cluster,0.0081
YFL021W,YML076C,GAT1,WAR1,0.77,0.0077,510,YFL021W_cluster,YFL021W_cluster,YFL021W_cluster,0.0077
YFL021W,YML081W,GAT1,TDA9,0.82,0.0082,510,YFL021W_cluster,YFL021W_cluster,YFL021W_cluster,0.0082
YFL021W,YML099C,GAT1,ARG81,0.52,0.0052,510,YFL021W_cluster,YFL021W_cluster,YFL021W_cluster,0.0052
YFL021W,YMR019W,GAT1,STB4,1.27,0.0127,510,YFL021W_cluster,YFL021W_cluster,YFL021W_cluster,0.0127
YFL021W,YMR021C,GAT1,MAC1,0.55,0.0055,417,YFL021W_cluster,YFL021W_cluster,YFL021W_cluster,0.0055
YFL021W,YMR037C,GAT1,MSN2,1.99,0.0199,510,YFL021W_cluster,YFL021W_cluster,YFL021W_cluster,0.0199
YFL021W,YMR042W,GAT1,ARG80,0.45,0.0045,177,YFL021W_cluster,YFL021W_cluster,YFL021W_cluster,0.0045
YFL021W,YMR043W,GAT1,MCM1,0.27,0.0027,286,YFL021W_cluster,YFL021W_cluster,YFL021W_cluster,0.0027
YFL021W,YMR070W,GAT1,MOT3,0.87,0.0087,490,YFL021W_cluster,YFL021W_cluster,YFL021W_cluster,0.0087
YFL021W,YMR164C,GAT1,MSS11,0.85,0.0085,510,YFL021W_cluster,YFL021W_cluster,YFL021W_cluster,0.0085
YFL021W,YMR172W,GAT1,HOT1,0.84,0.0084,510,YFL021W_cluster,YFL021W_cluster,YFL021W_cluster,0.0084
YFL021W,YMR280C,GAT1,CAT8,0.58,0.0058,510,YFL021W_cluster,YFL021W_cluster,YFL021W_cluster,0.0058
YFL021W,YNL027W,GAT1,CRZ1,0.62,0.0062,510,YFL021W_cluster,YFL021W_cluster,YFL021W_cluster,0.0062
YFL021W,YNL068C,GAT1,FKH2,1.29,0.0129,510,YFL021W_cluster,YFL021W_cluster,YFL021W_cluster,0.0129
YFL021W,YNL103W,GAT1,MET4,0.53,0.0053,510,YFL021W_cluster,YFL021W_cluster,YFL021W_cluster,0.0053
YFL021W,YNL167C,GAT1,SKO1,0.99,0.0099,510,YFL021W_cluster,YFL021W_cluster,YFL021W_cluster,0.0099
YFL021W,YNL199C,GAT1,GCR2,0.89,0.0089,510,YFL021W_cluster,YFL021W_cluster,YFL021W_cluster,0.0089
YFL021W,YNL216W,GAT1,RAP1,0.7,0.007,510,YFL021W_cluster,YFL021W_cluster,YFL021W_cluster,0.007
YFL021W,YNL314W,GAT1,DAL82,0.95,0.0095,255,YFL021W_cluster,YFL021W_cluster,YFL021W_cluster,0.0095
YFL021W,YOL067C,GAT1,RTG1,0.15,0.0015,177,YFL021W_cluster,YFL021W_cluster,YFL021W_cluster,0.0015
YFL021W,YOL108C,GAT1,INO4,0.0,0.0,151,YFL021W_cluster,YFL021W_cluster,YFL021W_cluster,0.0
YFL021W,YOR028C,GAT1,CIN5,0.51,0.0051,295,YFL021W_cluster,YFL021W_cluster,YFL021W_cluster,0.0051
YFL021W,YOR113W,GAT1,AZF1,0.81,0.0081,510,YFL021W_cluster,YFL021W_cluster,YFL021W_cluster,0.0081
YFL021W,YOR140W,GAT1,SFL1,1.79,0.0179,510,YFL021W_cluster,YFL021W_cluster,YFL021W_cluster,0.0179
YFL021W,YOR162C,GAT1,YRR1,0.31,0.0031,510,YFL021W_cluster,YFL021W_cluster,YFL021W_cluster,0.0031
YFL021W,YOR337W,GAT1,TEA1,0.65,0.0065,510,YFL021W_cluster,YFL021W_cluster,YFL021W_cluster,0.0065
YFL021W,YOR344C,GAT1,TYE7,0.26,0.0026,291,YFL021W_cluster,YFL021W_cluster,YFL021W_cluster,0.0026
YFL021W,YOR358W,GAT1,HAP5,0.0,0.0,242,YFL021W_cluster,YFL021W_cluster,YFL021W_cluster,0.0
YFL021W,YOR363C,GAT1,PIP2,0.68,0.0068,510,YFL021W_cluster,YFL021W_cluster,YFL021W_cluster,0.0068
YFL021W,YPL038W,GAT1,MET31,0.3,0.003,177,YFL021W_cluster,YFL021W_cluster,YFL021W_cluster,0.003
YFL021W,YPL075W,GAT1,GCR1,1.04,0.0104,510,YFL021W_cluster,YFL021W_cluster,YFL021W_cluster,0.0104
YFL021W,YPL089C,GAT1,RLM1,0.8,0.008,510,YFL021W_cluster,YFL021W_cluster,YFL021W_cluster,0.008
YFL021W,YPL133C,GAT1,RDS2,0.54,0.0054,446,YFL021W_cluster,YFL021W_cluster,YFL021W_cluster,0.0054
YFL021W,YPL202C,GAT1,AFT2,0.55,0.0055,416,YFL021W_cluster,YFL021W_cluster,YFL021W_cluster,0.0055
YFL021W,YPL230W,GAT1,USV1,1.05,0.0105,391,YFL021W_cluster,YFL021W_cluster,YFL021W_cluster,0.0105
YFL021W,YPL248C,GAT1,GAL4,0.44,0.0044,510,YFL021W_cluster,YFL021W_cluster,YFL021W_cluster,0.0044
YFL021W,YPR008W,GAT1,HAA1,0.6,0.006,510,YFL021W_cluster,YFL021W_cluster,YFL021W_cluster,0.006
YFL021W,YPR065W,GAT1,ROX1,1.55,0.0155,368,YFL021W_cluster,YFL021W_cluster,YFL021W_cluster,0.0155
YFL021W,YPR199C,GAT1,ARR1,0.13,0.0013,294,YFL021W_cluster,YFL021W_cluster,YFL021W_cluster,0.0013
YFL031W,YFL052W,HAC1,ZNF1,0.43,0.0043,238,YFL031W_cluster,YFL031W_cluster,YFL031W_cluster,0.0043
YFL031W,YFR034C,HAC1,PHO4,0.19,0.0019,238,YFL031W_cluster,YFL031W_cluster,YFL031W_cluster,0.0019
YFL031W,YGL013C,HAC1,PDR1,0.16,0.0016,238,YFL031W_cluster,YFL031W_cluster,YFL031W_cluster,0.0016
YFL031W,YGL035C,HAC1,MIG1,0.14,0.0014,238,YFL031W_cluster,YFL031W_cluster,YFL031W_cluster,0.0014
YFL031W,YGL071W,HAC1,AFT1,0.55,0.0055,238,YFL031W_cluster,YFL031W_cluster,YFL031W_cluster,0.0055
YFL031W,YGL073W,HAC1,HSF1,0.38,0.0038,238,YFL031W_cluster,YFL031W_cluster,YFL031W_cluster,0.0038
YFL031W,YGL162W,HAC1,SUT1,0.76,0.0076,238,YFL031W_cluster,YFL031W_cluster,YFL031W_cluster,0.0076
YFL031W,YGL166W,HAC1,CUP2,0.44,0.0044,225,YFL031W_cluster,YFL031W_cluster,YFL031W_cluster,0.0044
YFL031W,YGL209W,HAC1,MIG2,0.16,0.0016,238,YFL031W_cluster,YFL031W_cluster,YFL031W_cluster,0.0016
YFL031W,YGL237C,HAC1,HAP2,0.63,0.0063,238,YFL031W_cluster,YFL031W_cluster,YFL031W_cluster,0.0063
YFL031W,YGL254W,HAC1,FZF1,0.0,0.0,238,YFL031W_cluster,YFL031W_cluster,YFL031W_cluster,0.0
YFL031W,YGR044C,HAC1,RME1,0.38,0.0038,238,YFL031W_cluster,YFL031W_cluster,YFL031W_cluster,0.0038
YFL031W,YHL009C,HAC1,YAP3,0.36,0.0036,238,YFL031W_cluster,YFL031W_cluster,YFL031W_cluster,0.0036
YFL031W,YHL027W,HAC1,RIM101,0.36,0.0036,238,YFL031W_cluster,YFL031W_cluster,YFL031W_cluster,0.0036
YFL031W,YHR006W,HAC1,STP2,0.66,0.0066,238,YFL031W_cluster,YFL031W_cluster,YFL031W_cluster,0.0066
YFL031W,YHR084W,HAC1,STE12,0.11,0.0011,238,YFL031W_cluster,YFL031W_cluster,YFL031W_cluster,0.0011
YFL031W,YHR124W,HAC1,NDT80,0.12,0.0012,238,YFL031W_cluster,YFL031W_cluster,YFL031W_cluster,0.0012
YFL031W,YHR177W,HAC1,ROF1,0.29,0.0029,238,YFL031W_cluster,YFL031W_cluster,YFL031W_cluster,0.0029
YFL031W,YHR178W,HAC1,STB5,0.62,0.0062,238,YFL031W_cluster,YFL031W_cluster,YFL031W_cluster,0.0062
YFL031W,YHR206W,HAC1,SKN7,0.47,0.0047,238,YFL031W_cluster,YFL031W_cluster,YFL031W_cluster,0.0047
YFL031W,YIL036W,HAC1,CST6,0.25,0.0025,238,YFL031W_cluster,YFL031W_cluster,YFL031W_cluster,0.0025
YFL031W,YIL101C,HAC1,XBP1,0.23,0.0023,238,YFL031W_cluster,YFL031W_cluster,YFL031W_cluster,0.0023
YFL031W,YIL131C,HAC1,FKH1,0.71,0.0071,238,YFL031W_cluster,YFL031W_cluster,YFL031W_cluster,0.0071
YFL031W,YIR018W,HAC1,YAP5,0.21,0.0021,238,YFL031W_cluster,YFL031W_cluster,YFL031W_cluster,0.0021
YFL031W,YIR023W,HAC1,DAL81,0.61,0.0061,238,YFL031W_cluster,YFL031W_cluster,YFL031W_cluster,0.0061
YFL031W,YJL056C,HAC1,ZAP1,0.37,0.0037,238,YFL031W_cluster,YFL031W_cluster,YFL031W_cluster,0.0037
YFL031W,YJL089W,HAC1,SIP4,0.39,0.0039,238,YFL031W_cluster,YFL031W_cluster,YFL031W_cluster,0.0039
YFL031W,YJL103C,HAC1,GSM1,0.83,0.0083,238,YFL031W_cluster,YFL031W_cluster,YFL031W_cluster,0.0083
YFL031W,YJL110C,HAC1,GZF3,0.39,0.0039,238,YFL031W_cluster,YFL031W_cluster,YFL031W_cluster,0.0039
YFL031W,YJR060W,HAC1,CBF1,0.17,0.0017,238,YFL031W_cluster,YFL031W_cluster,YFL031W_cluster,0.0017
YFL031W,YJR094C,HAC1,IME1,0.0,0.0,238,YFL031W_cluster,YFL031W_cluster,YFL031W_cluster,0.0
YFL031W,YKL015W,HAC1,PUT3,0.17,0.0017,238,YFL031W_cluster,YFL031W_cluster,YFL031W_cluster,0.0017
YFL031W,YKL032C,HAC1,IXR1,0.67,0.0067,238,YFL031W_cluster,YFL031W_cluster,YFL031W_cluster,0.0067
YFL031W,YKL038W,HAC1,RGT1,0.22,0.0022,238,YFL031W_cluster,YFL031W_cluster,YFL031W_cluster,0.0022
YFL031W,YKL062W,HAC1,MSN4,0.59,0.0059,238,YFL031W_cluster,YFL031W_cluster,YFL031W_cluster,0.0059
YFL031W,YKL109W,HAC1,HAP4,0.52,0.0052,238,YFL031W_cluster,YFL031W_cluster,YFL031W_cluster,0.0052
YFL031W,YKL112W,HAC1,ABF1,0.42,0.0042,238,YFL031W_cluster,YFL031W_cluster,YFL031W_cluster,0.0042
YFL031W,YKL185W,HAC1,ASH1,0.37,0.0037,238,YFL031W_cluster,YFL031W_cluster,YFL031W_cluster,0.0037
YFL031W,YKR034W,HAC1,DAL80,0.2,0.002,238,YFL031W_cluster,YFL031W_cluster,YFL031W_cluster,0.002
YFL031W,YKR099W,HAC1,BAS1,0.78,0.0078,238,YFL031W_cluster,YFL031W_cluster,YFL031W_cluster,0.0078
YFL031W,YLR014C,HAC1,PPR1,0.36,0.0036,238,YFL031W_cluster,YFL031W_cluster,YFL031W_cluster,0.0036
YFL031W,YLR098C,HAC1,CHA4,0.93,0.0093,238,YFL031W_cluster,YFL031W_cluster,YFL031W_cluster,0.0093
YFL031W,YLR131C,HAC1,ACE2,0.71,0.0071,238,YFL031W_cluster,YFL031W_cluster,YFL031W_cluster,0.0071
YFL031W,YLR176C,HAC1,RFX1,0.1,0.001,238,YFL031W_cluster,YFL031W_cluster,YFL031W_cluster,0.001
YFL031W,YLR228C,HAC1,ECM22,0.39,0.0039,238,YFL031W_cluster,YFL031W_cluster,YFL031W_cluster,0.0039
YFL031W,YLR256W,HAC1,HAP1,0.36,0.0036,238,YFL031W_cluster,YFL031W_cluster,YFL031W_cluster,0.0036
YFL031W,YLR266C,HAC1,PDR8,0.22,0.0022,238,YFL031W_cluster,YFL031W_cluster,YFL031W_cluster,0.0022
YFL031W,YLR451W,HAC1,LEU3,0.27,0.0027,238,YFL031W_cluster,YFL031W_cluster,YFL031W_cluster,0.0027
YFL031W,YML007W,HAC1,YAP1,0.12,0.0012,238,YFL031W_cluster,YFL031W_cluster,YFL031W_cluster,0.0012
YFL031W,YML076C,HAC1,WAR1,0.17,0.0017,238,YFL031W_cluster,YFL031W_cluster,YFL031W_cluster,0.0017
YFL031W,YML081W,HAC1,TDA9,0.07,0.0007,238,YFL031W_cluster,YFL031W_cluster,YFL031W_cluster,0.0007
YFL031W,YML099C,HAC1,ARG81,0.45,0.0045,238,YFL031W_cluster,YFL031W_cluster,YFL031W_cluster,0.0045
YFL031W,YMR019W,HAC1,STB4,0.34,0.0034,238,YFL031W_cluster,YFL031W_cluster,YFL031W_cluster,0.0034
YFL031W,YMR021C,HAC1,MAC1,0.0,0.0,238,YFL031W_cluster,YFL031W_cluster,YFL031W_cluster,0.0
YFL031W,YMR037C,HAC1,MSN2,0.22,0.0022,238,YFL031W_cluster,YFL031W_cluster,YFL031W_cluster,0.0022
YFL031W,YMR042W,HAC1,ARG80,0.74,0.0074,177,YFL031W_cluster,YFL031W_cluster,YFL031W_cluster,0.0074
YFL031W,YMR043W,HAC1,MCM1,0.0,0.0,238,YFL031W_cluster,YFL031W_cluster,YFL031W_cluster,0.0
YFL031W,YMR070W,HAC1,MOT3,0.45,0.0045,238,YFL031W_cluster,YFL031W_cluster,YFL031W_cluster,0.0045
YFL031W,YMR164C,HAC1,MSS11,0.54,0.0054,238,YFL031W_cluster,YFL031W_cluster,YFL031W_cluster,0.0054
YFL031W,YMR172W,HAC1,HOT1,0.21,0.0021,238,YFL031W_cluster,YFL031W_cluster,YFL031W_cluster,0.0021
YFL031W,YMR280C,HAC1,CAT8,0.31,0.0031,238,YFL031W_cluster,YFL031W_cluster,YFL031W_cluster,0.0031
YFL031W,YNL027W,HAC1,CRZ1,0.8,0.008,238,YFL031W_cluster,YFL031W_cluster,YFL031W_cluster,0.008
YFL031W,YNL068C,HAC1,FKH2,0.28,0.0028,238,YFL031W_cluster,YFL031W_cluster,YFL031W_cluster,0.0028
YFL031W,YNL103W,HAC1,MET4,0.11,0.0011,238,YFL031W_cluster,YFL031W_cluster,YFL031W_cluster,0.0011
YFL031W,YNL167C,HAC1,SKO1,0.47,0.0047,238,YFL031W_cluster,YFL031W_cluster,YFL031W_cluster,0.0047
YFL031W,YNL199C,HAC1,GCR2,0.53,0.0053,238,YFL031W_cluster,YFL031W_cluster,YFL031W_cluster,0.0053
YFL031W,YNL216W,HAC1,RAP1,0.19,0.0019,238,YFL031W_cluster,YFL031W_cluster,YFL031W_cluster,0.0019
YFL031W,YNL314W,HAC1,DAL82,0.21,0.0021,238,YFL031W_cluster,YFL031W_cluster,YFL031W_cluster,0.0021
YFL031W,YOL067C,HAC1,RTG1,0.0,0.0,177,YFL031W_cluster,YFL031W_cluster,YFL031W_cluster,0.0
YFL031W,YOL108C,HAC1,INO4,0.53,0.0053,151,YFL031W_cluster,YFL031W_cluster,YFL031W_cluster,0.0053
YFL031W,YOR028C,HAC1,CIN5,0.19,0.0019,238,YFL031W_cluster,YFL031W_cluster,YFL031W_cluster,0.0019
YFL031W,YOR113W,HAC1,AZF1,0.63,0.0063,238,YFL031W_cluster,YFL031W_cluster,YFL031W_cluster,0.0063
YFL031W,YOR140W,HAC1,SFL1,0.3,0.003,238,YFL031W_cluster,YFL031W_cluster,YFL031W_cluster,0.003
YFL031W,YOR162C,HAC1,YRR1,0.0,0.0,238,YFL031W_cluster,YFL031W_cluster,YFL031W_cluster,0.0
YFL031W,YOR337W,HAC1,TEA1,0.2,0.002,238,YFL031W_cluster,YFL031W_cluster,YFL031W_cluster,0.002
YFL031W,YOR344C,HAC1,TYE7,0.39,0.0039,238,YFL031W_cluster,YFL031W_cluster,YFL031W_cluster,0.0039
YFL031W,YOR358W,HAC1,HAP5,0.21,0.0021,238,YFL031W_cluster,YFL031W_cluster,YFL031W_cluster,0.0021
YFL031W,YOR363C,HAC1,PIP2,0.33,0.0033,238,YFL031W_cluster,YFL031W_cluster,YFL031W_cluster,0.0033
YFL031W,YPL038W,HAC1,MET31,0.0,0.0,177,YFL031W_cluster,YFL031W_cluster,YFL031W_cluster,0.0
YFL031W,YPL075W,HAC1,GCR1,0.0,0.0,238,YFL031W_cluster,YFL031W_cluster,YFL031W_cluster,0.0
YFL031W,YPL089C,HAC1,RLM1,0.0,0.0,238,YFL031W_cluster,YFL031W_cluster,YFL031W_cluster,0.0
YFL031W,YPL133C,HAC1,RDS2,0.3,0.003,238,YFL031W_cluster,YFL031W_cluster,YFL031W_cluster,0.003
YFL031W,YPL202C,HAC1,AFT2,0.31,0.0031,238,YFL031W_cluster,YFL031W_cluster,YFL031W_cluster,0.0031
YFL031W,YPL230W,HAC1,USV1,0.5,0.005,238,YFL031W_cluster,YFL031W_cluster,YFL031W_cluster,0.005
YFL031W,YPL248C,HAC1,GAL4,0.09,0.0009,238,YFL031W_cluster,YFL031W_cluster,YFL031W_cluster,0.0009
YFL031W,YPR008W,HAC1,HAA1,0.44,0.0044,238,YFL031W_cluster,YFL031W_cluster,YFL031W_cluster,0.0044
YFL031W,YPR065W,HAC1,ROX1,0.0,0.0,238,YFL031W_cluster,YFL031W_cluster,YFL031W_cluster,0.0
YFL031W,YPR199C,HAC1,ARR1,0.57,0.0057,238,YFL031W_cluster,YFL031W_cluster,YFL031W_cluster,0.0057
YFL052W,YFR034C,ZNF1,PHO4,0.26,0.0026,312,YFL052W_cluster,YFL052W_cluster,YFL052W_cluster,0.0026
YFL052W,YGL013C,ZNF1,PDR1,0.6,0.006,465,YFL052W_cluster,YFL052W_cluster,YFL052W_cluster,0.006
YFL052W,YGL035C,ZNF1,MIG1,0.11,0.0011,465,YFL052W_cluster,YFL052W_cluster,YFL052W_cluster,0.0011
YFL052W,YGL071W,ZNF1,AFT1,0.26,0.0026,465,YFL052W_cluster,YFL052W_cluster,YFL052W_cluster,0.0026
YFL052W,YGL073W,ZNF1,HSF1,0.08,0.0008,465,YFL052W_cluster,YFL052W_cluster,YFL052W_cluster,0.0008
YFL052W,YGL162W,ZNF1,SUT1,0.4,0.004,299,YFL052W_cluster,YFL052W_cluster,YFL052W_cluster,0.004
YFL052W,YGL166W,ZNF1,CUP2,0.44,0.0044,225,YFL052W_cluster,YFL052W_cluster,YFL052W_cluster,0.0044
YFL052W,YGL209W,ZNF1,MIG2,0.48,0.0048,382,YFL052W_cluster,YFL052W_cluster,YFL052W_cluster,0.0048
YFL052W,YGL237C,ZNF1,HAP2,0.0,0.0,265,YFL052W_cluster,YFL052W_cluster,YFL052W_cluster,0.0
YFL052W,YGL254W,ZNF1,FZF1,0.13,0.0013,299,YFL052W_cluster,YFL052W_cluster,YFL052W_cluster,0.0013
YFL052W,YGR044C,ZNF1,RME1,0.4,0.004,300,YFL052W_cluster,YFL052W_cluster,YFL052W_cluster,0.004
YFL052W,YHL009C,ZNF1,YAP3,0.38,0.0038,330,YFL052W_cluster,YFL052W_cluster,YFL052W_cluster,0.0038
YFL052W,YHL027W,ZNF1,RIM101,0.47,0.0047,465,YFL052W_cluster,YFL052W_cluster,YFL052W_cluster,0.0047
YFL052W,YHR006W,ZNF1,STP2,0.2,0.002,465,YFL052W_cluster,YFL052W_cluster,YFL052W_cluster,0.002
YFL052W,YHR084W,ZNF1,STE12,0.44,0.0044,465,YFL052W_cluster,YFL052W_cluster,YFL052W_cluster,0.0044
YFL052W,YHR124W,ZNF1,NDT80,0.37,0.0037,465,YFL052W_cluster,YFL052W_cluster,YFL052W_cluster,0.0037
YFL052W,YHR177W,ZNF1,ROF1,0.22,0.0022,453,YFL052W_cluster,YFL052W_cluster,YFL052W_cluster,0.0022
YFL052W,YHR178W,ZNF1,STB5,0.17,0.0017,465,YFL052W_cluster,YFL052W_cluster,YFL052W_cluster,0.0017
YFL052W,YHR206W,ZNF1,SKN7,0.19,0.0019,465,YFL052W_cluster,YFL052W_cluster,YFL052W_cluster,0.0019
YFL052W,YIL036W,ZNF1,CST6,0.38,0.0038,465,YFL052W_cluster,YFL052W_cluster,YFL052W_cluster,0.0038
YFL052W,YIL101C,ZNF1,XBP1,0.27,0.0027,465,YFL052W_cluster,YFL052W_cluster,YFL052W_cluster,0.0027
YFL052W,YIL131C,ZNF1,FKH1,0.43,0.0043,465,YFL052W_cluster,YFL052W_cluster,YFL052W_cluster,0.0043
YFL052W,YIR018W,ZNF1,YAP5,0.0,0.0,245,YFL052W_cluster,YFL052W_cluster,YFL052W_cluster,0.0
YFL052W,YIR023W,ZNF1,DAL81,0.51,0.0051,465,YFL052W_cluster,YFL052W_cluster,YFL052W_cluster,0.0051
YFL052W,YJL056C,ZNF1,ZAP1,0.45,0.0045,465,YFL052W_cluster,YFL052W_cluster,YFL052W_cluster,0.0045
YFL052W,YJL089W,ZNF1,SIP4,0.88,0.0088,465,YFL052W_cluster,YFL052W_cluster,YFL052W_cluster,0.0088
YFL052W,YJL103C,ZNF1,GSM1,0.09,0.0009,465,YFL052W_cluster,YFL052W_cluster,YFL052W_cluster,0.0009
YFL052W,YJL110C,ZNF1,GZF3,0.2,0.002,465,YFL052W_cluster,YFL052W_cluster,YFL052W_cluster,0.002
YFL052W,YJR060W,ZNF1,CBF1,0.12,0.0012,351,YFL052W_cluster,YFL052W_cluster,YFL052W_cluster,0.0012
YFL052W,YJR094C,ZNF1,IME1,0.49,0.0049,360,YFL052W_cluster,YFL052W_cluster,YFL052W_cluster,0.0049
YFL052W,YKL015W,ZNF1,PUT3,0.35,0.0035,465,YFL052W_cluster,YFL052W_cluster,YFL052W_cluster,0.0035
YFL052W,YKL032C,ZNF1,IXR1,0.21,0.0021,465,YFL052W_cluster,YFL052W_cluster,YFL052W_cluster,0.0021
YFL052W,YKL038W,ZNF1,RGT1,0.25,0.0025,465,YFL052W_cluster,YFL052W_cluster,YFL052W_cluster,0.0025
YFL052W,YKL062W,ZNF1,MSN4,0.28,0.0028,465,YFL052W_cluster,YFL052W_cluster,YFL052W_cluster,0.0028
YFL052W,YKL109W,ZNF1,HAP4,0.3,0.003,465,YFL052W_cluster,YFL052W_cluster,YFL052W_cluster,0.003
YFL052W,YKL112W,ZNF1,ABF1,0.17,0.0017,465,YFL052W_cluster,YFL052W_cluster,YFL052W_cluster,0.0017
YFL052W,YKL185W,ZNF1,ASH1,0.19,0.0019,465,YFL052W_cluster,YFL052W_cluster,YFL052W_cluster,0.0019
YFL052W,YKR034W,ZNF1,DAL80,0.55,0.0055,269,YFL052W_cluster,YFL052W_cluster,YFL052W_cluster,0.0055
YFL052W,YKR099W,ZNF1,BAS1,0.24,0.0024,465,YFL052W_cluster,YFL052W_cluster,YFL052W_cluster,0.0024
YFL052W,YLR014C,ZNF1,PPR1,0.37,0.0037,465,YFL052W_cluster,YFL052W_cluster,YFL052W_cluster,0.0037
YFL052W,YLR098C,ZNF1,CHA4,0.64,0.0064,465,YFL052W_cluster,YFL052W_cluster,YFL052W_cluster,0.0064
YFL052W,YLR131C,ZNF1,ACE2,0.16,0.0016,465,YFL052W_cluster,YFL052W_cluster,YFL052W_cluster,0.0016
YFL052W,YLR176C,ZNF1,RFX1,0.72,0.0072,465,YFL052W_cluster,YFL052W_cluster,YFL052W_cluster,0.0072
YFL052W,YLR228C,ZNF1,ECM22,0.64,0.0064,465,YFL052W_cluster,YFL052W_cluster,YFL052W_cluster,0.0064
YFL052W,YLR256W,ZNF1,HAP1,0.31,0.0031,465,YFL052W_cluster,YFL052W_cluster,YFL052W_cluster,0.0031
YFL052W,YLR266C,ZNF1,PDR8,0.35,0.0035,465,YFL052W_cluster,YFL052W_cluster,YFL052W_cluster,0.0035
YFL052W,YLR451W,ZNF1,LEU3,0.3,0.003,465,YFL052W_cluster,YFL052W_cluster,YFL052W_cluster,0.003
YFL052W,YML007W,ZNF1,YAP1,0.65,0.0065,465,YFL052W_cluster,YFL052W_cluster,YFL052W_cluster,0.0065
YFL052W,YML076C,ZNF1,WAR1,0.58,0.0058,465,YFL052W_cluster,YFL052W_cluster,YFL052W_cluster,0.0058
YFL052W,YML081W,ZNF1,TDA9,0.41,0.0041,465,YFL052W_cluster,YFL052W_cluster,YFL052W_cluster,0.0041
YFL052W,YML099C,ZNF1,ARG81,0.83,0.0083,465,YFL052W_cluster,YFL052W_cluster,YFL052W_cluster,0.0083
YFL052W,YMR019W,ZNF1,STB4,0.14,0.0014,465,YFL052W_cluster,YFL052W_cluster,YFL052W_cluster,0.0014
YFL052W,YMR021C,ZNF1,MAC1,0.34,0.0034,417,YFL052W_cluster,YFL052W_cluster,YFL052W_cluster,0.0034
YFL052W,YMR037C,ZNF1,MSN2,0.17,0.0017,465,YFL052W_cluster,YFL052W_cluster,YFL052W_cluster,0.0017
YFL052W,YMR042W,ZNF1,ARG80,0.16,0.0016,177,YFL052W_cluster,YFL052W_cluster,YFL052W_cluster,0.0016
YFL052W,YMR043W,ZNF1,MCM1,0.14,0.0014,286,YFL052W_cluster,YFL052W_cluster,YFL052W_cluster,0.0014
YFL052W,YMR070W,ZNF1,MOT3,0.0,0.0,465,YFL052W_cluster,YFL052W_cluster,YFL052W_cluster,0.0
YFL052W,YMR164C,ZNF1,MSS11,0.35,0.0035,465,YFL052W_cluster,YFL052W_cluster,YFL052W_cluster,0.0035
YFL052W,YMR172W,ZNF1,HOT1,0.0,0.0,465,YFL052W_cluster,YFL052W_cluster,YFL052W_cluster,0.0
YFL052W,YMR280C,ZNF1,CAT8,0.65,0.0065,465,YFL052W_cluster,YFL052W_cluster,YFL052W_cluster,0.0065
YFL052W,YNL027W,ZNF1,CRZ1,0.18,0.0018,465,YFL052W_cluster,YFL052W_cluster,YFL052W_cluster,0.0018
YFL052W,YNL068C,ZNF1,FKH2,0.23,0.0023,465,YFL052W_cluster,YFL052W_cluster,YFL052W_cluster,0.0023
YFL052W,YNL103W,ZNF1,MET4,0.45,0.0045,465,YFL052W_cluster,YFL052W_cluster,YFL052W_cluster,0.0045
YFL052W,YNL167C,ZNF1,SKO1,0.09,0.0009,465,YFL052W_cluster,YFL052W_cluster,YFL052W_cluster,0.0009
YFL052W,YNL199C,ZNF1,GCR2,0.51,0.0051,465,YFL052W_cluster,YFL052W_cluster,YFL052W_cluster,0.0051
YFL052W,YNL216W,ZNF1,RAP1,0.32,0.0032,465,YFL052W_cluster,YFL052W_cluster,YFL052W_cluster,0.0032
YFL052W,YNL314W,ZNF1,DAL82,0.14,0.0014,255,YFL052W_cluster,YFL052W_cluster,YFL052W_cluster,0.0014
YFL052W,YOL067C,ZNF1,RTG1,0.16,0.0016,177,YFL052W_cluster,YFL052W_cluster,YFL052W_cluster,0.0016
YFL052W,YOL108C,ZNF1,INO4,0.0,0.0,151,YFL052W_cluster,YFL052W_cluster,YFL052W_cluster,0.0
YFL052W,YOR028C,ZNF1,CIN5,0.13,0.0013,295,YFL052W_cluster,YFL052W_cluster,YFL052W_cluster,0.0013
YFL052W,YOR113W,ZNF1,AZF1,0.22,0.0022,465,YFL052W_cluster,YFL052W_cluster,YFL052W_cluster,0.0022
YFL052W,YOR140W,ZNF1,SFL1,0.5,0.005,465,YFL052W_cluster,YFL052W_cluster,YFL052W_cluster,0.005
YFL052W,YOR162C,ZNF1,YRR1,0.4,0.004,465,YFL052W_cluster,YFL052W_cluster,YFL052W_cluster,0.004
YFL052W,YOR337W,ZNF1,TEA1,0.5,0.005,465,YFL052W_cluster,YFL052W_cluster,YFL052W_cluster,0.005
YFL052W,YOR344C,ZNF1,TYE7,0.13,0.0013,291,YFL052W_cluster,YFL052W_cluster,YFL052W_cluster,0.0013
YFL052W,YOR358W,ZNF1,HAP5,0.14,0.0014,242,YFL052W_cluster,YFL052W_cluster,YFL052W_cluster,0.0014
YFL052W,YOR363C,ZNF1,PIP2,0.42,0.0042,465,YFL052W_cluster,YFL052W_cluster,YFL052W_cluster,0.0042
YFL052W,YPL038W,ZNF1,MET31,0.16,0.0016,177,YFL052W_cluster,YFL052W_cluster,YFL052W_cluster,0.0016
YFL052W,YPL075W,ZNF1,GCR1,0.65,0.0065,465,YFL052W_cluster,YFL052W_cluster,YFL052W_cluster,0.0065
YFL052W,YPL089C,ZNF1,RLM1,0.36,0.0036,465,YFL052W_cluster,YFL052W_cluster,YFL052W_cluster,0.0036
YFL052W,YPL133C,ZNF1,RDS2,0.11,0.0011,446,YFL052W_cluster,YFL052W_cluster,YFL052W_cluster,0.0011
YFL052W,YPL202C,ZNF1,AFT2,0.58,0.0058,416,YFL052W_cluster,YFL052W_cluster,YFL052W_cluster,0.0058
YFL052W,YPL230W,ZNF1,USV1,0.12,0.0012,391,YFL052W_cluster,YFL052W_cluster,YFL052W_cluster,0.0012
YFL052W,YPL248C,ZNF1,GAL4,0.6,0.006,465,YFL052W_cluster,YFL052W_cluster,YFL052W_cluster,0.006
YFL052W,YPR008W,ZNF1,HAA1,0.62,0.0062,465,YFL052W_cluster,YFL052W_cluster,YFL052W_cluster,0.0062
YFL052W,YPR065W,ZNF1,ROX1,0.12,0.0012,368,YFL052W_cluster,YFL052W_cluster,YFL052W_cluster,0.0012
YFL052W,YPR199C,ZNF1,ARR1,0.53,0.0053,294,YFL052W_cluster,YFL052W_cluster,YFL052W_cluster,0.0053
YFR034C,YGL013C,PHO4,PDR1,0.3,0.003,312,YFR034C_cluster,YFR034C_cluster,YFR034C_cluster,0.003
YFR034C,YGL035C,PHO4,MIG1,0.89,0.0089,312,YFR034C_cluster,YFR034C_cluster,YFR034C_cluster,0.0089
YFR034C,YGL071W,PHO4,AFT1,0.51,0.0051,312,YFR034C_cluster,YFR034C_cluster,YFR034C_cluster,0.0051
YFR034C,YGL073W,PHO4,HSF1,0.72,0.0072,312,YFR034C_cluster,YFR034C_cluster,YFR034C_cluster,0.0072
YFR034C,YGL162W,PHO4,SUT1,0.67,0.0067,299,YFR034C_cluster,YFR034C_cluster,YFR034C_cluster,0.0067
YFR034C,YGL166W,PHO4,CUP2,0.19,0.0019,225,YFR034C_cluster,YFR034C_cluster,YFR034C_cluster,0.0019
YFR034C,YGL209W,PHO4,MIG2,0.29,0.0029,312,YFR034C_cluster,YFR034C_cluster,YFR034C_cluster,0.0029
YFR034C,YGL237C,PHO4,HAP2,0.55,0.0055,265,YFR034C_cluster,YFR034C_cluster,YFR034C_cluster,0.0055
YFR034C,YGL254W,PHO4,FZF1,0.17,0.0017,299,YFR034C_cluster,YFR034C_cluster,YFR034C_cluster,0.0017
YFR034C,YGR044C,PHO4,RME1,0.0,0.0,300,YFR034C_cluster,YFR034C_cluster,YFR034C_cluster,0.0
YFR034C,YHL009C,PHO4,YAP3,0.16,0.0016,312,YFR034C_cluster,YFR034C_cluster,YFR034C_cluster,0.0016
YFR034C,YHL027W,PHO4,RIM101,0.55,0.0055,312,YFR034C_cluster,YFR034C_cluster,YFR034C_cluster,0.0055
YFR034C,YHR006W,PHO4,STP2,0.12,0.0012,312,YFR034C_cluster,YFR034C_cluster,YFR034C_cluster,0.0012
YFR034C,YHR084W,PHO4,STE12,0.41,0.0041,312,YFR034C_cluster,YFR034C_cluster,YFR034C_cluster,0.0041
YFR034C,YHR124W,PHO4,NDT80,0.33,0.0033,312,YFR034C_cluster,YFR034C_cluster,YFR034C_cluster,0.0033
YFR034C,YHR177W,PHO4,ROF1,0.27,0.0027,312,YFR034C_cluster,YFR034C_cluster,YFR034C_cluster,0.0027
YFR034C,YHR178W,PHO4,STB5,0.68,0.0068,312,YFR034C_cluster,YFR034C_cluster,YFR034C_cluster,0.0068
YFR034C,YHR206W,PHO4,SKN7,0.66,0.0066,312,YFR034C_cluster,YFR034C_cluster,YFR034C_cluster,0.0066
YFR034C,YIL036W,PHO4,CST6,0.45,0.0045,312,YFR034C_cluster,YFR034C_cluster,YFR034C_cluster,0.0045
YFR034C,YIL101C,PHO4,XBP1,0.32,0.0032,312,YFR034C_cluster,YFR034C_cluster,YFR034C_cluster,0.0032
YFR034C,YIL131C,PHO4,FKH1,0.39,0.0039,312,YFR034C_cluster,YFR034C_cluster,YFR034C_cluster,0.0039
YFR034C,YIR018W,PHO4,YAP5,0.18,0.0018,245,YFR034C_cluster,YFR034C_cluster,YFR034C_cluster,0.0018
YFR034C,YIR023W,PHO4,DAL81,0.41,0.0041,312,YFR034C_cluster,YFR034C_cluster,YFR034C_cluster,0.0041
YFR034C,YJL056C,PHO4,ZAP1,0.6,0.006,312,YFR034C_cluster,YFR034C_cluster,YFR034C_cluster,0.006
YFR034C,YJL089W,PHO4,SIP4,0.45,0.0045,312,YFR034C_cluster,YFR034C_cluster,YFR034C_cluster,0.0045
YFR034C,YJL103C,PHO4,GSM1,0.33,0.0033,312,YFR034C_cluster,YFR034C_cluster,YFR034C_cluster,0.0033
YFR034C,YJL110C,PHO4,GZF3,0.48,0.0048,312,YFR034C_cluster,YFR034C_cluster,YFR034C_cluster,0.0048
YFR034C,YJR060W,PHO4,CBF1,0.0,0.0,312,YFR034C_cluster,YFR034C_cluster,YFR034C_cluster,0.0
YFR034C,YJR094C,PHO4,IME1,0.15,0.0015,312,YFR034C_cluster,YFR034C_cluster,YFR034C_cluster,0.0015
YFR034C,YKL015W,PHO4,PUT3,0.16,0.0016,312,YFR034C_cluster,YFR034C_cluster,YFR034C_cluster,0.0016
YFR034C,YKL032C,PHO4,IXR1,0.37,0.0037,312,YFR034C_cluster,YFR034C_cluster,YFR034C_cluster,0.0037
YFR034C,YKL038W,PHO4,RGT1,0.55,0.0055,312,YFR034C_cluster,YFR034C_cluster,YFR034C_cluster,0.0055
YFR034C,YKL062W,PHO4,MSN4,0.54,0.0054,312,YFR034C_cluster,YFR034C_cluster,YFR034C_cluster,0.0054
YFR034C,YKL109W,PHO4,HAP4,0.83,0.0083,312,YFR034C_cluster,YFR034C_cluster,YFR034C_cluster,0.0083
YFR034C,YKL112W,PHO4,ABF1,0.4,0.004,312,YFR034C_cluster,YFR034C_cluster,YFR034C_cluster,0.004
YFR034C,YKL185W,PHO4,ASH1,0.8,0.008,312,YFR034C_cluster,YFR034C_cluster,YFR034C_cluster,0.008
YFR034C,YKR034W,PHO4,DAL80,0.18,0.0018,269,YFR034C_cluster,YFR034C_cluster,YFR034C_cluster,0.0018
YFR034C,YKR099W,PHO4,BAS1,0.18,0.0018,312,YFR034C_cluster,YFR034C_cluster,YFR034C_cluster,0.0018
YFR034C,YLR014C,PHO4,PPR1,0.25,0.0025,312,YFR034C_cluster,YFR034C_cluster,YFR034C_cluster,0.0025
YFR034C,YLR098C,PHO4,CHA4,0.97,0.0097,312,YFR034C_cluster,YFR034C_cluster,YFR034C_cluster,0.0097
YFR034C,YLR131C,PHO4,ACE2,0.28,0.0028,312,YFR034C_cluster,YFR034C_cluster,YFR034C_cluster,0.0028
YFR034C,YLR176C,PHO4,RFX1,0.18,0.0018,312,YFR034C_cluster,YFR034C_cluster,YFR034C_cluster,0.0018
YFR034C,YLR228C,PHO4,ECM22,0.73,0.0073,312,YFR034C_cluster,YFR034C_cluster,YFR034C_cluster,0.0073
YFR034C,YLR256W,PHO4,HAP1,0.4,0.004,312,YFR034C_cluster,YFR034C_cluster,YFR034C_cluster,0.004
YFR034C,YLR266C,PHO4,PDR8,0.4,0.004,312,YFR034C_cluster,YFR034C_cluster,YFR034C_cluster,0.004
YFR034C,YLR451W,PHO4,LEU3,0.17,0.0017,312,YFR034C_cluster,YFR034C_cluster,YFR034C_cluster,0.0017
YFR034C,YML007W,PHO4,YAP1,0.54,0.0054,312,YFR034C_cluster,YFR034C_cluster,YFR034C_cluster,0.0054
YFR034C,YML076C,PHO4,WAR1,0.32,0.0032,312,YFR034C_cluster,YFR034C_cluster,YFR034C_cluster,0.0032
YFR034C,YML081W,PHO4,TDA9,0.52,0.0052,312,YFR034C_cluster,YFR034C_cluster,YFR034C_cluster,0.0052
YFR034C,YML099C,PHO4,ARG81,0.69,0.0069,312,YFR034C_cluster,YFR034C_cluster,YFR034C_cluster,0.0069
YFR034C,YMR019W,PHO4,STB4,0.32,0.0032,312,YFR034C_cluster,YFR034C_cluster,YFR034C_cluster,0.0032
YFR034C,YMR021C,PHO4,MAC1,0.28,0.0028,312,YFR034C_cluster,YFR034C_cluster,YFR034C_cluster,0.0028
YFR034C,YMR037C,PHO4,MSN2,0.61,0.0061,312,YFR034C_cluster,YFR034C_cluster,YFR034C_cluster,0.0061
YFR034C,YMR042W,PHO4,ARG80,0.42,0.0042,177,YFR034C_cluster,YFR034C_cluster,YFR034C_cluster,0.0042
YFR034C,YMR043W,PHO4,MCM1,0.56,0.0056,286,YFR034C_cluster,YFR034C_cluster,YFR034C_cluster,0.0056
YFR034C,YMR070W,PHO4,MOT3,0.83,0.0083,312,YFR034C_cluster,YFR034C_cluster,YFR034C_cluster,0.0083
YFR034C,YMR164C,PHO4,MSS11,0.51,0.0051,312,YFR034C_cluster,YFR034C_cluster,YFR034C_cluster,0.0051
YFR034C,YMR172W,PHO4,HOT1,1.01,0.0101,312,YFR034C_cluster,YFR034C_cluster,YFR034C_cluster,0.0101
YFR034C,YMR280C,PHO4,CAT8,0.77,0.0077,312,YFR034C_cluster,YFR034C_cluster,YFR034C_cluster,0.0077
YFR034C,YNL027W,PHO4,CRZ1,0.53,0.0053,312,YFR034C_cluster,YFR034C_cluster,YFR034C_cluster,0.0053
YFR034C,YNL068C,PHO4,FKH2,0.35,0.0035,312,YFR034C_cluster,YFR034C_cluster,YFR034C_cluster,0.0035
YFR034C,YNL103W,PHO4,MET4,0.32,0.0032,312,YFR034C_cluster,YFR034C_cluster,YFR034C_cluster,0.0032
YFR034C,YNL167C,PHO4,SKO1,0.54,0.0054,312,YFR034C_cluster,YFR034C_cluster,YFR034C_cluster,0.0054
YFR034C,YNL199C,PHO4,GCR2,0.85,0.0085,312,YFR034C_cluster,YFR034C_cluster,YFR034C_cluster,0.0085
YFR034C,YNL216W,PHO4,RAP1,0.18,0.0018,312,YFR034C_cluster,YFR034C_cluster,YFR034C_cluster,0.0018
YFR034C,YNL314W,PHO4,DAL82,0.36,0.0036,255,YFR034C_cluster,YFR034C_cluster,YFR034C_cluster,0.0036
YFR034C,YOL067C,PHO4,RTG1,0.0,0.0,177,YFR034C_cluster,YFR034C_cluster,YFR034C_cluster,0.0
YFR034C,YOL108C,PHO4,INO4,0.22,0.0022,151,YFR034C_cluster,YFR034C_cluster,YFR034C_cluster,0.0022
YFR034C,YOR028C,PHO4,CIN5,1.02,0.0102,295,YFR034C_cluster,YFR034C_cluster,YFR034C_cluster,0.0102
YFR034C,YOR113W,PHO4,AZF1,0.42,0.0042,312,YFR034C_cluster,YFR034C_cluster,YFR034C_cluster,0.0042
YFR034C,YOR140W,PHO4,SFL1,0.38,0.0038,312,YFR034C_cluster,YFR034C_cluster,YFR034C_cluster,0.0038
YFR034C,YOR162C,PHO4,YRR1,0.36,0.0036,312,YFR034C_cluster,YFR034C_cluster,YFR034C_cluster,0.0036
YFR034C,YOR337W,PHO4,TEA1,0.38,0.0038,312,YFR034C_cluster,YFR034C_cluster,YFR034C_cluster,0.0038
YFR034C,YOR344C,PHO4,TYE7,0.51,0.0051,291,YFR034C_cluster,YFR034C_cluster,YFR034C_cluster,0.0051
YFR034C,YOR358W,PHO4,HAP5,0.18,0.0018,242,YFR034C_cluster,YFR034C_cluster,YFR034C_cluster,0.0018
YFR034C,YOR363C,PHO4,PIP2,0.23,0.0023,312,YFR034C_cluster,YFR034C_cluster,YFR034C_cluster,0.0023
YFR034C,YPL038W,PHO4,MET31,0.0,0.0,177,YFR034C_cluster,YFR034C_cluster,YFR034C_cluster,0.0
YFR034C,YPL075W,PHO4,GCR1,0.37,0.0037,312,YFR034C_cluster,YFR034C_cluster,YFR034C_cluster,0.0037
YFR034C,YPL089C,PHO4,RLM1,0.43,0.0043,312,YFR034C_cluster,YFR034C_cluster,YFR034C_cluster,0.0043
YFR034C,YPL133C,PHO4,RDS2,0.4,0.004,312,YFR034C_cluster,YFR034C_cluster,YFR034C_cluster,0.004
YFR034C,YPL202C,PHO4,AFT2,0.42,0.0042,312,YFR034C_cluster,YFR034C_cluster,YFR034C_cluster,0.0042
YFR034C,YPL230W,PHO4,USV1,0.3,0.003,312,YFR034C_cluster,YFR034C_cluster,YFR034C_cluster,0.003
YFR034C,YPL248C,PHO4,GAL4,0.51,0.0051,312,YFR034C_cluster,YFR034C_cluster,YFR034C_cluster,0.0051
YFR034C,YPR008W,PHO4,HAA1,0.41,0.0041,312,YFR034C_cluster,YFR034C_cluster,YFR034C_cluster,0.0041
YFR034C,YPR065W,PHO4,ROX1,1.39,0.0139,312,YFR034C_cluster,YFR034C_cluster,YFR034C_cluster,0.0139
YFR034C,YPR199C,PHO4,ARR1,0.0,0.0,294,YFR034C_cluster,YFR034C_cluster,YFR034C_cluster,0.0
YGL013C,YGL035C,PDR1,MIG1,0.52,0.0052,504,YGL013C_cluster,YGL013C_cluster,YGL013C_cluster,0.0052
YGL013C,YGL071W,PDR1,AFT1,0.76,0.0076,690,YGL013C_cluster,YGL013C_cluster,YGL013C_cluster,0.0076
YGL013C,YGL073W,PDR1,HSF1,1.14,0.0114,833,YGL013C_cluster,YGL013C_cluster,YGL013C_cluster,0.0114
YGL013C,YGL162W,PDR1,SUT1,0.67,0.0067,299,YGL013C_cluster,YGL013C_cluster,YGL013C_cluster,0.0067
YGL013C,YGL166W,PDR1,CUP2,0.39,0.0039,225,YGL013C_cluster,YGL013C_cluster,YGL013C_cluster,0.0039
YGL013C,YGL209W,PDR1,MIG2,0.49,0.0049,382,YGL013C_cluster,YGL013C_cluster,YGL013C_cluster,0.0049
YGL013C,YGL237C,PDR1,HAP2,0.23,0.0023,265,YGL013C_cluster,YGL013C_cluster,YGL013C_cluster,0.0023
YGL013C,YGL254W,PDR1,FZF1,0.45,0.0045,299,YGL013C_cluster,YGL013C_cluster,YGL013C_cluster,0.0045
YGL013C,YGR044C,PDR1,RME1,0.37,0.0037,300,YGL013C_cluster,YGL013C_cluster,YGL013C_cluster,0.0037
YGL013C,YHL009C,PDR1,YAP3,0.36,0.0036,330,YGL013C_cluster,YGL013C_cluster,YGL013C_cluster,0.0036
YGL013C,YHL027W,PDR1,RIM101,0.48,0.0048,625,YGL013C_cluster,YGL013C_cluster,YGL013C_cluster,0.0048
YGL013C,YHR006W,PDR1,STP2,0.13,0.0013,541,YGL013C_cluster,YGL013C_cluster,YGL013C_cluster,0.0013
YGL013C,YHR084W,PDR1,STE12,0.7,0.007,688,YGL013C_cluster,YGL013C_cluster,YGL013C_cluster,0.007
YGL013C,YHR124W,PDR1,NDT80,0.48,0.0048,627,YGL013C_cluster,YGL013C_cluster,YGL013C_cluster,0.0048
YGL013C,YHR177W,PDR1,ROF1,0.33,0.0033,453,YGL013C_cluster,YGL013C_cluster,YGL013C_cluster,0.0033
YGL013C,YHR178W,PDR1,STB5,0.56,0.0056,743,YGL013C_cluster,YGL013C_cluster,YGL013C_cluster,0.0056
YGL013C,YHR206W,PDR1,SKN7,0.6,0.006,622,YGL013C_cluster,YGL013C_cluster,YGL013C_cluster,0.006
YGL013C,YIL036W,PDR1,CST6,0.43,0.0043,587,YGL013C_cluster,YGL013C_cluster,YGL013C_cluster,0.0043
YGL013C,YIL101C,PDR1,XBP1,0.6,0.006,647,YGL013C_cluster,YGL013C_cluster,YGL013C_cluster,0.006
YGL013C,YIL131C,PDR1,FKH1,0.39,0.0039,484,YGL013C_cluster,YGL013C_cluster,YGL013C_cluster,0.0039
YGL013C,YIR018W,PDR1,YAP5,0.23,0.0023,245,YGL013C_cluster,YGL013C_cluster,YGL013C_cluster,0.0023
YGL013C,YIR023W,PDR1,DAL81,0.92,0.0092,970,YGL013C_cluster,YGL013C_cluster,YGL013C_cluster,0.0092
YGL013C,YJL056C,PDR1,ZAP1,0.68,0.0068,880,YGL013C_cluster,YGL013C_cluster,YGL013C_cluster,0.0068
YGL013C,YJL089W,PDR1,SIP4,0.98,0.0098,829,YGL013C_cluster,YGL013C_cluster,YGL013C_cluster,0.0098
YGL013C,YJL103C,PDR1,GSM1,0.3,0.003,618,YGL013C_cluster,YGL013C_cluster,YGL013C_cluster,0.003
YGL013C,YJL110C,PDR1,GZF3,0.76,0.0076,551,YGL013C_cluster,YGL013C_cluster,YGL013C_cluster,0.0076
YGL013C,YJR060W,PDR1,CBF1,0.65,0.0065,351,YGL013C_cluster,YGL013C_cluster,YGL013C_cluster,0.0065
YGL013C,YJR094C,PDR1,IME1,0.5,0.005,360,YGL013C_cluster,YGL013C_cluster,YGL013C_cluster,0.005
YGL013C,YKL015W,PDR1,PUT3,0.9,0.009,979,YGL013C_cluster,YGL013C_cluster,YGL013C_cluster,0.009
YGL013C,YKL032C,PDR1,IXR1,0.64,0.0064,597,YGL013C_cluster,YGL013C_cluster,YGL013C_cluster,0.0064
YGL013C,YKL038W,PDR1,RGT1,1.24,0.0124,1068,YGL013C_cluster,YGL013C_cluster,YGL013C_cluster,0.0124
YGL013C,YKL062W,PDR1,MSN4,1.39,0.0139,630,YGL013C_cluster,YGL013C_cluster,YGL013C_cluster,0.0139
YGL013C,YKL109W,PDR1,HAP4,0.57,0.0057,554,YGL013C_cluster,YGL013C_cluster,YGL013C_cluster,0.0057
YGL013C,YKL112W,PDR1,ABF1,1.2,0.012,731,YGL013C_cluster,YGL013C_cluster,YGL013C_cluster,0.012
YGL013C,YKL185W,PDR1,ASH1,0.56,0.0056,588,YGL013C_cluster,YGL013C_cluster,YGL013C_cluster,0.0056
YGL013C,YKR034W,PDR1,DAL80,0.3,0.003,269,YGL013C_cluster,YGL013C_cluster,YGL013C_cluster,0.003
YGL013C,YKR099W,PDR1,BAS1,0.49,0.0049,811,YGL013C_cluster,YGL013C_cluster,YGL013C_cluster,0.0049
YGL013C,YLR014C,PDR1,PPR1,0.67,0.0067,904,YGL013C_cluster,YGL013C_cluster,YGL013C_cluster,0.0067
YGL013C,YLR098C,PDR1,CHA4,0.84,0.0084,648,YGL013C_cluster,YGL013C_cluster,YGL013C_cluster,0.0084
YGL013C,YLR131C,PDR1,ACE2,1.0,0.01,770,YGL013C_cluster,YGL013C_cluster,YGL013C_cluster,0.01
YGL013C,YLR176C,PDR1,RFX1,0.76,0.0076,811,YGL013C_cluster,YGL013C_cluster,YGL013C_cluster,0.0076
YGL013C,YLR228C,PDR1,ECM22,0.82,0.0082,814,YGL013C_cluster,YGL013C_cluster,YGL013C_cluster,0.0082
YGL013C,YLR256W,PDR1,HAP1,1.21,0.0121,1068,YGL013C_cluster,YGL013C_cluster,YGL013C_cluster,0.0121
YGL013C,YLR266C,PDR1,PDR8,0.93,0.0093,701,YGL013C_cluster,YGL013C_cluster,YGL013C_cluster,0.0093
YGL013C,YLR451W,PDR1,LEU3,0.78,0.0078,886,YGL013C_cluster,YGL013C_cluster,YGL013C_cluster,0.0078
YGL013C,YML007W,PDR1,YAP1,0.6,0.006,650,YGL013C_cluster,YGL013C_cluster,YGL013C_cluster,0.006
YGL013C,YML076C,PDR1,WAR1,1.02,0.0102,944,YGL013C_cluster,YGL013C_cluster,YGL013C_cluster,0.0102
YGL013C,YML081W,PDR1,TDA9,0.93,0.0093,1068,YGL013C_cluster,YGL013C_cluster,YGL013C_cluster,0.0093
YGL013C,YML099C,PDR1,ARG81,0.68,0.0068,880,YGL013C_cluster,YGL013C_cluster,YGL013C_cluster,0.0068
YGL013C,YMR019W,PDR1,STB4,0.55,0.0055,949,YGL013C_cluster,YGL013C_cluster,YGL013C_cluster,0.0055
YGL013C,YMR021C,PDR1,MAC1,0.14,0.0014,417,YGL013C_cluster,YGL013C_cluster,YGL013C_cluster,0.0014
YGL013C,YMR037C,PDR1,MSN2,1.16,0.0116,704,YGL013C_cluster,YGL013C_cluster,YGL013C_cluster,0.0116
YGL013C,YMR042W,PDR1,ARG80,0.41,0.0041,177,YGL013C_cluster,YGL013C_cluster,YGL013C_cluster,0.0041
YGL013C,YMR043W,PDR1,MCM1,0.31,0.0031,286,YGL013C_cluster,YGL013C_cluster,YGL013C_cluster,0.0031
YGL013C,YMR070W,PDR1,MOT3,0.41,0.0041,490,YGL013C_cluster,YGL013C_cluster,YGL013C_cluster,0.0041
YGL013C,YMR164C,PDR1,MSS11,0.99,0.0099,758,YGL013C_cluster,YGL013C_cluster,YGL013C_cluster,0.0099
YGL013C,YMR172W,PDR1,HOT1,0.81,0.0081,719,YGL013C_cluster,YGL013C_cluster,YGL013C_cluster,0.0081
YGL013C,YMR280C,PDR1,CAT8,1.07,0.0107,1068,YGL013C_cluster,YGL013C_cluster,YGL013C_cluster,0.0107
YGL013C,YNL027W,PDR1,CRZ1,1.31,0.0131,678,YGL013C_cluster,YGL013C_cluster,YGL013C_cluster,0.0131
YGL013C,YNL068C,PDR1,FKH2,0.85,0.0085,862,YGL013C_cluster,YGL013C_cluster,YGL013C_cluster,0.0085
YGL013C,YNL103W,PDR1,MET4,0.89,0.0089,672,YGL013C_cluster,YGL013C_cluster,YGL013C_cluster,0.0089
YGL013C,YNL167C,PDR1,SKO1,1.15,0.0115,647,YGL013C_cluster,YGL013C_cluster,YGL013C_cluster,0.0115
YGL013C,YNL199C,PDR1,GCR2,0.9,0.009,534,YGL013C_cluster,YGL013C_cluster,YGL013C_cluster,0.009
YGL013C,YNL216W,PDR1,RAP1,0.59,0.0059,827,YGL013C_cluster,YGL013C_cluster,YGL013C_cluster,0.0059
YGL013C,YNL314W,PDR1,DAL82,0.23,0.0023,255,YGL013C_cluster,YGL013C_cluster,YGL013C_cluster,0.0023
YGL013C,YOL067C,PDR1,RTG1,0.16,0.0016,177,YGL013C_cluster,YGL013C_cluster,YGL013C_cluster,0.0016
YGL013C,YOL108C,PDR1,INO4,0.17,0.0017,151,YGL013C_cluster,YGL013C_cluster,YGL013C_cluster,0.0017
YGL013C,YOR028C,PDR1,CIN5,0.37,0.0037,295,YGL013C_cluster,YGL013C_cluster,YGL013C_cluster,0.0037
YGL013C,YOR113W,PDR1,AZF1,1.15,0.0115,914,YGL013C_cluster,YGL013C_cluster,YGL013C_cluster,0.0115
YGL013C,YOR140W,PDR1,SFL1,0.89,0.0089,766,YGL013C_cluster,YGL013C_cluster,YGL013C_cluster,0.0089
YGL013C,YOR162C,PDR1,YRR1,0.38,0.0038,810,YGL013C_cluster,YGL013C_cluster,YGL013C_cluster,0.0038
YGL013C,YOR337W,PDR1,TEA1,0.84,0.0084,759,YGL013C_cluster,YGL013C_cluster,YGL013C_cluster,0.0084
YGL013C,YOR344C,PDR1,TYE7,0.75,0.0075,291,YGL013C_cluster,YGL013C_cluster,YGL013C_cluster,0.0075
YGL013C,YOR358W,PDR1,HAP5,0.23,0.0023,242,YGL013C_cluster,YGL013C_cluster,YGL013C_cluster,0.0023
YGL013C,YOR363C,PDR1,PIP2,0.89,0.0089,996,YGL013C_cluster,YGL013C_cluster,YGL013C_cluster,0.0089
YGL013C,YPL038W,PDR1,MET31,0.16,0.0016,177,YGL013C_cluster,YGL013C_cluster,YGL013C_cluster,0.0016
YGL013C,YPL075W,PDR1,GCR1,0.94,0.0094,785,YGL013C_cluster,YGL013C_cluster,YGL013C_cluster,0.0094
YGL013C,YPL089C,PDR1,RLM1,1.38,0.0138,676,YGL013C_cluster,YGL013C_cluster,YGL013C_cluster,0.0138
YGL013C,YPL133C,PDR1,RDS2,0.13,0.0013,446,YGL013C_cluster,YGL013C_cluster,YGL013C_cluster,0.0013
YGL013C,YPL202C,PDR1,AFT2,0.48,0.0048,416,YGL013C_cluster,YGL013C_cluster,YGL013C_cluster,0.0048
YGL013C,YPL230W,PDR1,USV1,0.78,0.0078,391,YGL013C_cluster,YGL013C_cluster,YGL013C_cluster,0.0078
YGL013C,YPL248C,PDR1,GAL4,0.63,0.0063,881,YGL013C_cluster,YGL013C_cluster,YGL013C_cluster,0.0063
YGL013C,YPR008W,PDR1,HAA1,1.52,0.0152,694,YGL013C_cluster,YGL013C_cluster,YGL013C_cluster,0.0152
YGL013C,YPR065W,PDR1,ROX1,0.93,0.0093,368,YGL013C_cluster,YGL013C_cluster,YGL013C_cluster,0.0093
YGL013C,YPR199C,PDR1,ARR1,0.3,0.003,294,YGL013C_cluster,YGL013C_cluster,YGL013C_cluster,0.003
YGL035C,YGL071W,MIG1,AFT1,1.13,0.0113,504,YGL035C_cluster,YGL035C_cluster,YGL035C_cluster,0.0113
YGL035C,YGL073W,MIG1,HSF1,0.46,0.0046,504,YGL035C_cluster,YGL035C_cluster,YGL035C_cluster,0.0046
YGL035C,YGL162W,MIG1,SUT1,1.16,0.0116,299,YGL035C_cluster,YGL035C_cluster,YGL035C_cluster,0.0116
YGL035C,YGL166W,MIG1,CUP2,0.57,0.0057,225,YGL035C_cluster,YGL035C_cluster,YGL035C_cluster,0.0057
YGL035C,YGL209W,MIG1,MIG2,2.13,0.0213,382,YGL035C_cluster,YGL035C_cluster,YGL035C_cluster,0.0213
YGL035C,YGL237C,MIG1,HAP2,0.27,0.0027,265,YGL035C_cluster,YGL035C_cluster,YGL035C_cluster,0.0027
YGL035C,YGL254W,MIG1,FZF1,0.26,0.0026,299,YGL035C_cluster,YGL035C_cluster,YGL035C_cluster,0.0026
YGL035C,YGR044C,MIG1,RME1,0.13,0.0013,300,YGL035C_cluster,YGL035C_cluster,YGL035C_cluster,0.0013
YGL035C,YHL009C,MIG1,YAP3,0.99,0.0099,330,YGL035C_cluster,YGL035C_cluster,YGL035C_cluster,0.0099
YGL035C,YHL027W,MIG1,RIM101,0.83,0.0083,504,YGL035C_cluster,YGL035C_cluster,YGL035C_cluster,0.0083
YGL035C,YHR006W,MIG1,STP2,1.09,0.0109,504,YGL035C_cluster,YGL035C_cluster,YGL035C_cluster,0.0109
YGL035C,YHR084W,MIG1,STE12,0.26,0.0026,504,YGL035C_cluster,YGL035C_cluster,YGL035C_cluster,0.0026
YGL035C,YHR124W,MIG1,NDT80,0.54,0.0054,504,YGL035C_cluster,YGL035C_cluster,YGL035C_cluster,0.0054
YGL035C,YHR177W,MIG1,ROF1,0.75,0.0075,453,YGL035C_cluster,YGL035C_cluster,YGL035C_cluster,0.0075
YGL035C,YHR178W,MIG1,STB5,0.74,0.0074,504,YGL035C_cluster,YGL035C_cluster,YGL035C_cluster,0.0074
YGL035C,YHR206W,MIG1,SKN7,1.38,0.0138,504,YGL035C_cluster,YGL035C_cluster,YGL035C_cluster,0.0138
YGL035C,YIL036W,MIG1,CST6,0.66,0.0066,504,YGL035C_cluster,YGL035C_cluster,YGL035C_cluster,0.0066
YGL035C,YIL101C,MIG1,XBP1,0.81,0.0081,504,YGL035C_cluster,YGL035C_cluster,YGL035C_cluster,0.0081
YGL035C,YIL131C,MIG1,FKH1,0.73,0.0073,484,YGL035C_cluster,YGL035C_cluster,YGL035C_cluster,0.0073
YGL035C,YIR018W,MIG1,YAP5,0.55,0.0055,245,YGL035C_cluster,YGL035C_cluster,YGL035C_cluster,0.0055
YGL035C,YIR023W,MIG1,DAL81,0.64,0.0064,504,YGL035C_cluster,YGL035C_cluster,YGL035C_cluster,0.0064
YGL035C,YJL056C,MIG1,ZAP1,0.82,0.0082,504,YGL035C_cluster,YGL035C_cluster,YGL035C_cluster,0.0082
YGL035C,YJL089W,MIG1,SIP4,0.94,0.0094,504,YGL035C_cluster,YGL035C_cluster,YGL035C_cluster,0.0094
YGL035C,YJL103C,MIG1,GSM1,0.36,0.0036,504,YGL035C_cluster,YGL035C_cluster,YGL035C_cluster,0.0036
YGL035C,YJL110C,MIG1,GZF3,0.59,0.0059,504,YGL035C_cluster,YGL035C_cluster,YGL035C_cluster,0.0059
YGL035C,YJR060W,MIG1,CBF1,0.73,0.0073,351,YGL035C_cluster,YGL035C_cluster,YGL035C_cluster,0.0073
YGL035C,YJR094C,MIG1,IME1,1.2,0.012,360,YGL035C_cluster,YGL035C_cluster,YGL035C_cluster,0.012
YGL035C,YKL015W,MIG1,PUT3,0.55,0.0055,504,YGL035C_cluster,YGL035C_cluster,YGL035C_cluster,0.0055
YGL035C,YKL032C,MIG1,IXR1,1.11,0.0111,504,YGL035C_cluster,YGL035C_cluster,YGL035C_cluster,0.0111
YGL035C,YKL038W,MIG1,RGT1,0.92,0.0092,504,YGL035C_cluster,YGL035C_cluster,YGL035C_cluster,0.0092
YGL035C,YKL062W,MIG1,MSN4,0.91,0.0091,504,YGL035C_cluster,YGL035C_cluster,YGL035C_cluster,0.0091
YGL035C,YKL109W,MIG1,HAP4,0.98,0.0098,504,YGL035C_cluster,YGL035C_cluster,YGL035C_cluster,0.0098
YGL035C,YKL112W,MIG1,ABF1,0.76,0.0076,504,YGL035C_cluster,YGL035C_cluster,YGL035C_cluster,0.0076
YGL035C,YKL185W,MIG1,ASH1,0.95,0.0095,504,YGL035C_cluster,YGL035C_cluster,YGL035C_cluster,0.0095
YGL035C,YKR034W,MIG1,DAL80,0.27,0.0027,269,YGL035C_cluster,YGL035C_cluster,YGL035C_cluster,0.0027
YGL035C,YKR099W,MIG1,BAS1,0.63,0.0063,504,YGL035C_cluster,YGL035C_cluster,YGL035C_cluster,0.0063
YGL035C,YLR014C,MIG1,PPR1,0.51,0.0051,504,YGL035C_cluster,YGL035C_cluster,YGL035C_cluster,0.0051
YGL035C,YLR098C,MIG1,CHA4,1.36,0.0136,504,YGL035C_cluster,YGL035C_cluster,YGL035C_cluster,0.0136
YGL035C,YLR131C,MIG1,ACE2,0.81,0.0081,504,YGL035C_cluster,YGL035C_cluster,YGL035C_cluster,0.0081
YGL035C,YLR176C,MIG1,RFX1,0.78,0.0078,504,YGL035C_cluster,YGL035C_cluster,YGL035C_cluster,0.0078
YGL035C,YLR228C,MIG1,ECM22,1.82,0.0182,504,YGL035C_cluster,YGL035C_cluster,YGL035C_cluster,0.0182
YGL035C,YLR256W,MIG1,HAP1,1.2,0.012,504,YGL035C_cluster,YGL035C_cluster,YGL035C_cluster,0.012
YGL035C,YLR266C,MIG1,PDR8,0.51,0.0051,504,YGL035C_cluster,YGL035C_cluster,YGL035C_cluster,0.0051
YGL035C,YLR451W,MIG1,LEU3,0.37,0.0037,504,YGL035C_cluster,YGL035C_cluster,YGL035C_cluster,0.0037
YGL035C,YML007W,MIG1,YAP1,1.27,0.0127,504,YGL035C_cluster,YGL035C_cluster,YGL035C_cluster,0.0127
YGL035C,YML076C,MIG1,WAR1,0.49,0.0049,504,YGL035C_cluster,YGL035C_cluster,YGL035C_cluster,0.0049
YGL035C,YML081W,MIG1,TDA9,0.76,0.0076,504,YGL035C_cluster,YGL035C_cluster,YGL035C_cluster,0.0076
YGL035C,YML099C,MIG1,ARG81,0.82,0.0082,504,YGL035C_cluster,YGL035C_cluster,YGL035C_cluster,0.0082
YGL035C,YMR019W,MIG1,STB4,0.56,0.0056,504,YGL035C_cluster,YGL035C_cluster,YGL035C_cluster,0.0056
YGL035C,YMR021C,MIG1,MAC1,0.22,0.0022,417,YGL035C_cluster,YGL035C_cluster,YGL035C_cluster,0.0022
YGL035C,YMR037C,MIG1,MSN2,1.12,0.0112,504,YGL035C_cluster,YGL035C_cluster,YGL035C_cluster,0.0112
YGL035C,YMR042W,MIG1,ARG80,0.61,0.0061,177,YGL035C_cluster,YGL035C_cluster,YGL035C_cluster,0.0061
YGL035C,YMR043W,MIG1,MCM1,0.83,0.0083,286,YGL035C_cluster,YGL035C_cluster,YGL035C_cluster,0.0083
YGL035C,YMR070W,MIG1,MOT3,0.77,0.0077,490,YGL035C_cluster,YGL035C_cluster,YGL035C_cluster,0.0077
YGL035C,YMR164C,MIG1,MSS11,1.38,0.0138,504,YGL035C_cluster,YGL035C_cluster,YGL035C_cluster,0.0138
YGL035C,YMR172W,MIG1,HOT1,0.94,0.0094,504,YGL035C_cluster,YGL035C_cluster,YGL035C_cluster,0.0094
YGL035C,YMR280C,MIG1,CAT8,0.69,0.0069,504,YGL035C_cluster,YGL035C_cluster,YGL035C_cluster,0.0069
YGL035C,YNL027W,MIG1,CRZ1,1.07,0.0107,504,YGL035C_cluster,YGL035C_cluster,YGL035C_cluster,0.0107
YGL035C,YNL068C,MIG1,FKH2,0.61,0.0061,504,YGL035C_cluster,YGL035C_cluster,YGL035C_cluster,0.0061
YGL035C,YNL103W,MIG1,MET4,1.06,0.0106,504,YGL035C_cluster,YGL035C_cluster,YGL035C_cluster,0.0106
YGL035C,YNL167C,MIG1,SKO1,1.18,0.0118,504,YGL035C_cluster,YGL035C_cluster,YGL035C_cluster,0.0118
YGL035C,YNL199C,MIG1,GCR2,0.9,0.009,504,YGL035C_cluster,YGL035C_cluster,YGL035C_cluster,0.009
YGL035C,YNL216W,MIG1,RAP1,0.47,0.0047,504,YGL035C_cluster,YGL035C_cluster,YGL035C_cluster,0.0047
YGL035C,YNL314W,MIG1,DAL82,0.82,0.0082,255,YGL035C_cluster,YGL035C_cluster,YGL035C_cluster,0.0082
YGL035C,YOL067C,MIG1,RTG1,0.0,0.0,177,YGL035C_cluster,YGL035C_cluster,YGL035C_cluster,0.0
YGL035C,YOL108C,MIG1,INO4,0.16,0.0016,151,YGL035C_cluster,YGL035C_cluster,YGL035C_cluster,0.0016
YGL035C,YOR028C,MIG1,CIN5,0.52,0.0052,295,YGL035C_cluster,YGL035C_cluster,YGL035C_cluster,0.0052
YGL035C,YOR113W,MIG1,AZF1,1.11,0.0111,504,YGL035C_cluster,YGL035C_cluster,YGL035C_cluster,0.0111
YGL035C,YOR140W,MIG1,SFL1,0.65,0.0065,504,YGL035C_cluster,YGL035C_cluster,YGL035C_cluster,0.0065
YGL035C,YOR162C,MIG1,YRR1,0.54,0.0054,504,YGL035C_cluster,YGL035C_cluster,YGL035C_cluster,0.0054
YGL035C,YOR337W,MIG1,TEA1,0.82,0.0082,504,YGL035C_cluster,YGL035C_cluster,YGL035C_cluster,0.0082
YGL035C,YOR344C,MIG1,TYE7,1.45,0.0145,291,YGL035C_cluster,YGL035C_cluster,YGL035C_cluster,0.0145
YGL035C,YOR358W,MIG1,HAP5,0.41,0.0041,242,YGL035C_cluster,YGL035C_cluster,YGL035C_cluster,0.0041
YGL035C,YOR363C,MIG1,PIP2,0.48,0.0048,504,YGL035C_cluster,YGL035C_cluster,YGL035C_cluster,0.0048
YGL035C,YPL038W,MIG1,MET31,0.46,0.0046,177,YGL035C_cluster,YGL035C_cluster,YGL035C_cluster,0.0046
YGL035C,YPL075W,MIG1,GCR1,0.88,0.0088,504,YGL035C_cluster,YGL035C_cluster,YGL035C_cluster,0.0088
YGL035C,YPL089C,MIG1,RLM1,1.26,0.0126,504,YGL035C_cluster,YGL035C_cluster,YGL035C_cluster,0.0126
YGL035C,YPL133C,MIG1,RDS2,0.65,0.0065,446,YGL035C_cluster,YGL035C_cluster,YGL035C_cluster,0.0065
YGL035C,YPL202C,MIG1,AFT2,0.56,0.0056,416,YGL035C_cluster,YGL035C_cluster,YGL035C_cluster,0.0056
YGL035C,YPL230W,MIG1,USV1,1.53,0.0153,391,YGL035C_cluster,YGL035C_cluster,YGL035C_cluster,0.0153
YGL035C,YPL248C,MIG1,GAL4,1.27,0.0127,504,YGL035C_cluster,YGL035C_cluster,YGL035C_cluster,0.0127
YGL035C,YPR008W,MIG1,HAA1,1.3,0.013,504,YGL035C_cluster,YGL035C_cluster,YGL035C_cluster,0.013
YGL035C,YPR065W,MIG1,ROX1,1.32,0.0132,368,YGL035C_cluster,YGL035C_cluster,YGL035C_cluster,0.0132
YGL035C,YPR199C,MIG1,ARR1,0.13,0.0013,294,YGL035C_cluster,YGL035C_cluster,YGL035C_cluster,0.0013
YGL071W,YGL073W,AFT1,HSF1,0.95,0.0095,690,YGL071W_cluster,YGL071W_cluster,YGL071W_cluster,0.0095
YGL071W,YGL162W,AFT1,SUT1,0.83,0.0083,299,YGL071W_cluster,YGL071W_cluster,YGL071W_cluster,0.0083
YGL071W,YGL166W,AFT1,CUP2,0.22,0.0022,225,YGL071W_cluster,YGL071W_cluster,YGL071W_cluster,0.0022
YGL071W,YGL209W,AFT1,MIG2,0.67,0.0067,382,YGL071W_cluster,YGL071W_cluster,YGL071W_cluster,0.0067
YGL071W,YGL237C,AFT1,HAP2,0.33,0.0033,265,YGL071W_cluster,YGL071W_cluster,YGL071W_cluster,0.0033
YGL071W,YGL254W,AFT1,FZF1,0.31,0.0031,299,YGL071W_cluster,YGL071W_cluster,YGL071W_cluster,0.0031
YGL071W,YGR044C,AFT1,RME1,0.31,0.0031,300,YGL071W_cluster,YGL071W_cluster,YGL071W_cluster,0.0031
YGL071W,YHL009C,AFT1,YAP3,0.1,0.001,330,YGL071W_cluster,YGL071W_cluster,YGL071W_cluster,0.001
YGL071W,YHL027W,AFT1,RIM101,0.94,0.0094,625,YGL071W_cluster,YGL071W_cluster,YGL071W_cluster,0.0094
YGL071W,YHR006W,AFT1,STP2,0.25,0.0025,541,YGL071W_cluster,YGL071W_cluster,YGL071W_cluster,0.0025
YGL071W,YHR084W,AFT1,STE12,0.44,0.0044,688,YGL071W_cluster,YGL071W_cluster,YGL071W_cluster,0.0044
YGL071W,YHR124W,AFT1,NDT80,0.46,0.0046,627,YGL071W_cluster,YGL071W_cluster,YGL071W_cluster,0.0046
YGL071W,YHR177W,AFT1,ROF1,0.81,0.0081,453,YGL071W_cluster,YGL071W_cluster,YGL071W_cluster,0.0081
YGL071W,YHR178W,AFT1,STB5,0.36,0.0036,690,YGL071W_cluster,YGL071W_cluster,YGL071W_cluster,0.0036
YGL071W,YHR206W,AFT1,SKN7,0.7,0.007,622,YGL071W_cluster,YGL071W_cluster,YGL071W_cluster,0.007
YGL071W,YIL036W,AFT1,CST6,0.24,0.0024,587,YGL071W_cluster,YGL071W_cluster,YGL071W_cluster,0.0024
YGL071W,YIL101C,AFT1,XBP1,0.54,0.0054,647,YGL071W_cluster,YGL071W_cluster,YGL071W_cluster,0.0054
YGL071W,YIL131C,AFT1,FKH1,0.35,0.0035,484,YGL071W_cluster,YGL071W_cluster,YGL071W_cluster,0.0035
YGL071W,YIR018W,AFT1,YAP5,0.44,0.0044,245,YGL071W_cluster,YGL071W_cluster,YGL071W_cluster,0.0044
YGL071W,YIR023W,AFT1,DAL81,0.57,0.0057,690,YGL071W_cluster,YGL071W_cluster,YGL071W_cluster,0.0057
YGL071W,YJL056C,AFT1,ZAP1,0.65,0.0065,690,YGL071W_cluster,YGL071W_cluster,YGL071W_cluster,0.0065
YGL071W,YJL089W,AFT1,SIP4,1.51,0.0151,690,YGL071W_cluster,YGL071W_cluster,YGL071W_cluster,0.0151
YGL071W,YJL103C,AFT1,GSM1,0.7,0.007,618,YGL071W_cluster,YGL071W_cluster,YGL071W_cluster,0.007
YGL071W,YJL110C,AFT1,GZF3,0.33,0.0033,551,YGL071W_cluster,YGL071W_cluster,YGL071W_cluster,0.0033
YGL071W,YJR060W,AFT1,CBF1,0.0,0.0,351,YGL071W_cluster,YGL071W_cluster,YGL071W_cluster,0.0
YGL071W,YJR094C,AFT1,IME1,0.39,0.0039,360,YGL071W_cluster,YGL071W_cluster,YGL071W_cluster,0.0039
YGL071W,YKL015W,AFT1,PUT3,0.92,0.0092,690,YGL071W_cluster,YGL071W_cluster,YGL071W_cluster,0.0092
YGL071W,YKL032C,AFT1,IXR1,0.51,0.0051,597,YGL071W_cluster,YGL071W_cluster,YGL071W_cluster,0.0051
YGL071W,YKL038W,AFT1,RGT1,1.05,0.0105,690,YGL071W_cluster,YGL071W_cluster,YGL071W_cluster,0.0105
YGL071W,YKL062W,AFT1,MSN4,1.01,0.0101,630,YGL071W_cluster,YGL071W_cluster,YGL071W_cluster,0.0101
YGL071W,YKL109W,AFT1,HAP4,0.99,0.0099,554,YGL071W_cluster,YGL071W_cluster,YGL071W_cluster,0.0099
YGL071W,YKL112W,AFT1,ABF1,0.51,0.0051,690,YGL071W_cluster,YGL071W_cluster,YGL071W_cluster,0.0051
YGL071W,YKL185W,AFT1,ASH1,0.88,0.0088,588,YGL071W_cluster,YGL071W_cluster,YGL071W_cluster,0.0088
YGL071W,YKR034W,AFT1,DAL80,0.32,0.0032,269,YGL071W_cluster,YGL071W_cluster,YGL071W_cluster,0.0032
YGL071W,YKR099W,AFT1,BAS1,1.09,0.0109,690,YGL071W_cluster,YGL071W_cluster,YGL071W_cluster,0.0109
YGL071W,YLR014C,AFT1,PPR1,0.32,0.0032,690,YGL071W_cluster,YGL071W_cluster,YGL071W_cluster,0.0032
YGL071W,YLR098C,AFT1,CHA4,0.69,0.0069,648,YGL071W_cluster,YGL071W_cluster,YGL071W_cluster,0.0069
YGL071W,YLR131C,AFT1,ACE2,0.63,0.0063,690,YGL071W_cluster,YGL071W_cluster,YGL071W_cluster,0.0063
YGL071W,YLR176C,AFT1,RFX1,0.75,0.0075,690,YGL071W_cluster,YGL071W_cluster,YGL071W_cluster,0.0075
YGL071W,YLR228C,AFT1,ECM22,1.1,0.011,690,YGL071W_cluster,YGL071W_cluster,YGL071W_cluster,0.011
YGL071W,YLR256W,AFT1,HAP1,1.09,0.0109,690,YGL071W_cluster,YGL071W_cluster,YGL071W_cluster,0.0109
YGL071W,YLR266C,AFT1,PDR8,0.44,0.0044,690,YGL071W_cluster,YGL071W_cluster,YGL071W_cluster,0.0044
YGL071W,YLR451W,AFT1,LEU3,0.52,0.0052,690,YGL071W_cluster,YGL071W_cluster,YGL071W_cluster,0.0052
YGL071W,YML007W,AFT1,YAP1,0.77,0.0077,650,YGL071W_cluster,YGL071W_cluster,YGL071W_cluster,0.0077
YGL071W,YML076C,AFT1,WAR1,0.56,0.0056,690,YGL071W_cluster,YGL071W_cluster,YGL071W_cluster,0.0056
YGL071W,YML081W,AFT1,TDA9,1.0,0.01,690,YGL071W_cluster,YGL071W_cluster,YGL071W_cluster,0.01
YGL071W,YML099C,AFT1,ARG81,0.91,0.0091,690,YGL071W_cluster,YGL071W_cluster,YGL071W_cluster,0.0091
YGL071W,YMR019W,AFT1,STB4,0.5,0.005,690,YGL071W_cluster,YGL071W_cluster,YGL071W_cluster,0.005
YGL071W,YMR021C,AFT1,MAC1,0.18,0.0018,417,YGL071W_cluster,YGL071W_cluster,YGL071W_cluster,0.0018
YGL071W,YMR037C,AFT1,MSN2,1.04,0.0104,690,YGL071W_cluster,YGL071W_cluster,YGL071W_cluster,0.0104
YGL071W,YMR042W,AFT1,ARG80,0.12,0.0012,177,YGL071W_cluster,YGL071W_cluster,YGL071W_cluster,0.0012
YGL071W,YMR043W,AFT1,MCM1,0.77,0.0077,286,YGL071W_cluster,YGL071W_cluster,YGL071W_cluster,0.0077
YGL071W,YMR070W,AFT1,MOT3,1.0,0.01,490,YGL071W_cluster,YGL071W_cluster,YGL071W_cluster,0.01
YGL071W,YMR164C,AFT1,MSS11,1.03,0.0103,690,YGL071W_cluster,YGL071W_cluster,YGL071W_cluster,0.0103
YGL071W,YMR172W,AFT1,HOT1,0.81,0.0081,690,YGL071W_cluster,YGL071W_cluster,YGL071W_cluster,0.0081
YGL071W,YMR280C,AFT1,CAT8,0.73,0.0073,690,YGL071W_cluster,YGL071W_cluster,YGL071W_cluster,0.0073
YGL071W,YNL027W,AFT1,CRZ1,0.61,0.0061,678,YGL071W_cluster,YGL071W_cluster,YGL071W_cluster,0.0061
YGL071W,YNL068C,AFT1,FKH2,0.73,0.0073,690,YGL071W_cluster,YGL071W_cluster,YGL071W_cluster,0.0073
YGL071W,YNL103W,AFT1,MET4,0.68,0.0068,672,YGL071W_cluster,YGL071W_cluster,YGL071W_cluster,0.0068
YGL071W,YNL167C,AFT1,SKO1,1.09,0.0109,647,YGL071W_cluster,YGL071W_cluster,YGL071W_cluster,0.0109
YGL071W,YNL199C,AFT1,GCR2,0.92,0.0092,534,YGL071W_cluster,YGL071W_cluster,YGL071W_cluster,0.0092
YGL071W,YNL216W,AFT1,RAP1,0.47,0.0047,690,YGL071W_cluster,YGL071W_cluster,YGL071W_cluster,0.0047
YGL071W,YNL314W,AFT1,DAL82,0.65,0.0065,255,YGL071W_cluster,YGL071W_cluster,YGL071W_cluster,0.0065
YGL071W,YOL067C,AFT1,RTG1,0.12,0.0012,177,YGL071W_cluster,YGL071W_cluster,YGL071W_cluster,0.0012
YGL071W,YOL108C,AFT1,INO4,0.73,0.0073,151,YGL071W_cluster,YGL071W_cluster,YGL071W_cluster,0.0073
YGL071W,YOR028C,AFT1,CIN5,0.52,0.0052,295,YGL071W_cluster,YGL071W_cluster,YGL071W_cluster,0.0052
YGL071W,YOR113W,AFT1,AZF1,0.97,0.0097,690,YGL071W_cluster,YGL071W_cluster,YGL071W_cluster,0.0097
YGL071W,YOR140W,AFT1,SFL1,0.85,0.0085,690,YGL071W_cluster,YGL071W_cluster,YGL071W_cluster,0.0085
YGL071W,YOR162C,AFT1,YRR1,0.61,0.0061,690,YGL071W_cluster,YGL071W_cluster,YGL071W_cluster,0.0061
YGL071W,YOR337W,AFT1,TEA1,0.56,0.0056,690,YGL071W_cluster,YGL071W_cluster,YGL071W_cluster,0.0056
YGL071W,YOR344C,AFT1,TYE7,0.52,0.0052,291,YGL071W_cluster,YGL071W_cluster,YGL071W_cluster,0.0052
YGL071W,YOR358W,AFT1,HAP5,0.33,0.0033,242,YGL071W_cluster,YGL071W_cluster,YGL071W_cluster,0.0033
YGL071W,YOR363C,AFT1,PIP2,0.54,0.0054,690,YGL071W_cluster,YGL071W_cluster,YGL071W_cluster,0.0054
YGL071W,YPL038W,AFT1,MET31,0.35,0.0035,177,YGL071W_cluster,YGL071W_cluster,YGL071W_cluster,0.0035
YGL071W,YPL075W,AFT1,GCR1,0.9,0.009,690,YGL071W_cluster,YGL071W_cluster,YGL071W_cluster,0.009
YGL071W,YPL089C,AFT1,RLM1,1.07,0.0107,676,YGL071W_cluster,YGL071W_cluster,YGL071W_cluster,0.0107
YGL071W,YPL133C,AFT1,RDS2,0.36,0.0036,446,YGL071W_cluster,YGL071W_cluster,YGL071W_cluster,0.0036
YGL071W,YPL202C,AFT1,AFT2,3.51,0.0351,416,YGL071W_cluster,YGL071W_cluster,YGL071W_cluster,0.0351
YGL071W,YPL230W,AFT1,USV1,0.67,0.0067,391,YGL071W_cluster,YGL071W_cluster,YGL071W_cluster,0.0067
YGL071W,YPL248C,AFT1,GAL4,0.58,0.0058,690,YGL071W_cluster,YGL071W_cluster,YGL071W_cluster,0.0058
YGL071W,YPR008W,AFT1,HAA1,0.67,0.0067,690,YGL071W_cluster,YGL071W_cluster,YGL071W_cluster,0.0067
YGL071W,YPR065W,AFT1,ROX1,0.49,0.0049,368,YGL071W_cluster,YGL071W_cluster,YGL071W_cluster,0.0049
YGL071W,YPR199C,AFT1,ARR1,0.62,0.0062,294,YGL071W_cluster,YGL071W_cluster,YGL071W_cluster,0.0062
YGL073W,YGL162W,HSF1,SUT1,0.54,0.0054,299,YGL073W_cluster,YGL073W_cluster,YGL073W_cluster,0.0054
YGL073W,YGL166W,HSF1,CUP2,0.19,0.0019,225,YGL073W_cluster,YGL073W_cluster,YGL073W_cluster,0.0019
YGL073W,YGL209W,HSF1,MIG2,0.76,0.0076,382,YGL073W_cluster,YGL073W_cluster,YGL073W_cluster,0.0076
YGL073W,YGL237C,HSF1,HAP2,0.09,0.0009,265,YGL073W_cluster,YGL073W_cluster,YGL073W_cluster,0.0009
YGL073W,YGL254W,HSF1,FZF1,0.27,0.0027,299,YGL073W_cluster,YGL073W_cluster,YGL073W_cluster,0.0027
YGL073W,YGR044C,HSF1,RME1,0.54,0.0054,300,YGL073W_cluster,YGL073W_cluster,YGL073W_cluster,0.0054
YGL073W,YHL009C,HSF1,YAP3,0.62,0.0062,330,YGL073W_cluster,YGL073W_cluster,YGL073W_cluster,0.0062
YGL073W,YHL027W,HSF1,RIM101,0.85,0.0085,625,YGL073W_cluster,YGL073W_cluster,YGL073W_cluster,0.0085
YGL073W,YHR006W,HSF1,STP2,0.22,0.0022,541,YGL073W_cluster,YGL073W_cluster,YGL073W_cluster,0.0022
YGL073W,YHR084W,HSF1,STE12,0.67,0.0067,688,YGL073W_cluster,YGL073W_cluster,YGL073W_cluster,0.0067
YGL073W,YHR124W,HSF1,NDT80,0.35,0.0035,627,YGL073W_cluster,YGL073W_cluster,YGL073W_cluster,0.0035
YGL073W,YHR177W,HSF1,ROF1,0.48,0.0048,453,YGL073W_cluster,YGL073W_cluster,YGL073W_cluster,0.0048
YGL073W,YHR178W,HSF1,STB5,0.85,0.0085,743,YGL073W_cluster,YGL073W_cluster,YGL073W_cluster,0.0085
YGL073W,YHR206W,HSF1,SKN7,1.85,0.0185,622,YGL073W_cluster,YGL073W_cluster,YGL073W_cluster,0.0185
YGL073W,YIL036W,HSF1,CST6,0.58,0.0058,587,YGL073W_cluster,YGL073W_cluster,YGL073W_cluster,0.0058
YGL073W,YIL101C,HSF1,XBP1,1.05,0.0105,647,YGL073W_cluster,YGL073W_cluster,YGL073W_cluster,0.0105
YGL073W,YIL131C,HSF1,FKH1,0.86,0.0086,484,YGL073W_cluster,YGL073W_cluster,YGL073W_cluster,0.0086
YGL073W,YIR018W,HSF1,YAP5,0.38,0.0038,245,YGL073W_cluster,YGL073W_cluster,YGL073W_cluster,0.0038
YGL073W,YIR023W,HSF1,DAL81,1.64,0.0164,833,YGL073W_cluster,YGL073W_cluster,YGL073W_cluster,0.0164
YGL073W,YJL056C,HSF1,ZAP1,1.27,0.0127,833,YGL073W_cluster,YGL073W_cluster,YGL073W_cluster,0.0127
YGL073W,YJL089W,HSF1,SIP4,1.63,0.0163,829,YGL073W_cluster,YGL073W_cluster,YGL073W_cluster,0.0163
YGL073W,YJL103C,HSF1,GSM1,0.85,0.0085,618,YGL073W_cluster,YGL073W_cluster,YGL073W_cluster,0.0085
YGL073W,YJL110C,HSF1,GZF3,0.59,0.0059,551,YGL073W_cluster,YGL073W_cluster,YGL073W_cluster,0.0059
YGL073W,YJR060W,HSF1,CBF1,0.52,0.0052,351,YGL073W_cluster,YGL073W_cluster,YGL073W_cluster,0.0052
YGL073W,YJR094C,HSF1,IME1,0.86,0.0086,360,YGL073W_cluster,YGL073W_cluster,YGL073W_cluster,0.0086
YGL073W,YKL015W,HSF1,PUT3,0.85,0.0085,833,YGL073W_cluster,YGL073W_cluster,YGL073W_cluster,0.0085
YGL073W,YKL032C,HSF1,IXR1,0.91,0.0091,597,YGL073W_cluster,YGL073W_cluster,YGL073W_cluster,0.0091
YGL073W,YKL038W,HSF1,RGT1,1.18,0.0118,833,YGL073W_cluster,YGL073W_cluster,YGL073W_cluster,0.0118
YGL073W,YKL062W,HSF1,MSN4,1.56,0.0156,630,YGL073W_cluster,YGL073W_cluster,YGL073W_cluster,0.0156
YGL073W,YKL109W,HSF1,HAP4,1.12,0.0112,554,YGL073W_cluster,YGL073W_cluster,YGL073W_cluster,0.0112
YGL073W,YKL112W,HSF1,ABF1,1.8,0.018,731,YGL073W_cluster,YGL073W_cluster,YGL073W_cluster,0.018
YGL073W,YKL185W,HSF1,ASH1,1.24,0.0124,588,YGL073W_cluster,YGL073W_cluster,YGL073W_cluster,0.0124
YGL073W,YKR034W,HSF1,DAL80,0.47,0.0047,269,YGL073W_cluster,YGL073W_cluster,YGL073W_cluster,0.0047
YGL073W,YKR099W,HSF1,BAS1,1.19,0.0119,811,YGL073W_cluster,YGL073W_cluster,YGL073W_cluster,0.0119
YGL073W,YLR014C,HSF1,PPR1,0.95,0.0095,833,YGL073W_cluster,YGL073W_cluster,YGL073W_cluster,0.0095
YGL073W,YLR098C,HSF1,CHA4,0.42,0.0042,648,YGL073W_cluster,YGL073W_cluster,YGL073W_cluster,0.0042
YGL073W,YLR131C,HSF1,ACE2,1.35,0.0135,770,YGL073W_cluster,YGL073W_cluster,YGL073W_cluster,0.0135
YGL073W,YLR176C,HSF1,RFX1,0.31,0.0031,811,YGL073W_cluster,YGL073W_cluster,YGL073W_cluster,0.0031
YGL073W,YLR228C,HSF1,ECM22,1.0,0.01,814,YGL073W_cluster,YGL073W_cluster,YGL073W_cluster,0.01
YGL073W,YLR256W,HSF1,HAP1,1.66,0.0166,833,YGL073W_cluster,YGL073W_cluster,YGL073W_cluster,0.0166
YGL073W,YLR266C,HSF1,PDR8,0.8,0.008,701,YGL073W_cluster,YGL073W_cluster,YGL073W_cluster,0.008
YGL073W,YLR451W,HSF1,LEU3,1.02,0.0102,833,YGL073W_cluster,YGL073W_cluster,YGL073W_cluster,0.0102
YGL073W,YML007W,HSF1,YAP1,0.84,0.0084,650,YGL073W_cluster,YGL073W_cluster,YGL073W_cluster,0.0084
YGL073W,YML076C,HSF1,WAR1,0.86,0.0086,833,YGL073W_cluster,YGL073W_cluster,YGL073W_cluster,0.0086
YGL073W,YML081W,HSF1,TDA9,1.03,0.0103,833,YGL073W_cluster,YGL073W_cluster,YGL073W_cluster,0.0103
YGL073W,YML099C,HSF1,ARG81,0.78,0.0078,833,YGL073W_cluster,YGL073W_cluster,YGL073W_cluster,0.0078
YGL073W,YMR019W,HSF1,STB4,0.86,0.0086,833,YGL073W_cluster,YGL073W_cluster,YGL073W_cluster,0.0086
YGL073W,YMR021C,HSF1,MAC1,0.33,0.0033,417,YGL073W_cluster,YGL073W_cluster,YGL073W_cluster,0.0033
YGL073W,YMR037C,HSF1,MSN2,1.28,0.0128,704,YGL073W_cluster,YGL073W_cluster,YGL073W_cluster,0.0128
YGL073W,YMR042W,HSF1,ARG80,0.2,0.002,177,YGL073W_cluster,YGL073W_cluster,YGL073W_cluster,0.002
YGL073W,YMR043W,HSF1,MCM1,0.29,0.0029,286,YGL073W_cluster,YGL073W_cluster,YGL073W_cluster,0.0029
YGL073W,YMR070W,HSF1,MOT3,1.97,0.0197,490,YGL073W_cluster,YGL073W_cluster,YGL073W_cluster,0.0197
YGL073W,YMR164C,HSF1,MSS11,0.94,0.0094,758,YGL073W_cluster,YGL073W_cluster,YGL073W_cluster,0.0094
YGL073W,YMR172W,HSF1,HOT1,0.8,0.008,719,YGL073W_cluster,YGL073W_cluster,YGL073W_cluster,0.008
YGL073W,YMR280C,HSF1,CAT8,1.0,0.01,833,YGL073W_cluster,YGL073W_cluster,YGL073W_cluster,0.01
YGL073W,YNL027W,HSF1,CRZ1,1.46,0.0146,678,YGL073W_cluster,YGL073W_cluster,YGL073W_cluster,0.0146
YGL073W,YNL068C,HSF1,FKH2,1.53,0.0153,833,YGL073W_cluster,YGL073W_cluster,YGL073W_cluster,0.0153
YGL073W,YNL103W,HSF1,MET4,1.31,0.0131,672,YGL073W_cluster,YGL073W_cluster,YGL073W_cluster,0.0131
YGL073W,YNL167C,HSF1,SKO1,1.41,0.0141,647,YGL073W_cluster,YGL073W_cluster,YGL073W_cluster,0.0141
YGL073W,YNL199C,HSF1,GCR2,0.45,0.0045,534,YGL073W_cluster,YGL073W_cluster,YGL073W_cluster,0.0045
YGL073W,YNL216W,HSF1,RAP1,1.06,0.0106,827,YGL073W_cluster,YGL073W_cluster,YGL073W_cluster,0.0106
YGL073W,YNL314W,HSF1,DAL82,0.28,0.0028,255,YGL073W_cluster,YGL073W_cluster,YGL073W_cluster,0.0028
YGL073W,YOL067C,HSF1,RTG1,0.61,0.0061,177,YGL073W_cluster,YGL073W_cluster,YGL073W_cluster,0.0061
YGL073W,YOL108C,HSF1,INO4,0.21,0.0021,151,YGL073W_cluster,YGL073W_cluster,YGL073W_cluster,0.0021
YGL073W,YOR028C,HSF1,CIN5,0.27,0.0027,295,YGL073W_cluster,YGL073W_cluster,YGL073W_cluster,0.0027
YGL073W,YOR113W,HSF1,AZF1,1.31,0.0131,833,YGL073W_cluster,YGL073W_cluster,YGL073W_cluster,0.0131
YGL073W,YOR140W,HSF1,SFL1,1.42,0.0142,766,YGL073W_cluster,YGL073W_cluster,YGL073W_cluster,0.0142
YGL073W,YOR162C,HSF1,YRR1,0.43,0.0043,810,YGL073W_cluster,YGL073W_cluster,YGL073W_cluster,0.0043
YGL073W,YOR337W,HSF1,TEA1,0.64,0.0064,759,YGL073W_cluster,YGL073W_cluster,YGL073W_cluster,0.0064
YGL073W,YOR344C,HSF1,TYE7,1.01,0.0101,291,YGL073W_cluster,YGL073W_cluster,YGL073W_cluster,0.0101
YGL073W,YOR358W,HSF1,HAP5,0.09,0.0009,242,YGL073W_cluster,YGL073W_cluster,YGL073W_cluster,0.0009
YGL073W,YOR363C,HSF1,PIP2,0.33,0.0033,833,YGL073W_cluster,YGL073W_cluster,YGL073W_cluster,0.0033
YGL073W,YPL038W,HSF1,MET31,0.41,0.0041,177,YGL073W_cluster,YGL073W_cluster,YGL073W_cluster,0.0041
YGL073W,YPL075W,HSF1,GCR1,0.95,0.0095,785,YGL073W_cluster,YGL073W_cluster,YGL073W_cluster,0.0095
YGL073W,YPL089C,HSF1,RLM1,2.18,0.0218,676,YGL073W_cluster,YGL073W_cluster,YGL073W_cluster,0.0218
YGL073W,YPL133C,HSF1,RDS2,1.04,0.0104,446,YGL073W_cluster,YGL073W_cluster,YGL073W_cluster,0.0104
YGL073W,YPL202C,HSF1,AFT2,0.66,0.0066,416,YGL073W_cluster,YGL073W_cluster,YGL073W_cluster,0.0066
YGL073W,YPL230W,HSF1,USV1,1.11,0.0111,391,YGL073W_cluster,YGL073W_cluster,YGL073W_cluster,0.0111
YGL073W,YPL248C,HSF1,GAL4,1.08,0.0108,833,YGL073W_cluster,YGL073W_cluster,YGL073W_cluster,0.0108
YGL073W,YPR008W,HSF1,HAA1,0.94,0.0094,694,YGL073W_cluster,YGL073W_cluster,YGL073W_cluster,0.0094
YGL073W,YPR065W,HSF1,ROX1,0.86,0.0086,368,YGL073W_cluster,YGL073W_cluster,YGL073W_cluster,0.0086
YGL073W,YPR199C,HSF1,ARR1,0.91,0.0091,294,YGL073W_cluster,YGL073W_cluster,YGL073W_cluster,0.0091
YGL162W,YGL166W,SUT1,CUP2,0.39,0.0039,225,YGL162W_cluster,YGL162W_cluster,YGL162W_cluster,0.0039
YGL162W,YGL209W,SUT1,MIG2,0.45,0.0045,299,YGL162W_cluster,YGL162W_cluster,YGL162W_cluster,0.0045
YGL162W,YGL237C,SUT1,HAP2,0.37,0.0037,265,YGL162W_cluster,YGL162W_cluster,YGL162W_cluster,0.0037
YGL162W,YGL254W,SUT1,FZF1,0.51,0.0051,299,YGL162W_cluster,YGL162W_cluster,YGL162W_cluster,0.0051
YGL162W,YGR044C,SUT1,RME1,0.68,0.0068,299,YGL162W_cluster,YGL162W_cluster,YGL162W_cluster,0.0068
YGL162W,YHL009C,SUT1,YAP3,0.0,0.0,299,YGL162W_cluster,YGL162W_cluster,YGL162W_cluster,0.0
YGL162W,YHL027W,SUT1,RIM101,0.67,0.0067,299,YGL162W_cluster,YGL162W_cluster,YGL162W_cluster,0.0067
YGL162W,YHR006W,SUT1,STP2,0.48,0.0048,299,YGL162W_cluster,YGL162W_cluster,YGL162W_cluster,0.0048
YGL162W,YHR084W,SUT1,STE12,0.0,0.0,299,YGL162W_cluster,YGL162W_cluster,YGL162W_cluster,0.0
YGL162W,YHR124W,SUT1,NDT80,0.88,0.0088,299,YGL162W_cluster,YGL162W_cluster,YGL162W_cluster,0.0088
YGL162W,YHR177W,SUT1,ROF1,0.54,0.0054,299,YGL162W_cluster,YGL162W_cluster,YGL162W_cluster,0.0054
YGL162W,YHR178W,SUT1,STB5,0.78,0.0078,299,YGL162W_cluster,YGL162W_cluster,YGL162W_cluster,0.0078
YGL162W,YHR206W,SUT1,SKN7,0.22,0.0022,299,YGL162W_cluster,YGL162W_cluster,YGL162W_cluster,0.0022
YGL162W,YIL036W,SUT1,CST6,0.11,0.0011,299,YGL162W_cluster,YGL162W_cluster,YGL162W_cluster,0.0011
YGL162W,YIL101C,SUT1,XBP1,1.31,0.0131,299,YGL162W_cluster,YGL162W_cluster,YGL162W_cluster,0.0131
YGL162W,YIL131C,SUT1,FKH1,0.78,0.0078,299,YGL162W_cluster,YGL162W_cluster,YGL162W_cluster,0.0078
YGL162W,YIR018W,SUT1,YAP5,0.0,0.0,245,YGL162W_cluster,YGL162W_cluster,YGL162W_cluster,0.0
YGL162W,YIR023W,SUT1,DAL81,0.66,0.0066,299,YGL162W_cluster,YGL162W_cluster,YGL162W_cluster,0.0066
YGL162W,YJL056C,SUT1,ZAP1,0.52,0.0052,299,YGL162W_cluster,YGL162W_cluster,YGL162W_cluster,0.0052
YGL162W,YJL089W,SUT1,SIP4,1.2,0.012,299,YGL162W_cluster,YGL162W_cluster,YGL162W_cluster,0.012
YGL162W,YJL103C,SUT1,GSM1,0.22,0.0022,299,YGL162W_cluster,YGL162W_cluster,YGL162W_cluster,0.0022
YGL162W,YJL110C,SUT1,GZF3,0.24,0.0024,299,YGL162W_cluster,YGL162W_cluster,YGL162W_cluster,0.0024
YGL162W,YJR060W,SUT1,CBF1,0.16,0.0016,299,YGL162W_cluster,YGL162W_cluster,YGL162W_cluster,0.0016
YGL162W,YJR094C,SUT1,IME1,0.0,0.0,299,YGL162W_cluster,YGL162W_cluster,YGL162W_cluster,0.0
YGL162W,YKL015W,SUT1,PUT3,0.24,0.0024,299,YGL162W_cluster,YGL162W_cluster,YGL162W_cluster,0.0024
YGL162W,YKL032C,SUT1,IXR1,0.37,0.0037,299,YGL162W_cluster,YGL162W_cluster,YGL162W_cluster,0.0037
YGL162W,YKL038W,SUT1,RGT1,0.9,0.009,299,YGL162W_cluster,YGL162W_cluster,YGL162W_cluster,0.009
YGL162W,YKL062W,SUT1,MSN4,0.55,0.0055,299,YGL162W_cluster,YGL162W_cluster,YGL162W_cluster,0.0055
YGL162W,YKL109W,SUT1,HAP4,0.6,0.006,299,YGL162W_cluster,YGL162W_cluster,YGL162W_cluster,0.006
YGL162W,YKL112W,SUT1,ABF1,0.3,0.003,299,YGL162W_cluster,YGL162W_cluster,YGL162W_cluster,0.003
YGL162W,YKL185W,SUT1,ASH1,0.23,0.0023,299,YGL162W_cluster,YGL162W_cluster,YGL162W_cluster,0.0023
YGL162W,YKR034W,SUT1,DAL80,0.18,0.0018,269,YGL162W_cluster,YGL162W_cluster,YGL162W_cluster,0.0018
YGL162W,YKR099W,SUT1,BAS1,0.55,0.0055,299,YGL162W_cluster,YGL162W_cluster,YGL162W_cluster,0.0055
YGL162W,YLR014C,SUT1,PPR1,0.68,0.0068,299,YGL162W_cluster,YGL162W_cluster,YGL162W_cluster,0.0068
YGL162W,YLR098C,SUT1,CHA4,0.87,0.0087,299,YGL162W_cluster,YGL162W_cluster,YGL162W_cluster,0.0087
YGL162W,YLR131C,SUT1,ACE2,0.67,0.0067,299,YGL162W_cluster,YGL162W_cluster,YGL162W_cluster,0.0067
YGL162W,YLR176C,SUT1,RFX1,0.55,0.0055,299,YGL162W_cluster,YGL162W_cluster,YGL162W_cluster,0.0055
YGL162W,YLR228C,SUT1,ECM22,0.55,0.0055,299,YGL162W_cluster,YGL162W_cluster,YGL162W_cluster,0.0055
YGL162W,YLR256W,SUT1,HAP1,0.4,0.004,299,YGL162W_cluster,YGL162W_cluster,YGL162W_cluster,0.004
YGL162W,YLR266C,SUT1,PDR8,0.3,0.003,299,YGL162W_cluster,YGL162W_cluster,YGL162W_cluster,0.003
YGL162W,YLR451W,SUT1,LEU3,0.6,0.006,299,YGL162W_cluster,YGL162W_cluster,YGL162W_cluster,0.006
YGL162W,YML007W,SUT1,YAP1,0.11,0.0011,299,YGL162W_cluster,YGL162W_cluster,YGL162W_cluster,0.0011
YGL162W,YML076C,SUT1,WAR1,0.41,0.0041,299,YGL162W_cluster,YGL162W_cluster,YGL162W_cluster,0.0041
YGL162W,YML081W,SUT1,TDA9,0.39,0.0039,299,YGL162W_cluster,YGL162W_cluster,YGL162W_cluster,0.0039
YGL162W,YML099C,SUT1,ARG81,0.34,0.0034,299,YGL162W_cluster,YGL162W_cluster,YGL162W_cluster,0.0034
YGL162W,YMR019W,SUT1,STB4,0.16,0.0016,299,YGL162W_cluster,YGL162W_cluster,YGL162W_cluster,0.0016
YGL162W,YMR021C,SUT1,MAC1,0.14,0.0014,299,YGL162W_cluster,YGL162W_cluster,YGL162W_cluster,0.0014
YGL162W,YMR037C,SUT1,MSN2,1.13,0.0113,299,YGL162W_cluster,YGL162W_cluster,YGL162W_cluster,0.0113
YGL162W,YMR042W,SUT1,ARG80,0.43,0.0043,177,YGL162W_cluster,YGL162W_cluster,YGL162W_cluster,0.0043
YGL162W,YMR043W,SUT1,MCM1,0.56,0.0056,286,YGL162W_cluster,YGL162W_cluster,YGL162W_cluster,0.0056
YGL162W,YMR070W,SUT1,MOT3,0.28,0.0028,299,YGL162W_cluster,YGL162W_cluster,YGL162W_cluster,0.0028
YGL162W,YMR164C,SUT1,MSS11,0.2,0.002,299,YGL162W_cluster,YGL162W_cluster,YGL162W_cluster,0.002
YGL162W,YMR172W,SUT1,HOT1,0.61,0.0061,299,YGL162W_cluster,YGL162W_cluster,YGL162W_cluster,0.0061
YGL162W,YMR280C,SUT1,CAT8,0.71,0.0071,299,YGL162W_cluster,YGL162W_cluster,YGL162W_cluster,0.0071
YGL162W,YNL027W,SUT1,CRZ1,0.0,0.0,299,YGL162W_cluster,YGL162W_cluster,YGL162W_cluster,0.0
YGL162W,YNL068C,SUT1,FKH2,0.71,0.0071,299,YGL162W_cluster,YGL162W_cluster,YGL162W_cluster,0.0071
YGL162W,YNL103W,SUT1,MET4,0.32,0.0032,299,YGL162W_cluster,YGL162W_cluster,YGL162W_cluster,0.0032
YGL162W,YNL167C,SUT1,SKO1,1.1,0.011,299,YGL162W_cluster,YGL162W_cluster,YGL162W_cluster,0.011
YGL162W,YNL199C,SUT1,GCR2,0.98,0.0098,299,YGL162W_cluster,YGL162W_cluster,YGL162W_cluster,0.0098
YGL162W,YNL216W,SUT1,RAP1,0.18,0.0018,299,YGL162W_cluster,YGL162W_cluster,YGL162W_cluster,0.0018
YGL162W,YNL314W,SUT1,DAL82,0.55,0.0055,255,YGL162W_cluster,YGL162W_cluster,YGL162W_cluster,0.0055
YGL162W,YOL067C,SUT1,RTG1,0.21,0.0021,177,YGL162W_cluster,YGL162W_cluster,YGL162W_cluster,0.0021
YGL162W,YOL108C,SUT1,INO4,0.23,0.0023,151,YGL162W_cluster,YGL162W_cluster,YGL162W_cluster,0.0023
YGL162W,YOR028C,SUT1,CIN5,0.17,0.0017,295,YGL162W_cluster,YGL162W_cluster,YGL162W_cluster,0.0017
YGL162W,YOR113W,SUT1,AZF1,1.29,0.0129,299,YGL162W_cluster,YGL162W_cluster,YGL162W_cluster,0.0129
YGL162W,YOR140W,SUT1,SFL1,0.77,0.0077,299,YGL162W_cluster,YGL162W_cluster,YGL162W_cluster,0.0077
YGL162W,YOR162C,SUT1,YRR1,0.46,0.0046,299,YGL162W_cluster,YGL162W_cluster,YGL162W_cluster,0.0046
YGL162W,YOR337W,SUT1,TEA1,0.48,0.0048,299,YGL162W_cluster,YGL162W_cluster,YGL162W_cluster,0.0048
YGL162W,YOR344C,SUT1,TYE7,0.69,0.0069,291,YGL162W_cluster,YGL162W_cluster,YGL162W_cluster,0.0069
YGL162W,YOR358W,SUT1,HAP5,0.19,0.0019,242,YGL162W_cluster,YGL162W_cluster,YGL162W_cluster,0.0019
YGL162W,YOR363C,SUT1,PIP2,0.31,0.0031,299,YGL162W_cluster,YGL162W_cluster,YGL162W_cluster,0.0031
YGL162W,YPL038W,SUT1,MET31,0.0,0.0,177,YGL162W_cluster,YGL162W_cluster,YGL162W_cluster,0.0
YGL162W,YPL075W,SUT1,GCR1,0.85,0.0085,299,YGL162W_cluster,YGL162W_cluster,YGL162W_cluster,0.0085
YGL162W,YPL089C,SUT1,RLM1,1.3,0.013,299,YGL162W_cluster,YGL162W_cluster,YGL162W_cluster,0.013
YGL162W,YPL133C,SUT1,RDS2,0.41,0.0041,299,YGL162W_cluster,YGL162W_cluster,YGL162W_cluster,0.0041
YGL162W,YPL202C,SUT1,AFT2,0.85,0.0085,299,YGL162W_cluster,YGL162W_cluster,YGL162W_cluster,0.0085
YGL162W,YPL230W,SUT1,USV1,0.6,0.006,299,YGL162W_cluster,YGL162W_cluster,YGL162W_cluster,0.006
YGL162W,YPL248C,SUT1,GAL4,0.52,0.0052,299,YGL162W_cluster,YGL162W_cluster,YGL162W_cluster,0.0052
YGL162W,YPR008W,SUT1,HAA1,0.51,0.0051,299,YGL162W_cluster,YGL162W_cluster,YGL162W_cluster,0.0051
YGL162W,YPR065W,SUT1,ROX1,0.46,0.0046,299,YGL162W_cluster,YGL162W_cluster,YGL162W_cluster,0.0046
YGL162W,YPR199C,SUT1,ARR1,0.34,0.0034,294,YGL162W_cluster,YGL162W_cluster,YGL162W_cluster,0.0034
YGL166W,YGL209W,CUP2,MIG2,0.17,0.0017,225,YGL166W_cluster,YGL166W_cluster,YGL166W_cluster,0.0017
YGL166W,YGL237C,CUP2,HAP2,0.43,0.0043,225,YGL166W_cluster,YGL166W_cluster,YGL166W_cluster,0.0043
YGL166W,YGL254W,CUP2,FZF1,0.39,0.0039,225,YGL166W_cluster,YGL166W_cluster,YGL166W_cluster,0.0039
YGL166W,YGR044C,CUP2,RME1,0.39,0.0039,225,YGL166W_cluster,YGL166W_cluster,YGL166W_cluster,0.0039
YGL166W,YHL009C,CUP2,YAP3,0.18,0.0018,225,YGL166W_cluster,YGL166W_cluster,YGL166W_cluster,0.0018
YGL166W,YHL027W,CUP2,RIM101,0.49,0.0049,225,YGL166W_cluster,YGL166W_cluster,YGL166W_cluster,0.0049
YGL166W,YHR006W,CUP2,STP2,0.4,0.004,225,YGL166W_cluster,YGL166W_cluster,YGL166W_cluster,0.004
YGL166W,YHR084W,CUP2,STE12,0.22,0.0022,225,YGL166W_cluster,YGL166W_cluster,YGL166W_cluster,0.0022
YGL166W,YHR124W,CUP2,NDT80,0.48,0.0048,225,YGL166W_cluster,YGL166W_cluster,YGL166W_cluster,0.0048
YGL166W,YHR177W,CUP2,ROF1,0.3,0.003,225,YGL166W_cluster,YGL166W_cluster,YGL166W_cluster,0.003
YGL166W,YHR178W,CUP2,STB5,0.42,0.0042,225,YGL166W_cluster,YGL166W_cluster,YGL166W_cluster,0.0042
YGL166W,YHR206W,CUP2,SKN7,0.36,0.0036,225,YGL166W_cluster,YGL166W_cluster,YGL166W_cluster,0.0036
YGL166W,YIL036W,CUP2,CST6,0.38,0.0037,225,YGL166W_cluster,YGL166W_cluster,YGL166W_cluster,0.0038
YGL166W,YIL101C,CUP2,XBP1,0.23,0.0023,225,YGL166W_cluster,YGL166W_cluster,YGL166W_cluster,0.0023
YGL166W,YIL131C,CUP2,FKH1,0.14,0.0014,225,YGL166W_cluster,YGL166W_cluster,YGL166W_cluster,0.0014
YGL166W,YIR018W,CUP2,YAP5,0.65,0.0065,225,YGL166W_cluster,YGL166W_cluster,YGL166W_cluster,0.0065
YGL166W,YIR023W,CUP2,DAL81,0.26,0.0026,225,YGL166W_cluster,YGL166W_cluster,YGL166W_cluster,0.0026
YGL166W,YJL056C,CUP2,ZAP1,0.0,0.0,225,YGL166W_cluster,YGL166W_cluster,YGL166W_cluster,0.0
YGL166W,YJL089W,CUP2,SIP4,0.0,0.0,225,YGL166W_cluster,YGL166W_cluster,YGL166W_cluster,0.0
YGL166W,YJL103C,CUP2,GSM1,0.24,0.0024,225,YGL166W_cluster,YGL166W_cluster,YGL166W_cluster,0.0024
YGL166W,YJL110C,CUP2,GZF3,0.26,0.0026,225,YGL166W_cluster,YGL166W_cluster,YGL166W_cluster,0.0026
YGL166W,YJR060W,CUP2,CBF1,0.0,0.0,225,YGL166W_cluster,YGL166W_cluster,YGL166W_cluster,0.0
YGL166W,YJR094C,CUP2,IME1,0.17,0.0017,225,YGL166W_cluster,YGL166W_cluster,YGL166W_cluster,0.0017
YGL166W,YKL015W,CUP2,PUT3,0.0,0.0,225,YGL166W_cluster,YGL166W_cluster,YGL166W_cluster,0.0
YGL166W,YKL032C,CUP2,IXR1,0.14,0.0014,225,YGL166W_cluster,YGL166W_cluster,YGL166W_cluster,0.0014
YGL166W,YKL038W,CUP2,RGT1,0.44,0.0044,225,YGL166W_cluster,YGL166W_cluster,YGL166W_cluster,0.0044
YGL166W,YKL062W,CUP2,MSN4,0.48,0.0048,225,YGL166W_cluster,YGL166W_cluster,YGL166W_cluster,0.0048
YGL166W,YKL109W,CUP2,HAP4,0.26,0.0026,225,YGL166W_cluster,YGL166W_cluster,YGL166W_cluster,0.0026
YGL166W,YKL112W,CUP2,ABF1,0.0,0.0,225,YGL166W_cluster,YGL166W_cluster,YGL166W_cluster,0.0
YGL166W,YKL185W,CUP2,ASH1,0.13,0.0013,225,YGL166W_cluster,YGL166W_cluster,YGL166W_cluster,0.0013
YGL166W,YKR034W,CUP2,DAL80,0.21,0.0021,225,YGL166W_cluster,YGL166W_cluster,YGL166W_cluster,0.0021
YGL166W,YKR099W,CUP2,BAS1,0.49,0.0049,225,YGL166W_cluster,YGL166W_cluster,YGL166W_cluster,0.0049
YGL166W,YLR014C,CUP2,PPR1,0.36,0.0036,225,YGL166W_cluster,YGL166W_cluster,YGL166W_cluster,0.0036
YGL166W,YLR098C,CUP2,CHA4,0.0,0.0,225,YGL166W_cluster,YGL166W_cluster,YGL166W_cluster,0.0
YGL166W,YLR131C,CUP2,ACE2,0.31,0.0031,225,YGL166W_cluster,YGL166W_cluster,YGL166W_cluster,0.0031
YGL166W,YLR176C,CUP2,RFX1,0.1,0.001,225,YGL166W_cluster,YGL166W_cluster,YGL166W_cluster,0.001
YGL166W,YLR228C,CUP2,ECM22,0.69,0.0069,225,YGL166W_cluster,YGL166W_cluster,YGL166W_cluster,0.0069
YGL166W,YLR256W,CUP2,HAP1,0.3,0.003,225,YGL166W_cluster,YGL166W_cluster,YGL166W_cluster,0.003
YGL166W,YLR266C,CUP2,PDR8,0.88,0.0088,225,YGL166W_cluster,YGL166W_cluster,YGL166W_cluster,0.0088
YGL166W,YLR451W,CUP2,LEU3,0.0,0.0,225,YGL166W_cluster,YGL166W_cluster,YGL166W_cluster,0.0
YGL166W,YML007W,CUP2,YAP1,0.47,0.0047,225,YGL166W_cluster,YGL166W_cluster,YGL166W_cluster,0.0047
YGL166W,YML076C,CUP2,WAR1,0.09,0.0009,225,YGL166W_cluster,YGL166W_cluster,YGL166W_cluster,0.0009
YGL166W,YML081W,CUP2,TDA9,0.14,0.0014,225,YGL166W_cluster,YGL166W_cluster,YGL166W_cluster,0.0014
YGL166W,YML099C,CUP2,ARG81,0.28,0.0028,225,YGL166W_cluster,YGL166W_cluster,YGL166W_cluster,0.0028
YGL166W,YMR019W,CUP2,STB4,0.0,0.0,225,YGL166W_cluster,YGL166W_cluster,YGL166W_cluster,0.0
YGL166W,YMR021C,CUP2,MAC1,0.96,0.0096,225,YGL166W_cluster,YGL166W_cluster,YGL166W_cluster,0.0096
YGL166W,YMR037C,CUP2,MSN2,0.55,0.0055,225,YGL166W_cluster,YGL166W_cluster,YGL166W_cluster,0.0055
YGL166W,YMR042W,CUP2,ARG80,0.25,0.0025,177,YGL166W_cluster,YGL166W_cluster,YGL166W_cluster,0.0025
YGL166W,YMR043W,CUP2,MCM1,0.0,0.0,225,YGL166W_cluster,YGL166W_cluster,YGL166W_cluster,0.0
YGL166W,YMR070W,CUP2,MOT3,0.31,0.0031,225,YGL166W_cluster,YGL166W_cluster,YGL166W_cluster,0.0031
YGL166W,YMR164C,CUP2,MSS11,0.22,0.0022,225,YGL166W_cluster,YGL166W_cluster,YGL166W_cluster,0.0022
YGL166W,YMR172W,CUP2,HOT1,0.77,0.0077,225,YGL166W_cluster,YGL166W_cluster,YGL166W_cluster,0.0077
YGL166W,YMR280C,CUP2,CAT8,0.5,0.005,225,YGL166W_cluster,YGL166W_cluster,YGL166W_cluster,0.005
YGL166W,YNL027W,CUP2,CRZ1,0.35,0.0035,225,YGL166W_cluster,YGL166W_cluster,YGL166W_cluster,0.0035
YGL166W,YNL068C,CUP2,FKH2,0.19,0.0019,225,YGL166W_cluster,YGL166W_cluster,YGL166W_cluster,0.0019
YGL166W,YNL103W,CUP2,MET4,0.11,0.0011,225,YGL166W_cluster,YGL166W_cluster,YGL166W_cluster,0.0011
YGL166W,YNL167C,CUP2,SKO1,0.48,0.0048,225,YGL166W_cluster,YGL166W_cluster,YGL166W_cluster,0.0048
YGL166W,YNL199C,CUP2,GCR2,0.4,0.004,225,YGL166W_cluster,YGL166W_cluster,YGL166W_cluster,0.004
YGL166W,YNL216W,CUP2,RAP1,0.19,0.0019,225,YGL166W_cluster,YGL166W_cluster,YGL166W_cluster,0.0019
YGL166W,YNL314W,CUP2,DAL82,0.0,0.0,225,YGL166W_cluster,YGL166W_cluster,YGL166W_cluster,0.0
YGL166W,YOL067C,CUP2,RTG1,0.0,0.0,177,YGL166W_cluster,YGL166W_cluster,YGL166W_cluster,0.0
YGL166W,YOL108C,CUP2,INO4,0.0,0.0,151,YGL166W_cluster,YGL166W_cluster,YGL166W_cluster,0.0
YGL166W,YOR028C,CUP2,CIN5,0.2,0.002,225,YGL166W_cluster,YGL166W_cluster,YGL166W_cluster,0.002
YGL166W,YOR113W,CUP2,AZF1,0.09,0.0009,225,YGL166W_cluster,YGL166W_cluster,YGL166W_cluster,0.0009
YGL166W,YOR140W,CUP2,SFL1,0.0,0.0,225,YGL166W_cluster,YGL166W_cluster,YGL166W_cluster,0.0
YGL166W,YOR162C,CUP2,YRR1,0.0,0.0,225,YGL166W_cluster,YGL166W_cluster,YGL166W_cluster,0.0
YGL166W,YOR337W,CUP2,TEA1,0.21,0.0021,225,YGL166W_cluster,YGL166W_cluster,YGL166W_cluster,0.0021
YGL166W,YOR344C,CUP2,TYE7,0.0,0.0,225,YGL166W_cluster,YGL166W_cluster,YGL166W_cluster,0.0
YGL166W,YOR358W,CUP2,HAP5,0.0,0.0,225,YGL166W_cluster,YGL166W_cluster,YGL166W_cluster,0.0
YGL166W,YOR363C,CUP2,PIP2,0.08,0.0008,225,YGL166W_cluster,YGL166W_cluster,YGL166W_cluster,0.0008
YGL166W,YPL038W,CUP2,MET31,0.77,0.0077,177,YGL166W_cluster,YGL166W_cluster,YGL166W_cluster,0.0077
YGL166W,YPL075W,CUP2,GCR1,0.1,0.001,225,YGL166W_cluster,YGL166W_cluster,YGL166W_cluster,0.001
YGL166W,YPL089C,CUP2,RLM1,0.47,0.0047,225,YGL166W_cluster,YGL166W_cluster,YGL166W_cluster,0.0047
YGL166W,YPL133C,CUP2,RDS2,0.0,0.0,225,YGL166W_cluster,YGL166W_cluster,YGL166W_cluster,0.0
YGL166W,YPL202C,CUP2,AFT2,0.32,0.0032,225,YGL166W_cluster,YGL166W_cluster,YGL166W_cluster,0.0032
YGL166W,YPL230W,CUP2,USV1,0.34,0.0034,225,YGL166W_cluster,YGL166W_cluster,YGL166W_cluster,0.0034
YGL166W,YPL248C,CUP2,GAL4,0.09,0.0009,225,YGL166W_cluster,YGL166W_cluster,YGL166W_cluster,0.0009
YGL166W,YPR008W,CUP2,HAA1,1.57,0.0157,225,YGL166W_cluster,YGL166W_cluster,YGL166W_cluster,0.0157
YGL166W,YPR065W,CUP2,ROX1,0.35,0.0035,225,YGL166W_cluster,YGL166W_cluster,YGL166W_cluster,0.0035
YGL166W,YPR199C,CUP2,ARR1,0.39,0.0039,225,YGL166W_cluster,YGL166W_cluster,YGL166W_cluster,0.0039
YGL209W,YGL237C,MIG2,HAP2,0.16,0.0016,265,YGL209W_cluster,YGL209W_cluster,YGL209W_cluster,0.0016
YGL209W,YGL254W,MIG2,FZF1,0.3,0.003,299,YGL209W_cluster,YGL209W_cluster,YGL209W_cluster,0.003
YGL209W,YGR044C,MIG2,RME1,0.3,0.003,300,YGL209W_cluster,YGL209W_cluster,YGL209W_cluster,0.003
YGL209W,YHL009C,MIG2,YAP3,0.57,0.0057,330,YGL209W_cluster,YGL209W_cluster,YGL209W_cluster,0.0057
YGL209W,YHL027W,MIG2,RIM101,0.61,0.0061,382,YGL209W_cluster,YGL209W_cluster,YGL209W_cluster,0.0061
YGL209W,YHR006W,MIG2,STP2,0.44,0.0044,382,YGL209W_cluster,YGL209W_cluster,YGL209W_cluster,0.0044
YGL209W,YHR084W,MIG2,STE12,0.67,0.0067,382,YGL209W_cluster,YGL209W_cluster,YGL209W_cluster,0.0067
YGL209W,YHR124W,MIG2,NDT80,0.71,0.0071,382,YGL209W_cluster,YGL209W_cluster,YGL209W_cluster,0.0071
YGL209W,YHR177W,MIG2,ROF1,0.61,0.0061,382,YGL209W_cluster,YGL209W_cluster,YGL209W_cluster,0.0061
YGL209W,YHR178W,MIG2,STB5,0.36,0.0036,382,YGL209W_cluster,YGL209W_cluster,YGL209W_cluster,0.0036
YGL209W,YHR206W,MIG2,SKN7,0.71,0.0071,382,YGL209W_cluster,YGL209W_cluster,YGL209W_cluster,0.0071
YGL209W,YIL036W,MIG2,CST6,0.42,0.0042,382,YGL209W_cluster,YGL209W_cluster,YGL209W_cluster,0.0042
YGL209W,YIL101C,MIG2,XBP1,1.1,0.011,382,YGL209W_cluster,YGL209W_cluster,YGL209W_cluster,0.011
YGL209W,YIL131C,MIG2,FKH1,0.12,0.0012,382,YGL209W_cluster,YGL209W_cluster,YGL209W_cluster,0.0012
YGL209W,YIR018W,MIG2,YAP5,0.49,0.0049,245,YGL209W_cluster,YGL209W_cluster,YGL209W_cluster,0.0049
YGL209W,YIR023W,MIG2,DAL81,0.23,0.0023,382,YGL209W_cluster,YGL209W_cluster,YGL209W_cluster,0.0023
YGL209W,YJL056C,MIG2,ZAP1,0.49,0.0049,382,YGL209W_cluster,YGL209W_cluster,YGL209W_cluster,0.0049
YGL209W,YJL089W,MIG2,SIP4,0.68,0.0068,382,YGL209W_cluster,YGL209W_cluster,YGL209W_cluster,0.0068
YGL209W,YJL103C,MIG2,GSM1,0.41,0.0041,382,YGL209W_cluster,YGL209W_cluster,YGL209W_cluster,0.0041
YGL209W,YJL110C,MIG2,GZF3,0.33,0.0033,382,YGL209W_cluster,YGL209W_cluster,YGL209W_cluster,0.0033
YGL209W,YJR060W,MIG2,CBF1,0.7,0.007,351,YGL209W_cluster,YGL209W_cluster,YGL209W_cluster,0.007
YGL209W,YJR094C,MIG2,IME1,0.14,0.0014,360,YGL209W_cluster,YGL209W_cluster,YGL209W_cluster,0.0014
YGL209W,YKL015W,MIG2,PUT3,0.3,0.003,382,YGL209W_cluster,YGL209W_cluster,YGL209W_cluster,0.003
YGL209W,YKL032C,MIG2,IXR1,0.56,0.0056,382,YGL209W_cluster,YGL209W_cluster,YGL209W_cluster,0.0056
YGL209W,YKL038W,MIG2,RGT1,0.2,0.002,382,YGL209W_cluster,YGL209W_cluster,YGL209W_cluster,0.002
YGL209W,YKL062W,MIG2,MSN4,0.71,0.0071,382,YGL209W_cluster,YGL209W_cluster,YGL209W_cluster,0.0071
YGL209W,YKL109W,MIG2,HAP4,0.66,0.0066,382,YGL209W_cluster,YGL209W_cluster,YGL209W_cluster,0.0066
YGL209W,YKL112W,MIG2,ABF1,0.46,0.0046,382,YGL209W_cluster,YGL209W_cluster,YGL209W_cluster,0.0046
YGL209W,YKL185W,MIG2,ASH1,0.63,0.0063,382,YGL209W_cluster,YGL209W_cluster,YGL209W_cluster,0.0063
YGL209W,YKR034W,MIG2,DAL80,0.63,0.0063,269,YGL209W_cluster,YGL209W_cluster,YGL209W_cluster,0.0063
YGL209W,YKR099W,MIG2,BAS1,0.6,0.006,382,YGL209W_cluster,YGL209W_cluster,YGL209W_cluster,0.006
YGL209W,YLR014C,MIG2,PPR1,0.63,0.0063,382,YGL209W_cluster,YGL209W_cluster,YGL209W_cluster,0.0063
YGL209W,YLR098C,MIG2,CHA4,0.2,0.002,382,YGL209W_cluster,YGL209W_cluster,YGL209W_cluster,0.002
YGL209W,YLR131C,MIG2,ACE2,0.53,0.0053,382,YGL209W_cluster,YGL209W_cluster,YGL209W_cluster,0.0053
YGL209W,YLR176C,MIG2,RFX1,0.68,0.0068,382,YGL209W_cluster,YGL209W_cluster,YGL209W_cluster,0.0068
YGL209W,YLR228C,MIG2,ECM22,0.95,0.0095,382,YGL209W_cluster,YGL209W_cluster,YGL209W_cluster,0.0095
YGL209W,YLR256W,MIG2,HAP1,0.99,0.0099,382,YGL209W_cluster,YGL209W_cluster,YGL209W_cluster,0.0099
YGL209W,YLR266C,MIG2,PDR8,0.19,0.0019,382,YGL209W_cluster,YGL209W_cluster,YGL209W_cluster,0.0019
YGL209W,YLR451W,MIG2,LEU3,0.32,0.0032,382,YGL209W_cluster,YGL209W_cluster,YGL209W_cluster,0.0032
YGL209W,YML007W,MIG2,YAP1,0.9,0.009,382,YGL209W_cluster,YGL209W_cluster,YGL209W_cluster,0.009
YGL209W,YML076C,MIG2,WAR1,0.23,0.0023,382,YGL209W_cluster,YGL209W_cluster,YGL209W_cluster,0.0023
YGL209W,YML081W,MIG2,TDA9,1.13,0.0113,382,YGL209W_cluster,YGL209W_cluster,YGL209W_cluster,0.0113
YGL209W,YML099C,MIG2,ARG81,0.24,0.0024,382,YGL209W_cluster,YGL209W_cluster,YGL209W_cluster,0.0024
YGL209W,YMR019W,MIG2,STB4,0.53,0.0053,382,YGL209W_cluster,YGL209W_cluster,YGL209W_cluster,0.0053
YGL209W,YMR021C,MIG2,MAC1,0.0,0.0,382,YGL209W_cluster,YGL209W_cluster,YGL209W_cluster,0.0
YGL209W,YMR037C,MIG2,MSN2,0.76,0.0076,382,YGL209W_cluster,YGL209W_cluster,YGL209W_cluster,0.0076
YGL209W,YMR042W,MIG2,ARG80,0.36,0.0036,177,YGL209W_cluster,YGL209W_cluster,YGL209W_cluster,0.0036
YGL209W,YMR043W,MIG2,MCM1,0.33,0.0033,286,YGL209W_cluster,YGL209W_cluster,YGL209W_cluster,0.0033
YGL209W,YMR070W,MIG2,MOT3,1.25,0.0125,382,YGL209W_cluster,YGL209W_cluster,YGL209W_cluster,0.0125
YGL209W,YMR164C,MIG2,MSS11,0.19,0.0019,382,YGL209W_cluster,YGL209W_cluster,YGL209W_cluster,0.0019
YGL209W,YMR172W,MIG2,HOT1,0.65,0.0065,382,YGL209W_cluster,YGL209W_cluster,YGL209W_cluster,0.0065
YGL209W,YMR280C,MIG2,CAT8,0.17,0.0017,382,YGL209W_cluster,YGL209W_cluster,YGL209W_cluster,0.0017
YGL209W,YNL027W,MIG2,CRZ1,0.79,0.0079,382,YGL209W_cluster,YGL209W_cluster,YGL209W_cluster,0.0079
YGL209W,YNL068C,MIG2,FKH2,0.41,0.0041,382,YGL209W_cluster,YGL209W_cluster,YGL209W_cluster,0.0041
YGL209W,YNL103W,MIG2,MET4,0.78,0.0078,382,YGL209W_cluster,YGL209W_cluster,YGL209W_cluster,0.0078
YGL209W,YNL167C,MIG2,SKO1,0.6,0.006,382,YGL209W_cluster,YGL209W_cluster,YGL209W_cluster,0.006
YGL209W,YNL199C,MIG2,GCR2,0.89,0.0089,382,YGL209W_cluster,YGL209W_cluster,YGL209W_cluster,0.0089
YGL209W,YNL216W,MIG2,RAP1,0.42,0.0042,382,YGL209W_cluster,YGL209W_cluster,YGL209W_cluster,0.0042
YGL209W,YNL314W,MIG2,DAL82,0.32,0.0032,255,YGL209W_cluster,YGL209W_cluster,YGL209W_cluster,0.0032
YGL209W,YOL067C,MIG2,RTG1,0.18,0.0018,177,YGL209W_cluster,YGL209W_cluster,YGL209W_cluster,0.0018
YGL209W,YOL108C,MIG2,INO4,0.0,0.0,151,YGL209W_cluster,YGL209W_cluster,YGL209W_cluster,0.0
YGL209W,YOR028C,MIG2,CIN5,0.0,0.0,295,YGL209W_cluster,YGL209W_cluster,YGL209W_cluster,0.0
YGL209W,YOR113W,MIG2,AZF1,0.88,0.0088,382,YGL209W_cluster,YGL209W_cluster,YGL209W_cluster,0.0088
YGL209W,YOR140W,MIG2,SFL1,0.71,0.0071,382,YGL209W_cluster,YGL209W_cluster,YGL209W_cluster,0.0071
YGL209W,YOR162C,MIG2,YRR1,0.17,0.0017,382,YGL209W_cluster,YGL209W_cluster,YGL209W_cluster,0.0017
YGL209W,YOR337W,MIG2,TEA1,0.54,0.0054,382,YGL209W_cluster,YGL209W_cluster,YGL209W_cluster,0.0054
YGL209W,YOR344C,MIG2,TYE7,0.61,0.0061,291,YGL209W_cluster,YGL209W_cluster,YGL209W_cluster,0.0061
YGL209W,YOR358W,MIG2,HAP5,0.33,0.0033,242,YGL209W_cluster,YGL209W_cluster,YGL209W_cluster,0.0033
YGL209W,YOR363C,MIG2,PIP2,0.44,0.0044,382,YGL209W_cluster,YGL209W_cluster,YGL209W_cluster,0.0044
YGL209W,YPL038W,MIG2,MET31,0.73,0.0073,177,YGL209W_cluster,YGL209W_cluster,YGL209W_cluster,0.0073
YGL209W,YPL075W,MIG2,GCR1,0.7,0.007,382,YGL209W_cluster,YGL209W_cluster,YGL209W_cluster,0.007
YGL209W,YPL089C,MIG2,RLM1,0.99,0.0099,382,YGL209W_cluster,YGL209W_cluster,YGL209W_cluster,0.0099
YGL209W,YPL133C,MIG2,RDS2,0.49,0.0049,382,YGL209W_cluster,YGL209W_cluster,YGL209W_cluster,0.0049
YGL209W,YPL202C,MIG2,AFT2,0.64,0.0064,382,YGL209W_cluster,YGL209W_cluster,YGL209W_cluster,0.0064
YGL209W,YPL230W,MIG2,USV1,1.08,0.0108,382,YGL209W_cluster,YGL209W_cluster,YGL209W_cluster,0.0108
YGL209W,YPL248C,MIG2,GAL4,0.48,0.0048,382,YGL209W_cluster,YGL209W_cluster,YGL209W_cluster,0.0048
YGL209W,YPR008W,MIG2,HAA1,1.34,0.0134,382,YGL209W_cluster,YGL209W_cluster,YGL209W_cluster,0.0134
YGL209W,YPR065W,MIG2,ROX1,0.41,0.0041,368,YGL209W_cluster,YGL209W_cluster,YGL209W_cluster,0.0041
YGL209W,YPR199C,MIG2,ARR1,0.0,0.0,294,YGL209W_cluster,YGL209W_cluster,YGL209W_cluster,0.0
YGL237C,YGL254W,HAP2,FZF1,0.19,0.0019,265,YGL237C_cluster,YGL237C_cluster,YGL237C_cluster,0.0019
YGL237C,YGR044C,HAP2,RME1,0.0,0.0,265,YGL237C_cluster,YGL237C_cluster,YGL237C_cluster,0.0
YGL237C,YHL009C,HAP2,YAP3,0.71,0.0071,265,YGL237C_cluster,YGL237C_cluster,YGL237C_cluster,0.0071
YGL237C,YHL027W,HAP2,RIM101,0.47,0.0047,265,YGL237C_cluster,YGL237C_cluster,YGL237C_cluster,0.0047
YGL237C,YHR006W,HAP2,STP2,0.26,0.0026,265,YGL237C_cluster,YGL237C_cluster,YGL237C_cluster,0.0026
YGL237C,YHR084W,HAP2,STE12,0.11,0.0011,265,YGL237C_cluster,YGL237C_cluster,YGL237C_cluster,0.0011
YGL237C,YHR124W,HAP2,NDT80,0.23,0.0023,265,YGL237C_cluster,YGL237C_cluster,YGL237C_cluster,0.0023
YGL237C,YHR177W,HAP2,ROF1,0.29,0.0029,265,YGL237C_cluster,YGL237C_cluster,YGL237C_cluster,0.0029
YGL237C,YHR178W,HAP2,STB5,0.1,0.001,265,YGL237C_cluster,YGL237C_cluster,YGL237C_cluster,0.001
YGL237C,YHR206W,HAP2,SKN7,0.23,0.0023,265,YGL237C_cluster,YGL237C_cluster,YGL237C_cluster,0.0023
YGL237C,YIL036W,HAP2,CST6,0.24,0.0024,265,YGL237C_cluster,YGL237C_cluster,YGL237C_cluster,0.0024
YGL237C,YIL101C,HAP2,XBP1,0.92,0.0092,265,YGL237C_cluster,YGL237C_cluster,YGL237C_cluster,0.0092
YGL237C,YIL131C,HAP2,FKH1,0.28,0.0028,265,YGL237C_cluster,YGL237C_cluster,YGL237C_cluster,0.0028
YGL237C,YIR018W,HAP2,YAP5,0.41,0.0041,245,YGL237C_cluster,YGL237C_cluster,YGL237C_cluster,0.0041
YGL237C,YIR023W,HAP2,DAL81,0.26,0.0026,265,YGL237C_cluster,YGL237C_cluster,YGL237C_cluster,0.0026
YGL237C,YJL056C,HAP2,ZAP1,0.73,0.0073,265,YGL237C_cluster,YGL237C_cluster,YGL237C_cluster,0.0073
YGL237C,YJL089W,HAP2,SIP4,0.48,0.0048,265,YGL237C_cluster,YGL237C_cluster,YGL237C_cluster,0.0048
YGL237C,YJL103C,HAP2,GSM1,0.47,0.0047,265,YGL237C_cluster,YGL237C_cluster,YGL237C_cluster,0.0047
YGL237C,YJL110C,HAP2,GZF3,0.38,0.0038,265,YGL237C_cluster,YGL237C_cluster,YGL237C_cluster,0.0038
YGL237C,YJR060W,HAP2,CBF1,0.17,0.0017,265,YGL237C_cluster,YGL237C_cluster,YGL237C_cluster,0.0017
YGL237C,YJR094C,HAP2,IME1,0.34,0.0034,265,YGL237C_cluster,YGL237C_cluster,YGL237C_cluster,0.0034
YGL237C,YKL015W,HAP2,PUT3,0.17,0.0017,265,YGL237C_cluster,YGL237C_cluster,YGL237C_cluster,0.0017
YGL237C,YKL032C,HAP2,IXR1,1.2,0.012,265,YGL237C_cluster,YGL237C_cluster,YGL237C_cluster,0.012
YGL237C,YKL038W,HAP2,RGT1,0.5,0.005,265,YGL237C_cluster,YGL237C_cluster,YGL237C_cluster,0.005
YGL237C,YKL062W,HAP2,MSN4,0.35,0.0035,265,YGL237C_cluster,YGL237C_cluster,YGL237C_cluster,0.0035
YGL237C,YKL109W,HAP2,HAP4,0.25,0.0025,265,YGL237C_cluster,YGL237C_cluster,YGL237C_cluster,0.0025
YGL237C,YKL112W,HAP2,ABF1,0.31,0.0031,265,YGL237C_cluster,YGL237C_cluster,YGL237C_cluster,0.0031
YGL237C,YKL185W,HAP2,ASH1,0.24,0.0024,265,YGL237C_cluster,YGL237C_cluster,YGL237C_cluster,0.0024
YGL237C,YKR034W,HAP2,DAL80,0.0,0.0,265,YGL237C_cluster,YGL237C_cluster,YGL237C_cluster,0.0
YGL237C,YKR099W,HAP2,BAS1,0.38,0.0038,265,YGL237C_cluster,YGL237C_cluster,YGL237C_cluster,0.0038
YGL237C,YLR014C,HAP2,PPR1,0.35,0.0035,265,YGL237C_cluster,YGL237C_cluster,YGL237C_cluster,0.0035
YGL237C,YLR098C,HAP2,CHA4,0.23,0.0023,265,YGL237C_cluster,YGL237C_cluster,YGL237C_cluster,0.0023
YGL237C,YLR131C,HAP2,ACE2,0.9,0.009,265,YGL237C_cluster,YGL237C_cluster,YGL237C_cluster,0.009
YGL237C,YLR176C,HAP2,RFX1,0.19,0.0019,265,YGL237C_cluster,YGL237C_cluster,YGL237C_cluster,0.0019
YGL237C,YLR228C,HAP2,ECM22,0.39,0.0039,265,YGL237C_cluster,YGL237C_cluster,YGL237C_cluster,0.0039
YGL237C,YLR256W,HAP2,HAP1,0.53,0.0053,265,YGL237C_cluster,YGL237C_cluster,YGL237C_cluster,0.0053
YGL237C,YLR266C,HAP2,PDR8,0.21,0.0021,265,YGL237C_cluster,YGL237C_cluster,YGL237C_cluster,0.0021
YGL237C,YLR451W,HAP2,LEU3,0.36,0.0036,265,YGL237C_cluster,YGL237C_cluster,YGL237C_cluster,0.0036
YGL237C,YML007W,HAP2,YAP1,0.23,0.0023,265,YGL237C_cluster,YGL237C_cluster,YGL237C_cluster,0.0023
YGL237C,YML076C,HAP2,WAR1,0.42,0.0042,265,YGL237C_cluster,YGL237C_cluster,YGL237C_cluster,0.0042
YGL237C,YML081W,HAP2,TDA9,0.07,0.0007,265,YGL237C_cluster,YGL237C_cluster,YGL237C_cluster,0.0007
YGL237C,YML099C,HAP2,ARG81,0.27,0.0027,265,YGL237C_cluster,YGL237C_cluster,YGL237C_cluster,0.0027
YGL237C,YMR019W,HAP2,STB4,0.34,0.0034,265,YGL237C_cluster,YGL237C_cluster,YGL237C_cluster,0.0034
YGL237C,YMR021C,HAP2,MAC1,0.15,0.0015,265,YGL237C_cluster,YGL237C_cluster,YGL237C_cluster,0.0015
YGL237C,YMR037C,HAP2,MSN2,0.54,0.0054,265,YGL237C_cluster,YGL237C_cluster,YGL237C_cluster,0.0054
YGL237C,YMR042W,HAP2,ARG80,0.48,0.0048,177,YGL237C_cluster,YGL237C_cluster,YGL237C_cluster,0.0048
YGL237C,YMR043W,HAP2,MCM1,1.26,0.0126,265,YGL237C_cluster,YGL237C_cluster,YGL237C_cluster,0.0126
YGL237C,YMR070W,HAP2,MOT3,0.9,0.009,265,YGL237C_cluster,YGL237C_cluster,YGL237C_cluster,0.009
YGL237C,YMR164C,HAP2,MSS11,0.97,0.0097,265,YGL237C_cluster,YGL237C_cluster,YGL237C_cluster,0.0097
YGL237C,YMR172W,HAP2,HOT1,0.43,0.0043,265,YGL237C_cluster,YGL237C_cluster,YGL237C_cluster,0.0043
YGL237C,YMR280C,HAP2,CAT8,0.49,0.0049,265,YGL237C_cluster,YGL237C_cluster,YGL237C_cluster,0.0049
YGL237C,YNL027W,HAP2,CRZ1,0.45,0.0045,265,YGL237C_cluster,YGL237C_cluster,YGL237C_cluster,0.0045
YGL237C,YNL068C,HAP2,FKH2,0.18,0.0018,265,YGL237C_cluster,YGL237C_cluster,YGL237C_cluster,0.0018
YGL237C,YNL103W,HAP2,MET4,0.22,0.0022,265,YGL237C_cluster,YGL237C_cluster,YGL237C_cluster,0.0022
YGL237C,YNL167C,HAP2,SKO1,0.23,0.0023,265,YGL237C_cluster,YGL237C_cluster,YGL237C_cluster,0.0023
YGL237C,YNL199C,HAP2,GCR2,0.39,0.0039,265,YGL237C_cluster,YGL237C_cluster,YGL237C_cluster,0.0039
YGL237C,YNL216W,HAP2,RAP1,0.77,0.0077,265,YGL237C_cluster,YGL237C_cluster,YGL237C_cluster,0.0077
YGL237C,YNL314W,HAP2,DAL82,0.0,0.0,255,YGL237C_cluster,YGL237C_cluster,YGL237C_cluster,0.0
YGL237C,YOL067C,HAP2,RTG1,0.0,0.0,177,YGL237C_cluster,YGL237C_cluster,YGL237C_cluster,0.0
YGL237C,YOL108C,HAP2,INO4,0.26,0.0026,151,YGL237C_cluster,YGL237C_cluster,YGL237C_cluster,0.0026
YGL237C,YOR028C,HAP2,CIN5,0.19,0.0019,265,YGL237C_cluster,YGL237C_cluster,YGL237C_cluster,0.0019
YGL237C,YOR113W,HAP2,AZF1,0.81,0.0081,265,YGL237C_cluster,YGL237C_cluster,YGL237C_cluster,0.0081
YGL237C,YOR140W,HAP2,SFL1,0.2,0.002,265,YGL237C_cluster,YGL237C_cluster,YGL237C_cluster,0.002
YGL237C,YOR162C,HAP2,YRR1,0.1,0.001,265,YGL237C_cluster,YGL237C_cluster,YGL237C_cluster,0.001
YGL237C,YOR337W,HAP2,TEA1,0.2,0.002,265,YGL237C_cluster,YGL237C_cluster,YGL237C_cluster,0.002
YGL237C,YOR344C,HAP2,TYE7,0.76,0.0076,265,YGL237C_cluster,YGL237C_cluster,YGL237C_cluster,0.0076
YGL237C,YOR358W,HAP2,HAP5,0.21,0.0021,242,YGL237C_cluster,YGL237C_cluster,YGL237C_cluster,0.0021
YGL237C,YOR363C,HAP2,PIP2,0.49,0.0049,265,YGL237C_cluster,YGL237C_cluster,YGL237C_cluster,0.0049
YGL237C,YPL038W,HAP2,MET31,0.0,0.0,177,YGL237C_cluster,YGL237C_cluster,YGL237C_cluster,0.0
YGL237C,YPL075W,HAP2,GCR1,0.1,0.001,265,YGL237C_cluster,YGL237C_cluster,YGL237C_cluster,0.001
YGL237C,YPL089C,HAP2,RLM1,0.34,0.0034,265,YGL237C_cluster,YGL237C_cluster,YGL237C_cluster,0.0034
YGL237C,YPL133C,HAP2,RDS2,0.58,0.0058,265,YGL237C_cluster,YGL237C_cluster,YGL237C_cluster,0.0058
YGL237C,YPL202C,HAP2,AFT2,0.15,0.0015,265,YGL237C_cluster,YGL237C_cluster,YGL237C_cluster,0.0015
YGL237C,YPL230W,HAP2,USV1,0.49,0.0049,265,YGL237C_cluster,YGL237C_cluster,YGL237C_cluster,0.0049
YGL237C,YPL248C,HAP2,GAL4,0.63,0.0063,265,YGL237C_cluster,YGL237C_cluster,YGL237C_cluster,0.0063
YGL237C,YPR008W,HAP2,HAA1,0.43,0.0043,265,YGL237C_cluster,YGL237C_cluster,YGL237C_cluster,0.0043
YGL237C,YPR065W,HAP2,ROX1,1.01,0.0101,265,YGL237C_cluster,YGL237C_cluster,YGL237C_cluster,0.0101
YGL237C,YPR199C,HAP2,ARR1,0.94,0.0094,265,YGL237C_cluster,YGL237C_cluster,YGL237C_cluster,0.0094
YGL254W,YGR044C,FZF1,RME1,0.34,0.0034,299,YGL254W_cluster,YGL254W_cluster,YGL254W_cluster,0.0034
YGL254W,YHL009C,FZF1,YAP3,0.0,0.0,299,YGL254W_cluster,YGL254W_cluster,YGL254W_cluster,0.0
YGL254W,YHL027W,FZF1,RIM101,0.56,0.0056,299,YGL254W_cluster,YGL254W_cluster,YGL254W_cluster,0.0056
YGL254W,YHR006W,FZF1,STP2,0.12,0.0012,299,YGL254W_cluster,YGL254W_cluster,YGL254W_cluster,0.0012
YGL254W,YHR084W,FZF1,STE12,0.41,0.0041,299,YGL254W_cluster,YGL254W_cluster,YGL254W_cluster,0.0041
YGL254W,YHR124W,FZF1,NDT80,0.22,0.0022,299,YGL254W_cluster,YGL254W_cluster,YGL254W_cluster,0.0022
YGL254W,YHR177W,FZF1,ROF1,0.13,0.0013,299,YGL254W_cluster,YGL254W_cluster,YGL254W_cluster,0.0013
YGL254W,YHR178W,FZF1,STB5,0.1,0.001,299,YGL254W_cluster,YGL254W_cluster,YGL254W_cluster,0.001
YGL254W,YHR206W,FZF1,SKN7,0.33,0.0033,299,YGL254W_cluster,YGL254W_cluster,YGL254W_cluster,0.0033
YGL254W,YIL036W,FZF1,CST6,0.69,0.0069,299,YGL254W_cluster,YGL254W_cluster,YGL254W_cluster,0.0069
YGL254W,YIL101C,FZF1,XBP1,0.22,0.0022,299,YGL254W_cluster,YGL254W_cluster,YGL254W_cluster,0.0022
YGL254W,YIL131C,FZF1,FKH1,0.26,0.0026,299,YGL254W_cluster,YGL254W_cluster,YGL254W_cluster,0.0026
YGL254W,YIR018W,FZF1,YAP5,0.19,0.0019,245,YGL254W_cluster,YGL254W_cluster,YGL254W_cluster,0.0019
YGL254W,YIR023W,FZF1,DAL81,0.33,0.0033,299,YGL254W_cluster,YGL254W_cluster,YGL254W_cluster,0.0033
YGL254W,YJL056C,FZF1,ZAP1,0.52,0.0052,299,YGL254W_cluster,YGL254W_cluster,YGL254W_cluster,0.0052
YGL254W,YJL089W,FZF1,SIP4,0.27,0.0027,299,YGL254W_cluster,YGL254W_cluster,YGL254W_cluster,0.0027
YGL254W,YJL103C,FZF1,GSM1,0.11,0.0011,299,YGL254W_cluster,YGL254W_cluster,YGL254W_cluster,0.0011
YGL254W,YJL110C,FZF1,GZF3,0.48,0.0048,299,YGL254W_cluster,YGL254W_cluster,YGL254W_cluster,0.0048
YGL254W,YJR060W,FZF1,CBF1,0.16,0.0016,299,YGL254W_cluster,YGL254W_cluster,YGL254W_cluster,0.0016
YGL254W,YJR094C,FZF1,IME1,0.15,0.0015,299,YGL254W_cluster,YGL254W_cluster,YGL254W_cluster,0.0015
YGL254W,YKL015W,FZF1,PUT3,0.24,0.0024,299,YGL254W_cluster,YGL254W_cluster,YGL254W_cluster,0.0024
YGL254W,YKL032C,FZF1,IXR1,0.5,0.005,299,YGL254W_cluster,YGL254W_cluster,YGL254W_cluster,0.005
YGL254W,YKL038W,FZF1,RGT1,0.35,0.0035,299,YGL254W_cluster,YGL254W_cluster,YGL254W_cluster,0.0035
YGL254W,YKL062W,FZF1,MSN4,0.55,0.0055,299,YGL254W_cluster,YGL254W_cluster,YGL254W_cluster,0.0055
YGL254W,YKL109W,FZF1,HAP4,0.36,0.0036,299,YGL254W_cluster,YGL254W_cluster,YGL254W_cluster,0.0036
YGL254W,YKL112W,FZF1,ABF1,0.3,0.003,299,YGL254W_cluster,YGL254W_cluster,YGL254W_cluster,0.003
YGL254W,YKL185W,FZF1,ASH1,0.0,0.0,299,YGL254W_cluster,YGL254W_cluster,YGL254W_cluster,0.0
YGL254W,YKR034W,FZF1,DAL80,0.54,0.0054,269,YGL254W_cluster,YGL254W_cluster,YGL254W_cluster,0.0054
YGL254W,YKR099W,FZF1,BAS1,0.27,0.0027,299,YGL254W_cluster,YGL254W_cluster,YGL254W_cluster,0.0027
YGL254W,YLR014C,FZF1,PPR1,0.34,0.0034,299,YGL254W_cluster,YGL254W_cluster,YGL254W_cluster,0.0034
YGL254W,YLR098C,FZF1,CHA4,0.43,0.0043,299,YGL254W_cluster,YGL254W_cluster,YGL254W_cluster,0.0043
YGL254W,YLR131C,FZF1,ACE2,0.09,0.0009,299,YGL254W_cluster,YGL254W_cluster,YGL254W_cluster,0.0009
YGL254W,YLR176C,FZF1,RFX1,0.18,0.0018,299,YGL254W_cluster,YGL254W_cluster,YGL254W_cluster,0.0018
YGL254W,YLR228C,FZF1,ECM22,0.09,0.0009,299,YGL254W_cluster,YGL254W_cluster,YGL254W_cluster,0.0009
YGL254W,YLR256W,FZF1,HAP1,0.69,0.0069,299,YGL254W_cluster,YGL254W_cluster,YGL254W_cluster,0.0069
YGL254W,YLR266C,FZF1,PDR8,0.3,0.003,299,YGL254W_cluster,YGL254W_cluster,YGL254W_cluster,0.003
YGL254W,YLR451W,FZF1,LEU3,0.43,0.0043,299,YGL254W_cluster,YGL254W_cluster,YGL254W_cluster,0.0043
YGL254W,YML007W,FZF1,YAP1,0.33,0.0033,299,YGL254W_cluster,YGL254W_cluster,YGL254W_cluster,0.0033
YGL254W,YML076C,FZF1,WAR1,0.16,0.0016,299,YGL254W_cluster,YGL254W_cluster,YGL254W_cluster,0.0016
YGL254W,YML081W,FZF1,TDA9,0.26,0.0026,299,YGL254W_cluster,YGL254W_cluster,YGL254W_cluster,0.0026
YGL254W,YML099C,FZF1,ARG81,0.52,0.0052,299,YGL254W_cluster,YGL254W_cluster,YGL254W_cluster,0.0052
YGL254W,YMR019W,FZF1,STB4,0.16,0.0016,299,YGL254W_cluster,YGL254W_cluster,YGL254W_cluster,0.0016
YGL254W,YMR021C,FZF1,MAC1,0.43,0.0043,299,YGL254W_cluster,YGL254W_cluster,YGL254W_cluster,0.0043
YGL254W,YMR037C,FZF1,MSN2,0.31,0.0031,299,YGL254W_cluster,YGL254W_cluster,YGL254W_cluster,0.0031
YGL254W,YMR042W,FZF1,ARG80,0.0,0.0,177,YGL254W_cluster,YGL254W_cluster,YGL254W_cluster,0.0
YGL254W,YMR043W,FZF1,MCM1,0.0,0.0,286,YGL254W_cluster,YGL254W_cluster,YGL254W_cluster,0.0
YGL254W,YMR070W,FZF1,MOT3,0.14,0.0014,299,YGL254W_cluster,YGL254W_cluster,YGL254W_cluster,0.0014
YGL254W,YMR164C,FZF1,MSS11,0.92,0.0092,299,YGL254W_cluster,YGL254W_cluster,YGL254W_cluster,0.0092
YGL254W,YMR172W,FZF1,HOT1,0.61,0.0061,299,YGL254W_cluster,YGL254W_cluster,YGL254W_cluster,0.0061
YGL254W,YMR280C,FZF1,CAT8,0.36,0.0036,299,YGL254W_cluster,YGL254W_cluster,YGL254W_cluster,0.0036
YGL254W,YNL027W,FZF1,CRZ1,0.75,0.0075,299,YGL254W_cluster,YGL254W_cluster,YGL254W_cluster,0.0075
YGL254W,YNL068C,FZF1,FKH2,0.18,0.0018,299,YGL254W_cluster,YGL254W_cluster,YGL254W_cluster,0.0018
YGL254W,YNL103W,FZF1,MET4,0.0,0.0,299,YGL254W_cluster,YGL254W_cluster,YGL254W_cluster,0.0
YGL254W,YNL167C,FZF1,SKO1,0.11,0.0011,299,YGL254W_cluster,YGL254W_cluster,YGL254W_cluster,0.0011
YGL254W,YNL199C,FZF1,GCR2,0.24,0.0024,299,YGL254W_cluster,YGL254W_cluster,YGL254W_cluster,0.0024
YGL254W,YNL216W,FZF1,RAP1,0.09,0.0009,299,YGL254W_cluster,YGL254W_cluster,YGL254W_cluster,0.0009
YGL254W,YNL314W,FZF1,DAL82,0.18,0.0018,255,YGL254W_cluster,YGL254W_cluster,YGL254W_cluster,0.0018
YGL254W,YOL067C,FZF1,RTG1,0.0,0.0,177,YGL254W_cluster,YGL254W_cluster,YGL254W_cluster,0.0
YGL254W,YOL108C,FZF1,INO4,0.23,0.0023,151,YGL254W_cluster,YGL254W_cluster,YGL254W_cluster,0.0023
YGL254W,YOR028C,FZF1,CIN5,0.34,0.0034,295,YGL254W_cluster,YGL254W_cluster,YGL254W_cluster,0.0034
YGL254W,YOR113W,FZF1,AZF1,0.51,0.0051,299,YGL254W_cluster,YGL254W_cluster,YGL254W_cluster,0.0051
YGL254W,YOR140W,FZF1,SFL1,0.38,0.0038,299,YGL254W_cluster,YGL254W_cluster,YGL254W_cluster,0.0038
YGL254W,YOR162C,FZF1,YRR1,0.09,0.0009,299,YGL254W_cluster,YGL254W_cluster,YGL254W_cluster,0.0009
YGL254W,YOR337W,FZF1,TEA1,0.19,0.0019,299,YGL254W_cluster,YGL254W_cluster,YGL254W_cluster,0.0019
YGL254W,YOR344C,FZF1,TYE7,0.17,0.0017,291,YGL254W_cluster,YGL254W_cluster,YGL254W_cluster,0.0017
YGL254W,YOR358W,FZF1,HAP5,0.19,0.0019,242,YGL254W_cluster,YGL254W_cluster,YGL254W_cluster,0.0019
YGL254W,YOR363C,FZF1,PIP2,0.23,0.0023,299,YGL254W_cluster,YGL254W_cluster,YGL254W_cluster,0.0023
YGL254W,YPL038W,FZF1,MET31,0.43,0.0043,177,YGL254W_cluster,YGL254W_cluster,YGL254W_cluster,0.0043
YGL254W,YPL075W,FZF1,GCR1,0.47,0.0047,299,YGL254W_cluster,YGL254W_cluster,YGL254W_cluster,0.0047
YGL254W,YPL089C,FZF1,RLM1,0.43,0.0043,299,YGL254W_cluster,YGL254W_cluster,YGL254W_cluster,0.0043
YGL254W,YPL133C,FZF1,RDS2,0.27,0.0027,299,YGL254W_cluster,YGL254W_cluster,YGL254W_cluster,0.0027
YGL254W,YPL202C,FZF1,AFT2,0.14,0.0014,299,YGL254W_cluster,YGL254W_cluster,YGL254W_cluster,0.0014
YGL254W,YPL230W,FZF1,USV1,0.3,0.003,299,YGL254W_cluster,YGL254W_cluster,YGL254W_cluster,0.003
YGL254W,YPL248C,FZF1,GAL4,0.52,0.0052,299,YGL254W_cluster,YGL254W_cluster,YGL254W_cluster,0.0052
YGL254W,YPR008W,FZF1,HAA1,0.41,0.0041,299,YGL254W_cluster,YGL254W_cluster,YGL254W_cluster,0.0041
YGL254W,YPR065W,FZF1,ROX1,0.46,0.0046,299,YGL254W_cluster,YGL254W_cluster,YGL254W_cluster,0.0046
YGL254W,YPR199C,FZF1,ARR1,0.0,0.0,294,YGL254W_cluster,YGL254W_cluster,YGL254W_cluster,0.0
YGR044C,YHL009C,RME1,YAP3,0.16,0.0016,300,YGR044C_cluster,YGR044C_cluster,YGR044C_cluster,0.0016
YGR044C,YHL027W,RME1,RIM101,0.22,0.0022,300,YGR044C_cluster,YGR044C_cluster,YGR044C_cluster,0.0022
YGR044C,YHR006W,RME1,STP2,0.0,0.0,300,YGR044C_cluster,YGR044C_cluster,YGR044C_cluster,0.0
YGR044C,YHR084W,RME1,STE12,0.1,0.001,300,YGR044C_cluster,YGR044C_cluster,YGR044C_cluster,0.001
YGR044C,YHR124W,RME1,NDT80,0.22,0.0022,300,YGR044C_cluster,YGR044C_cluster,YGR044C_cluster,0.0022
YGR044C,YHR177W,RME1,ROF1,0.14,0.0014,300,YGR044C_cluster,YGR044C_cluster,YGR044C_cluster,0.0014
YGR044C,YHR178W,RME1,STB5,0.2,0.002,300,YGR044C_cluster,YGR044C_cluster,YGR044C_cluster,0.002
YGR044C,YHR206W,RME1,SKN7,0.33,0.0033,300,YGR044C_cluster,YGR044C_cluster,YGR044C_cluster,0.0033
YGR044C,YIL036W,RME1,CST6,0.46,0.0046,300,YGR044C_cluster,YGR044C_cluster,YGR044C_cluster,0.0046
YGR044C,YIL101C,RME1,XBP1,0.43,0.0043,300,YGR044C_cluster,YGR044C_cluster,YGR044C_cluster,0.0043
YGR044C,YIL131C,RME1,FKH1,0.39,0.0039,300,YGR044C_cluster,YGR044C_cluster,YGR044C_cluster,0.0039
YGR044C,YIR018W,RME1,YAP5,0.19,0.0019,245,YGR044C_cluster,YGR044C_cluster,YGR044C_cluster,0.0019
YGR044C,YIR023W,RME1,DAL81,0.33,0.0033,300,YGR044C_cluster,YGR044C_cluster,YGR044C_cluster,0.0033
YGR044C,YJL056C,RME1,ZAP1,0.43,0.0043,300,YGR044C_cluster,YGR044C_cluster,YGR044C_cluster,0.0043
YGR044C,YJL089W,RME1,SIP4,0.18,0.0018,300,YGR044C_cluster,YGR044C_cluster,YGR044C_cluster,0.0018
YGR044C,YJL103C,RME1,GSM1,0.55,0.0055,300,YGR044C_cluster,YGR044C_cluster,YGR044C_cluster,0.0055
YGR044C,YJL110C,RME1,GZF3,0.24,0.0024,300,YGR044C_cluster,YGR044C_cluster,YGR044C_cluster,0.0024
YGR044C,YJR060W,RME1,CBF1,0.16,0.0016,300,YGR044C_cluster,YGR044C_cluster,YGR044C_cluster,0.0016
YGR044C,YJR094C,RME1,IME1,0.15,0.0015,300,YGR044C_cluster,YGR044C_cluster,YGR044C_cluster,0.0015
YGR044C,YKL015W,RME1,PUT3,0.32,0.0032,300,YGR044C_cluster,YGR044C_cluster,YGR044C_cluster,0.0032
YGR044C,YKL032C,RME1,IXR1,0.25,0.0025,300,YGR044C_cluster,YGR044C_cluster,YGR044C_cluster,0.0025
YGR044C,YKL038W,RME1,RGT1,0.28,0.0028,300,YGR044C_cluster,YGR044C_cluster,YGR044C_cluster,0.0028
YGR044C,YKL062W,RME1,MSN4,0.33,0.0033,300,YGR044C_cluster,YGR044C_cluster,YGR044C_cluster,0.0033
YGR044C,YKL109W,RME1,HAP4,0.36,0.0036,300,YGR044C_cluster,YGR044C_cluster,YGR044C_cluster,0.0036
YGR044C,YKL112W,RME1,ABF1,0.2,0.002,300,YGR044C_cluster,YGR044C_cluster,YGR044C_cluster,0.002
YGR044C,YKL185W,RME1,ASH1,0.23,0.0023,300,YGR044C_cluster,YGR044C_cluster,YGR044C_cluster,0.0023
YGR044C,YKR034W,RME1,DAL80,0.0,0.0,269,YGR044C_cluster,YGR044C_cluster,YGR044C_cluster,0.0
YGR044C,YKR099W,RME1,BAS1,0.46,0.0046,300,YGR044C_cluster,YGR044C_cluster,YGR044C_cluster,0.0046
YGR044C,YLR014C,RME1,PPR1,0.34,0.0034,300,YGR044C_cluster,YGR044C_cluster,YGR044C_cluster,0.0034
YGR044C,YLR098C,RME1,CHA4,0.76,0.0076,300,YGR044C_cluster,YGR044C_cluster,YGR044C_cluster,0.0076
YGR044C,YLR131C,RME1,ACE2,0.29,0.0029,300,YGR044C_cluster,YGR044C_cluster,YGR044C_cluster,0.0029
YGR044C,YLR176C,RME1,RFX1,0.37,0.0037,300,YGR044C_cluster,YGR044C_cluster,YGR044C_cluster,0.0037
YGR044C,YLR228C,RME1,ECM22,0.28,0.0028,300,YGR044C_cluster,YGR044C_cluster,YGR044C_cluster,0.0028
YGR044C,YLR256W,RME1,HAP1,0.23,0.0023,300,YGR044C_cluster,YGR044C_cluster,YGR044C_cluster,0.0023
YGR044C,YLR266C,RME1,PDR8,0.2,0.002,300,YGR044C_cluster,YGR044C_cluster,YGR044C_cluster,0.002
YGR044C,YLR451W,RME1,LEU3,0.43,0.0043,300,YGR044C_cluster,YGR044C_cluster,YGR044C_cluster,0.0043
YGR044C,YML007W,RME1,YAP1,0.11,0.0011,300,YGR044C_cluster,YGR044C_cluster,YGR044C_cluster,0.0011
YGR044C,YML076C,RME1,WAR1,0.24,0.0024,300,YGR044C_cluster,YGR044C_cluster,YGR044C_cluster,0.0024
YGR044C,YML081W,RME1,TDA9,0.59,0.0059,300,YGR044C_cluster,YGR044C_cluster,YGR044C_cluster,0.0059
YGR044C,YML099C,RME1,ARG81,0.52,0.0052,300,YGR044C_cluster,YGR044C_cluster,YGR044C_cluster,0.0052
YGR044C,YMR019W,RME1,STB4,0.16,0.0016,300,YGR044C_cluster,YGR044C_cluster,YGR044C_cluster,0.0016
YGR044C,YMR021C,RME1,MAC1,0.14,0.0014,300,YGR044C_cluster,YGR044C_cluster,YGR044C_cluster,0.0014
YGR044C,YMR037C,RME1,MSN2,0.72,0.0072,300,YGR044C_cluster,YGR044C_cluster,YGR044C_cluster,0.0072
YGR044C,YMR042W,RME1,ARG80,0.0,0.0,177,YGR044C_cluster,YGR044C_cluster,YGR044C_cluster,0.0
YGR044C,YMR043W,RME1,MCM1,0.38,0.0038,286,YGR044C_cluster,YGR044C_cluster,YGR044C_cluster,0.0038
YGR044C,YMR070W,RME1,MOT3,0.42,0.0042,300,YGR044C_cluster,YGR044C_cluster,YGR044C_cluster,0.0042
YGR044C,YMR164C,RME1,MSS11,0.51,0.0051,300,YGR044C_cluster,YGR044C_cluster,YGR044C_cluster,0.0051
YGR044C,YMR172W,RME1,HOT1,0.4,0.004,300,YGR044C_cluster,YGR044C_cluster,YGR044C_cluster,0.004
YGR044C,YMR280C,RME1,CAT8,0.84,0.0084,300,YGR044C_cluster,YGR044C_cluster,YGR044C_cluster,0.0084
YGR044C,YNL027W,RME1,CRZ1,0.54,0.0054,300,YGR044C_cluster,YGR044C_cluster,YGR044C_cluster,0.0054
YGR044C,YNL068C,RME1,FKH2,0.27,0.0027,300,YGR044C_cluster,YGR044C_cluster,YGR044C_cluster,0.0027
YGR044C,YNL103W,RME1,MET4,0.53,0.0053,300,YGR044C_cluster,YGR044C_cluster,YGR044C_cluster,0.0053
YGR044C,YNL167C,RME1,SKO1,0.88,0.0088,300,YGR044C_cluster,YGR044C_cluster,YGR044C_cluster,0.0088
YGR044C,YNL199C,RME1,GCR2,0.12,0.0012,300,YGR044C_cluster,YGR044C_cluster,YGR044C_cluster,0.0012
YGR044C,YNL216W,RME1,RAP1,0.09,0.0009,300,YGR044C_cluster,YGR044C_cluster,YGR044C_cluster,0.0009
YGR044C,YNL314W,RME1,DAL82,0.0,0.0,255,YGR044C_cluster,YGR044C_cluster,YGR044C_cluster,0.0
YGR044C,YOL067C,RME1,RTG1,0.21,0.0021,177,YGR044C_cluster,YGR044C_cluster,YGR044C_cluster,0.0021
YGR044C,YOL108C,RME1,INO4,0.0,0.0,151,YGR044C_cluster,YGR044C_cluster,YGR044C_cluster,0.0
YGR044C,YOR028C,RME1,CIN5,0.17,0.0017,295,YGR044C_cluster,YGR044C_cluster,YGR044C_cluster,0.0017
YGR044C,YOR113W,RME1,AZF1,0.34,0.0034,300,YGR044C_cluster,YGR044C_cluster,YGR044C_cluster,0.0034
YGR044C,YOR140W,RME1,SFL1,0.38,0.0038,300,YGR044C_cluster,YGR044C_cluster,YGR044C_cluster,0.0038
YGR044C,YOR162C,RME1,YRR1,0.18,0.0018,300,YGR044C_cluster,YGR044C_cluster,YGR044C_cluster,0.0018
YGR044C,YOR337W,RME1,TEA1,0.19,0.0019,300,YGR044C_cluster,YGR044C_cluster,YGR044C_cluster,0.0019
YGR044C,YOR344C,RME1,TYE7,0.0,0.0,291,YGR044C_cluster,YGR044C_cluster,YGR044C_cluster,0.0
YGR044C,YOR358W,RME1,HAP5,0.0,0.0,242,YGR044C_cluster,YGR044C_cluster,YGR044C_cluster,0.0
YGR044C,YOR363C,RME1,PIP2,0.31,0.0031,300,YGR044C_cluster,YGR044C_cluster,YGR044C_cluster,0.0031
YGR044C,YPL038W,RME1,MET31,0.86,0.0086,177,YGR044C_cluster,YGR044C_cluster,YGR044C_cluster,0.0086
YGR044C,YPL075W,RME1,GCR1,0.28,0.0028,300,YGR044C_cluster,YGR044C_cluster,YGR044C_cluster,0.0028
YGR044C,YPL089C,RME1,RLM1,0.32,0.0032,300,YGR044C_cluster,YGR044C_cluster,YGR044C_cluster,0.0032
YGR044C,YPL133C,RME1,RDS2,0.55,0.0055,300,YGR044C_cluster,YGR044C_cluster,YGR044C_cluster,0.0055
YGR044C,YPL202C,RME1,AFT2,0.14,0.0014,300,YGR044C_cluster,YGR044C_cluster,YGR044C_cluster,0.0014
YGR044C,YPL230W,RME1,USV1,0.3,0.003,300,YGR044C_cluster,YGR044C_cluster,YGR044C_cluster,0.003
YGR044C,YPL248C,RME1,GAL4,0.35,0.0035,300,YGR044C_cluster,YGR044C_cluster,YGR044C_cluster,0.0035
YGR044C,YPR008W,RME1,HAA1,0.21,0.0021,300,YGR044C_cluster,YGR044C_cluster,YGR044C_cluster,0.0021
YGR044C,YPR065W,RME1,ROX1,0.15,0.0015,300,YGR044C_cluster,YGR044C_cluster,YGR044C_cluster,0.0015
YGR044C,YPR199C,RME1,ARR1,0.17,0.0017,294,YGR044C_cluster,YGR044C_cluster,YGR044C_cluster,0.0017
YHL009C,YHL027W,YAP3,RIM101,0.32,0.0032,330,YHL009C_cluster,YHL009C_cluster,YHL009C_cluster,0.0032
YHL009C,YHR006W,YAP3,STP2,0.35,0.0035,330,YHL009C_cluster,YHL009C_cluster,YHL009C_cluster,0.0035
YHL009C,YHR084W,YAP3,STE12,0.3,0.003,330,YHL009C_cluster,YHL009C_cluster,YHL009C_cluster,0.003
YHL009C,YHR124W,YAP3,NDT80,0.42,0.0042,330,YHL009C_cluster,YHL009C_cluster,YHL009C_cluster,0.0042
YHL009C,YHR177W,YAP3,ROF1,0.65,0.0065,330,YHL009C_cluster,YHL009C_cluster,YHL009C_cluster,0.0065
YHL009C,YHR178W,YAP3,STB5,0.38,0.0038,330,YHL009C_cluster,YHL009C_cluster,YHL009C_cluster,0.0038
YHL009C,YHR206W,YAP3,SKN7,0.21,0.0021,330,YHL009C_cluster,YHL009C_cluster,YHL009C_cluster,0.0021
YHL009C,YIL036W,YAP3,CST6,0.44,0.0044,330,YHL009C_cluster,YHL009C_cluster,YHL009C_cluster,0.0044
YHL009C,YIL101C,YAP3,XBP1,0.0,0.0,330,YHL009C_cluster,YHL009C_cluster,YHL009C_cluster,0.0
YHL009C,YIL131C,YAP3,FKH1,0.12,0.0013,330,YHL009C_cluster,YHL009C_cluster,YHL009C_cluster,0.0012
YHL009C,YIR018W,YAP3,YAP5,0.35,0.0035,245,YHL009C_cluster,YHL009C_cluster,YHL009C_cluster,0.0035
YHL009C,YIR023W,YAP3,DAL81,0.4,0.004,330,YHL009C_cluster,YHL009C_cluster,YHL009C_cluster,0.004
YHL009C,YJL056C,YAP3,ZAP1,0.42,0.0042,330,YHL009C_cluster,YHL009C_cluster,YHL009C_cluster,0.0042
YHL009C,YJL089W,YAP3,SIP4,0.62,0.0062,330,YHL009C_cluster,YHL009C_cluster,YHL009C_cluster,0.0062
YHL009C,YJL103C,YAP3,GSM1,0.64,0.0064,330,YHL009C_cluster,YHL009C_cluster,YHL009C_cluster,0.0064
YHL009C,YJL110C,YAP3,GZF3,0.46,0.0046,330,YHL009C_cluster,YHL009C_cluster,YHL009C_cluster,0.0046
YHL009C,YJR060W,YAP3,CBF1,1.21,0.0121,330,YHL009C_cluster,YHL009C_cluster,YHL009C_cluster,0.0121
YHL009C,YJR094C,YAP3,IME1,0.44,0.0044,330,YHL009C_cluster,YHL009C_cluster,YHL009C_cluster,0.0044
YHL009C,YKL015W,YAP3,PUT3,0.23,0.0023,330,YHL009C_cluster,YHL009C_cluster,YHL009C_cluster,0.0023
YHL009C,YKL032C,YAP3,IXR1,0.24,0.0024,330,YHL009C_cluster,YHL009C_cluster,YHL009C_cluster,0.0024
YHL009C,YKL038W,YAP3,RGT1,0.41,0.0041,330,YHL009C_cluster,YHL009C_cluster,YHL009C_cluster,0.0041
YHL009C,YKL062W,YAP3,MSN4,1.07,0.0107,330,YHL009C_cluster,YHL009C_cluster,YHL009C_cluster,0.0107
YHL009C,YKL109W,YAP3,HAP4,0.93,0.0093,330,YHL009C_cluster,YHL009C_cluster,YHL009C_cluster,0.0093
YHL009C,YKL112W,YAP3,ABF1,0.68,0.0068,330,YHL009C_cluster,YHL009C_cluster,YHL009C_cluster,0.0068
YHL009C,YKL185W,YAP3,ASH1,0.33,0.0033,330,YHL009C_cluster,YHL009C_cluster,YHL009C_cluster,0.0033
YHL009C,YKR034W,YAP3,DAL80,0.17,0.0017,269,YHL009C_cluster,YHL009C_cluster,YHL009C_cluster,0.0017
YHL009C,YKR099W,YAP3,BAS1,0.72,0.0072,330,YHL009C_cluster,YHL009C_cluster,YHL009C_cluster,0.0072
YHL009C,YLR014C,YAP3,PPR1,0.41,0.0041,330,YHL009C_cluster,YHL009C_cluster,YHL009C_cluster,0.0041
YHL009C,YLR098C,YAP3,CHA4,0.21,0.0021,330,YHL009C_cluster,YHL009C_cluster,YHL009C_cluster,0.0021
YHL009C,YLR131C,YAP3,ACE2,0.37,0.0037,330,YHL009C_cluster,YHL009C_cluster,YHL009C_cluster,0.0037
YHL009C,YLR176C,YAP3,RFX1,0.45,0.0045,330,YHL009C_cluster,YHL009C_cluster,YHL009C_cluster,0.0045
YHL009C,YLR228C,YAP3,ECM22,0.63,0.0063,330,YHL009C_cluster,YHL009C_cluster,YHL009C_cluster,0.0063
YHL009C,YLR256W,YAP3,HAP1,0.51,0.0051,330,YHL009C_cluster,YHL009C_cluster,YHL009C_cluster,0.0051
YHL009C,YLR266C,YAP3,PDR8,0.2,0.002,330,YHL009C_cluster,YHL009C_cluster,YHL009C_cluster,0.002
YHL009C,YLR451W,YAP3,LEU3,0.08,0.0008,330,YHL009C_cluster,YHL009C_cluster,YHL009C_cluster,0.0008
YHL009C,YML007W,YAP3,YAP1,1.6,0.016,330,YHL009C_cluster,YHL009C_cluster,YHL009C_cluster,0.016
YHL009C,YML076C,YAP3,WAR1,0.72,0.0072,330,YHL009C_cluster,YHL009C_cluster,YHL009C_cluster,0.0072
YHL009C,YML081W,YAP3,TDA9,0.39,0.0039,330,YHL009C_cluster,YHL009C_cluster,YHL009C_cluster,0.0039
YHL009C,YML099C,YAP3,ARG81,0.17,0.0017,330,YHL009C_cluster,YHL009C_cluster,YHL009C_cluster,0.0017
YHL009C,YMR019W,YAP3,STB4,0.56,0.0056,330,YHL009C_cluster,YHL009C_cluster,YHL009C_cluster,0.0056
YHL009C,YMR021C,YAP3,MAC1,0.0,0.0,330,YHL009C_cluster,YHL009C_cluster,YHL009C_cluster,0.0
YHL009C,YMR037C,YAP3,MSN2,0.7,0.007,330,YHL009C_cluster,YHL009C_cluster,YHL009C_cluster,0.007
YHL009C,YMR042W,YAP3,ARG80,0.0,0.0,177,YHL009C_cluster,YHL009C_cluster,YHL009C_cluster,0.0
YHL009C,YMR043W,YAP3,MCM1,0.0,0.0,286,YHL009C_cluster,YHL009C_cluster,YHL009C_cluster,0.0
YHL009C,YMR070W,YAP3,MOT3,0.93,0.0093,330,YHL009C_cluster,YHL009C_cluster,YHL009C_cluster,0.0093
YHL009C,YMR164C,YAP3,MSS11,0.2,0.002,330,YHL009C_cluster,YHL009C_cluster,YHL009C_cluster,0.002
YHL009C,YMR172W,YAP3,HOT1,0.39,0.0039,330,YHL009C_cluster,YHL009C_cluster,YHL009C_cluster,0.0039
YHL009C,YMR280C,YAP3,CAT8,0.7,0.007,330,YHL009C_cluster,YHL009C_cluster,YHL009C_cluster,0.007
YHL009C,YNL027W,YAP3,CRZ1,0.94,0.0094,330,YHL009C_cluster,YHL009C_cluster,YHL009C_cluster,0.0094
YHL009C,YNL068C,YAP3,FKH2,0.6,0.006,330,YHL009C_cluster,YHL009C_cluster,YHL009C_cluster,0.006
YHL009C,YNL103W,YAP3,MET4,0.2,0.002,330,YHL009C_cluster,YHL009C_cluster,YHL009C_cluster,0.002
YHL009C,YNL167C,YAP3,SKO1,0.53,0.0053,330,YHL009C_cluster,YHL009C_cluster,YHL009C_cluster,0.0053
YHL009C,YNL199C,YAP3,GCR2,0.12,0.0012,330,YHL009C_cluster,YHL009C_cluster,YHL009C_cluster,0.0012
YHL009C,YNL216W,YAP3,RAP1,0.71,0.0071,330,YHL009C_cluster,YHL009C_cluster,YHL009C_cluster,0.0071
YHL009C,YNL314W,YAP3,DAL82,0.17,0.0017,255,YHL009C_cluster,YHL009C_cluster,YHL009C_cluster,0.0017
YHL009C,YOL067C,YAP3,RTG1,0.2,0.002,177,YHL009C_cluster,YHL009C_cluster,YHL009C_cluster,0.002
YHL009C,YOL108C,YAP3,INO4,0.0,0.0,151,YHL009C_cluster,YHL009C_cluster,YHL009C_cluster,0.0
YHL009C,YOR028C,YAP3,CIN5,1.15,0.0115,295,YHL009C_cluster,YHL009C_cluster,YHL009C_cluster,0.0115
YHL009C,YOR113W,YAP3,AZF1,0.75,0.0075,330,YHL009C_cluster,YHL009C_cluster,YHL009C_cluster,0.0075
YHL009C,YOR140W,YAP3,SFL1,0.56,0.0056,330,YHL009C_cluster,YHL009C_cluster,YHL009C_cluster,0.0056
YHL009C,YOR162C,YAP3,YRR1,0.27,0.0027,330,YHL009C_cluster,YHL009C_cluster,YHL009C_cluster,0.0027
YHL009C,YOR337W,YAP3,TEA1,0.56,0.0056,330,YHL009C_cluster,YHL009C_cluster,YHL009C_cluster,0.0056
YHL009C,YOR344C,YAP3,TYE7,0.49,0.0049,291,YHL009C_cluster,YHL009C_cluster,YHL009C_cluster,0.0049
YHL009C,YOR358W,YAP3,HAP5,0.36,0.0036,242,YHL009C_cluster,YHL009C_cluster,YHL009C_cluster,0.0036
YHL009C,YOR363C,YAP3,PIP2,0.38,0.0038,330,YHL009C_cluster,YHL009C_cluster,YHL009C_cluster,0.0038
YHL009C,YPL038W,YAP3,MET31,0.2,0.002,177,YHL009C_cluster,YHL009C_cluster,YHL009C_cluster,0.002
YHL009C,YPL075W,YAP3,GCR1,0.37,0.0037,330,YHL009C_cluster,YHL009C_cluster,YHL009C_cluster,0.0037
YHL009C,YPL089C,YAP3,RLM1,0.42,0.0042,330,YHL009C_cluster,YHL009C_cluster,YHL009C_cluster,0.0042
YHL009C,YPL133C,YAP3,RDS2,0.39,0.0039,330,YHL009C_cluster,YHL009C_cluster,YHL009C_cluster,0.0039
YHL009C,YPL202C,YAP3,AFT2,0.41,0.0041,330,YHL009C_cluster,YHL009C_cluster,YHL009C_cluster,0.0041
YHL009C,YPL230W,YAP3,USV1,0.43,0.0043,330,YHL009C_cluster,YHL009C_cluster,YHL009C_cluster,0.0043
YHL009C,YPL248C,YAP3,GAL4,0.42,0.0042,330,YHL009C_cluster,YHL009C_cluster,YHL009C_cluster,0.0042
YHL009C,YPR008W,YAP3,HAA1,0.7,0.007,330,YHL009C_cluster,YHL009C_cluster,YHL009C_cluster,0.007
YHL009C,YPR065W,YAP3,ROX1,0.74,0.0074,330,YHL009C_cluster,YHL009C_cluster,YHL009C_cluster,0.0074
YHL009C,YPR199C,YAP3,ARR1,0.16,0.0016,294,YHL009C_cluster,YHL009C_cluster,YHL009C_cluster,0.0016
YHL027W,YHR006W,RIM101,STP2,0.18,0.0018,541,YHL027W_cluster,YHL027W_cluster,YHL027W_cluster,0.0018
YHL027W,YHR084W,RIM101,STE12,0.63,0.0063,625,YHL027W_cluster,YHL027W_cluster,YHL027W_cluster,0.0063
YHL027W,YHR124W,RIM101,NDT80,0.49,0.0049,625,YHL027W_cluster,YHL027W_cluster,YHL027W_cluster,0.0049
YHL027W,YHR177W,RIM101,ROF1,0.48,0.0048,453,YHL027W_cluster,YHL027W_cluster,YHL027W_cluster,0.0048
YHL027W,YHR178W,RIM101,STB5,0.83,0.0083,625,YHL027W_cluster,YHL027W_cluster,YHL027W_cluster,0.0083
YHL027W,YHR206W,RIM101,SKN7,0.58,0.0058,622,YHL027W_cluster,YHL027W_cluster,YHL027W_cluster,0.0058
YHL027W,YIL036W,RIM101,CST6,0.59,0.0059,587,YHL027W_cluster,YHL027W_cluster,YHL027W_cluster,0.0059
YHL027W,YIL101C,RIM101,XBP1,0.65,0.0065,625,YHL027W_cluster,YHL027W_cluster,YHL027W_cluster,0.0065
YHL027W,YIL131C,RIM101,FKH1,0.84,0.0084,484,YHL027W_cluster,YHL027W_cluster,YHL027W_cluster,0.0084
YHL027W,YIR018W,RIM101,YAP5,0.12,0.0012,245,YHL027W_cluster,YHL027W_cluster,YHL027W_cluster,0.0012
YHL027W,YIR023W,RIM101,DAL81,0.46,0.0046,625,YHL027W_cluster,YHL027W_cluster,YHL027W_cluster,0.0046
YHL027W,YJL056C,RIM101,ZAP1,1.17,0.0117,625,YHL027W_cluster,YHL027W_cluster,YHL027W_cluster,0.0117
YHL027W,YJL089W,RIM101,SIP4,1.22,0.0122,625,YHL027W_cluster,YHL027W_cluster,YHL027W_cluster,0.0122
YHL027W,YJL103C,RIM101,GSM1,0.66,0.0066,618,YHL027W_cluster,YHL027W_cluster,YHL027W_cluster,0.0066
YHL027W,YJL110C,RIM101,GZF3,0.7,0.007,551,YHL027W_cluster,YHL027W_cluster,YHL027W_cluster,0.007
YHL027W,YJR060W,RIM101,CBF1,0.53,0.0053,351,YHL027W_cluster,YHL027W_cluster,YHL027W_cluster,0.0053
YHL027W,YJR094C,RIM101,IME1,0.52,0.0052,360,YHL027W_cluster,YHL027W_cluster,YHL027W_cluster,0.0052
YHL027W,YKL015W,RIM101,PUT3,0.51,0.0051,625,YHL027W_cluster,YHL027W_cluster,YHL027W_cluster,0.0051
YHL027W,YKL032C,RIM101,IXR1,0.54,0.0054,597,YHL027W_cluster,YHL027W_cluster,YHL027W_cluster,0.0054
YHL027W,YKL038W,RIM101,RGT1,0.86,0.0086,625,YHL027W_cluster,YHL027W_cluster,YHL027W_cluster,0.0086
YHL027W,YKL062W,RIM101,MSN4,0.25,0.0025,625,YHL027W_cluster,YHL027W_cluster,YHL027W_cluster,0.0025
YHL027W,YKL109W,RIM101,HAP4,0.79,0.0079,554,YHL027W_cluster,YHL027W_cluster,YHL027W_cluster,0.0079
YHL027W,YKL112W,RIM101,ABF1,1.15,0.0115,625,YHL027W_cluster,YHL027W_cluster,YHL027W_cluster,0.0115
YHL027W,YKL185W,RIM101,ASH1,0.77,0.0077,588,YHL027W_cluster,YHL027W_cluster,YHL027W_cluster,0.0077
YHL027W,YKR034W,RIM101,DAL80,0.23,0.0023,269,YHL027W_cluster,YHL027W_cluster,YHL027W_cluster,0.0023
YHL027W,YKR099W,RIM101,BAS1,0.72,0.0072,625,YHL027W_cluster,YHL027W_cluster,YHL027W_cluster,0.0072
YHL027W,YLR014C,RIM101,PPR1,0.6,0.006,625,YHL027W_cluster,YHL027W_cluster,YHL027W_cluster,0.006
YHL027W,YLR098C,RIM101,CHA4,0.81,0.0081,625,YHL027W_cluster,YHL027W_cluster,YHL027W_cluster,0.0081
YHL027W,YLR131C,RIM101,ACE2,0.37,0.0037,625,YHL027W_cluster,YHL027W_cluster,YHL027W_cluster,0.0037
YHL027W,YLR176C,RIM101,RFX1,0.72,0.0072,625,YHL027W_cluster,YHL027W_cluster,YHL027W_cluster,0.0072
YHL027W,YLR228C,RIM101,ECM22,0.65,0.0065,625,YHL027W_cluster,YHL027W_cluster,YHL027W_cluster,0.0065
YHL027W,YLR256W,RIM101,HAP1,1.13,0.0113,625,YHL027W_cluster,YHL027W_cluster,YHL027W_cluster,0.0113
YHL027W,YLR266C,RIM101,PDR8,0.46,0.0046,625,YHL027W_cluster,YHL027W_cluster,YHL027W_cluster,0.0046
YHL027W,YLR451W,RIM101,LEU3,0.47,0.0047,625,YHL027W_cluster,YHL027W_cluster,YHL027W_cluster,0.0047
YHL027W,YML007W,RIM101,YAP1,0.82,0.0082,625,YHL027W_cluster,YHL027W_cluster,YHL027W_cluster,0.0082
YHL027W,YML076C,RIM101,WAR1,0.39,0.0039,625,YHL027W_cluster,YHL027W_cluster,YHL027W_cluster,0.0039
YHL027W,YML081W,RIM101,TDA9,0.88,0.0088,625,YHL027W_cluster,YHL027W_cluster,YHL027W_cluster,0.0088
YHL027W,YML099C,RIM101,ARG81,0.34,0.0034,625,YHL027W_cluster,YHL027W_cluster,YHL027W_cluster,0.0034
YHL027W,YMR019W,RIM101,STB4,0.52,0.0052,625,YHL027W_cluster,YHL027W_cluster,YHL027W_cluster,0.0052
YHL027W,YMR021C,RIM101,MAC1,0.39,0.0039,417,YHL027W_cluster,YHL027W_cluster,YHL027W_cluster,0.0039
YHL027W,YMR037C,RIM101,MSN2,0.94,0.0094,625,YHL027W_cluster,YHL027W_cluster,YHL027W_cluster,0.0094
YHL027W,YMR042W,RIM101,ARG80,0.26,0.0026,177,YHL027W_cluster,YHL027W_cluster,YHL027W_cluster,0.0026
YHL027W,YMR043W,RIM101,MCM1,0.6,0.006,286,YHL027W_cluster,YHL027W_cluster,YHL027W_cluster,0.006
YHL027W,YMR070W,RIM101,MOT3,0.88,0.0088,490,YHL027W_cluster,YHL027W_cluster,YHL027W_cluster,0.0088
YHL027W,YMR164C,RIM101,MSS11,0.54,0.0054,625,YHL027W_cluster,YHL027W_cluster,YHL027W_cluster,0.0054
YHL027W,YMR172W,RIM101,HOT1,1.08,0.0108,625,YHL027W_cluster,YHL027W_cluster,YHL027W_cluster,0.0108
YHL027W,YMR280C,RIM101,CAT8,0.55,0.0055,625,YHL027W_cluster,YHL027W_cluster,YHL027W_cluster,0.0055
YHL027W,YNL027W,RIM101,CRZ1,0.64,0.0064,625,YHL027W_cluster,YHL027W_cluster,YHL027W_cluster,0.0064
YHL027W,YNL068C,RIM101,FKH2,0.56,0.0056,625,YHL027W_cluster,YHL027W_cluster,YHL027W_cluster,0.0056
YHL027W,YNL103W,RIM101,MET4,0.88,0.0088,625,YHL027W_cluster,YHL027W_cluster,YHL027W_cluster,0.0088
YHL027W,YNL167C,RIM101,SKO1,1.23,0.0123,625,YHL027W_cluster,YHL027W_cluster,YHL027W_cluster,0.0123
YHL027W,YNL199C,RIM101,GCR2,0.53,0.0053,534,YHL027W_cluster,YHL027W_cluster,YHL027W_cluster,0.0053
YHL027W,YNL216W,RIM101,RAP1,0.43,0.0043,625,YHL027W_cluster,YHL027W_cluster,YHL027W_cluster,0.0043
YHL027W,YNL314W,RIM101,DAL82,0.23,0.0023,255,YHL027W_cluster,YHL027W_cluster,YHL027W_cluster,0.0023
YHL027W,YOL067C,RIM101,RTG1,0.13,0.0013,177,YHL027W_cluster,YHL027W_cluster,YHL027W_cluster,0.0013
YHL027W,YOL108C,RIM101,INO4,0.53,0.0053,151,YHL027W_cluster,YHL027W_cluster,YHL027W_cluster,0.0053
YHL027W,YOR028C,RIM101,CIN5,0.45,0.0045,295,YHL027W_cluster,YHL027W_cluster,YHL027W_cluster,0.0045
YHL027W,YOR113W,RIM101,AZF1,0.68,0.0068,625,YHL027W_cluster,YHL027W_cluster,YHL027W_cluster,0.0068
YHL027W,YOR140W,RIM101,SFL1,0.89,0.0089,625,YHL027W_cluster,YHL027W_cluster,YHL027W_cluster,0.0089
YHL027W,YOR162C,RIM101,YRR1,0.86,0.0086,625,YHL027W_cluster,YHL027W_cluster,YHL027W_cluster,0.0086
YHL027W,YOR337W,RIM101,TEA1,0.45,0.0045,625,YHL027W_cluster,YHL027W_cluster,YHL027W_cluster,0.0045
YHL027W,YOR344C,RIM101,TYE7,0.45,0.0045,291,YHL027W_cluster,YHL027W_cluster,YHL027W_cluster,0.0045
YHL027W,YOR358W,RIM101,HAP5,0.48,0.0048,242,YHL027W_cluster,YHL027W_cluster,YHL027W_cluster,0.0048
YHL027W,YOR363C,RIM101,PIP2,0.19,0.0019,625,YHL027W_cluster,YHL027W_cluster,YHL027W_cluster,0.0019
YHL027W,YPL038W,RIM101,MET31,0.52,0.0052,177,YHL027W_cluster,YHL027W_cluster,YHL027W_cluster,0.0052
YHL027W,YPL075W,RIM101,GCR1,1.1,0.011,625,YHL027W_cluster,YHL027W_cluster,YHL027W_cluster,0.011
YHL027W,YPL089C,RIM101,RLM1,0.97,0.0097,625,YHL027W_cluster,YHL027W_cluster,YHL027W_cluster,0.0097
YHL027W,YPL133C,RIM101,RDS2,0.29,0.0029,446,YHL027W_cluster,YHL027W_cluster,YHL027W_cluster,0.0029
YHL027W,YPL202C,RIM101,AFT2,0.69,0.0069,416,YHL027W_cluster,YHL027W_cluster,YHL027W_cluster,0.0069
YHL027W,YPL230W,RIM101,USV1,0.82,0.0082,391,YHL027W_cluster,YHL027W_cluster,YHL027W_cluster,0.0082
YHL027W,YPL248C,RIM101,GAL4,0.68,0.0068,625,YHL027W_cluster,YHL027W_cluster,YHL027W_cluster,0.0068
YHL027W,YPR008W,RIM101,HAA1,0.39,0.0039,625,YHL027W_cluster,YHL027W_cluster,YHL027W_cluster,0.0039
YHL027W,YPR065W,RIM101,ROX1,0.42,0.0042,368,YHL027W_cluster,YHL027W_cluster,YHL027W_cluster,0.0042
YHL027W,YPR199C,RIM101,ARR1,0.11,0.0011,294,YHL027W_cluster,YHL027W_cluster,YHL027W_cluster,0.0011
YHR006W,YHR084W,STP2,STE12,0.33,0.0033,541,YHR006W_cluster,YHR006W_cluster,YHR006W_cluster,0.0033
YHR006W,YHR124W,STP2,NDT80,0.43,0.0043,541,YHR006W_cluster,YHR006W_cluster,YHR006W_cluster,0.0043
YHR006W,YHR177W,STP2,ROF1,0.2,0.002,453,YHR006W_cluster,YHR006W_cluster,YHR006W_cluster,0.002
YHR006W,YHR178W,STP2,STB5,0.64,0.0064,541,YHR006W_cluster,YHR006W_cluster,YHR006W_cluster,0.0064
YHR006W,YHR206W,STP2,SKN7,0.17,0.0017,541,YHR006W_cluster,YHR006W_cluster,YHR006W_cluster,0.0017
YHR006W,YIL036W,STP2,CST6,0.54,0.0054,541,YHR006W_cluster,YHR006W_cluster,YHR006W_cluster,0.0054
YHR006W,YIL101C,STP2,XBP1,0.43,0.0043,541,YHR006W_cluster,YHR006W_cluster,YHR006W_cluster,0.0043
YHR006W,YIL131C,STP2,FKH1,0.1,0.001,484,YHR006W_cluster,YHR006W_cluster,YHR006W_cluster,0.001
YHR006W,YIR018W,STP2,YAP5,0.0,0.0,245,YHR006W_cluster,YHR006W_cluster,YHR006W_cluster,0.0
YHR006W,YIR023W,STP2,DAL81,0.62,0.0062,541,YHR006W_cluster,YHR006W_cluster,YHR006W_cluster,0.0062
YHR006W,YJL056C,STP2,ZAP1,0.36,0.0036,541,YHR006W_cluster,YHR006W_cluster,YHR006W_cluster,0.0036
YHR006W,YJL089W,STP2,SIP4,0.6,0.006,541,YHR006W_cluster,YHR006W_cluster,YHR006W_cluster,0.006
YHR006W,YJL103C,STP2,GSM1,0.44,0.0044,541,YHR006W_cluster,YHR006W_cluster,YHR006W_cluster,0.0044
YHR006W,YJL110C,STP2,GZF3,0.47,0.0047,541,YHR006W_cluster,YHR006W_cluster,YHR006W_cluster,0.0047
YHR006W,YJR060W,STP2,CBF1,0.46,0.0046,351,YHR006W_cluster,YHR006W_cluster,YHR006W_cluster,0.0046
YHR006W,YJR094C,STP2,IME1,0.11,0.0011,360,YHR006W_cluster,YHR006W_cluster,YHR006W_cluster,0.0011
YHR006W,YKL015W,STP2,PUT3,0.6,0.006,541,YHR006W_cluster,YHR006W_cluster,YHR006W_cluster,0.006
YHR006W,YKL032C,STP2,IXR1,0.58,0.0058,541,YHR006W_cluster,YHR006W_cluster,YHR006W_cluster,0.0058
YHR006W,YKL038W,STP2,RGT1,0.54,0.0054,541,YHR006W_cluster,YHR006W_cluster,YHR006W_cluster,0.0054
YHR006W,YKL062W,STP2,MSN4,0.35,0.0035,541,YHR006W_cluster,YHR006W_cluster,YHR006W_cluster,0.0035
YHR006W,YKL109W,STP2,HAP4,0.94,0.0094,541,YHR006W_cluster,YHR006W_cluster,YHR006W_cluster,0.0094
YHR006W,YKL112W,STP2,ABF1,0.57,0.0057,541,YHR006W_cluster,YHR006W_cluster,YHR006W_cluster,0.0057
YHR006W,YKL185W,STP2,ASH1,0.45,0.0045,541,YHR006W_cluster,YHR006W_cluster,YHR006W_cluster,0.0045
YHR006W,YKR034W,STP2,DAL80,0.25,0.0025,269,YHR006W_cluster,YHR006W_cluster,YHR006W_cluster,0.0025
YHR006W,YKR099W,STP2,BAS1,0.45,0.0045,541,YHR006W_cluster,YHR006W_cluster,YHR006W_cluster,0.0045
YHR006W,YLR014C,STP2,PPR1,0.42,0.0042,541,YHR006W_cluster,YHR006W_cluster,YHR006W_cluster,0.0042
YHR006W,YLR098C,STP2,CHA4,0.26,0.0026,541,YHR006W_cluster,YHR006W_cluster,YHR006W_cluster,0.0026
YHR006W,YLR131C,STP2,ACE2,0.54,0.0054,541,YHR006W_cluster,YHR006W_cluster,YHR006W_cluster,0.0054
YHR006W,YLR176C,STP2,RFX1,0.53,0.0053,541,YHR006W_cluster,YHR006W_cluster,YHR006W_cluster,0.0053
YHR006W,YLR228C,STP2,ECM22,0.68,0.0068,541,YHR006W_cluster,YHR006W_cluster,YHR006W_cluster,0.0068
YHR006W,YLR256W,STP2,HAP1,0.76,0.0076,541,YHR006W_cluster,YHR006W_cluster,YHR006W_cluster,0.0076
YHR006W,YLR266C,STP2,PDR8,0.49,0.0049,541,YHR006W_cluster,YHR006W_cluster,YHR006W_cluster,0.0049
YHR006W,YLR451W,STP2,LEU3,0.28,0.0028,541,YHR006W_cluster,YHR006W_cluster,YHR006W_cluster,0.0028
YHR006W,YML007W,STP2,YAP1,0.52,0.0052,541,YHR006W_cluster,YHR006W_cluster,YHR006W_cluster,0.0052
YHR006W,YML076C,STP2,WAR1,0.48,0.0048,541,YHR006W_cluster,YHR006W_cluster,YHR006W_cluster,0.0048
YHR006W,YML081W,STP2,TDA9,1.03,0.0103,541,YHR006W_cluster,YHR006W_cluster,YHR006W_cluster,0.0103
YHR006W,YML099C,STP2,ARG81,0.29,0.0029,541,YHR006W_cluster,YHR006W_cluster,YHR006W_cluster,0.0029
YHR006W,YMR019W,STP2,STB4,0.34,0.0034,541,YHR006W_cluster,YHR006W_cluster,YHR006W_cluster,0.0034
YHR006W,YMR021C,STP2,MAC1,0.43,0.0043,417,YHR006W_cluster,YHR006W_cluster,YHR006W_cluster,0.0043
YHR006W,YMR037C,STP2,MSN2,0.5,0.005,541,YHR006W_cluster,YHR006W_cluster,YHR006W_cluster,0.005
YHR006W,YMR042W,STP2,ARG80,0.43,0.0043,177,YHR006W_cluster,YHR006W_cluster,YHR006W_cluster,0.0043
YHR006W,YMR043W,STP2,MCM1,0.13,0.0013,286,YHR006W_cluster,YHR006W_cluster,YHR006W_cluster,0.0013
YHR006W,YMR070W,STP2,MOT3,0.0,0.0,490,YHR006W_cluster,YHR006W_cluster,YHR006W_cluster,0.0
YHR006W,YMR164C,STP2,MSS11,0.16,0.0016,541,YHR006W_cluster,YHR006W_cluster,YHR006W_cluster,0.0016
YHR006W,YMR172W,STP2,HOT1,0.57,0.0057,541,YHR006W_cluster,YHR006W_cluster,YHR006W_cluster,0.0057
YHR006W,YMR280C,STP2,CAT8,0.73,0.0073,541,YHR006W_cluster,YHR006W_cluster,YHR006W_cluster,0.0073
YHR006W,YNL027W,STP2,CRZ1,0.34,0.0034,541,YHR006W_cluster,YHR006W_cluster,YHR006W_cluster,0.0034
YHR006W,YNL068C,STP2,FKH2,0.44,0.0044,541,YHR006W_cluster,YHR006W_cluster,YHR006W_cluster,0.0044
YHR006W,YNL103W,STP2,MET4,0.42,0.0042,541,YHR006W_cluster,YHR006W_cluster,YHR006W_cluster,0.0042
YHR006W,YNL167C,STP2,SKO1,0.78,0.0078,541,YHR006W_cluster,YHR006W_cluster,YHR006W_cluster,0.0078
YHR006W,YNL199C,STP2,GCR2,0.28,0.0028,534,YHR006W_cluster,YHR006W_cluster,YHR006W_cluster,0.0028
YHR006W,YNL216W,STP2,RAP1,0.6,0.006,541,YHR006W_cluster,YHR006W_cluster,YHR006W_cluster,0.006
YHR006W,YNL314W,STP2,DAL82,0.51,0.0051,255,YHR006W_cluster,YHR006W_cluster,YHR006W_cluster,0.0051
YHR006W,YOL067C,STP2,RTG1,0.0,0.0,177,YHR006W_cluster,YHR006W_cluster,YHR006W_cluster,0.0
YHR006W,YOL108C,STP2,INO4,0.15,0.0015,151,YHR006W_cluster,YHR006W_cluster,YHR006W_cluster,0.0015
YHR006W,YOR028C,STP2,CIN5,0.24,0.0024,295,YHR006W_cluster,YHR006W_cluster,YHR006W_cluster,0.0024
YHR006W,YOR113W,STP2,AZF1,0.43,0.0043,541,YHR006W_cluster,YHR006W_cluster,YHR006W_cluster,0.0043
YHR006W,YOR140W,STP2,SFL1,0.47,0.0047,541,YHR006W_cluster,YHR006W_cluster,YHR006W_cluster,0.0047
YHR006W,YOR162C,STP2,YRR1,0.3,0.003,541,YHR006W_cluster,YHR006W_cluster,YHR006W_cluster,0.003
YHR006W,YOR337W,STP2,TEA1,0.55,0.0055,541,YHR006W_cluster,YHR006W_cluster,YHR006W_cluster,0.0055
YHR006W,YOR344C,STP2,TYE7,0.74,0.0074,291,YHR006W_cluster,YHR006W_cluster,YHR006W_cluster,0.0074
YHR006W,YOR358W,STP2,HAP5,0.13,0.0013,242,YHR006W_cluster,YHR006W_cluster,YHR006W_cluster,0.0013
YHR006W,YOR363C,STP2,PIP2,0.53,0.0053,541,YHR006W_cluster,YHR006W_cluster,YHR006W_cluster,0.0053
YHR006W,YPL038W,STP2,MET31,0.14,0.0014,177,YHR006W_cluster,YHR006W_cluster,YHR006W_cluster,0.0014
YHR006W,YPL075W,STP2,GCR1,0.31,0.0031,541,YHR006W_cluster,YHR006W_cluster,YHR006W_cluster,0.0031
YHR006W,YPL089C,STP2,RLM1,0.69,0.0069,541,YHR006W_cluster,YHR006W_cluster,YHR006W_cluster,0.0069
YHR006W,YPL133C,STP2,RDS2,0.51,0.0051,446,YHR006W_cluster,YHR006W_cluster,YHR006W_cluster,0.0051
YHR006W,YPL202C,STP2,AFT2,0.43,0.0043,416,YHR006W_cluster,YHR006W_cluster,YHR006W_cluster,0.0043
YHR006W,YPL230W,STP2,USV1,0.44,0.0044,391,YHR006W_cluster,YHR006W_cluster,YHR006W_cluster,0.0044
YHR006W,YPL248C,STP2,GAL4,0.36,0.0036,541,YHR006W_cluster,YHR006W_cluster,YHR006W_cluster,0.0036
YHR006W,YPR008W,STP2,HAA1,1.0,0.01,541,YHR006W_cluster,YHR006W_cluster,YHR006W_cluster,0.01
YHR006W,YPR065W,STP2,ROX1,0.23,0.0023,368,YHR006W_cluster,YHR006W_cluster,YHR006W_cluster,0.0023
YHR006W,YPR199C,STP2,ARR1,0.12,0.0012,294,YHR006W_cluster,YHR006W_cluster,YHR006W_cluster,0.0012
YHR084W,YHR124W,STE12,NDT80,0.39,0.0039,627,YHR084W_cluster,YHR084W_cluster,YHR084W_cluster,0.0039
YHR084W,YHR177W,STE12,ROF1,0.8,0.008,453,YHR084W_cluster,YHR084W_cluster,YHR084W_cluster,0.008
YHR084W,YHR178W,STE12,STB5,0.35,0.0035,688,YHR084W_cluster,YHR084W_cluster,YHR084W_cluster,0.0035
YHR084W,YHR206W,STE12,SKN7,0.54,0.0054,622,YHR084W_cluster,YHR084W_cluster,YHR084W_cluster,0.0054
YHR084W,YIL036W,STE12,CST6,0.16,0.0016,587,YHR084W_cluster,YHR084W_cluster,YHR084W_cluster,0.0016
YHR084W,YIL101C,STE12,XBP1,0.3,0.003,647,YHR084W_cluster,YHR084W_cluster,YHR084W_cluster,0.003
YHR084W,YIL131C,STE12,FKH1,0.43,0.0043,484,YHR084W_cluster,YHR084W_cluster,YHR084W_cluster,0.0043
YHR084W,YIR018W,STE12,YAP5,0.66,0.0066,245,YHR084W_cluster,YHR084W_cluster,YHR084W_cluster,0.0066
YHR084W,YIR023W,STE12,DAL81,0.82,0.0082,688,YHR084W_cluster,YHR084W_cluster,YHR084W_cluster,0.0082
YHR084W,YJL056C,STE12,ZAP1,1.05,0.0105,688,YHR084W_cluster,YHR084W_cluster,YHR084W_cluster,0.0105
YHR084W,YJL089W,STE12,SIP4,0.68,0.0068,688,YHR084W_cluster,YHR084W_cluster,YHR084W_cluster,0.0068
YHR084W,YJL103C,STE12,GSM1,0.47,0.0047,618,YHR084W_cluster,YHR084W_cluster,YHR084W_cluster,0.0047
YHR084W,YJL110C,STE12,GZF3,0.74,0.0074,551,YHR084W_cluster,YHR084W_cluster,YHR084W_cluster,0.0074
YHR084W,YJR060W,STE12,CBF1,0.1,0.001,351,YHR084W_cluster,YHR084W_cluster,YHR084W_cluster,0.001
YHR084W,YJR094C,STE12,IME1,0.1,0.001,360,YHR084W_cluster,YHR084W_cluster,YHR084W_cluster,0.001
YHR084W,YKL015W,STE12,PUT3,0.43,0.0043,688,YHR084W_cluster,YHR084W_cluster,YHR084W_cluster,0.0043
YHR084W,YKL032C,STE12,IXR1,0.5,0.005,597,YHR084W_cluster,YHR084W_cluster,YHR084W_cluster,0.005
YHR084W,YKL038W,STE12,RGT1,0.77,0.0077,688,YHR084W_cluster,YHR084W_cluster,YHR084W_cluster,0.0077
YHR084W,YKL062W,STE12,MSN4,0.46,0.0046,630,YHR084W_cluster,YHR084W_cluster,YHR084W_cluster,0.0046
YHR084W,YKL109W,STE12,HAP4,0.91,0.0091,554,YHR084W_cluster,YHR084W_cluster,YHR084W_cluster,0.0091
YHR084W,YKL112W,STE12,ABF1,0.58,0.0058,688,YHR084W_cluster,YHR084W_cluster,YHR084W_cluster,0.0058
YHR084W,YKL185W,STE12,ASH1,0.4,0.004,588,YHR084W_cluster,YHR084W_cluster,YHR084W_cluster,0.004
YHR084W,YKR034W,STE12,DAL80,0.11,0.0011,269,YHR084W_cluster,YHR084W_cluster,YHR084W_cluster,0.0011
YHR084W,YKR099W,STE12,BAS1,0.34,0.0034,688,YHR084W_cluster,YHR084W_cluster,YHR084W_cluster,0.0034
YHR084W,YLR014C,STE12,PPR1,0.51,0.0051,688,YHR084W_cluster,YHR084W_cluster,YHR084W_cluster,0.0051
YHR084W,YLR098C,STE12,CHA4,0.23,0.0023,648,YHR084W_cluster,YHR084W_cluster,YHR084W_cluster,0.0023
YHR084W,YLR131C,STE12,ACE2,0.91,0.0091,688,YHR084W_cluster,YHR084W_cluster,YHR084W_cluster,0.0091
YHR084W,YLR176C,STE12,RFX1,0.34,0.0034,688,YHR084W_cluster,YHR084W_cluster,YHR084W_cluster,0.0034
YHR084W,YLR228C,STE12,ECM22,0.61,0.0061,688,YHR084W_cluster,YHR084W_cluster,YHR084W_cluster,0.0061
YHR084W,YLR256W,STE12,HAP1,0.8,0.008,688,YHR084W_cluster,YHR084W_cluster,YHR084W_cluster,0.008
YHR084W,YLR266C,STE12,PDR8,0.73,0.0073,688,YHR084W_cluster,YHR084W_cluster,YHR084W_cluster,0.0073
YHR084W,YLR451W,STE12,LEU3,0.58,0.0058,688,YHR084W_cluster,YHR084W_cluster,YHR084W_cluster,0.0058
YHR084W,YML007W,STE12,YAP1,0.38,0.0038,650,YHR084W_cluster,YHR084W_cluster,YHR084W_cluster,0.0038
YHR084W,YML076C,STE12,WAR1,0.75,0.0075,688,YHR084W_cluster,YHR084W_cluster,YHR084W_cluster,0.0075
YHR084W,YML081W,STE12,TDA9,0.95,0.0095,688,YHR084W_cluster,YHR084W_cluster,YHR084W_cluster,0.0095
YHR084W,YML099C,STE12,ARG81,0.52,0.0052,688,YHR084W_cluster,YHR084W_cluster,YHR084W_cluster,0.0052
YHR084W,YMR019W,STE12,STB4,0.37,0.0037,688,YHR084W_cluster,YHR084W_cluster,YHR084W_cluster,0.0037
YHR084W,YMR021C,STE12,MAC1,0.09,0.0009,417,YHR084W_cluster,YHR084W_cluster,YHR084W_cluster,0.0009
YHR084W,YMR037C,STE12,MSN2,0.44,0.0044,688,YHR084W_cluster,YHR084W_cluster,YHR084W_cluster,0.0044
YHR084W,YMR042W,STE12,ARG80,0.47,0.0047,177,YHR084W_cluster,YHR084W_cluster,YHR084W_cluster,0.0047
YHR084W,YMR043W,STE12,MCM1,0.0,0.0,286,YHR084W_cluster,YHR084W_cluster,YHR084W_cluster,0.0
YHR084W,YMR070W,STE12,MOT3,0.36,0.0036,490,YHR084W_cluster,YHR084W_cluster,YHR084W_cluster,0.0036
YHR084W,YMR164C,STE12,MSS11,0.51,0.0051,688,YHR084W_cluster,YHR084W_cluster,YHR084W_cluster,0.0051
YHR084W,YMR172W,STE12,HOT1,0.66,0.0066,688,YHR084W_cluster,YHR084W_cluster,YHR084W_cluster,0.0066
YHR084W,YMR280C,STE12,CAT8,0.78,0.0078,688,YHR084W_cluster,YHR084W_cluster,YHR084W_cluster,0.0078
YHR084W,YNL027W,STE12,CRZ1,0.53,0.0053,678,YHR084W_cluster,YHR084W_cluster,YHR084W_cluster,0.0053
YHR084W,YNL068C,STE12,FKH2,0.4,0.004,688,YHR084W_cluster,YHR084W_cluster,YHR084W_cluster,0.004
YHR084W,YNL103W,STE12,MET4,0.68,0.0068,672,YHR084W_cluster,YHR084W_cluster,YHR084W_cluster,0.0068
YHR084W,YNL167C,STE12,SKO1,0.46,0.0046,647,YHR084W_cluster,YHR084W_cluster,YHR084W_cluster,0.0046
YHR084W,YNL199C,STE12,GCR2,0.42,0.0042,534,YHR084W_cluster,YHR084W_cluster,YHR084W_cluster,0.0042
YHR084W,YNL216W,STE12,RAP1,0.74,0.0074,688,YHR084W_cluster,YHR084W_cluster,YHR084W_cluster,0.0074
YHR084W,YNL314W,STE12,DAL82,0.32,0.0032,255,YHR084W_cluster,YHR084W_cluster,YHR084W_cluster,0.0032
YHR084W,YOL067C,STE12,RTG1,0.23,0.0023,177,YHR084W_cluster,YHR084W_cluster,YHR084W_cluster,0.0023
YHR084W,YOL108C,STE12,INO4,0.12,0.0012,151,YHR084W_cluster,YHR084W_cluster,YHR084W_cluster,0.0012
YHR084W,YOR028C,STE12,CIN5,0.1,0.001,295,YHR084W_cluster,YHR084W_cluster,YHR084W_cluster,0.001
YHR084W,YOR113W,STE12,AZF1,0.51,0.0051,688,YHR084W_cluster,YHR084W_cluster,YHR084W_cluster,0.0051
YHR084W,YOR140W,STE12,SFL1,0.91,0.0091,688,YHR084W_cluster,YHR084W_cluster,YHR084W_cluster,0.0091
YHR084W,YOR162C,STE12,YRR1,0.54,0.0054,688,YHR084W_cluster,YHR084W_cluster,YHR084W_cluster,0.0054
YHR084W,YOR337W,STE12,TEA1,0.56,0.0056,688,YHR084W_cluster,YHR084W_cluster,YHR084W_cluster,0.0056
YHR084W,YOR344C,STE12,TYE7,0.21,0.0021,291,YHR084W_cluster,YHR084W_cluster,YHR084W_cluster,0.0021
YHR084W,YOR358W,STE12,HAP5,0.11,0.0011,242,YHR084W_cluster,YHR084W_cluster,YHR084W_cluster,0.0011
YHR084W,YOR363C,STE12,PIP2,0.36,0.0036,688,YHR084W_cluster,YHR084W_cluster,YHR084W_cluster,0.0036
YHR084W,YPL038W,STE12,MET31,0.35,0.0035,177,YHR084W_cluster,YHR084W_cluster,YHR084W_cluster,0.0035
YHR084W,YPL075W,STE12,GCR1,0.83,0.0083,688,YHR084W_cluster,YHR084W_cluster,YHR084W_cluster,0.0083
YHR084W,YPL089C,STE12,RLM1,1.15,0.0115,676,YHR084W_cluster,YHR084W_cluster,YHR084W_cluster,0.0115
YHR084W,YPL133C,STE12,RDS2,0.27,0.0027,446,YHR084W_cluster,YHR084W_cluster,YHR084W_cluster,0.0027
YHR084W,YPL202C,STE12,AFT2,0.18,0.0018,416,YHR084W_cluster,YHR084W_cluster,YHR084W_cluster,0.0018
YHR084W,YPL230W,STE12,USV1,0.86,0.0086,391,YHR084W_cluster,YHR084W_cluster,YHR084W_cluster,0.0086
YHR084W,YPL248C,STE12,GAL4,0.58,0.0058,688,YHR084W_cluster,YHR084W_cluster,YHR084W_cluster,0.0058
YHR084W,YPR008W,STE12,HAA1,0.59,0.0059,688,YHR084W_cluster,YHR084W_cluster,YHR084W_cluster,0.0059
YHR084W,YPR065W,STE12,ROX1,0.68,0.0068,368,YHR084W_cluster,YHR084W_cluster,YHR084W_cluster,0.0068
YHR084W,YPR199C,STE12,ARR1,0.1,0.001,294,YHR084W_cluster,YHR084W_cluster,YHR084W_cluster,0.001
YHR124W,YHR177W,NDT80,ROF1,0.19,0.0019,453,YHR124W_cluster,YHR124W_cluster,YHR124W_cluster,0.0019
YHR124W,YHR178W,NDT80,STB5,0.37,0.0037,627,YHR124W_cluster,YHR124W_cluster,YHR124W_cluster,0.0037
YHR124W,YHR206W,NDT80,SKN7,0.65,0.0065,622,YHR124W_cluster,YHR124W_cluster,YHR124W_cluster,0.0065
YHR124W,YIL036W,NDT80,CST6,0.5,0.005,587,YHR124W_cluster,YHR124W_cluster,YHR124W_cluster,0.005
YHR124W,YIL101C,NDT80,XBP1,0.24,0.0024,627,YHR124W_cluster,YHR124W_cluster,YHR124W_cluster,0.0024
YHR124W,YIL131C,NDT80,FKH1,0.09,0.0009,484,YHR124W_cluster,YHR124W_cluster,YHR124W_cluster,0.0009
YHR124W,YIR018W,NDT80,YAP5,0.12,0.0012,245,YHR124W_cluster,YHR124W_cluster,YHR124W_cluster,0.0012
YHR124W,YIR023W,NDT80,DAL81,0.46,0.0046,627,YHR124W_cluster,YHR124W_cluster,YHR124W_cluster,0.0046
YHR124W,YJL056C,NDT80,ZAP1,0.41,0.0041,627,YHR124W_cluster,YHR124W_cluster,YHR124W_cluster,0.0041
YHR124W,YJL089W,NDT80,SIP4,0.49,0.0049,627,YHR124W_cluster,YHR124W_cluster,YHR124W_cluster,0.0049
YHR124W,YJL103C,NDT80,GSM1,0.32,0.0032,618,YHR124W_cluster,YHR124W_cluster,YHR124W_cluster,0.0032
YHR124W,YJL110C,NDT80,GZF3,0.35,0.0035,551,YHR124W_cluster,YHR124W_cluster,YHR124W_cluster,0.0035
YHR124W,YJR060W,NDT80,CBF1,0.31,0.0031,351,YHR124W_cluster,YHR124W_cluster,YHR124W_cluster,0.0031
YHR124W,YJR094C,NDT80,IME1,0.1,0.001,360,YHR124W_cluster,YHR124W_cluster,YHR124W_cluster,0.001
YHR124W,YKL015W,NDT80,PUT3,0.25,0.0025,627,YHR124W_cluster,YHR124W_cluster,YHR124W_cluster,0.0025
YHR124W,YKL032C,NDT80,IXR1,0.0,0.0,597,YHR124W_cluster,YHR124W_cluster,YHR124W_cluster,0.0
YHR124W,YKL038W,NDT80,RGT1,0.34,0.0034,627,YHR124W_cluster,YHR124W_cluster,YHR124W_cluster,0.0034
YHR124W,YKL062W,NDT80,MSN4,0.32,0.0032,627,YHR124W_cluster,YHR124W_cluster,YHR124W_cluster,0.0032
YHR124W,YKL109W,NDT80,HAP4,0.78,0.0078,554,YHR124W_cluster,YHR124W_cluster,YHR124W_cluster,0.0078
YHR124W,YKL112W,NDT80,ABF1,0.76,0.0076,627,YHR124W_cluster,YHR124W_cluster,YHR124W_cluster,0.0076
YHR124W,YKL185W,NDT80,ASH1,0.33,0.0033,588,YHR124W_cluster,YHR124W_cluster,YHR124W_cluster,0.0033
YHR124W,YKR034W,NDT80,DAL80,0.23,0.0023,269,YHR124W_cluster,YHR124W_cluster,YHR124W_cluster,0.0023
YHR124W,YKR099W,NDT80,BAS1,0.99,0.0099,627,YHR124W_cluster,YHR124W_cluster,YHR124W_cluster,0.0099
YHR124W,YLR014C,NDT80,PPR1,0.26,0.0026,627,YHR124W_cluster,YHR124W_cluster,YHR124W_cluster,0.0026
YHR124W,YLR098C,NDT80,CHA4,0.56,0.0056,627,YHR124W_cluster,YHR124W_cluster,YHR124W_cluster,0.0056
YHR124W,YLR131C,NDT80,ACE2,1.17,0.0117,627,YHR124W_cluster,YHR124W_cluster,YHR124W_cluster,0.0117
YHR124W,YLR176C,NDT80,RFX1,0.57,0.0057,627,YHR124W_cluster,YHR124W_cluster,YHR124W_cluster,0.0057
YHR124W,YLR228C,NDT80,ECM22,0.07,0.0007,627,YHR124W_cluster,YHR124W_cluster,YHR124W_cluster,0.0007
YHR124W,YLR256W,NDT80,HAP1,0.68,0.0068,627,YHR124W_cluster,YHR124W_cluster,YHR124W_cluster,0.0068
YHR124W,YLR266C,NDT80,PDR8,0.84,0.0084,627,YHR124W_cluster,YHR124W_cluster,YHR124W_cluster,0.0084
YHR124W,YLR451W,NDT80,LEU3,0.2,0.002,627,YHR124W_cluster,YHR124W_cluster,YHR124W_cluster,0.002
YHR124W,YML007W,NDT80,YAP1,0.48,0.0048,627,YHR124W_cluster,YHR124W_cluster,YHR124W_cluster,0.0048
YHR124W,YML076C,NDT80,WAR1,0.32,0.0032,627,YHR124W_cluster,YHR124W_cluster,YHR124W_cluster,0.0032
YHR124W,YML081W,NDT80,TDA9,0.43,0.0043,627,YHR124W_cluster,YHR124W_cluster,YHR124W_cluster,0.0043
YHR124W,YML099C,NDT80,ARG81,0.61,0.0061,627,YHR124W_cluster,YHR124W_cluster,YHR124W_cluster,0.0061
YHR124W,YMR019W,NDT80,STB4,0.51,0.0051,627,YHR124W_cluster,YHR124W_cluster,YHR124W_cluster,0.0051
YHR124W,YMR021C,NDT80,MAC1,0.39,0.0039,417,YHR124W_cluster,YHR124W_cluster,YHR124W_cluster,0.0039
YHR124W,YMR037C,NDT80,MSN2,0.85,0.0085,627,YHR124W_cluster,YHR124W_cluster,YHR124W_cluster,0.0085
YHR124W,YMR042W,NDT80,ARG80,0.25,0.0025,177,YHR124W_cluster,YHR124W_cluster,YHR124W_cluster,0.0025
YHR124W,YMR043W,NDT80,MCM1,0.35,0.0035,286,YHR124W_cluster,YHR124W_cluster,YHR124W_cluster,0.0035
YHR124W,YMR070W,NDT80,MOT3,0.57,0.0057,490,YHR124W_cluster,YHR124W_cluster,YHR124W_cluster,0.0057
YHR124W,YMR164C,NDT80,MSS11,0.38,0.0038,627,YHR124W_cluster,YHR124W_cluster,YHR124W_cluster,0.0038
YHR124W,YMR172W,NDT80,HOT1,0.76,0.0076,627,YHR124W_cluster,YHR124W_cluster,YHR124W_cluster,0.0076
YHR124W,YMR280C,NDT80,CAT8,0.65,0.0065,627,YHR124W_cluster,YHR124W_cluster,YHR124W_cluster,0.0065
YHR124W,YNL027W,NDT80,CRZ1,0.72,0.0072,627,YHR124W_cluster,YHR124W_cluster,YHR124W_cluster,0.0072
YHR124W,YNL068C,NDT80,FKH2,0.76,0.0076,627,YHR124W_cluster,YHR124W_cluster,YHR124W_cluster,0.0076
YHR124W,YNL103W,NDT80,MET4,0.16,0.0016,627,YHR124W_cluster,YHR124W_cluster,YHR124W_cluster,0.0016
YHR124W,YNL167C,NDT80,SKO1,1.14,0.0114,627,YHR124W_cluster,YHR124W_cluster,YHR124W_cluster,0.0114
YHR124W,YNL199C,NDT80,GCR2,0.35,0.0035,534,YHR124W_cluster,YHR124W_cluster,YHR124W_cluster,0.0035
YHR124W,YNL216W,NDT80,RAP1,0.85,0.0085,627,YHR124W_cluster,YHR124W_cluster,YHR124W_cluster,0.0085
YHR124W,YNL314W,NDT80,DAL82,0.23,0.0023,255,YHR124W_cluster,YHR124W_cluster,YHR124W_cluster,0.0023
YHR124W,YOL067C,NDT80,RTG1,0.25,0.0025,177,YHR124W_cluster,YHR124W_cluster,YHR124W_cluster,0.0025
YHR124W,YOL108C,NDT80,INO4,0.66,0.0066,151,YHR124W_cluster,YHR124W_cluster,YHR124W_cluster,0.0066
YHR124W,YOR028C,NDT80,CIN5,0.33,0.0033,295,YHR124W_cluster,YHR124W_cluster,YHR124W_cluster,0.0033
YHR124W,YOR113W,NDT80,AZF1,0.6,0.006,627,YHR124W_cluster,YHR124W_cluster,YHR124W_cluster,0.006
YHR124W,YOR140W,NDT80,SFL1,0.81,0.0081,627,YHR124W_cluster,YHR124W_cluster,YHR124W_cluster,0.0081
YHR124W,YOR162C,NDT80,YRR1,0.63,0.0063,627,YHR124W_cluster,YHR124W_cluster,YHR124W_cluster,0.0063
YHR124W,YOR337W,NDT80,TEA1,0.66,0.0066,627,YHR124W_cluster,YHR124W_cluster,YHR124W_cluster,0.0066
YHR124W,YOR344C,NDT80,TYE7,0.33,0.0033,291,YHR124W_cluster,YHR124W_cluster,YHR124W_cluster,0.0033
YHR124W,YOR358W,NDT80,HAP5,0.0,0.0,242,YHR124W_cluster,YHR124W_cluster,YHR124W_cluster,0.0
YHR124W,YOR363C,NDT80,PIP2,0.75,0.0075,627,YHR124W_cluster,YHR124W_cluster,YHR124W_cluster,0.0075
YHR124W,YPL038W,NDT80,MET31,0.13,0.0013,177,YHR124W_cluster,YHR124W_cluster,YHR124W_cluster,0.0013
YHR124W,YPL075W,NDT80,GCR1,0.58,0.0058,627,YHR124W_cluster,YHR124W_cluster,YHR124W_cluster,0.0058
YHR124W,YPL089C,NDT80,RLM1,0.96,0.0096,627,YHR124W_cluster,YHR124W_cluster,YHR124W_cluster,0.0096
YHR124W,YPL133C,NDT80,RDS2,0.38,0.0038,446,YHR124W_cluster,YHR124W_cluster,YHR124W_cluster,0.0038
YHR124W,YPL202C,NDT80,AFT2,0.78,0.0078,416,YHR124W_cluster,YHR124W_cluster,YHR124W_cluster,0.0078
YHR124W,YPL230W,NDT80,USV1,0.3,0.003,391,YHR124W_cluster,YHR124W_cluster,YHR124W_cluster,0.003
YHR124W,YPL248C,NDT80,GAL4,0.67,0.0067,627,YHR124W_cluster,YHR124W_cluster,YHR124W_cluster,0.0067
YHR124W,YPR008W,NDT80,HAA1,0.54,0.0054,627,YHR124W_cluster,YHR124W_cluster,YHR124W_cluster,0.0054
YHR124W,YPR065W,NDT80,ROX1,0.51,0.0051,368,YHR124W_cluster,YHR124W_cluster,YHR124W_cluster,0.0051
YHR124W,YPR199C,NDT80,ARR1,0.55,0.0055,294,YHR124W_cluster,YHR124W_cluster,YHR124W_cluster,0.0055
YHR177W,YHR178W,ROF1,STB5,0.43,0.0043,453,YHR177W_cluster,YHR177W_cluster,YHR177W_cluster,0.0043
YHR177W,YHR206W,ROF1,SKN7,0.57,0.0057,453,YHR177W_cluster,YHR177W_cluster,YHR177W_cluster,0.0057
YHR177W,YIL036W,ROF1,CST6,0.98,0.0098,453,YHR177W_cluster,YHR177W_cluster,YHR177W_cluster,0.0098
YHR177W,YIL101C,ROF1,XBP1,0.46,0.0046,453,YHR177W_cluster,YHR177W_cluster,YHR177W_cluster,0.0046
YHR177W,YIL131C,ROF1,FKH1,0.11,0.0011,453,YHR177W_cluster,YHR177W_cluster,YHR177W_cluster,0.0011
YHR177W,YIR018W,ROF1,YAP5,0.15,0.0015,245,YHR177W_cluster,YHR177W_cluster,YHR177W_cluster,0.0015
YHR177W,YIR023W,ROF1,DAL81,0.81,0.0081,453,YHR177W_cluster,YHR177W_cluster,YHR177W_cluster,0.0081
YHR177W,YJL056C,ROF1,ZAP1,0.15,0.0015,453,YHR177W_cluster,YHR177W_cluster,YHR177W_cluster,0.0015
YHR177W,YJL089W,ROF1,SIP4,0.08,0.0008,453,YHR177W_cluster,YHR177W_cluster,YHR177W_cluster,0.0008
YHR177W,YJL103C,ROF1,GSM1,0.38,0.0038,453,YHR177W_cluster,YHR177W_cluster,YHR177W_cluster,0.0038
YHR177W,YJL110C,ROF1,GZF3,0.82,0.0082,453,YHR177W_cluster,YHR177W_cluster,YHR177W_cluster,0.0082
YHR177W,YJR060W,ROF1,CBF1,0.13,0.0013,351,YHR177W_cluster,YHR177W_cluster,YHR177W_cluster,0.0013
YHR177W,YJR094C,ROF1,IME1,0.5,0.005,360,YHR177W_cluster,YHR177W_cluster,YHR177W_cluster,0.005
YHR177W,YKL015W,ROF1,PUT3,0.43,0.0043,453,YHR177W_cluster,YHR177W_cluster,YHR177W_cluster,0.0043
YHR177W,YKL032C,ROF1,IXR1,0.73,0.0073,453,YHR177W_cluster,YHR177W_cluster,YHR177W_cluster,0.0073
YHR177W,YKL038W,ROF1,RGT1,0.44,0.0044,453,YHR177W_cluster,YHR177W_cluster,YHR177W_cluster,0.0044
YHR177W,YKL062W,ROF1,MSN4,0.85,0.0085,453,YHR177W_cluster,YHR177W_cluster,YHR177W_cluster,0.0085
YHR177W,YKL109W,ROF1,HAP4,0.71,0.0071,453,YHR177W_cluster,YHR177W_cluster,YHR177W_cluster,0.0071
YHR177W,YKL112W,ROF1,ABF1,0.35,0.0035,453,YHR177W_cluster,YHR177W_cluster,YHR177W_cluster,0.0035
YHR177W,YKL185W,ROF1,ASH1,0.59,0.0059,453,YHR177W_cluster,YHR177W_cluster,YHR177W_cluster,0.0059
YHR177W,YKR034W,ROF1,DAL80,0.0,0.0,269,YHR177W_cluster,YHR177W_cluster,YHR177W_cluster,0.0
YHR177W,YKR099W,ROF1,BAS1,0.56,0.0056,453,YHR177W_cluster,YHR177W_cluster,YHR177W_cluster,0.0056
YHR177W,YLR014C,ROF1,PPR1,0.53,0.0053,453,YHR177W_cluster,YHR177W_cluster,YHR177W_cluster,0.0053
YHR177W,YLR098C,ROF1,CHA4,0.46,0.0046,453,YHR177W_cluster,YHR177W_cluster,YHR177W_cluster,0.0046
YHR177W,YLR131C,ROF1,ACE2,0.33,0.0033,453,YHR177W_cluster,YHR177W_cluster,YHR177W_cluster,0.0033
YHR177W,YLR176C,ROF1,RFX1,0.48,0.0048,453,YHR177W_cluster,YHR177W_cluster,YHR177W_cluster,0.0048
YHR177W,YLR228C,ROF1,ECM22,0.81,0.0081,453,YHR177W_cluster,YHR177W_cluster,YHR177W_cluster,0.0081
YHR177W,YLR256W,ROF1,HAP1,0.85,0.0085,453,YHR177W_cluster,YHR177W_cluster,YHR177W_cluster,0.0085
YHR177W,YLR266C,ROF1,PDR8,0.8,0.008,453,YHR177W_cluster,YHR177W_cluster,YHR177W_cluster,0.008
YHR177W,YLR451W,ROF1,LEU3,0.3,0.003,453,YHR177W_cluster,YHR177W_cluster,YHR177W_cluster,0.003
YHR177W,YML007W,ROF1,YAP1,0.37,0.0037,453,YHR177W_cluster,YHR177W_cluster,YHR177W_cluster,0.0037
YHR177W,YML076C,ROF1,WAR1,0.58,0.0058,453,YHR177W_cluster,YHR177W_cluster,YHR177W_cluster,0.0058
YHR177W,YML081W,ROF1,TDA9,0.48,0.0048,453,YHR177W_cluster,YHR177W_cluster,YHR177W_cluster,0.0048
YHR177W,YML099C,ROF1,ARG81,0.08,0.0008,453,YHR177W_cluster,YHR177W_cluster,YHR177W_cluster,0.0008
YHR177W,YMR019W,ROF1,STB4,0.29,0.0029,453,YHR177W_cluster,YHR177W_cluster,YHR177W_cluster,0.0029
YHR177W,YMR021C,ROF1,MAC1,0.23,0.0023,417,YHR177W_cluster,YHR177W_cluster,YHR177W_cluster,0.0023
YHR177W,YMR037C,ROF1,MSN2,0.53,0.0053,453,YHR177W_cluster,YHR177W_cluster,YHR177W_cluster,0.0053
YHR177W,YMR042W,ROF1,ARG80,0.32,0.0032,177,YHR177W_cluster,YHR177W_cluster,YHR177W_cluster,0.0032
YHR177W,YMR043W,ROF1,MCM1,0.59,0.0059,286,YHR177W_cluster,YHR177W_cluster,YHR177W_cluster,0.0059
YHR177W,YMR070W,ROF1,MOT3,0.8,0.008,453,YHR177W_cluster,YHR177W_cluster,YHR177W_cluster,0.008
YHR177W,YMR164C,ROF1,MSS11,1.34,0.0134,453,YHR177W_cluster,YHR177W_cluster,YHR177W_cluster,0.0134
YHR177W,YMR172W,ROF1,HOT1,0.53,0.0053,453,YHR177W_cluster,YHR177W_cluster,YHR177W_cluster,0.0053
YHR177W,YMR280C,ROF1,CAT8,1.04,0.0104,453,YHR177W_cluster,YHR177W_cluster,YHR177W_cluster,0.0104
YHR177W,YNL027W,ROF1,CRZ1,0.65,0.0065,453,YHR177W_cluster,YHR177W_cluster,YHR177W_cluster,0.0065
YHR177W,YNL068C,ROF1,FKH2,0.23,0.0023,453,YHR177W_cluster,YHR177W_cluster,YHR177W_cluster,0.0023
YHR177W,YNL103W,ROF1,MET4,0.27,0.0027,453,YHR177W_cluster,YHR177W_cluster,YHR177W_cluster,0.0027
YHR177W,YNL167C,ROF1,SKO1,0.37,0.0037,453,YHR177W_cluster,YHR177W_cluster,YHR177W_cluster,0.0037
YHR177W,YNL199C,ROF1,GCR2,0.31,0.0031,453,YHR177W_cluster,YHR177W_cluster,YHR177W_cluster,0.0031
YHR177W,YNL216W,ROF1,RAP1,0.24,0.0024,453,YHR177W_cluster,YHR177W_cluster,YHR177W_cluster,0.0024
YHR177W,YNL314W,ROF1,DAL82,0.43,0.0043,255,YHR177W_cluster,YHR177W_cluster,YHR177W_cluster,0.0043
YHR177W,YOL067C,ROF1,RTG1,0.0,0.0,177,YHR177W_cluster,YHR177W_cluster,YHR177W_cluster,0.0
YHR177W,YOL108C,ROF1,INO4,0.17,0.0017,151,YHR177W_cluster,YHR177W_cluster,YHR177W_cluster,0.0017
YHR177W,YOR028C,ROF1,CIN5,0.55,0.0055,295,YHR177W_cluster,YHR177W_cluster,YHR177W_cluster,0.0055
YHR177W,YOR113W,ROF1,AZF1,1.06,0.0106,453,YHR177W_cluster,YHR177W_cluster,YHR177W_cluster,0.0106
YHR177W,YOR140W,ROF1,SFL1,0.92,0.0092,453,YHR177W_cluster,YHR177W_cluster,YHR177W_cluster,0.0092
YHR177W,YOR162C,ROF1,YRR1,0.32,0.0032,453,YHR177W_cluster,YHR177W_cluster,YHR177W_cluster,0.0032
YHR177W,YOR337W,ROF1,TEA1,0.42,0.0042,453,YHR177W_cluster,YHR177W_cluster,YHR177W_cluster,0.0042
YHR177W,YOR344C,ROF1,TYE7,0.41,0.0041,291,YHR177W_cluster,YHR177W_cluster,YHR177W_cluster,0.0041
YHR177W,YOR358W,ROF1,HAP5,0.15,0.0015,242,YHR177W_cluster,YHR177W_cluster,YHR177W_cluster,0.0015
YHR177W,YOR363C,ROF1,PIP2,0.35,0.0035,453,YHR177W_cluster,YHR177W_cluster,YHR177W_cluster,0.0035
YHR177W,YPL038W,ROF1,MET31,0.65,0.0065,177,YHR177W_cluster,YHR177W_cluster,YHR177W_cluster,0.0065
YHR177W,YPL075W,ROF1,GCR1,0.41,0.0041,453,YHR177W_cluster,YHR177W_cluster,YHR177W_cluster,0.0041
YHR177W,YPL089C,ROF1,RLM1,0.65,0.0065,453,YHR177W_cluster,YHR177W_cluster,YHR177W_cluster,0.0065
YHR177W,YPL133C,ROF1,RDS2,0.56,0.0056,446,YHR177W_cluster,YHR177W_cluster,YHR177W_cluster,0.0056
YHR177W,YPL202C,ROF1,AFT2,0.47,0.0047,416,YHR177W_cluster,YHR177W_cluster,YHR177W_cluster,0.0047
YHR177W,YPL230W,ROF1,USV1,0.98,0.0098,391,YHR177W_cluster,YHR177W_cluster,YHR177W_cluster,0.0098
YHR177W,YPL248C,ROF1,GAL4,0.3,0.003,453,YHR177W_cluster,YHR177W_cluster,YHR177W_cluster,0.003
YHR177W,YPR008W,ROF1,HAA1,0.09,0.0009,453,YHR177W_cluster,YHR177W_cluster,YHR177W_cluster,0.0009
YHR177W,YPR065W,ROF1,ROX1,1.01,0.0101,368,YHR177W_cluster,YHR177W_cluster,YHR177W_cluster,0.0101
YHR177W,YPR199C,ROF1,ARR1,0.0,0.0,294,YHR177W_cluster,YHR177W_cluster,YHR177W_cluster,0.0
YHR178W,YHR206W,STB5,SKN7,0.67,0.0067,622,YHR178W_cluster,YHR178W_cluster,YHR178W_cluster,0.0067
YHR178W,YIL036W,STB5,CST6,0.69,0.0069,587,YHR178W_cluster,YHR178W_cluster,YHR178W_cluster,0.0069
YHR178W,YIL101C,STB5,XBP1,0.44,0.0044,647,YHR178W_cluster,YHR178W_cluster,YHR178W_cluster,0.0044
YHR178W,YIL131C,STB5,FKH1,0.17,0.0017,484,YHR178W_cluster,YHR178W_cluster,YHR178W_cluster,0.0017
YHR178W,YIR018W,STB5,YAP5,0.0,0.0,245,YHR178W_cluster,YHR178W_cluster,YHR178W_cluster,0.0
YHR178W,YIR023W,STB5,DAL81,0.42,0.0042,743,YHR178W_cluster,YHR178W_cluster,YHR178W_cluster,0.0042
YHR178W,YJL056C,STB5,ZAP1,0.5,0.005,743,YHR178W_cluster,YHR178W_cluster,YHR178W_cluster,0.005
YHR178W,YJL089W,STB5,SIP4,0.59,0.0059,743,YHR178W_cluster,YHR178W_cluster,YHR178W_cluster,0.0059
YHR178W,YJL103C,STB5,GSM1,0.6,0.006,618,YHR178W_cluster,YHR178W_cluster,YHR178W_cluster,0.006
YHR178W,YJL110C,STB5,GZF3,0.39,0.0039,551,YHR178W_cluster,YHR178W_cluster,YHR178W_cluster,0.0039
YHR178W,YJR060W,STB5,CBF1,0.37,0.0037,351,YHR178W_cluster,YHR178W_cluster,YHR178W_cluster,0.0037
YHR178W,YJR094C,STB5,IME1,0.46,0.0046,360,YHR178W_cluster,YHR178W_cluster,YHR178W_cluster,0.0046
YHR178W,YKL015W,STB5,PUT3,0.53,0.0053,743,YHR178W_cluster,YHR178W_cluster,YHR178W_cluster,0.0053
YHR178W,YKL032C,STB5,IXR1,0.56,0.0056,597,YHR178W_cluster,YHR178W_cluster,YHR178W_cluster,0.0056
YHR178W,YKL038W,STB5,RGT1,1.23,0.0123,743,YHR178W_cluster,YHR178W_cluster,YHR178W_cluster,0.0123
YHR178W,YKL062W,STB5,MSN4,1.27,0.0127,630,YHR178W_cluster,YHR178W_cluster,YHR178W_cluster,0.0127
YHR178W,YKL109W,STB5,HAP4,0.47,0.0047,554,YHR178W_cluster,YHR178W_cluster,YHR178W_cluster,0.0047
YHR178W,YKL112W,STB5,ABF1,1.05,0.0105,731,YHR178W_cluster,YHR178W_cluster,YHR178W_cluster,0.0105
YHR178W,YKL185W,STB5,ASH1,0.69,0.0069,588,YHR178W_cluster,YHR178W_cluster,YHR178W_cluster,0.0069
YHR178W,YKR034W,STB5,DAL80,0.5,0.005,269,YHR178W_cluster,YHR178W_cluster,YHR178W_cluster,0.005
YHR178W,YKR099W,STB5,BAS1,0.46,0.0046,743,YHR178W_cluster,YHR178W_cluster,YHR178W_cluster,0.0046
YHR178W,YLR014C,STB5,PPR1,0.43,0.0043,743,YHR178W_cluster,YHR178W_cluster,YHR178W_cluster,0.0043
YHR178W,YLR098C,STB5,CHA4,0.59,0.0059,648,YHR178W_cluster,YHR178W_cluster,YHR178W_cluster,0.0059
YHR178W,YLR131C,STB5,ACE2,0.54,0.0054,743,YHR178W_cluster,YHR178W_cluster,YHR178W_cluster,0.0054
YHR178W,YLR176C,STB5,RFX1,0.66,0.0066,743,YHR178W_cluster,YHR178W_cluster,YHR178W_cluster,0.0066
YHR178W,YLR228C,STB5,ECM22,0.86,0.0086,743,YHR178W_cluster,YHR178W_cluster,YHR178W_cluster,0.0086
YHR178W,YLR256W,STB5,HAP1,1.02,0.0102,743,YHR178W_cluster,YHR178W_cluster,YHR178W_cluster,0.0102
YHR178W,YLR266C,STB5,PDR8,0.85,0.0085,701,YHR178W_cluster,YHR178W_cluster,YHR178W_cluster,0.0085
YHR178W,YLR451W,STB5,LEU3,0.56,0.0056,743,YHR178W_cluster,YHR178W_cluster,YHR178W_cluster,0.0056
YHR178W,YML007W,STB5,YAP1,0.52,0.0052,650,YHR178W_cluster,YHR178W_cluster,YHR178W_cluster,0.0052
YHR178W,YML076C,STB5,WAR1,0.6,0.006,743,YHR178W_cluster,YHR178W_cluster,YHR178W_cluster,0.006
YHR178W,YML081W,STB5,TDA9,0.51,0.0051,743,YHR178W_cluster,YHR178W_cluster,YHR178W_cluster,0.0051
YHR178W,YML099C,STB5,ARG81,0.56,0.0056,743,YHR178W_cluster,YHR178W_cluster,YHR178W_cluster,0.0056
YHR178W,YMR019W,STB5,STB4,0.36,0.0036,743,YHR178W_cluster,YHR178W_cluster,YHR178W_cluster,0.0036
YHR178W,YMR021C,STB5,MAC1,0.09,0.0009,417,YHR178W_cluster,YHR178W_cluster,YHR178W_cluster,0.0009
YHR178W,YMR037C,STB5,MSN2,0.57,0.0057,704,YHR178W_cluster,YHR178W_cluster,YHR178W_cluster,0.0057
YHR178W,YMR042W,STB5,ARG80,0.33,0.0033,177,YHR178W_cluster,YHR178W_cluster,YHR178W_cluster,0.0033
YHR178W,YMR043W,STB5,MCM1,0.41,0.0041,286,YHR178W_cluster,YHR178W_cluster,YHR178W_cluster,0.0041
YHR178W,YMR070W,STB5,MOT3,0.61,0.0061,490,YHR178W_cluster,YHR178W_cluster,YHR178W_cluster,0.0061
YHR178W,YMR164C,STB5,MSS11,0.28,0.0028,743,YHR178W_cluster,YHR178W_cluster,YHR178W_cluster,0.0028
YHR178W,YMR172W,STB5,HOT1,0.42,0.0042,719,YHR178W_cluster,YHR178W_cluster,YHR178W_cluster,0.0042
YHR178W,YMR280C,STB5,CAT8,1.09,0.0109,743,YHR178W_cluster,YHR178W_cluster,YHR178W_cluster,0.0109
YHR178W,YNL027W,STB5,CRZ1,0.88,0.0088,678,YHR178W_cluster,YHR178W_cluster,YHR178W_cluster,0.0088
YHR178W,YNL068C,STB5,FKH2,0.64,0.0064,743,YHR178W_cluster,YHR178W_cluster,YHR178W_cluster,0.0064
YHR178W,YNL103W,STB5,MET4,1.24,0.0124,672,YHR178W_cluster,YHR178W_cluster,YHR178W_cluster,0.0124
YHR178W,YNL167C,STB5,SKO1,1.04,0.0104,647,YHR178W_cluster,YHR178W_cluster,YHR178W_cluster,0.0104
YHR178W,YNL199C,STB5,GCR2,1.04,0.0104,534,YHR178W_cluster,YHR178W_cluster,YHR178W_cluster,0.0104
YHR178W,YNL216W,STB5,RAP1,0.52,0.0052,743,YHR178W_cluster,YHR178W_cluster,YHR178W_cluster,0.0052
YHR178W,YNL314W,STB5,DAL82,0.0,0.0,255,YHR178W_cluster,YHR178W_cluster,YHR178W_cluster,0.0
YHR178W,YOL067C,STB5,RTG1,0.0,0.0,177,YHR178W_cluster,YHR178W_cluster,YHR178W_cluster,0.0
YHR178W,YOL108C,STB5,INO4,0.11,0.0011,151,YHR178W_cluster,YHR178W_cluster,YHR178W_cluster,0.0011
YHR178W,YOR028C,STB5,CIN5,0.2,0.002,295,YHR178W_cluster,YHR178W_cluster,YHR178W_cluster,0.002
YHR178W,YOR113W,STB5,AZF1,0.44,0.0044,743,YHR178W_cluster,YHR178W_cluster,YHR178W_cluster,0.0044
YHR178W,YOR140W,STB5,SFL1,0.54,0.0054,743,YHR178W_cluster,YHR178W_cluster,YHR178W_cluster,0.0054
YHR178W,YOR162C,STB5,YRR1,0.79,0.0079,743,YHR178W_cluster,YHR178W_cluster,YHR178W_cluster,0.0079
YHR178W,YOR337W,STB5,TEA1,0.68,0.0068,743,YHR178W_cluster,YHR178W_cluster,YHR178W_cluster,0.0068
YHR178W,YOR344C,STB5,TYE7,0.49,0.0049,291,YHR178W_cluster,YHR178W_cluster,YHR178W_cluster,0.0049
YHR178W,YOR358W,STB5,HAP5,0.0,0.0,242,YHR178W_cluster,YHR178W_cluster,YHR178W_cluster,0.0
YHR178W,YOR363C,STB5,PIP2,0.82,0.0082,743,YHR178W_cluster,YHR178W_cluster,YHR178W_cluster,0.0082
YHR178W,YPL038W,STB5,MET31,0.67,0.0067,177,YHR178W_cluster,YHR178W_cluster,YHR178W_cluster,0.0067
YHR178W,YPL075W,STB5,GCR1,0.87,0.0087,743,YHR178W_cluster,YHR178W_cluster,YHR178W_cluster,0.0087
YHR178W,YPL089C,STB5,RLM1,1.4,0.014,676,YHR178W_cluster,YHR178W_cluster,YHR178W_cluster,0.014
YHR178W,YPL133C,STB5,RDS2,0.34,0.0034,446,YHR178W_cluster,YHR178W_cluster,YHR178W_cluster,0.0034
YHR178W,YPL202C,STB5,AFT2,0.35,0.0035,416,YHR178W_cluster,YHR178W_cluster,YHR178W_cluster,0.0035
YHR178W,YPL230W,STB5,USV1,0.55,0.0055,391,YHR178W_cluster,YHR178W_cluster,YHR178W_cluster,0.0055
YHR178W,YPL248C,STB5,GAL4,0.82,0.0082,743,YHR178W_cluster,YHR178W_cluster,YHR178W_cluster,0.0082
YHR178W,YPR008W,STB5,HAA1,0.71,0.0071,694,YHR178W_cluster,YHR178W_cluster,YHR178W_cluster,0.0071
YHR178W,YPR065W,STB5,ROX1,0.65,0.0065,368,YHR178W_cluster,YHR178W_cluster,YHR178W_cluster,0.0065
YHR178W,YPR199C,STB5,ARR1,0.99,0.0099,294,YHR178W_cluster,YHR178W_cluster,YHR178W_cluster,0.0099
YHR206W,YIL036W,SKN7,CST6,0.59,0.0059,587,YHR206W_cluster,YHR206W_cluster,YHR206W_cluster,0.0059
YHR206W,YIL101C,SKN7,XBP1,0.73,0.0073,622,YHR206W_cluster,YHR206W_cluster,YHR206W_cluster,0.0073
YHR206W,YIL131C,SKN7,FKH1,0.28,0.0028,484,YHR206W_cluster,YHR206W_cluster,YHR206W_cluster,0.0028
YHR206W,YIR018W,SKN7,YAP5,0.47,0.0047,245,YHR206W_cluster,YHR206W_cluster,YHR206W_cluster,0.0047
YHR206W,YIR023W,SKN7,DAL81,1.19,0.0119,622,YHR206W_cluster,YHR206W_cluster,YHR206W_cluster,0.0119
YHR206W,YJL056C,SKN7,ZAP1,1.1,0.011,622,YHR206W_cluster,YHR206W_cluster,YHR206W_cluster,0.011
YHR206W,YJL089W,SKN7,SIP4,1.07,0.0107,622,YHR206W_cluster,YHR206W_cluster,YHR206W_cluster,0.0107
YHR206W,YJL103C,SKN7,GSM1,0.82,0.0082,618,YHR206W_cluster,YHR206W_cluster,YHR206W_cluster,0.0082
YHR206W,YJL110C,SKN7,GZF3,0.7,0.007,551,YHR206W_cluster,YHR206W_cluster,YHR206W_cluster,0.007
YHR206W,YJR060W,SKN7,CBF1,0.21,0.0021,351,YHR206W_cluster,YHR206W_cluster,YHR206W_cluster,0.0021
YHR206W,YJR094C,SKN7,IME1,0.73,0.0073,360,YHR206W_cluster,YHR206W_cluster,YHR206W_cluster,0.0073
YHR206W,YKL015W,SKN7,PUT3,0.64,0.0064,622,YHR206W_cluster,YHR206W_cluster,YHR206W_cluster,0.0064
YHR206W,YKL032C,SKN7,IXR1,1.26,0.0126,597,YHR206W_cluster,YHR206W_cluster,YHR206W_cluster,0.0126
YHR206W,YKL038W,SKN7,RGT1,1.26,0.0126,622,YHR206W_cluster,YHR206W_cluster,YHR206W_cluster,0.0126
YHR206W,YKL062W,SKN7,MSN4,0.49,0.0049,622,YHR206W_cluster,YHR206W_cluster,YHR206W_cluster,0.0049
YHR206W,YKL109W,SKN7,HAP4,1.05,0.0105,554,YHR206W_cluster,YHR206W_cluster,YHR206W_cluster,0.0105
YHR206W,YKL112W,SKN7,ABF1,0.99,0.0099,622,YHR206W_cluster,YHR206W_cluster,YHR206W_cluster,0.0099
YHR206W,YKL185W,SKN7,ASH1,0.42,0.0042,588,YHR206W_cluster,YHR206W_cluster,YHR206W_cluster,0.0042
YHR206W,YKR034W,SKN7,DAL80,0.23,0.0023,269,YHR206W_cluster,YHR206W_cluster,YHR206W_cluster,0.0023
YHR206W,YKR099W,SKN7,BAS1,0.28,0.0028,622,YHR206W_cluster,YHR206W_cluster,YHR206W_cluster,0.0028
YHR206W,YLR014C,SKN7,PPR1,0.4,0.004,622,YHR206W_cluster,YHR206W_cluster,YHR206W_cluster,0.004
YHR206W,YLR098C,SKN7,CHA4,0.56,0.0056,622,YHR206W_cluster,YHR206W_cluster,YHR206W_cluster,0.0056
YHR206W,YLR131C,SKN7,ACE2,0.59,0.0059,622,YHR206W_cluster,YHR206W_cluster,YHR206W_cluster,0.0059
YHR206W,YLR176C,SKN7,RFX1,0.71,0.0071,622,YHR206W_cluster,YHR206W_cluster,YHR206W_cluster,0.0071
YHR206W,YLR228C,SKN7,ECM22,0.86,0.0086,622,YHR206W_cluster,YHR206W_cluster,YHR206W_cluster,0.0086
YHR206W,YLR256W,SKN7,HAP1,1.08,0.0108,622,YHR206W_cluster,YHR206W_cluster,YHR206W_cluster,0.0108
YHR206W,YLR266C,SKN7,PDR8,0.54,0.0054,622,YHR206W_cluster,YHR206W_cluster,YHR206W_cluster,0.0054
YHR206W,YLR451W,SKN7,LEU3,0.0,0.0,622,YHR206W_cluster,YHR206W_cluster,YHR206W_cluster,0.0
YHR206W,YML007W,SKN7,YAP1,0.4,0.004,622,YHR206W_cluster,YHR206W_cluster,YHR206W_cluster,0.004
YHR206W,YML076C,SKN7,WAR1,0.71,0.0071,622,YHR206W_cluster,YHR206W_cluster,YHR206W_cluster,0.0071
YHR206W,YML081W,SKN7,TDA9,0.98,0.0098,622,YHR206W_cluster,YHR206W_cluster,YHR206W_cluster,0.0098
YHR206W,YML099C,SKN7,ARG81,0.54,0.0054,622,YHR206W_cluster,YHR206W_cluster,YHR206W_cluster,0.0054
YHR206W,YMR019W,SKN7,STB4,0.78,0.0078,622,YHR206W_cluster,YHR206W_cluster,YHR206W_cluster,0.0078
YHR206W,YMR021C,SKN7,MAC1,0.79,0.0079,417,YHR206W_cluster,YHR206W_cluster,YHR206W_cluster,0.0079
YHR206W,YMR037C,SKN7,MSN2,1.33,0.0133,622,YHR206W_cluster,YHR206W_cluster,YHR206W_cluster,0.0133
YHR206W,YMR042W,SKN7,ARG80,0.13,0.0013,177,YHR206W_cluster,YHR206W_cluster,YHR206W_cluster,0.0013
YHR206W,YMR043W,SKN7,MCM1,0.47,0.0047,286,YHR206W_cluster,YHR206W_cluster,YHR206W_cluster,0.0047
YHR206W,YMR070W,SKN7,MOT3,1.07,0.0107,490,YHR206W_cluster,YHR206W_cluster,YHR206W_cluster,0.0107
YHR206W,YMR164C,SKN7,MSS11,0.7,0.007,622,YHR206W_cluster,YHR206W_cluster,YHR206W_cluster,0.007
YHR206W,YMR172W,SKN7,HOT1,1.16,0.0116,622,YHR206W_cluster,YHR206W_cluster,YHR206W_cluster,0.0116
YHR206W,YMR280C,SKN7,CAT8,0.7,0.007,622,YHR206W_cluster,YHR206W_cluster,YHR206W_cluster,0.007
YHR206W,YNL027W,SKN7,CRZ1,0.96,0.0096,622,YHR206W_cluster,YHR206W_cluster,YHR206W_cluster,0.0096
YHR206W,YNL068C,SKN7,FKH2,1.04,0.0104,622,YHR206W_cluster,YHR206W_cluster,YHR206W_cluster,0.0104
YHR206W,YNL103W,SKN7,MET4,0.64,0.0064,622,YHR206W_cluster,YHR206W_cluster,YHR206W_cluster,0.0064
YHR206W,YNL167C,SKN7,SKO1,0.98,0.0098,622,YHR206W_cluster,YHR206W_cluster,YHR206W_cluster,0.0098
YHR206W,YNL199C,SKN7,GCR2,0.62,0.0062,534,YHR206W_cluster,YHR206W_cluster,YHR206W_cluster,0.0062
YHR206W,YNL216W,SKN7,RAP1,0.78,0.0078,622,YHR206W_cluster,YHR206W_cluster,YHR206W_cluster,0.0078
YHR206W,YNL314W,SKN7,DAL82,0.35,0.0035,255,YHR206W_cluster,YHR206W_cluster,YHR206W_cluster,0.0035
YHR206W,YOL067C,SKN7,RTG1,0.13,0.0013,177,YHR206W_cluster,YHR206W_cluster,YHR206W_cluster,0.0013
YHR206W,YOL108C,SKN7,INO4,0.0,0.0,151,YHR206W_cluster,YHR206W_cluster,YHR206W_cluster,0.0
YHR206W,YOR028C,SKN7,CIN5,0.45,0.0045,295,YHR206W_cluster,YHR206W_cluster,YHR206W_cluster,0.0045
YHR206W,YOR113W,SKN7,AZF1,1.22,0.0122,622,YHR206W_cluster,YHR206W_cluster,YHR206W_cluster,0.0122
YHR206W,YOR140W,SKN7,SFL1,1.26,0.0126,622,YHR206W_cluster,YHR206W_cluster,YHR206W_cluster,0.0126
YHR206W,YOR162C,SKN7,YRR1,0.71,0.0071,622,YHR206W_cluster,YHR206W_cluster,YHR206W_cluster,0.0071
YHR206W,YOR337W,SKN7,TEA1,0.15,0.0015,622,YHR206W_cluster,YHR206W_cluster,YHR206W_cluster,0.0015
YHR206W,YOR344C,SKN7,TYE7,0.45,0.0045,291,YHR206W_cluster,YHR206W_cluster,YHR206W_cluster,0.0045
YHR206W,YOR358W,SKN7,HAP5,0.35,0.0035,242,YHR206W_cluster,YHR206W_cluster,YHR206W_cluster,0.0035
YHR206W,YOR363C,SKN7,PIP2,0.38,0.0038,622,YHR206W_cluster,YHR206W_cluster,YHR206W_cluster,0.0038
YHR206W,YPL038W,SKN7,MET31,0.13,0.0013,177,YHR206W_cluster,YHR206W_cluster,YHR206W_cluster,0.0013
YHR206W,YPL075W,SKN7,GCR1,0.95,0.0095,622,YHR206W_cluster,YHR206W_cluster,YHR206W_cluster,0.0095
YHR206W,YPL089C,SKN7,RLM1,1.29,0.0129,622,YHR206W_cluster,YHR206W_cluster,YHR206W_cluster,0.0129
YHR206W,YPL133C,SKN7,RDS2,0.09,0.0009,446,YHR206W_cluster,YHR206W_cluster,YHR206W_cluster,0.0009
YHR206W,YPL202C,SKN7,AFT2,0.69,0.0069,416,YHR206W_cluster,YHR206W_cluster,YHR206W_cluster,0.0069
YHR206W,YPL230W,SKN7,USV1,0.72,0.0072,391,YHR206W_cluster,YHR206W_cluster,YHR206W_cluster,0.0072
YHR206W,YPL248C,SKN7,GAL4,0.95,0.0095,622,YHR206W_cluster,YHR206W_cluster,YHR206W_cluster,0.0095
YHR206W,YPR008W,SKN7,HAA1,1.01,0.0101,622,YHR206W_cluster,YHR206W_cluster,YHR206W_cluster,0.0101
YHR206W,YPR065W,SKN7,ROX1,1.26,0.0126,368,YHR206W_cluster,YHR206W_cluster,YHR206W_cluster,0.0126
YHR206W,YPR199C,SKN7,ARR1,0.33,0.0033,294,YHR206W_cluster,YHR206W_cluster,YHR206W_cluster,0.0033
YIL036W,YIL101C,CST6,XBP1,0.41,0.0041,587,YIL036W_cluster,YIL036W_cluster,YIL036W_cluster,0.0041
YIL036W,YIL131C,CST6,FKH1,0.57,0.0057,484,YIL036W_cluster,YIL036W_cluster,YIL036W_cluster,0.0057
YIL036W,YIR018W,CST6,YAP5,0.24,0.0024,245,YIL036W_cluster,YIL036W_cluster,YIL036W_cluster,0.0024
YIL036W,YIR023W,CST6,DAL81,0.6,0.006,587,YIL036W_cluster,YIL036W_cluster,YIL036W_cluster,0.006
YIL036W,YJL056C,CST6,ZAP1,0.56,0.0056,587,YIL036W_cluster,YIL036W_cluster,YIL036W_cluster,0.0056
YIL036W,YJL089W,CST6,SIP4,0.65,0.0065,587,YIL036W_cluster,YIL036W_cluster,YIL036W_cluster,0.0065
YIL036W,YJL103C,CST6,GSM1,0.17,0.0017,587,YIL036W_cluster,YIL036W_cluster,YIL036W_cluster,0.0017
YIL036W,YJL110C,CST6,GZF3,0.54,0.0054,551,YIL036W_cluster,YIL036W_cluster,YIL036W_cluster,0.0054
YIL036W,YJR060W,CST6,CBF1,0.65,0.0065,351,YIL036W_cluster,YIL036W_cluster,YIL036W_cluster,0.0065
YIL036W,YJR094C,CST6,IME1,0.86,0.0086,360,YIL036W_cluster,YIL036W_cluster,YIL036W_cluster,0.0086
YIL036W,YKL015W,CST6,PUT3,0.98,0.0098,587,YIL036W_cluster,YIL036W_cluster,YIL036W_cluster,0.0098
YIL036W,YKL032C,CST6,IXR1,1.11,0.0111,587,YIL036W_cluster,YIL036W_cluster,YIL036W_cluster,0.0111
YIL036W,YKL038W,CST6,RGT1,0.87,0.0087,587,YIL036W_cluster,YIL036W_cluster,YIL036W_cluster,0.0087
YIL036W,YKL062W,CST6,MSN4,0.67,0.0067,587,YIL036W_cluster,YIL036W_cluster,YIL036W_cluster,0.0067
YIL036W,YKL109W,CST6,HAP4,0.72,0.0072,554,YIL036W_cluster,YIL036W_cluster,YIL036W_cluster,0.0072
YIL036W,YKL112W,CST6,ABF1,0.62,0.0062,587,YIL036W_cluster,YIL036W_cluster,YIL036W_cluster,0.0062
YIL036W,YKL185W,CST6,ASH1,0.61,0.0061,587,YIL036W_cluster,YIL036W_cluster,YIL036W_cluster,0.0061
YIL036W,YKR034W,CST6,DAL80,0.83,0.0083,269,YIL036W_cluster,YIL036W_cluster,YIL036W_cluster,0.0083
YIL036W,YKR099W,CST6,BAS1,0.95,0.0095,587,YIL036W_cluster,YIL036W_cluster,YIL036W_cluster,0.0095
YIL036W,YLR014C,CST6,PPR1,0.48,0.0048,587,YIL036W_cluster,YIL036W_cluster,YIL036W_cluster,0.0048
YIL036W,YLR098C,CST6,CHA4,0.41,0.0041,587,YIL036W_cluster,YIL036W_cluster,YIL036W_cluster,0.0041
YIL036W,YLR131C,CST6,ACE2,0.3,0.003,587,YIL036W_cluster,YIL036W_cluster,YIL036W_cluster,0.003
YIL036W,YLR176C,CST6,RFX1,0.44,0.0044,587,YIL036W_cluster,YIL036W_cluster,YIL036W_cluster,0.0044
YIL036W,YLR228C,CST6,ECM22,0.44,0.0044,587,YIL036W_cluster,YIL036W_cluster,YIL036W_cluster,0.0044
YIL036W,YLR256W,CST6,HAP1,1.14,0.0114,587,YIL036W_cluster,YIL036W_cluster,YIL036W_cluster,0.0114
YIL036W,YLR266C,CST6,PDR8,0.55,0.0055,587,YIL036W_cluster,YIL036W_cluster,YIL036W_cluster,0.0055
YIL036W,YLR451W,CST6,LEU3,0.62,0.0062,587,YIL036W_cluster,YIL036W_cluster,YIL036W_cluster,0.0062
YIL036W,YML007W,CST6,YAP1,0.67,0.0067,587,YIL036W_cluster,YIL036W_cluster,YIL036W_cluster,0.0067
YIL036W,YML076C,CST6,WAR1,0.33,0.0033,587,YIL036W_cluster,YIL036W_cluster,YIL036W_cluster,0.0033
YIL036W,YML081W,CST6,TDA9,0.61,0.0061,587,YIL036W_cluster,YIL036W_cluster,YIL036W_cluster,0.0061
YIL036W,YML099C,CST6,ARG81,0.62,0.0062,587,YIL036W_cluster,YIL036W_cluster,YIL036W_cluster,0.0062
YIL036W,YMR019W,CST6,STB4,0.66,0.0066,587,YIL036W_cluster,YIL036W_cluster,YIL036W_cluster,0.0066
YIL036W,YMR021C,CST6,MAC1,0.2,0.002,417,YIL036W_cluster,YIL036W_cluster,YIL036W_cluster,0.002
YIL036W,YMR037C,CST6,MSN2,1.69,0.0169,587,YIL036W_cluster,YIL036W_cluster,YIL036W_cluster,0.0169
YIL036W,YMR042W,CST6,ARG80,0.53,0.0053,177,YIL036W_cluster,YIL036W_cluster,YIL036W_cluster,0.0053
YIL036W,YMR043W,CST6,MCM1,0.37,0.0037,286,YIL036W_cluster,YIL036W_cluster,YIL036W_cluster,0.0037
YIL036W,YMR070W,CST6,MOT3,0.9,0.009,490,YIL036W_cluster,YIL036W_cluster,YIL036W_cluster,0.009
YIL036W,YMR164C,CST6,MSS11,0.55,0.0055,587,YIL036W_cluster,YIL036W_cluster,YIL036W_cluster,0.0055
YIL036W,YMR172W,CST6,HOT1,1.26,0.0126,587,YIL036W_cluster,YIL036W_cluster,YIL036W_cluster,0.0126
YIL036W,YMR280C,CST6,CAT8,1.02,0.0102,587,YIL036W_cluster,YIL036W_cluster,YIL036W_cluster,0.0102
YIL036W,YNL027W,CST6,CRZ1,0.99,0.0099,587,YIL036W_cluster,YIL036W_cluster,YIL036W_cluster,0.0099
YIL036W,YNL068C,CST6,FKH2,1.14,0.0114,587,YIL036W_cluster,YIL036W_cluster,YIL036W_cluster,0.0114
YIL036W,YNL103W,CST6,MET4,0.73,0.0073,587,YIL036W_cluster,YIL036W_cluster,YIL036W_cluster,0.0073
YIL036W,YNL167C,CST6,SKO1,1.09,0.0109,587,YIL036W_cluster,YIL036W_cluster,YIL036W_cluster,0.0109
YIL036W,YNL199C,CST6,GCR2,0.54,0.0054,534,YIL036W_cluster,YIL036W_cluster,YIL036W_cluster,0.0054
YIL036W,YNL216W,CST6,RAP1,0.65,0.0065,587,YIL036W_cluster,YIL036W_cluster,YIL036W_cluster,0.0065
YIL036W,YNL314W,CST6,DAL82,0.12,0.0012,255,YIL036W_cluster,YIL036W_cluster,YIL036W_cluster,0.0012
YIL036W,YOL067C,CST6,RTG1,0.27,0.0027,177,YIL036W_cluster,YIL036W_cluster,YIL036W_cluster,0.0027
YIL036W,YOL108C,CST6,INO4,0.0,0.0,151,YIL036W_cluster,YIL036W_cluster,YIL036W_cluster,0.0
YIL036W,YOR028C,CST6,CIN5,0.0,0.0,295,YIL036W_cluster,YIL036W_cluster,YIL036W_cluster,0.0
YIL036W,YOR113W,CST6,AZF1,0.97,0.0097,587,YIL036W_cluster,YIL036W_cluster,YIL036W_cluster,0.0097
YIL036W,YOR140W,CST6,SFL1,0.98,0.0098,587,YIL036W_cluster,YIL036W_cluster,YIL036W_cluster,0.0098
YIL036W,YOR162C,CST6,YRR1,0.36,0.0036,587,YIL036W_cluster,YIL036W_cluster,YIL036W_cluster,0.0036
YIL036W,YOR337W,CST6,TEA1,0.91,0.0091,587,YIL036W_cluster,YIL036W_cluster,YIL036W_cluster,0.0091
YIL036W,YOR344C,CST6,TYE7,0.7,0.007,291,YIL036W_cluster,YIL036W_cluster,YIL036W_cluster,0.007
YIL036W,YOR358W,CST6,HAP5,0.0,0.0,242,YIL036W_cluster,YIL036W_cluster,YIL036W_cluster,0.0
YIL036W,YOR363C,CST6,PIP2,0.26,0.0026,587,YIL036W_cluster,YIL036W_cluster,YIL036W_cluster,0.0026
YIL036W,YPL038W,CST6,MET31,0.0,0.0,177,YIL036W_cluster,YIL036W_cluster,YIL036W_cluster,0.0
YIL036W,YPL075W,CST6,GCR1,0.59,0.0059,587,YIL036W_cluster,YIL036W_cluster,YIL036W_cluster,0.0059
YIL036W,YPL089C,CST6,RLM1,1.07,0.0107,587,YIL036W_cluster,YIL036W_cluster,YIL036W_cluster,0.0107
YIL036W,YPL133C,CST6,RDS2,0.2,0.002,446,YIL036W_cluster,YIL036W_cluster,YIL036W_cluster,0.002
YIL036W,YPL202C,CST6,AFT2,0.1,0.001,416,YIL036W_cluster,YIL036W_cluster,YIL036W_cluster,0.001
YIL036W,YPL230W,CST6,USV1,0.74,0.0074,391,YIL036W_cluster,YIL036W_cluster,YIL036W_cluster,0.0074
YIL036W,YPL248C,CST6,GAL4,0.69,0.0069,587,YIL036W_cluster,YIL036W_cluster,YIL036W_cluster,0.0069
YIL036W,YPR008W,CST6,HAA1,0.72,0.0072,587,YIL036W_cluster,YIL036W_cluster,YIL036W_cluster,0.0072
YIL036W,YPR065W,CST6,ROX1,0.64,0.0064,368,YIL036W_cluster,YIL036W_cluster,YIL036W_cluster,0.0064
YIL036W,YPR199C,CST6,ARR1,0.46,0.0046,294,YIL036W_cluster,YIL036W_cluster,YIL036W_cluster,0.0046
YIL101C,YIL131C,XBP1,FKH1,0.63,0.0063,484,YIL101C_cluster,YIL101C_cluster,YIL101C_cluster,0.0063
YIL101C,YIR018W,XBP1,YAP5,0.11,0.0011,245,YIL101C_cluster,YIL101C_cluster,YIL101C_cluster,0.0011
YIL101C,YIR023W,XBP1,DAL81,0.52,0.0052,647,YIL101C_cluster,YIL101C_cluster,YIL101C_cluster,0.0052
YIL101C,YJL056C,XBP1,ZAP1,0.74,0.0074,647,YIL101C_cluster,YIL101C_cluster,YIL101C_cluster,0.0074
YIL101C,YJL089W,XBP1,SIP4,0.56,0.0056,647,YIL101C_cluster,YIL101C_cluster,YIL101C_cluster,0.0056
YIL101C,YJL103C,XBP1,GSM1,0.4,0.004,618,YIL101C_cluster,YIL101C_cluster,YIL101C_cluster,0.004
YIL101C,YJL110C,XBP1,GZF3,0.77,0.0077,551,YIL101C_cluster,YIL101C_cluster,YIL101C_cluster,0.0077
YIL101C,YJR060W,XBP1,CBF1,0.41,0.0041,351,YIL101C_cluster,YIL101C_cluster,YIL101C_cluster,0.0041
YIL101C,YJR094C,XBP1,IME1,0.71,0.0071,360,YIL101C_cluster,YIL101C_cluster,YIL101C_cluster,0.0071
YIL101C,YKL015W,XBP1,PUT3,0.95,0.0095,647,YIL101C_cluster,YIL101C_cluster,YIL101C_cluster,0.0095
YIL101C,YKL032C,XBP1,IXR1,1.23,0.0123,597,YIL101C_cluster,YIL101C_cluster,YIL101C_cluster,0.0123
YIL101C,YKL038W,XBP1,RGT1,0.96,0.0096,647,YIL101C_cluster,YIL101C_cluster,YIL101C_cluster,0.0096
YIL101C,YKL062W,XBP1,MSN4,0.88,0.0088,630,YIL101C_cluster,YIL101C_cluster,YIL101C_cluster,0.0088
YIL101C,YKL109W,XBP1,HAP4,1.11,0.0111,554,YIL101C_cluster,YIL101C_cluster,YIL101C_cluster,0.0111
YIL101C,YKL112W,XBP1,ABF1,1.05,0.0105,647,YIL101C_cluster,YIL101C_cluster,YIL101C_cluster,0.0105
YIL101C,YKL185W,XBP1,ASH1,0.92,0.0092,588,YIL101C_cluster,YIL101C_cluster,YIL101C_cluster,0.0092
YIL101C,YKR034W,XBP1,DAL80,0.11,0.0011,269,YIL101C_cluster,YIL101C_cluster,YIL101C_cluster,0.0011
YIL101C,YKR099W,XBP1,BAS1,0.7,0.007,647,YIL101C_cluster,YIL101C_cluster,YIL101C_cluster,0.007
YIL101C,YLR014C,XBP1,PPR1,0.33,0.0033,647,YIL101C_cluster,YIL101C_cluster,YIL101C_cluster,0.0033
YIL101C,YLR098C,XBP1,CHA4,1.03,0.0103,647,YIL101C_cluster,YIL101C_cluster,YIL101C_cluster,0.0103
YIL101C,YLR131C,XBP1,ACE2,1.16,0.0116,647,YIL101C_cluster,YIL101C_cluster,YIL101C_cluster,0.0116
YIL101C,YLR176C,XBP1,RFX1,0.91,0.0091,647,YIL101C_cluster,YIL101C_cluster,YIL101C_cluster,0.0091
YIL101C,YLR228C,XBP1,ECM22,0.77,0.0077,647,YIL101C_cluster,YIL101C_cluster,YIL101C_cluster,0.0077
YIL101C,YLR256W,XBP1,HAP1,0.72,0.0072,647,YIL101C_cluster,YIL101C_cluster,YIL101C_cluster,0.0072
YIL101C,YLR266C,XBP1,PDR8,0.76,0.0076,647,YIL101C_cluster,YIL101C_cluster,YIL101C_cluster,0.0076
YIL101C,YLR451W,XBP1,LEU3,1.07,0.0107,647,YIL101C_cluster,YIL101C_cluster,YIL101C_cluster,0.0107
YIL101C,YML007W,XBP1,YAP1,0.88,0.0088,647,YIL101C_cluster,YIL101C_cluster,YIL101C_cluster,0.0088
YIL101C,YML076C,XBP1,WAR1,0.9,0.009,647,YIL101C_cluster,YIL101C_cluster,YIL101C_cluster,0.009
YIL101C,YML081W,XBP1,TDA9,1.19,0.0119,647,YIL101C_cluster,YIL101C_cluster,YIL101C_cluster,0.0119
YIL101C,YML099C,XBP1,ARG81,0.47,0.0047,647,YIL101C_cluster,YIL101C_cluster,YIL101C_cluster,0.0047
YIL101C,YMR019W,XBP1,STB4,0.32,0.0032,647,YIL101C_cluster,YIL101C_cluster,YIL101C_cluster,0.0032
YIL101C,YMR021C,XBP1,MAC1,0.29,0.0029,417,YIL101C_cluster,YIL101C_cluster,YIL101C_cluster,0.0029
YIL101C,YMR037C,XBP1,MSN2,1.15,0.0115,647,YIL101C_cluster,YIL101C_cluster,YIL101C_cluster,0.0115
YIL101C,YMR042W,XBP1,ARG80,0.5,0.005,177,YIL101C_cluster,YIL101C_cluster,YIL101C_cluster,0.005
YIL101C,YMR043W,XBP1,MCM1,0.11,0.0011,286,YIL101C_cluster,YIL101C_cluster,YIL101C_cluster,0.0011
YIL101C,YMR070W,XBP1,MOT3,1.33,0.0133,490,YIL101C_cluster,YIL101C_cluster,YIL101C_cluster,0.0133
YIL101C,YMR164C,XBP1,MSS11,1.07,0.0107,647,YIL101C_cluster,YIL101C_cluster,YIL101C_cluster,0.0107
YIL101C,YMR172W,XBP1,HOT1,0.68,0.0068,647,YIL101C_cluster,YIL101C_cluster,YIL101C_cluster,0.0068
YIL101C,YMR280C,XBP1,CAT8,0.69,0.0069,647,YIL101C_cluster,YIL101C_cluster,YIL101C_cluster,0.0069
YIL101C,YNL027W,XBP1,CRZ1,0.55,0.0055,647,YIL101C_cluster,YIL101C_cluster,YIL101C_cluster,0.0055
YIL101C,YNL068C,XBP1,FKH2,1.23,0.0123,647,YIL101C_cluster,YIL101C_cluster,YIL101C_cluster,0.0123
YIL101C,YNL103W,XBP1,MET4,0.63,0.0063,647,YIL101C_cluster,YIL101C_cluster,YIL101C_cluster,0.0063
YIL101C,YNL167C,XBP1,SKO1,0.96,0.0096,647,YIL101C_cluster,YIL101C_cluster,YIL101C_cluster,0.0096
YIL101C,YNL199C,XBP1,GCR2,1.22,0.0122,534,YIL101C_cluster,YIL101C_cluster,YIL101C_cluster,0.0122
YIL101C,YNL216W,XBP1,RAP1,0.56,0.0056,647,YIL101C_cluster,YIL101C_cluster,YIL101C_cluster,0.0056
YIL101C,YNL314W,XBP1,DAL82,0.8,0.008,255,YIL101C_cluster,YIL101C_cluster,YIL101C_cluster,0.008
YIL101C,YOL067C,XBP1,RTG1,0.25,0.0025,177,YIL101C_cluster,YIL101C_cluster,YIL101C_cluster,0.0025
YIL101C,YOL108C,XBP1,INO4,0.26,0.0026,151,YIL101C_cluster,YIL101C_cluster,YIL101C_cluster,0.0026
YIL101C,YOR028C,XBP1,CIN5,0.11,0.0011,295,YIL101C_cluster,YIL101C_cluster,YIL101C_cluster,0.0011
YIL101C,YOR113W,XBP1,AZF1,0.8,0.008,647,YIL101C_cluster,YIL101C_cluster,YIL101C_cluster,0.008
YIL101C,YOR140W,XBP1,SFL1,1.54,0.0154,647,YIL101C_cluster,YIL101C_cluster,YIL101C_cluster,0.0154
YIL101C,YOR162C,XBP1,YRR1,0.49,0.0049,647,YIL101C_cluster,YIL101C_cluster,YIL101C_cluster,0.0049
YIL101C,YOR337W,XBP1,TEA1,0.44,0.0044,647,YIL101C_cluster,YIL101C_cluster,YIL101C_cluster,0.0044
YIL101C,YOR344C,XBP1,TYE7,0.88,0.0088,291,YIL101C_cluster,YIL101C_cluster,YIL101C_cluster,0.0088
YIL101C,YOR358W,XBP1,HAP5,0.46,0.0046,242,YIL101C_cluster,YIL101C_cluster,YIL101C_cluster,0.0046
YIL101C,YOR363C,XBP1,PIP2,0.5,0.005,647,YIL101C_cluster,YIL101C_cluster,YIL101C_cluster,0.005
YIL101C,YPL038W,XBP1,MET31,0.0,0.0,177,YIL101C_cluster,YIL101C_cluster,YIL101C_cluster,0.0
YIL101C,YPL075W,XBP1,GCR1,0.72,0.0072,647,YIL101C_cluster,YIL101C_cluster,YIL101C_cluster,0.0072
YIL101C,YPL089C,XBP1,RLM1,0.79,0.0079,647,YIL101C_cluster,YIL101C_cluster,YIL101C_cluster,0.0079
YIL101C,YPL133C,XBP1,RDS2,0.37,0.0037,446,YIL101C_cluster,YIL101C_cluster,YIL101C_cluster,0.0037
YIL101C,YPL202C,XBP1,AFT2,0.77,0.0077,416,YIL101C_cluster,YIL101C_cluster,YIL101C_cluster,0.0077
YIL101C,YPL230W,XBP1,USV1,0.9,0.009,391,YIL101C_cluster,YIL101C_cluster,YIL101C_cluster,0.009
YIL101C,YPL248C,XBP1,GAL4,0.94,0.0094,647,YIL101C_cluster,YIL101C_cluster,YIL101C_cluster,0.0094
YIL101C,YPR008W,XBP1,HAA1,1.07,0.0107,647,YIL101C_cluster,YIL101C_cluster,YIL101C_cluster,0.0107
YIL101C,YPR065W,XBP1,ROX1,0.81,0.0081,368,YIL101C_cluster,YIL101C_cluster,YIL101C_cluster,0.0081
YIL101C,YPR199C,XBP1,ARR1,0.43,0.0043,294,YIL101C_cluster,YIL101C_cluster,YIL101C_cluster,0.0043
YIL131C,YIR018W,FKH1,YAP5,0.28,0.0028,245,YIL131C_cluster,YIL131C_cluster,YIL131C_cluster,0.0028
YIL131C,YIR023W,FKH1,DAL81,0.43,0.0043,484,YIL131C_cluster,YIL131C_cluster,YIL131C_cluster,0.0043
YIL131C,YJL056C,FKH1,ZAP1,0.45,0.0045,484,YIL131C_cluster,YIL131C_cluster,YIL131C_cluster,0.0045
YIL131C,YJL089W,FKH1,SIP4,1.03,0.0103,484,YIL131C_cluster,YIL131C_cluster,YIL131C_cluster,0.0103
YIL131C,YJL103C,FKH1,GSM1,0.18,0.0018,484,YIL131C_cluster,YIL131C_cluster,YIL131C_cluster,0.0018
YIL131C,YJL110C,FKH1,GZF3,0.59,0.0059,484,YIL131C_cluster,YIL131C_cluster,YIL131C_cluster,0.0059
YIL131C,YJR060W,FKH1,CBF1,0.74,0.0074,351,YIL131C_cluster,YIL131C_cluster,YIL131C_cluster,0.0074
YIL131C,YJR094C,FKH1,IME1,0.36,0.0036,360,YIL131C_cluster,YIL131C_cluster,YIL131C_cluster,0.0036
YIL131C,YKL015W,FKH1,PUT3,0.42,0.0042,484,YIL131C_cluster,YIL131C_cluster,YIL131C_cluster,0.0042
YIL131C,YKL032C,FKH1,IXR1,0.51,0.0051,484,YIL131C_cluster,YIL131C_cluster,YIL131C_cluster,0.0051
YIL131C,YKL038W,FKH1,RGT1,0.43,0.0043,484,YIL131C_cluster,YIL131C_cluster,YIL131C_cluster,0.0043
YIL131C,YKL062W,FKH1,MSN4,0.18,0.0018,484,YIL131C_cluster,YIL131C_cluster,YIL131C_cluster,0.0018
YIL131C,YKL109W,FKH1,HAP4,0.89,0.0089,484,YIL131C_cluster,YIL131C_cluster,YIL131C_cluster,0.0089
YIL131C,YKL112W,FKH1,ABF1,0.76,0.0076,484,YIL131C_cluster,YIL131C_cluster,YIL131C_cluster,0.0076
YIL131C,YKL185W,FKH1,ASH1,0.67,0.0067,484,YIL131C_cluster,YIL131C_cluster,YIL131C_cluster,0.0067
YIL131C,YKR034W,FKH1,DAL80,0.14,0.0014,269,YIL131C_cluster,YIL131C_cluster,YIL131C_cluster,0.0014
YIL131C,YKR099W,FKH1,BAS1,0.79,0.0079,484,YIL131C_cluster,YIL131C_cluster,YIL131C_cluster,0.0079
YIL131C,YLR014C,FKH1,PPR1,0.37,0.0037,484,YIL131C_cluster,YIL131C_cluster,YIL131C_cluster,0.0037
YIL131C,YLR098C,FKH1,CHA4,0.82,0.0082,484,YIL131C_cluster,YIL131C_cluster,YIL131C_cluster,0.0082
YIL131C,YLR131C,FKH1,ACE2,0.49,0.0049,484,YIL131C_cluster,YIL131C_cluster,YIL131C_cluster,0.0049
YIL131C,YLR176C,FKH1,RFX1,0.71,0.0071,484,YIL131C_cluster,YIL131C_cluster,YIL131C_cluster,0.0071
YIL131C,YLR228C,FKH1,ECM22,0.47,0.0047,484,YIL131C_cluster,YIL131C_cluster,YIL131C_cluster,0.0047
YIL131C,YLR256W,FKH1,HAP1,1.0,0.01,484,YIL131C_cluster,YIL131C_cluster,YIL131C_cluster,0.01
YIL131C,YLR266C,FKH1,PDR8,0.43,0.0043,484,YIL131C_cluster,YIL131C_cluster,YIL131C_cluster,0.0043
YIL131C,YLR451W,FKH1,LEU3,0.6,0.006,484,YIL131C_cluster,YIL131C_cluster,YIL131C_cluster,0.006
YIL131C,YML007W,FKH1,YAP1,0.27,0.0027,484,YIL131C_cluster,YIL131C_cluster,YIL131C_cluster,0.0027
YIL131C,YML076C,FKH1,WAR1,0.21,0.0021,484,YIL131C_cluster,YIL131C_cluster,YIL131C_cluster,0.0021
YIL131C,YML081W,FKH1,TDA9,0.47,0.0047,484,YIL131C_cluster,YIL131C_cluster,YIL131C_cluster,0.0047
YIL131C,YML099C,FKH1,ARG81,0.82,0.0082,484,YIL131C_cluster,YIL131C_cluster,YIL131C_cluster,0.0082
YIL131C,YMR019W,FKH1,STB4,0.35,0.0035,484,YIL131C_cluster,YIL131C_cluster,YIL131C_cluster,0.0035
YIL131C,YMR021C,FKH1,MAC1,0.45,0.0045,417,YIL131C_cluster,YIL131C_cluster,YIL131C_cluster,0.0045
YIL131C,YMR037C,FKH1,MSN2,0.87,0.0087,484,YIL131C_cluster,YIL131C_cluster,YIL131C_cluster,0.0087
YIL131C,YMR042W,FKH1,ARG80,0.31,0.0031,177,YIL131C_cluster,YIL131C_cluster,YIL131C_cluster,0.0031
YIL131C,YMR043W,FKH1,MCM1,0.42,0.0042,286,YIL131C_cluster,YIL131C_cluster,YIL131C_cluster,0.0042
YIL131C,YMR070W,FKH1,MOT3,0.67,0.0067,484,YIL131C_cluster,YIL131C_cluster,YIL131C_cluster,0.0067
YIL131C,YMR164C,FKH1,MSS11,0.61,0.0061,484,YIL131C_cluster,YIL131C_cluster,YIL131C_cluster,0.0061
YIL131C,YMR172W,FKH1,HOT1,0.6,0.006,484,YIL131C_cluster,YIL131C_cluster,YIL131C_cluster,0.006
YIL131C,YMR280C,FKH1,CAT8,0.75,0.0075,484,YIL131C_cluster,YIL131C_cluster,YIL131C_cluster,0.0075
YIL131C,YNL027W,FKH1,CRZ1,0.18,0.0018,484,YIL131C_cluster,YIL131C_cluster,YIL131C_cluster,0.0018
YIL131C,YNL068C,FKH1,FKH2,5.7,0.057,484,YIL131C_cluster,YIL131C_cluster,YIL131C_cluster,0.057
YIL131C,YNL103W,FKH1,MET4,0.81,0.0081,484,YIL131C_cluster,YIL131C_cluster,YIL131C_cluster,0.0081
YIL131C,YNL167C,FKH1,SKO1,0.55,0.0055,484,YIL131C_cluster,YIL131C_cluster,YIL131C_cluster,0.0055
YIL131C,YNL199C,FKH1,GCR2,0.5,0.005,484,YIL131C_cluster,YIL131C_cluster,YIL131C_cluster,0.005
YIL131C,YNL216W,FKH1,RAP1,0.79,0.0079,484,YIL131C_cluster,YIL131C_cluster,YIL131C_cluster,0.0079
YIL131C,YNL314W,FKH1,DAL82,0.69,0.0069,255,YIL131C_cluster,YIL131C_cluster,YIL131C_cluster,0.0069
YIL131C,YOL067C,FKH1,RTG1,0.0,0.0,177,YIL131C_cluster,YIL131C_cluster,YIL131C_cluster,0.0
YIL131C,YOL108C,FKH1,INO4,0.65,0.0065,151,YIL131C_cluster,YIL131C_cluster,YIL131C_cluster,0.0065
YIL131C,YOR028C,FKH1,CIN5,0.13,0.0013,295,YIL131C_cluster,YIL131C_cluster,YIL131C_cluster,0.0013
YIL131C,YOR113W,FKH1,AZF1,0.82,0.0082,484,YIL131C_cluster,YIL131C_cluster,YIL131C_cluster,0.0082
YIL131C,YOR140W,FKH1,SFL1,0.57,0.0057,484,YIL131C_cluster,YIL131C_cluster,YIL131C_cluster,0.0057
YIL131C,YOR162C,FKH1,YRR1,0.55,0.0055,484,YIL131C_cluster,YIL131C_cluster,YIL131C_cluster,0.0055
YIL131C,YOR337W,FKH1,TEA1,0.08,0.0008,484,YIL131C_cluster,YIL131C_cluster,YIL131C_cluster,0.0008
YIL131C,YOR344C,FKH1,TYE7,0.8,0.008,291,YIL131C_cluster,YIL131C_cluster,YIL131C_cluster,0.008
YIL131C,YOR358W,FKH1,HAP5,0.14,0.0014,242,YIL131C_cluster,YIL131C_cluster,YIL131C_cluster,0.0014
YIL131C,YOR363C,FKH1,PIP2,0.34,0.0034,484,YIL131C_cluster,YIL131C_cluster,YIL131C_cluster,0.0034
YIL131C,YPL038W,FKH1,MET31,0.31,0.0031,177,YIL131C_cluster,YIL131C_cluster,YIL131C_cluster,0.0031
YIL131C,YPL075W,FKH1,GCR1,0.65,0.0065,484,YIL131C_cluster,YIL131C_cluster,YIL131C_cluster,0.0065
YIL131C,YPL089C,FKH1,RLM1,0.54,0.0054,484,YIL131C_cluster,YIL131C_cluster,YIL131C_cluster,0.0054
YIL131C,YPL133C,FKH1,RDS2,0.66,0.0066,446,YIL131C_cluster,YIL131C_cluster,YIL131C_cluster,0.0066
YIL131C,YPL202C,FKH1,AFT2,0.34,0.0034,416,YIL131C_cluster,YIL131C_cluster,YIL131C_cluster,0.0034
YIL131C,YPL230W,FKH1,USV1,0.36,0.0036,391,YIL131C_cluster,YIL131C_cluster,YIL131C_cluster,0.0036
YIL131C,YPL248C,FKH1,GAL4,0.67,0.0067,484,YIL131C_cluster,YIL131C_cluster,YIL131C_cluster,0.0067
YIL131C,YPR008W,FKH1,HAA1,0.96,0.0096,484,YIL131C_cluster,YIL131C_cluster,YIL131C_cluster,0.0096
YIL131C,YPR065W,FKH1,ROX1,0.85,0.0085,368,YIL131C_cluster,YIL131C_cluster,YIL131C_cluster,0.0085
YIL131C,YPR199C,FKH1,ARR1,0.13,0.0013,294,YIL131C_cluster,YIL131C_cluster,YIL131C_cluster,0.0013
YIR018W,YIR023W,YAP5,DAL81,0.52,0.0052,245,YIR018W_cluster,YIR018W_cluster,YIR018W_cluster,0.0052
YIR018W,YJL056C,YAP5,ZAP1,0.09,0.0009,245,YIR018W_cluster,YIR018W_cluster,YIR018W_cluster,0.0009
YIR018W,YJL089W,YAP5,SIP4,0.58,0.0058,245,YIR018W_cluster,YIR018W_cluster,YIR018W_cluster,0.0058
YIR018W,YJL103C,YAP5,GSM1,0.59,0.0059,245,YIR018W_cluster,YIR018W_cluster,YIR018W_cluster,0.0059
YIR018W,YJL110C,YAP5,GZF3,0.0,0.0,245,YIR018W_cluster,YIR018W_cluster,YIR018W_cluster,0.0
YIR018W,YJR060W,YAP5,CBF1,0.51,0.0051,245,YIR018W_cluster,YIR018W_cluster,YIR018W_cluster,0.0051
YIR018W,YJR094C,YAP5,IME1,0.34,0.0034,245,YIR018W_cluster,YIR018W_cluster,YIR018W_cluster,0.0034
YIR018W,YKL015W,YAP5,PUT3,0.42,0.0042,245,YIR018W_cluster,YIR018W_cluster,YIR018W_cluster,0.0042
YIR018W,YKL032C,YAP5,IXR1,0.0,0.0,245,YIR018W_cluster,YIR018W_cluster,YIR018W_cluster,0.0
YIR018W,YKL038W,YAP5,RGT1,0.29,0.0029,245,YIR018W_cluster,YIR018W_cluster,YIR018W_cluster,0.0029
YIR018W,YKL062W,YAP5,MSN4,0.58,0.0058,245,YIR018W_cluster,YIR018W_cluster,YIR018W_cluster,0.0058
YIR018W,YKL109W,YAP5,HAP4,0.51,0.0051,245,YIR018W_cluster,YIR018W_cluster,YIR018W_cluster,0.0051
YIR018W,YKL112W,YAP5,ABF1,0.11,0.0011,245,YIR018W_cluster,YIR018W_cluster,YIR018W_cluster,0.0011
YIR018W,YKL185W,YAP5,ASH1,0.49,0.0049,245,YIR018W_cluster,YIR018W_cluster,YIR018W_cluster,0.0049
YIR018W,YKR034W,YAP5,DAL80,0.2,0.002,245,YIR018W_cluster,YIR018W_cluster,YIR018W_cluster,0.002
YIR018W,YKR099W,YAP5,BAS1,0.1,0.001,245,YIR018W_cluster,YIR018W_cluster,YIR018W_cluster,0.001
YIR018W,YLR014C,YAP5,PPR1,0.09,0.0009,245,YIR018W_cluster,YIR018W_cluster,YIR018W_cluster,0.0009
YIR018W,YLR098C,YAP5,CHA4,0.23,0.0023,245,YIR018W_cluster,YIR018W_cluster,YIR018W_cluster,0.0023
YIR018W,YLR131C,YAP5,ACE2,0.1,0.001,245,YIR018W_cluster,YIR018W_cluster,YIR018W_cluster,0.001
YIR018W,YLR176C,YAP5,RFX1,0.19,0.0019,245,YIR018W_cluster,YIR018W_cluster,YIR018W_cluster,0.0019
YIR018W,YLR228C,YAP5,ECM22,0.29,0.0029,245,YIR018W_cluster,YIR018W_cluster,YIR018W_cluster,0.0029
YIR018W,YLR256W,YAP5,HAP1,0.18,0.0018,245,YIR018W_cluster,YIR018W_cluster,YIR018W_cluster,0.0018
YIR018W,YLR266C,YAP5,PDR8,0.21,0.0021,245,YIR018W_cluster,YIR018W_cluster,YIR018W_cluster,0.0021
YIR018W,YLR451W,YAP5,LEU3,0.0,0.0,245,YIR018W_cluster,YIR018W_cluster,YIR018W_cluster,0.0
YIR018W,YML007W,YAP5,YAP1,0.69,0.0069,245,YIR018W_cluster,YIR018W_cluster,YIR018W_cluster,0.0069
YIR018W,YML076C,YAP5,WAR1,0.51,0.0051,245,YIR018W_cluster,YIR018W_cluster,YIR018W_cluster,0.0051
YIR018W,YML081W,YAP5,TDA9,0.68,0.0068,245,YIR018W_cluster,YIR018W_cluster,YIR018W_cluster,0.0068
YIR018W,YML099C,YAP5,ARG81,0.36,0.0036,245,YIR018W_cluster,YIR018W_cluster,YIR018W_cluster,0.0036
YIR018W,YMR019W,YAP5,STB4,0.25,0.0025,245,YIR018W_cluster,YIR018W_cluster,YIR018W_cluster,0.0025
YIR018W,YMR021C,YAP5,MAC1,0.31,0.0031,245,YIR018W_cluster,YIR018W_cluster,YIR018W_cluster,0.0031
YIR018W,YMR037C,YAP5,MSN2,0.33,0.0033,245,YIR018W_cluster,YIR018W_cluster,YIR018W_cluster,0.0033
YIR018W,YMR042W,YAP5,ARG80,0.0,0.0,177,YIR018W_cluster,YIR018W_cluster,YIR018W_cluster,0.0
YIR018W,YMR043W,YAP5,MCM1,0.21,0.0021,245,YIR018W_cluster,YIR018W_cluster,YIR018W_cluster,0.0021
YIR018W,YMR070W,YAP5,MOT3,0.15,0.0015,245,YIR018W_cluster,YIR018W_cluster,YIR018W_cluster,0.0015
YIR018W,YMR164C,YAP5,MSS11,0.22,0.0022,245,YIR018W_cluster,YIR018W_cluster,YIR018W_cluster,0.0022
YIR018W,YMR172W,YAP5,HOT1,0.21,0.0021,245,YIR018W_cluster,YIR018W_cluster,YIR018W_cluster,0.0021
YIR018W,YMR280C,YAP5,CAT8,0.12,0.0012,245,YIR018W_cluster,YIR018W_cluster,YIR018W_cluster,0.0012
YIR018W,YNL027W,YAP5,CRZ1,0.11,0.0011,245,YIR018W_cluster,YIR018W_cluster,YIR018W_cluster,0.0011
YIR018W,YNL068C,YAP5,FKH2,0.09,0.0009,245,YIR018W_cluster,YIR018W_cluster,YIR018W_cluster,0.0009
YIR018W,YNL103W,YAP5,MET4,0.34,0.0034,245,YIR018W_cluster,YIR018W_cluster,YIR018W_cluster,0.0034
YIR018W,YNL167C,YAP5,SKO1,0.0,0.0,245,YIR018W_cluster,YIR018W_cluster,YIR018W_cluster,0.0
YIR018W,YNL199C,YAP5,GCR2,0.39,0.0039,245,YIR018W_cluster,YIR018W_cluster,YIR018W_cluster,0.0039
YIR018W,YNL216W,YAP5,RAP1,0.19,0.0019,245,YIR018W_cluster,YIR018W_cluster,YIR018W_cluster,0.0019
YIR018W,YNL314W,YAP5,DAL82,0.41,0.0041,245,YIR018W_cluster,YIR018W_cluster,YIR018W_cluster,0.0041
YIR018W,YOL067C,YAP5,RTG1,0.0,0.0,177,YIR018W_cluster,YIR018W_cluster,YIR018W_cluster,0.0
YIR018W,YOL108C,YAP5,INO4,0.0,0.0,151,YIR018W_cluster,YIR018W_cluster,YIR018W_cluster,0.0
YIR018W,YOR028C,YAP5,CIN5,0.38,0.0038,245,YIR018W_cluster,YIR018W_cluster,YIR018W_cluster,0.0038
YIR018W,YOR113W,YAP5,AZF1,0.18,0.0018,245,YIR018W_cluster,YIR018W_cluster,YIR018W_cluster,0.0018
YIR018W,YOR140W,YAP5,SFL1,0.1,0.001,245,YIR018W_cluster,YIR018W_cluster,YIR018W_cluster,0.001
YIR018W,YOR162C,YAP5,YRR1,0.38,0.0038,245,YIR018W_cluster,YIR018W_cluster,YIR018W_cluster,0.0038
YIR018W,YOR337W,YAP5,TEA1,0.3,0.003,245,YIR018W_cluster,YIR018W_cluster,YIR018W_cluster,0.003
YIR018W,YOR344C,YAP5,TYE7,0.57,0.0057,245,YIR018W_cluster,YIR018W_cluster,YIR018W_cluster,0.0057
YIR018W,YOR358W,YAP5,HAP5,0.21,0.0021,242,YIR018W_cluster,YIR018W_cluster,YIR018W_cluster,0.0021
YIR018W,YOR363C,YAP5,PIP2,0.08,0.0008,245,YIR018W_cluster,YIR018W_cluster,YIR018W_cluster,0.0008
YIR018W,YPL038W,YAP5,MET31,0.48,0.0048,177,YIR018W_cluster,YIR018W_cluster,YIR018W_cluster,0.0048
YIR018W,YPL075W,YAP5,GCR1,0.6,0.006,245,YIR018W_cluster,YIR018W_cluster,YIR018W_cluster,0.006
YIR018W,YPL089C,YAP5,RLM1,0.0,0.0,245,YIR018W_cluster,YIR018W_cluster,YIR018W_cluster,0.0
YIR018W,YPL133C,YAP5,RDS2,0.15,0.0015,245,YIR018W_cluster,YIR018W_cluster,YIR018W_cluster,0.0015
YIR018W,YPL202C,YAP5,AFT2,0.31,0.0031,245,YIR018W_cluster,YIR018W_cluster,YIR018W_cluster,0.0031
YIR018W,YPL230W,YAP5,USV1,0.16,0.0016,245,YIR018W_cluster,YIR018W_cluster,YIR018W_cluster,0.0016
YIR018W,YPL248C,YAP5,GAL4,0.54,0.0054,245,YIR018W_cluster,YIR018W_cluster,YIR018W_cluster,0.0054
YIR018W,YPR008W,YAP5,HAA1,0.22,0.0022,245,YIR018W_cluster,YIR018W_cluster,YIR018W_cluster,0.0022
YIR018W,YPR065W,YAP5,ROX1,0.0,0.0,245,YIR018W_cluster,YIR018W_cluster,YIR018W_cluster,0.0
YIR018W,YPR199C,YAP5,ARR1,0.19,0.0019,245,YIR018W_cluster,YIR018W_cluster,YIR018W_cluster,0.0019
YIR023W,YJL056C,DAL81,ZAP1,0.96,0.0096,880,YIR023W_cluster,YIR023W_cluster,YIR023W_cluster,0.0096
YIR023W,YJL089W,DAL81,SIP4,1.17,0.0117,829,YIR023W_cluster,YIR023W_cluster,YIR023W_cluster,0.0117
YIR023W,YJL103C,DAL81,GSM1,0.46,0.0046,618,YIR023W_cluster,YIR023W_cluster,YIR023W_cluster,0.0046
YIR023W,YJL110C,DAL81,GZF3,0.83,0.0083,551,YIR023W_cluster,YIR023W_cluster,YIR023W_cluster,0.0083
YIR023W,YJR060W,DAL81,CBF1,0.24,0.0024,351,YIR023W_cluster,YIR023W_cluster,YIR023W_cluster,0.0024
YIR023W,YJR094C,DAL81,IME1,0.71,0.0071,360,YIR023W_cluster,YIR023W_cluster,YIR023W_cluster,0.0071
YIR023W,YKL015W,DAL81,PUT3,0.69,0.0069,970,YIR023W_cluster,YIR023W_cluster,YIR023W_cluster,0.0069
YIR023W,YKL032C,DAL81,IXR1,1.41,0.0141,597,YIR023W_cluster,YIR023W_cluster,YIR023W_cluster,0.0141
YIR023W,YKL038W,DAL81,RGT1,1.32,0.0132,970,YIR023W_cluster,YIR023W_cluster,YIR023W_cluster,0.0132
YIR023W,YKL062W,DAL81,MSN4,1.18,0.0118,630,YIR023W_cluster,YIR023W_cluster,YIR023W_cluster,0.0118
YIR023W,YKL109W,DAL81,HAP4,1.1,0.011,554,YIR023W_cluster,YIR023W_cluster,YIR023W_cluster,0.011
YIR023W,YKL112W,DAL81,ABF1,1.68,0.0168,731,YIR023W_cluster,YIR023W_cluster,YIR023W_cluster,0.0168
YIR023W,YKL185W,DAL81,ASH1,0.81,0.0081,588,YIR023W_cluster,YIR023W_cluster,YIR023W_cluster,0.0081
YIR023W,YKR034W,DAL81,DAL80,0.25,0.0025,269,YIR023W_cluster,YIR023W_cluster,YIR023W_cluster,0.0025
YIR023W,YKR099W,DAL81,BAS1,0.76,0.0076,811,YIR023W_cluster,YIR023W_cluster,YIR023W_cluster,0.0076
YIR023W,YLR014C,DAL81,PPR1,0.72,0.0072,904,YIR023W_cluster,YIR023W_cluster,YIR023W_cluster,0.0072
YIR023W,YLR098C,DAL81,CHA4,0.84,0.0084,648,YIR023W_cluster,YIR023W_cluster,YIR023W_cluster,0.0084
YIR023W,YLR131C,DAL81,ACE2,1.26,0.0126,770,YIR023W_cluster,YIR023W_cluster,YIR023W_cluster,0.0126
YIR023W,YLR176C,DAL81,RFX1,1.53,0.0153,811,YIR023W_cluster,YIR023W_cluster,YIR023W_cluster,0.0153
YIR023W,YLR228C,DAL81,ECM22,1.24,0.0124,814,YIR023W_cluster,YIR023W_cluster,YIR023W_cluster,0.0124
YIR023W,YLR256W,DAL81,HAP1,1.58,0.0158,970,YIR023W_cluster,YIR023W_cluster,YIR023W_cluster,0.0158
YIR023W,YLR266C,DAL81,PDR8,0.69,0.0069,701,YIR023W_cluster,YIR023W_cluster,YIR023W_cluster,0.0069
YIR023W,YLR451W,DAL81,LEU3,0.73,0.0073,886,YIR023W_cluster,YIR023W_cluster,YIR023W_cluster,0.0073
YIR023W,YML007W,DAL81,YAP1,0.98,0.0098,650,YIR023W_cluster,YIR023W_cluster,YIR023W_cluster,0.0098
YIR023W,YML076C,DAL81,WAR1,0.92,0.0092,944,YIR023W_cluster,YIR023W_cluster,YIR023W_cluster,0.0092
YIR023W,YML081W,DAL81,TDA9,0.84,0.0084,970,YIR023W_cluster,YIR023W_cluster,YIR023W_cluster,0.0084
YIR023W,YML099C,DAL81,ARG81,0.56,0.0056,880,YIR023W_cluster,YIR023W_cluster,YIR023W_cluster,0.0056
YIR023W,YMR019W,DAL81,STB4,0.7,0.007,949,YIR023W_cluster,YIR023W_cluster,YIR023W_cluster,0.007
YIR023W,YMR021C,DAL81,MAC1,0.15,0.0015,417,YIR023W_cluster,YIR023W_cluster,YIR023W_cluster,0.0015
YIR023W,YMR037C,DAL81,MSN2,1.45,0.0145,704,YIR023W_cluster,YIR023W_cluster,YIR023W_cluster,0.0145
YIR023W,YMR042W,DAL81,ARG80,0.27,0.0027,177,YIR023W_cluster,YIR023W_cluster,YIR023W_cluster,0.0027
YIR023W,YMR043W,DAL81,MCM1,0.43,0.0043,286,YIR023W_cluster,YIR023W_cluster,YIR023W_cluster,0.0043
YIR023W,YMR070W,DAL81,MOT3,1.73,0.0173,490,YIR023W_cluster,YIR023W_cluster,YIR023W_cluster,0.0173
YIR023W,YMR164C,DAL81,MSS11,1.51,0.0151,758,YIR023W_cluster,YIR023W_cluster,YIR023W_cluster,0.0151
YIR023W,YMR172W,DAL81,HOT1,1.19,0.0119,719,YIR023W_cluster,YIR023W_cluster,YIR023W_cluster,0.0119
YIR023W,YMR280C,DAL81,CAT8,1.53,0.0153,970,YIR023W_cluster,YIR023W_cluster,YIR023W_cluster,0.0153
YIR023W,YNL027W,DAL81,CRZ1,1.29,0.0129,678,YIR023W_cluster,YIR023W_cluster,YIR023W_cluster,0.0129
YIR023W,YNL068C,DAL81,FKH2,1.85,0.0185,862,YIR023W_cluster,YIR023W_cluster,YIR023W_cluster,0.0185
YIR023W,YNL103W,DAL81,MET4,0.77,0.0077,672,YIR023W_cluster,YIR023W_cluster,YIR023W_cluster,0.0077
YIR023W,YNL167C,DAL81,SKO1,0.91,0.0091,647,YIR023W_cluster,YIR023W_cluster,YIR023W_cluster,0.0091
YIR023W,YNL199C,DAL81,GCR2,0.35,0.0035,534,YIR023W_cluster,YIR023W_cluster,YIR023W_cluster,0.0035
YIR023W,YNL216W,DAL81,RAP1,0.76,0.0076,827,YIR023W_cluster,YIR023W_cluster,YIR023W_cluster,0.0076
YIR023W,YNL314W,DAL81,DAL82,0.09,0.0009,255,YIR023W_cluster,YIR023W_cluster,YIR023W_cluster,0.0009
YIR023W,YOL067C,DAL81,RTG1,0.27,0.0027,177,YIR023W_cluster,YIR023W_cluster,YIR023W_cluster,0.0027
YIR023W,YOL108C,DAL81,INO4,0.19,0.0019,151,YIR023W_cluster,YIR023W_cluster,YIR023W_cluster,0.0019
YIR023W,YOR028C,DAL81,CIN5,0.5,0.005,295,YIR023W_cluster,YIR023W_cluster,YIR023W_cluster,0.005
YIR023W,YOR113W,DAL81,AZF1,1.69,0.0169,914,YIR023W_cluster,YIR023W_cluster,YIR023W_cluster,0.0169
YIR023W,YOR140W,DAL81,SFL1,0.78,0.0078,766,YIR023W_cluster,YIR023W_cluster,YIR023W_cluster,0.0078
YIR023W,YOR162C,DAL81,YRR1,0.99,0.0099,810,YIR023W_cluster,YIR023W_cluster,YIR023W_cluster,0.0099
YIR023W,YOR337W,DAL81,TEA1,0.97,0.0097,759,YIR023W_cluster,YIR023W_cluster,YIR023W_cluster,0.0097
YIR023W,YOR344C,DAL81,TYE7,0.33,0.0033,291,YIR023W_cluster,YIR023W_cluster,YIR023W_cluster,0.0033
YIR023W,YOR358W,DAL81,HAP5,0.26,0.0026,242,YIR023W_cluster,YIR023W_cluster,YIR023W_cluster,0.0026
YIR023W,YOR363C,DAL81,PIP2,1.11,0.0111,970,YIR023W_cluster,YIR023W_cluster,YIR023W_cluster,0.0111
YIR023W,YPL038W,DAL81,MET31,0.27,0.0027,177,YIR023W_cluster,YIR023W_cluster,YIR023W_cluster,0.0027
YIR023W,YPL075W,DAL81,GCR1,1.01,0.0101,785,YIR023W_cluster,YIR023W_cluster,YIR023W_cluster,0.0101
YIR023W,YPL089C,DAL81,RLM1,1.69,0.0169,676,YIR023W_cluster,YIR023W_cluster,YIR023W_cluster,0.0169
YIR023W,YPL133C,DAL81,RDS2,0.59,0.0059,446,YIR023W_cluster,YIR023W_cluster,YIR023W_cluster,0.0059
YIR023W,YPL202C,DAL81,AFT2,0.38,0.0038,416,YIR023W_cluster,YIR023W_cluster,YIR023W_cluster,0.0038
YIR023W,YPL230W,DAL81,USV1,0.94,0.0094,391,YIR023W_cluster,YIR023W_cluster,YIR023W_cluster,0.0094
YIR023W,YPL248C,DAL81,GAL4,0.84,0.0084,881,YIR023W_cluster,YIR023W_cluster,YIR023W_cluster,0.0084
YIR023W,YPR008W,DAL81,HAA1,1.13,0.0113,694,YIR023W_cluster,YIR023W_cluster,YIR023W_cluster,0.0113
YIR023W,YPR065W,DAL81,ROX1,1.43,0.0143,368,YIR023W_cluster,YIR023W_cluster,YIR023W_cluster,0.0143
YIR023W,YPR199C,DAL81,ARR1,0.33,0.0033,294,YIR023W_cluster,YIR023W_cluster,YIR023W_cluster,0.0033
YJL056C,YJL089W,ZAP1,SIP4,0.85,0.0085,829,YJL056C_cluster,YJL056C_cluster,YJL056C_cluster,0.0085
YJL056C,YJL103C,ZAP1,GSM1,0.27,0.0027,618,YJL056C_cluster,YJL056C_cluster,YJL056C_cluster,0.0027
YJL056C,YJL110C,ZAP1,GZF3,0.5,0.005,551,YJL056C_cluster,YJL056C_cluster,YJL056C_cluster,0.005
YJL056C,YJR060W,ZAP1,CBF1,0.67,0.0067,351,YJL056C_cluster,YJL056C_cluster,YJL056C_cluster,0.0067
YJL056C,YJR094C,ZAP1,IME1,0.74,0.0074,360,YJL056C_cluster,YJL056C_cluster,YJL056C_cluster,0.0074
YJL056C,YKL015W,ZAP1,PUT3,0.94,0.0094,880,YJL056C_cluster,YJL056C_cluster,YJL056C_cluster,0.0094
YJL056C,YKL032C,ZAP1,IXR1,0.8,0.008,597,YJL056C_cluster,YJL056C_cluster,YJL056C_cluster,0.008
YJL056C,YKL038W,ZAP1,RGT1,1.0,0.01,880,YJL056C_cluster,YJL056C_cluster,YJL056C_cluster,0.01
YJL056C,YKL062W,ZAP1,MSN4,0.88,0.0088,630,YJL056C_cluster,YJL056C_cluster,YJL056C_cluster,0.0088
YJL056C,YKL109W,ZAP1,HAP4,1.08,0.0108,554,YJL056C_cluster,YJL056C_cluster,YJL056C_cluster,0.0108
YJL056C,YKL112W,ZAP1,ABF1,0.77,0.0077,731,YJL056C_cluster,YJL056C_cluster,YJL056C_cluster,0.0077
YJL056C,YKL185W,ZAP1,ASH1,0.91,0.0091,588,YJL056C_cluster,YJL056C_cluster,YJL056C_cluster,0.0091
YJL056C,YKR034W,ZAP1,DAL80,0.18,0.0018,269,YJL056C_cluster,YJL056C_cluster,YJL056C_cluster,0.0018
YJL056C,YKR099W,ZAP1,BAS1,0.79,0.0079,811,YJL056C_cluster,YJL056C_cluster,YJL056C_cluster,0.0079
YJL056C,YLR014C,ZAP1,PPR1,0.63,0.0063,880,YJL056C_cluster,YJL056C_cluster,YJL056C_cluster,0.0063
YJL056C,YLR098C,ZAP1,CHA4,0.33,0.0033,648,YJL056C_cluster,YJL056C_cluster,YJL056C_cluster,0.0033
YJL056C,YLR131C,ZAP1,ACE2,0.93,0.0093,770,YJL056C_cluster,YJL056C_cluster,YJL056C_cluster,0.0093
YJL056C,YLR176C,ZAP1,RFX1,1.09,0.0109,811,YJL056C_cluster,YJL056C_cluster,YJL056C_cluster,0.0109
YJL056C,YLR228C,ZAP1,ECM22,0.73,0.0073,814,YJL056C_cluster,YJL056C_cluster,YJL056C_cluster,0.0073
YJL056C,YLR256W,ZAP1,HAP1,1.31,0.0131,880,YJL056C_cluster,YJL056C_cluster,YJL056C_cluster,0.0131
YJL056C,YLR266C,ZAP1,PDR8,0.06,0.0006,701,YJL056C_cluster,YJL056C_cluster,YJL056C_cluster,0.0006
YJL056C,YLR451W,ZAP1,LEU3,0.23,0.0023,880,YJL056C_cluster,YJL056C_cluster,YJL056C_cluster,0.0023
YJL056C,YML007W,ZAP1,YAP1,0.4,0.004,650,YJL056C_cluster,YJL056C_cluster,YJL056C_cluster,0.004
YJL056C,YML076C,ZAP1,WAR1,0.28,0.0028,880,YJL056C_cluster,YJL056C_cluster,YJL056C_cluster,0.0028
YJL056C,YML081W,ZAP1,TDA9,0.82,0.0082,880,YJL056C_cluster,YJL056C_cluster,YJL056C_cluster,0.0082
YJL056C,YML099C,ZAP1,ARG81,0.87,0.0087,880,YJL056C_cluster,YJL056C_cluster,YJL056C_cluster,0.0087
YJL056C,YMR019W,ZAP1,STB4,0.5,0.005,880,YJL056C_cluster,YJL056C_cluster,YJL056C_cluster,0.005
YJL056C,YMR021C,ZAP1,MAC1,0.31,0.0031,417,YJL056C_cluster,YJL056C_cluster,YJL056C_cluster,0.0031
YJL056C,YMR037C,ZAP1,MSN2,0.85,0.0085,704,YJL056C_cluster,YJL056C_cluster,YJL056C_cluster,0.0085
YJL056C,YMR042W,ZAP1,ARG80,0.19,0.0019,177,YJL056C_cluster,YJL056C_cluster,YJL056C_cluster,0.0019
YJL056C,YMR043W,ZAP1,MCM1,0.0,0.0,286,YJL056C_cluster,YJL056C_cluster,YJL056C_cluster,0.0
YJL056C,YMR070W,ZAP1,MOT3,0.94,0.0094,490,YJL056C_cluster,YJL056C_cluster,YJL056C_cluster,0.0094
YJL056C,YMR164C,ZAP1,MSS11,0.98,0.0098,758,YJL056C_cluster,YJL056C_cluster,YJL056C_cluster,0.0098
YJL056C,YMR172W,ZAP1,HOT1,0.84,0.0084,719,YJL056C_cluster,YJL056C_cluster,YJL056C_cluster,0.0084
YJL056C,YMR280C,ZAP1,CAT8,0.89,0.0089,880,YJL056C_cluster,YJL056C_cluster,YJL056C_cluster,0.0089
YJL056C,YNL027W,ZAP1,CRZ1,0.87,0.0087,678,YJL056C_cluster,YJL056C_cluster,YJL056C_cluster,0.0087
YJL056C,YNL068C,ZAP1,FKH2,0.77,0.0077,862,YJL056C_cluster,YJL056C_cluster,YJL056C_cluster,0.0077
YJL056C,YNL103W,ZAP1,MET4,1.0,0.01,672,YJL056C_cluster,YJL056C_cluster,YJL056C_cluster,0.01
YJL056C,YNL167C,ZAP1,SKO1,0.95,0.0095,647,YJL056C_cluster,YJL056C_cluster,YJL056C_cluster,0.0095
YJL056C,YNL199C,ZAP1,GCR2,0.58,0.0058,534,YJL056C_cluster,YJL056C_cluster,YJL056C_cluster,0.0058
YJL056C,YNL216W,ZAP1,RAP1,0.72,0.0072,827,YJL056C_cluster,YJL056C_cluster,YJL056C_cluster,0.0072
YJL056C,YNL314W,ZAP1,DAL82,0.45,0.0045,255,YJL056C_cluster,YJL056C_cluster,YJL056C_cluster,0.0045
YJL056C,YOL067C,ZAP1,RTG1,0.0,0.0,177,YJL056C_cluster,YJL056C_cluster,YJL056C_cluster,0.0
YJL056C,YOL108C,ZAP1,INO4,0.1,0.001,151,YJL056C_cluster,YJL056C_cluster,YJL056C_cluster,0.001
YJL056C,YOR028C,ZAP1,CIN5,0.35,0.0035,295,YJL056C_cluster,YJL056C_cluster,YJL056C_cluster,0.0035
YJL056C,YOR113W,ZAP1,AZF1,1.28,0.0128,880,YJL056C_cluster,YJL056C_cluster,YJL056C_cluster,0.0128
YJL056C,YOR140W,ZAP1,SFL1,1.12,0.0112,766,YJL056C_cluster,YJL056C_cluster,YJL056C_cluster,0.0112
YJL056C,YOR162C,ZAP1,YRR1,0.3,0.003,810,YJL056C_cluster,YJL056C_cluster,YJL056C_cluster,0.003
YJL056C,YOR337W,ZAP1,TEA1,0.37,0.0037,759,YJL056C_cluster,YJL056C_cluster,YJL056C_cluster,0.0037
YJL056C,YOR344C,ZAP1,TYE7,0.79,0.0079,291,YJL056C_cluster,YJL056C_cluster,YJL056C_cluster,0.0079
YJL056C,YOR358W,ZAP1,HAP5,0.09,0.0009,242,YJL056C_cluster,YJL056C_cluster,YJL056C_cluster,0.0009
YJL056C,YOR363C,ZAP1,PIP2,0.38,0.0038,880,YJL056C_cluster,YJL056C_cluster,YJL056C_cluster,0.0038
YJL056C,YPL038W,ZAP1,MET31,0.29,0.0029,177,YJL056C_cluster,YJL056C_cluster,YJL056C_cluster,0.0029
YJL056C,YPL075W,ZAP1,GCR1,0.68,0.0068,785,YJL056C_cluster,YJL056C_cluster,YJL056C_cluster,0.0068
YJL056C,YPL089C,ZAP1,RLM1,1.62,0.0162,676,YJL056C_cluster,YJL056C_cluster,YJL056C_cluster,0.0162
YJL056C,YPL133C,ZAP1,RDS2,0.23,0.0023,446,YJL056C_cluster,YJL056C_cluster,YJL056C_cluster,0.0023
YJL056C,YPL202C,ZAP1,AFT2,0.16,0.0016,416,YJL056C_cluster,YJL056C_cluster,YJL056C_cluster,0.0016
YJL056C,YPL230W,ZAP1,USV1,0.81,0.0081,391,YJL056C_cluster,YJL056C_cluster,YJL056C_cluster,0.0081
YJL056C,YPL248C,ZAP1,GAL4,0.81,0.0081,880,YJL056C_cluster,YJL056C_cluster,YJL056C_cluster,0.0081
YJL056C,YPR008W,ZAP1,HAA1,0.65,0.0065,694,YJL056C_cluster,YJL056C_cluster,YJL056C_cluster,0.0065
YJL056C,YPR065W,ZAP1,ROX1,0.66,0.0066,368,YJL056C_cluster,YJL056C_cluster,YJL056C_cluster,0.0066
YJL056C,YPR199C,ZAP1,ARR1,0.26,0.0026,294,YJL056C_cluster,YJL056C_cluster,YJL056C_cluster,0.0026
YJL089W,YJL103C,SIP4,GSM1,0.93,0.0093,618,YJL089W_cluster,YJL089W_cluster,YJL089W_cluster,0.0093
YJL089W,YJL110C,SIP4,GZF3,0.45,0.0045,551,YJL089W_cluster,YJL089W_cluster,YJL089W_cluster,0.0045
YJL089W,YJR060W,SIP4,CBF1,0.44,0.0044,351,YJL089W_cluster,YJL089W_cluster,YJL089W_cluster,0.0044
YJL089W,YJR094C,SIP4,IME1,0.7,0.007,360,YJL089W_cluster,YJL089W_cluster,YJL089W_cluster,0.007
YJL089W,YKL015W,SIP4,PUT3,0.91,0.0091,829,YJL089W_cluster,YJL089W_cluster,YJL089W_cluster,0.0091
YJL089W,YKL032C,SIP4,IXR1,1.38,0.0138,597,YJL089W_cluster,YJL089W_cluster,YJL089W_cluster,0.0138
YJL089W,YKL038W,SIP4,RGT1,1.03,0.0103,829,YJL089W_cluster,YJL089W_cluster,YJL089W_cluster,0.0103
YJL089W,YKL062W,SIP4,MSN4,1.42,0.0142,630,YJL089W_cluster,YJL089W_cluster,YJL089W_cluster,0.0142
YJL089W,YKL109W,SIP4,HAP4,1.2,0.012,554,YJL089W_cluster,YJL089W_cluster,YJL089W_cluster,0.012
YJL089W,YKL112W,SIP4,ABF1,0.93,0.0093,731,YJL089W_cluster,YJL089W_cluster,YJL089W_cluster,0.0093
YJL089W,YKL185W,SIP4,ASH1,1.02,0.0102,588,YJL089W_cluster,YJL089W_cluster,YJL089W_cluster,0.0102
YJL089W,YKR034W,SIP4,DAL80,0.28,0.0028,269,YJL089W_cluster,YJL089W_cluster,YJL089W_cluster,0.0028
YJL089W,YKR099W,SIP4,BAS1,0.56,0.0056,811,YJL089W_cluster,YJL089W_cluster,YJL089W_cluster,0.0056
YJL089W,YLR014C,SIP4,PPR1,1.13,0.0113,829,YJL089W_cluster,YJL089W_cluster,YJL089W_cluster,0.0113
YJL089W,YLR098C,SIP4,CHA4,0.7,0.007,648,YJL089W_cluster,YJL089W_cluster,YJL089W_cluster,0.007
YJL089W,YLR131C,SIP4,ACE2,0.9,0.009,770,YJL089W_cluster,YJL089W_cluster,YJL089W_cluster,0.009
YJL089W,YLR176C,SIP4,RFX1,1.33,0.0133,811,YJL089W_cluster,YJL089W_cluster,YJL089W_cluster,0.0133
YJL089W,YLR228C,SIP4,ECM22,1.01,0.0101,814,YJL089W_cluster,YJL089W_cluster,YJL089W_cluster,0.0101
YJL089W,YLR256W,SIP4,HAP1,1.44,0.0144,829,YJL089W_cluster,YJL089W_cluster,YJL089W_cluster,0.0144
YJL089W,YLR266C,SIP4,PDR8,0.88,0.0088,701,YJL089W_cluster,YJL089W_cluster,YJL089W_cluster,0.0088
YJL089W,YLR451W,SIP4,LEU3,0.72,0.0072,829,YJL089W_cluster,YJL089W_cluster,YJL089W_cluster,0.0072
YJL089W,YML007W,SIP4,YAP1,0.99,0.0099,650,YJL089W_cluster,YJL089W_cluster,YJL089W_cluster,0.0099
YJL089W,YML076C,SIP4,WAR1,0.81,0.0081,829,YJL089W_cluster,YJL089W_cluster,YJL089W_cluster,0.0081
YJL089W,YML081W,SIP4,TDA9,0.79,0.0079,829,YJL089W_cluster,YJL089W_cluster,YJL089W_cluster,0.0079
YJL089W,YML099C,SIP4,ARG81,0.97,0.0097,829,YJL089W_cluster,YJL089W_cluster,YJL089W_cluster,0.0097
YJL089W,YMR019W,SIP4,STB4,0.75,0.0075,829,YJL089W_cluster,YJL089W_cluster,YJL089W_cluster,0.0075
YJL089W,YMR021C,SIP4,MAC1,0.5,0.005,417,YJL089W_cluster,YJL089W_cluster,YJL089W_cluster,0.005
YJL089W,YMR037C,SIP4,MSN2,1.71,0.0171,704,YJL089W_cluster,YJL089W_cluster,YJL089W_cluster,0.0171
YJL089W,YMR042W,SIP4,ARG80,0.31,0.0031,177,YJL089W_cluster,YJL089W_cluster,YJL089W_cluster,0.0031
YJL089W,YMR043W,SIP4,MCM1,0.48,0.0048,286,YJL089W_cluster,YJL089W_cluster,YJL089W_cluster,0.0048
YJL089W,YMR070W,SIP4,MOT3,0.98,0.0098,490,YJL089W_cluster,YJL089W_cluster,YJL089W_cluster,0.0098
YJL089W,YMR164C,SIP4,MSS11,0.88,0.0088,758,YJL089W_cluster,YJL089W_cluster,YJL089W_cluster,0.0088
YJL089W,YMR172W,SIP4,HOT1,0.54,0.0054,719,YJL089W_cluster,YJL089W_cluster,YJL089W_cluster,0.0054
YJL089W,YMR280C,SIP4,CAT8,1.34,0.0134,829,YJL089W_cluster,YJL089W_cluster,YJL089W_cluster,0.0134
YJL089W,YNL027W,SIP4,CRZ1,0.91,0.0091,678,YJL089W_cluster,YJL089W_cluster,YJL089W_cluster,0.0091
YJL089W,YNL068C,SIP4,FKH2,1.29,0.0129,829,YJL089W_cluster,YJL089W_cluster,YJL089W_cluster,0.0129
YJL089W,YNL103W,SIP4,MET4,1.32,0.0132,672,YJL089W_cluster,YJL089W_cluster,YJL089W_cluster,0.0132
YJL089W,YNL167C,SIP4,SKO1,0.78,0.0078,647,YJL089W_cluster,YJL089W_cluster,YJL089W_cluster,0.0078
YJL089W,YNL199C,SIP4,GCR2,0.91,0.0091,534,YJL089W_cluster,YJL089W_cluster,YJL089W_cluster,0.0091
YJL089W,YNL216W,SIP4,RAP1,0.94,0.0094,827,YJL089W_cluster,YJL089W_cluster,YJL089W_cluster,0.0094
YJL089W,YNL314W,SIP4,DAL82,0.38,0.0038,255,YJL089W_cluster,YJL089W_cluster,YJL089W_cluster,0.0038
YJL089W,YOL067C,SIP4,RTG1,0.21,0.0021,177,YJL089W_cluster,YJL089W_cluster,YJL089W_cluster,0.0021
YJL089W,YOL108C,SIP4,INO4,0.11,0.0011,151,YJL089W_cluster,YJL089W_cluster,YJL089W_cluster,0.0011
YJL089W,YOR028C,SIP4,CIN5,0.18,0.0018,295,YJL089W_cluster,YJL089W_cluster,YJL089W_cluster,0.0018
YJL089W,YOR113W,SIP4,AZF1,0.84,0.0084,829,YJL089W_cluster,YJL089W_cluster,YJL089W_cluster,0.0084
YJL089W,YOR140W,SIP4,SFL1,0.71,0.0071,766,YJL089W_cluster,YJL089W_cluster,YJL089W_cluster,0.0071
YJL089W,YOR162C,SIP4,YRR1,0.63,0.0063,810,YJL089W_cluster,YJL089W_cluster,YJL089W_cluster,0.0063
YJL089W,YOR337W,SIP4,TEA1,0.91,0.0091,759,YJL089W_cluster,YJL089W_cluster,YJL089W_cluster,0.0091
YJL089W,YOR344C,SIP4,TYE7,0.37,0.0037,291,YJL089W_cluster,YJL089W_cluster,YJL089W_cluster,0.0037
YJL089W,YOR358W,SIP4,HAP5,0.29,0.0029,242,YJL089W_cluster,YJL089W_cluster,YJL089W_cluster,0.0029
YJL089W,YOR363C,SIP4,PIP2,0.79,0.0079,829,YJL089W_cluster,YJL089W_cluster,YJL089W_cluster,0.0079
YJL089W,YPL038W,SIP4,MET31,0.1,0.001,177,YJL089W_cluster,YJL089W_cluster,YJL089W_cluster,0.001
YJL089W,YPL075W,SIP4,GCR1,1.09,0.0109,785,YJL089W_cluster,YJL089W_cluster,YJL089W_cluster,0.0109
YJL089W,YPL089C,SIP4,RLM1,1.19,0.0119,676,YJL089W_cluster,YJL089W_cluster,YJL089W_cluster,0.0119
YJL089W,YPL133C,SIP4,RDS2,0.56,0.0056,446,YJL089W_cluster,YJL089W_cluster,YJL089W_cluster,0.0056
YJL089W,YPL202C,SIP4,AFT2,0.58,0.0058,416,YJL089W_cluster,YJL089W_cluster,YJL089W_cluster,0.0058
YJL089W,YPL230W,SIP4,USV1,0.68,0.0068,391,YJL089W_cluster,YJL089W_cluster,YJL089W_cluster,0.0068
YJL089W,YPL248C,SIP4,GAL4,0.84,0.0084,829,YJL089W_cluster,YJL089W_cluster,YJL089W_cluster,0.0084
YJL089W,YPR008W,SIP4,HAA1,0.68,0.0068,694,YJL089W_cluster,YJL089W_cluster,YJL089W_cluster,0.0068
YJL089W,YPR065W,SIP4,ROX1,0.7,0.007,368,YJL089W_cluster,YJL089W_cluster,YJL089W_cluster,0.007
YJL089W,YPR199C,SIP4,ARR1,0.64,0.0064,294,YJL089W_cluster,YJL089W_cluster,YJL089W_cluster,0.0064
YJL103C,YJL110C,GSM1,GZF3,0.52,0.0052,551,YJL103C_cluster,YJL103C_cluster,YJL103C_cluster,0.0052
YJL103C,YJR060W,GSM1,CBF1,0.31,0.0031,351,YJL103C_cluster,YJL103C_cluster,YJL103C_cluster,0.0031
YJL103C,YJR094C,GSM1,IME1,0.52,0.0052,360,YJL103C_cluster,YJL103C_cluster,YJL103C_cluster,0.0052
YJL103C,YKL015W,GSM1,PUT3,0.9,0.009,618,YJL103C_cluster,YJL103C_cluster,YJL103C_cluster,0.009
YJL103C,YKL032C,GSM1,IXR1,0.53,0.0053,597,YJL103C_cluster,YJL103C_cluster,YJL103C_cluster,0.0053
YJL103C,YKL038W,GSM1,RGT1,0.8,0.008,618,YJL103C_cluster,YJL103C_cluster,YJL103C_cluster,0.008
YJL103C,YKL062W,GSM1,MSN4,0.65,0.0065,618,YJL103C_cluster,YJL103C_cluster,YJL103C_cluster,0.0065
YJL103C,YKL109W,GSM1,HAP4,0.61,0.0061,554,YJL103C_cluster,YJL103C_cluster,YJL103C_cluster,0.0061
YJL103C,YKL112W,GSM1,ABF1,0.68,0.0068,618,YJL103C_cluster,YJL103C_cluster,YJL103C_cluster,0.0068
YJL103C,YKL185W,GSM1,ASH1,0.76,0.0076,588,YJL103C_cluster,YJL103C_cluster,YJL103C_cluster,0.0076
YJL103C,YKR034W,GSM1,DAL80,1.04,0.0104,269,YJL103C_cluster,YJL103C_cluster,YJL103C_cluster,0.0104
YJL103C,YKR099W,GSM1,BAS1,0.43,0.0043,618,YJL103C_cluster,YJL103C_cluster,YJL103C_cluster,0.0043
YJL103C,YLR014C,GSM1,PPR1,0.4,0.004,618,YJL103C_cluster,YJL103C_cluster,YJL103C_cluster,0.004
YJL103C,YLR098C,GSM1,CHA4,0.24,0.0024,618,YJL103C_cluster,YJL103C_cluster,YJL103C_cluster,0.0024
YJL103C,YLR131C,GSM1,ACE2,0.44,0.0044,618,YJL103C_cluster,YJL103C_cluster,YJL103C_cluster,0.0044
YJL103C,YLR176C,GSM1,RFX1,0.5,0.005,618,YJL103C_cluster,YJL103C_cluster,YJL103C_cluster,0.005
YJL103C,YLR228C,GSM1,ECM22,0.93,0.0093,618,YJL103C_cluster,YJL103C_cluster,YJL103C_cluster,0.0093
YJL103C,YLR256W,GSM1,HAP1,0.78,0.0078,618,YJL103C_cluster,YJL103C_cluster,YJL103C_cluster,0.0078
YJL103C,YLR266C,GSM1,PDR8,0.54,0.0054,618,YJL103C_cluster,YJL103C_cluster,YJL103C_cluster,0.0054
YJL103C,YLR451W,GSM1,LEU3,0.81,0.0081,618,YJL103C_cluster,YJL103C_cluster,YJL103C_cluster,0.0081
YJL103C,YML007W,GSM1,YAP1,0.4,0.004,618,YJL103C_cluster,YJL103C_cluster,YJL103C_cluster,0.004
YJL103C,YML076C,GSM1,WAR1,0.65,0.0065,618,YJL103C_cluster,YJL103C_cluster,YJL103C_cluster,0.0065
YJL103C,YML081W,GSM1,TDA9,0.98,0.0098,618,YJL103C_cluster,YJL103C_cluster,YJL103C_cluster,0.0098
YJL103C,YML099C,GSM1,ARG81,0.41,0.0041,618,YJL103C_cluster,YJL103C_cluster,YJL103C_cluster,0.0041
YJL103C,YMR019W,GSM1,STB4,0.65,0.0065,618,YJL103C_cluster,YJL103C_cluster,YJL103C_cluster,0.0065
YJL103C,YMR021C,GSM1,MAC1,0.49,0.0049,417,YJL103C_cluster,YJL103C_cluster,YJL103C_cluster,0.0049
YJL103C,YMR037C,GSM1,MSN2,0.78,0.0078,618,YJL103C_cluster,YJL103C_cluster,YJL103C_cluster,0.0078
YJL103C,YMR042W,GSM1,ARG80,0.38,0.0038,177,YJL103C_cluster,YJL103C_cluster,YJL103C_cluster,0.0038
YJL103C,YMR043W,GSM1,MCM1,0.24,0.0024,286,YJL103C_cluster,YJL103C_cluster,YJL103C_cluster,0.0024
YJL103C,YMR070W,GSM1,MOT3,0.68,0.0068,490,YJL103C_cluster,YJL103C_cluster,YJL103C_cluster,0.0068
YJL103C,YMR164C,GSM1,MSS11,0.23,0.0023,618,YJL103C_cluster,YJL103C_cluster,YJL103C_cluster,0.0023
YJL103C,YMR172W,GSM1,HOT1,0.61,0.0061,618,YJL103C_cluster,YJL103C_cluster,YJL103C_cluster,0.0061
YJL103C,YMR280C,GSM1,CAT8,0.95,0.0095,618,YJL103C_cluster,YJL103C_cluster,YJL103C_cluster,0.0095
YJL103C,YNL027W,GSM1,CRZ1,0.64,0.0064,618,YJL103C_cluster,YJL103C_cluster,YJL103C_cluster,0.0064
YJL103C,YNL068C,GSM1,FKH2,0.55,0.0055,618,YJL103C_cluster,YJL103C_cluster,YJL103C_cluster,0.0055
YJL103C,YNL103W,GSM1,MET4,0.88,0.0088,618,YJL103C_cluster,YJL103C_cluster,YJL103C_cluster,0.0088
YJL103C,YNL167C,GSM1,SKO1,0.9,0.009,618,YJL103C_cluster,YJL103C_cluster,YJL103C_cluster,0.009
YJL103C,YNL199C,GSM1,GCR2,0.44,0.0044,534,YJL103C_cluster,YJL103C_cluster,YJL103C_cluster,0.0044
YJL103C,YNL216W,GSM1,RAP1,0.28,0.0028,618,YJL103C_cluster,YJL103C_cluster,YJL103C_cluster,0.0028
YJL103C,YNL314W,GSM1,DAL82,0.47,0.0047,255,YJL103C_cluster,YJL103C_cluster,YJL103C_cluster,0.0047
YJL103C,YOL067C,GSM1,RTG1,0.38,0.0038,177,YJL103C_cluster,YJL103C_cluster,YJL103C_cluster,0.0038
YJL103C,YOL108C,GSM1,INO4,0.13,0.0013,151,YJL103C_cluster,YJL103C_cluster,YJL103C_cluster,0.0013
YJL103C,YOR028C,GSM1,CIN5,0.22,0.0022,295,YJL103C_cluster,YJL103C_cluster,YJL103C_cluster,0.0022
YJL103C,YOR113W,GSM1,AZF1,0.61,0.0061,618,YJL103C_cluster,YJL103C_cluster,YJL103C_cluster,0.0061
YJL103C,YOR140W,GSM1,SFL1,0.29,0.0029,618,YJL103C_cluster,YJL103C_cluster,YJL103C_cluster,0.0029
YJL103C,YOR162C,GSM1,YRR1,0.35,0.0035,618,YJL103C_cluster,YJL103C_cluster,YJL103C_cluster,0.0035
YJL103C,YOR337W,GSM1,TEA1,0.44,0.0044,618,YJL103C_cluster,YJL103C_cluster,YJL103C_cluster,0.0044
YJL103C,YOR344C,GSM1,TYE7,0.45,0.0045,291,YJL103C_cluster,YJL103C_cluster,YJL103C_cluster,0.0045
YJL103C,YOR358W,GSM1,HAP5,0.0,0.0,242,YJL103C_cluster,YJL103C_cluster,YJL103C_cluster,0.0
YJL103C,YOR363C,GSM1,PIP2,0.5,0.005,618,YJL103C_cluster,YJL103C_cluster,YJL103C_cluster,0.005
YJL103C,YPL038W,GSM1,MET31,0.38,0.0038,177,YJL103C_cluster,YJL103C_cluster,YJL103C_cluster,0.0038
YJL103C,YPL075W,GSM1,GCR1,0.65,0.0065,618,YJL103C_cluster,YJL103C_cluster,YJL103C_cluster,0.0065
YJL103C,YPL089C,GSM1,RLM1,0.88,0.0088,618,YJL103C_cluster,YJL103C_cluster,YJL103C_cluster,0.0088
YJL103C,YPL133C,GSM1,RDS2,0.67,0.0067,446,YJL103C_cluster,YJL103C_cluster,YJL103C_cluster,0.0067
YJL103C,YPL202C,GSM1,AFT2,0.59,0.0059,416,YJL103C_cluster,YJL103C_cluster,YJL103C_cluster,0.0059
YJL103C,YPL230W,GSM1,USV1,0.72,0.0072,391,YJL103C_cluster,YJL103C_cluster,YJL103C_cluster,0.0072
YJL103C,YPL248C,GSM1,GAL4,0.61,0.0061,618,YJL103C_cluster,YJL103C_cluster,YJL103C_cluster,0.0061
YJL103C,YPR008W,GSM1,HAA1,1.01,0.0101,618,YJL103C_cluster,YJL103C_cluster,YJL103C_cluster,0.0101
YJL103C,YPR065W,GSM1,ROX1,0.52,0.0052,368,YJL103C_cluster,YJL103C_cluster,YJL103C_cluster,0.0052
YJL103C,YPR199C,GSM1,ARR1,0.11,0.0011,294,YJL103C_cluster,YJL103C_cluster,YJL103C_cluster,0.0011
YJL110C,YJR060W,GZF3,CBF1,0.34,0.0034,351,YJL110C_cluster,YJL110C_cluster,YJL110C_cluster,0.0034
YJL110C,YJR094C,GZF3,IME1,0.45,0.0045,360,YJL110C_cluster,YJL110C_cluster,YJL110C_cluster,0.0045
YJL110C,YKL015W,GZF3,PUT3,0.67,0.0067,551,YJL110C_cluster,YJL110C_cluster,YJL110C_cluster,0.0067
YJL110C,YKL032C,GZF3,IXR1,0.57,0.0057,551,YJL110C_cluster,YJL110C_cluster,YJL110C_cluster,0.0057
YJL110C,YKL038W,GZF3,RGT1,0.59,0.0059,551,YJL110C_cluster,YJL110C_cluster,YJL110C_cluster,0.0059
YJL110C,YKL062W,GZF3,MSN4,0.0,0.0,551,YJL110C_cluster,YJL110C_cluster,YJL110C_cluster,0.0
YJL110C,YKL109W,GZF3,HAP4,1.12,0.0112,551,YJL110C_cluster,YJL110C_cluster,YJL110C_cluster,0.0112
YJL110C,YKL112W,GZF3,ABF1,0.89,0.0089,551,YJL110C_cluster,YJL110C_cluster,YJL110C_cluster,0.0089
YJL110C,YKL185W,GZF3,ASH1,0.54,0.0054,551,YJL110C_cluster,YJL110C_cluster,YJL110C_cluster,0.0054
YJL110C,YKR034W,GZF3,DAL80,4.81,0.0481,269,YJL110C_cluster,YJL110C_cluster,YJL110C_cluster,0.0481
YJL110C,YKR099W,GZF3,BAS1,0.6,0.006,551,YJL110C_cluster,YJL110C_cluster,YJL110C_cluster,0.006
YJL110C,YLR014C,GZF3,PPR1,0.63,0.0063,551,YJL110C_cluster,YJL110C_cluster,YJL110C_cluster,0.0063
YJL110C,YLR098C,GZF3,CHA4,0.34,0.0034,551,YJL110C_cluster,YJL110C_cluster,YJL110C_cluster,0.0034
YJL110C,YLR131C,GZF3,ACE2,0.39,0.0039,551,YJL110C_cluster,YJL110C_cluster,YJL110C_cluster,0.0039
YJL110C,YLR176C,GZF3,RFX1,0.68,0.0068,551,YJL110C_cluster,YJL110C_cluster,YJL110C_cluster,0.0068
YJL110C,YLR228C,GZF3,ECM22,0.45,0.0045,551,YJL110C_cluster,YJL110C_cluster,YJL110C_cluster,0.0045
YJL110C,YLR256W,GZF3,HAP1,0.66,0.0066,551,YJL110C_cluster,YJL110C_cluster,YJL110C_cluster,0.0066
YJL110C,YLR266C,GZF3,PDR8,0.57,0.0057,551,YJL110C_cluster,YJL110C_cluster,YJL110C_cluster,0.0057
YJL110C,YLR451W,GZF3,LEU3,0.35,0.0035,551,YJL110C_cluster,YJL110C_cluster,YJL110C_cluster,0.0035
YJL110C,YML007W,GZF3,YAP1,0.6,0.006,551,YJL110C_cluster,YJL110C_cluster,YJL110C_cluster,0.006
YJL110C,YML076C,GZF3,WAR1,0.41,0.0041,551,YJL110C_cluster,YJL110C_cluster,YJL110C_cluster,0.0041
YJL110C,YML081W,GZF3,TDA9,0.57,0.0057,551,YJL110C_cluster,YJL110C_cluster,YJL110C_cluster,0.0057
YJL110C,YML099C,GZF3,ARG81,0.57,0.0057,551,YJL110C_cluster,YJL110C_cluster,YJL110C_cluster,0.0057
YJL110C,YMR019W,GZF3,STB4,0.41,0.0041,551,YJL110C_cluster,YJL110C_cluster,YJL110C_cluster,0.0041
YJL110C,YMR021C,GZF3,MAC1,0.53,0.0053,417,YJL110C_cluster,YJL110C_cluster,YJL110C_cluster,0.0053
YJL110C,YMR037C,GZF3,MSN2,1.16,0.0116,551,YJL110C_cluster,YJL110C_cluster,YJL110C_cluster,0.0116
YJL110C,YMR042W,GZF3,ARG80,0.28,0.0028,177,YJL110C_cluster,YJL110C_cluster,YJL110C_cluster,0.0028
YJL110C,YMR043W,GZF3,MCM1,0.39,0.0039,286,YJL110C_cluster,YJL110C_cluster,YJL110C_cluster,0.0039
YJL110C,YMR070W,GZF3,MOT3,0.52,0.0052,490,YJL110C_cluster,YJL110C_cluster,YJL110C_cluster,0.0052
YJL110C,YMR164C,GZF3,MSS11,0.57,0.0057,551,YJL110C_cluster,YJL110C_cluster,YJL110C_cluster,0.0057
YJL110C,YMR172W,GZF3,HOT1,0.9,0.009,551,YJL110C_cluster,YJL110C_cluster,YJL110C_cluster,0.009
YJL110C,YMR280C,GZF3,CAT8,0.78,0.0078,551,YJL110C_cluster,YJL110C_cluster,YJL110C_cluster,0.0078
YJL110C,YNL027W,GZF3,CRZ1,0.94,0.0094,551,YJL110C_cluster,YJL110C_cluster,YJL110C_cluster,0.0094
YJL110C,YNL068C,GZF3,FKH2,0.14,0.0014,551,YJL110C_cluster,YJL110C_cluster,YJL110C_cluster,0.0014
YJL110C,YNL103W,GZF3,MET4,0.59,0.0059,551,YJL110C_cluster,YJL110C_cluster,YJL110C_cluster,0.0059
YJL110C,YNL167C,GZF3,SKO1,0.95,0.0095,551,YJL110C_cluster,YJL110C_cluster,YJL110C_cluster,0.0095
YJL110C,YNL199C,GZF3,GCR2,0.95,0.0095,534,YJL110C_cluster,YJL110C_cluster,YJL110C_cluster,0.0095
YJL110C,YNL216W,GZF3,RAP1,0.9,0.009,551,YJL110C_cluster,YJL110C_cluster,YJL110C_cluster,0.009
YJL110C,YNL314W,GZF3,DAL82,0.38,0.0038,255,YJL110C_cluster,YJL110C_cluster,YJL110C_cluster,0.0038
YJL110C,YOL067C,GZF3,RTG1,0.14,0.0014,177,YJL110C_cluster,YJL110C_cluster,YJL110C_cluster,0.0014
YJL110C,YOL108C,GZF3,INO4,0.15,0.0015,151,YJL110C_cluster,YJL110C_cluster,YJL110C_cluster,0.0015
YJL110C,YOR028C,GZF3,CIN5,0.24,0.0024,295,YJL110C_cluster,YJL110C_cluster,YJL110C_cluster,0.0024
YJL110C,YOR113W,GZF3,AZF1,1.07,0.0107,551,YJL110C_cluster,YJL110C_cluster,YJL110C_cluster,0.0107
YJL110C,YOR140W,GZF3,SFL1,0.7,0.007,551,YJL110C_cluster,YJL110C_cluster,YJL110C_cluster,0.007
YJL110C,YOR162C,GZF3,YRR1,0.6,0.006,551,YJL110C_cluster,YJL110C_cluster,YJL110C_cluster,0.006
YJL110C,YOR337W,GZF3,TEA1,0.39,0.0039,551,YJL110C_cluster,YJL110C_cluster,YJL110C_cluster,0.0039
YJL110C,YOR344C,GZF3,TYE7,0.61,0.0061,291,YJL110C_cluster,YJL110C_cluster,YJL110C_cluster,0.0061
YJL110C,YOR358W,GZF3,HAP5,0.13,0.0013,242,YJL110C_cluster,YJL110C_cluster,YJL110C_cluster,0.0013
YJL110C,YOR363C,GZF3,PIP2,0.26,0.0026,551,YJL110C_cluster,YJL110C_cluster,YJL110C_cluster,0.0026
YJL110C,YPL038W,GZF3,MET31,0.14,0.0014,177,YJL110C_cluster,YJL110C_cluster,YJL110C_cluster,0.0014
YJL110C,YPL075W,GZF3,GCR1,0.15,0.0015,551,YJL110C_cluster,YJL110C_cluster,YJL110C_cluster,0.0015
YJL110C,YPL089C,GZF3,RLM1,0.6,0.006,551,YJL110C_cluster,YJL110C_cluster,YJL110C_cluster,0.006
YJL110C,YPL133C,GZF3,RDS2,0.51,0.0051,446,YJL110C_cluster,YJL110C_cluster,YJL110C_cluster,0.0051
YJL110C,YPL202C,GZF3,AFT2,0.85,0.0085,416,YJL110C_cluster,YJL110C_cluster,YJL110C_cluster,0.0085
YJL110C,YPL230W,GZF3,USV1,0.33,0.0033,391,YJL110C_cluster,YJL110C_cluster,YJL110C_cluster,0.0033
YJL110C,YPL248C,GZF3,GAL4,0.21,0.0021,551,YJL110C_cluster,YJL110C_cluster,YJL110C_cluster,0.0021
YJL110C,YPR008W,GZF3,HAA1,0.99,0.0099,551,YJL110C_cluster,YJL110C_cluster,YJL110C_cluster,0.0099
YJL110C,YPR065W,GZF3,ROX1,0.67,0.0067,368,YJL110C_cluster,YJL110C_cluster,YJL110C_cluster,0.0067
YJL110C,YPR199C,GZF3,ARR1,0.36,0.0036,294,YJL110C_cluster,YJL110C_cluster,YJL110C_cluster,0.0036
YJR060W,YJR094C,CBF1,IME1,0.43,0.0043,351,YJR060W_cluster,YJR060W_cluster,YJR060W_cluster,0.0043
YJR060W,YKL015W,CBF1,PUT3,0.77,0.0077,351,YJR060W_cluster,YJR060W_cluster,YJR060W_cluster,0.0077
YJR060W,YKL032C,CBF1,IXR1,0.23,0.0023,351,YJR060W_cluster,YJR060W_cluster,YJR060W_cluster,0.0023
YJR060W,YKL038W,CBF1,RGT1,0.54,0.0054,351,YJR060W_cluster,YJR060W_cluster,YJR060W_cluster,0.0054
YJR060W,YKL062W,CBF1,MSN4,0.73,0.0073,351,YJR060W_cluster,YJR060W_cluster,YJR060W_cluster,0.0073
YJR060W,YKL109W,CBF1,HAP4,0.57,0.0057,351,YJR060W_cluster,YJR060W_cluster,YJR060W_cluster,0.0057
YJR060W,YKL112W,CBF1,ABF1,0.96,0.0096,351,YJR060W_cluster,YJR060W_cluster,YJR060W_cluster,0.0096
YJR060W,YKL185W,CBF1,ASH1,0.22,0.0022,351,YJR060W_cluster,YJR060W_cluster,YJR060W_cluster,0.0022
YJR060W,YKR034W,CBF1,DAL80,0.33,0.0033,269,YJR060W_cluster,YJR060W_cluster,YJR060W_cluster,0.0033
YJR060W,YKR099W,CBF1,BAS1,0.35,0.0035,351,YJR060W_cluster,YJR060W_cluster,YJR060W_cluster,0.0035
YJR060W,YLR014C,CBF1,PPR1,0.32,0.0032,351,YJR060W_cluster,YJR060W_cluster,YJR060W_cluster,0.0032
YJR060W,YLR098C,CBF1,CHA4,0.62,0.0062,351,YJR060W_cluster,YJR060W_cluster,YJR060W_cluster,0.0062
YJR060W,YLR131C,CBF1,ACE2,0.45,0.0045,351,YJR060W_cluster,YJR060W_cluster,YJR060W_cluster,0.0045
YJR060W,YLR176C,CBF1,RFX1,0.26,0.0026,351,YJR060W_cluster,YJR060W_cluster,YJR060W_cluster,0.0026
YJR060W,YLR228C,CBF1,ECM22,0.71,0.0071,351,YJR060W_cluster,YJR060W_cluster,YJR060W_cluster,0.0071
YJR060W,YLR256W,CBF1,HAP1,0.11,0.0011,351,YJR060W_cluster,YJR060W_cluster,YJR060W_cluster,0.0011
YJR060W,YLR266C,CBF1,PDR8,0.19,0.0019,351,YJR060W_cluster,YJR060W_cluster,YJR060W_cluster,0.0019
YJR060W,YLR451W,CBF1,LEU3,0.25,0.0025,351,YJR060W_cluster,YJR060W_cluster,YJR060W_cluster,0.0025
YJR060W,YML007W,CBF1,YAP1,0.1,0.001,351,YJR060W_cluster,YJR060W_cluster,YJR060W_cluster,0.001
YJR060W,YML076C,CBF1,WAR1,0.31,0.0031,351,YJR060W_cluster,YJR060W_cluster,YJR060W_cluster,0.0031
YJR060W,YML081W,CBF1,TDA9,0.32,0.0032,351,YJR060W_cluster,YJR060W_cluster,YJR060W_cluster,0.0032
YJR060W,YML099C,CBF1,ARG81,0.25,0.0025,351,YJR060W_cluster,YJR060W_cluster,YJR060W_cluster,0.0025
YJR060W,YMR019W,CBF1,STB4,0.55,0.0055,351,YJR060W_cluster,YJR060W_cluster,YJR060W_cluster,0.0055
YJR060W,YMR021C,CBF1,MAC1,0.13,0.0013,351,YJR060W_cluster,YJR060W_cluster,YJR060W_cluster,0.0013
YJR060W,YMR037C,CBF1,MSN2,0.88,0.0088,351,YJR060W_cluster,YJR060W_cluster,YJR060W_cluster,0.0088
YJR060W,YMR042W,CBF1,ARG80,0.19,0.0019,177,YJR060W_cluster,YJR060W_cluster,YJR060W_cluster,0.0019
YJR060W,YMR043W,CBF1,MCM1,0.34,0.0034,286,YJR060W_cluster,YJR060W_cluster,YJR060W_cluster,0.0034
YJR060W,YMR070W,CBF1,MOT3,0.26,0.0026,351,YJR060W_cluster,YJR060W_cluster,YJR060W_cluster,0.0026
YJR060W,YMR164C,CBF1,MSS11,0.29,0.0029,351,YJR060W_cluster,YJR060W_cluster,YJR060W_cluster,0.0029
YJR060W,YMR172W,CBF1,HOT1,0.68,0.0068,351,YJR060W_cluster,YJR060W_cluster,YJR060W_cluster,0.0068
YJR060W,YMR280C,CBF1,CAT8,0.52,0.0052,351,YJR060W_cluster,YJR060W_cluster,YJR060W_cluster,0.0052
YJR060W,YNL027W,CBF1,CRZ1,0.51,0.0051,351,YJR060W_cluster,YJR060W_cluster,YJR060W_cluster,0.0051
YJR060W,YNL068C,CBF1,FKH2,0.17,0.0017,351,YJR060W_cluster,YJR060W_cluster,YJR060W_cluster,0.0017
YJR060W,YNL103W,CBF1,MET4,0.81,0.0081,351,YJR060W_cluster,YJR060W_cluster,YJR060W_cluster,0.0081
YJR060W,YNL167C,CBF1,SKO1,0.52,0.0052,351,YJR060W_cluster,YJR060W_cluster,YJR060W_cluster,0.0052
YJR060W,YNL199C,CBF1,GCR2,0.0,0.0,351,YJR060W_cluster,YJR060W_cluster,YJR060W_cluster,0.0
YJR060W,YNL216W,CBF1,RAP1,0.52,0.0052,351,YJR060W_cluster,YJR060W_cluster,YJR060W_cluster,0.0052
YJR060W,YNL314W,CBF1,DAL82,0.51,0.0051,255,YJR060W_cluster,YJR060W_cluster,YJR060W_cluster,0.0051
YJR060W,YOL067C,CBF1,RTG1,0.19,0.0019,177,YJR060W_cluster,YJR060W_cluster,YJR060W_cluster,0.0019
YJR060W,YOL108C,CBF1,INO4,0.41,0.0041,151,YJR060W_cluster,YJR060W_cluster,YJR060W_cluster,0.0041
YJR060W,YOR028C,CBF1,CIN5,0.48,0.0048,295,YJR060W_cluster,YJR060W_cluster,YJR060W_cluster,0.0048
YJR060W,YOR113W,CBF1,AZF1,0.74,0.0074,351,YJR060W_cluster,YJR060W_cluster,YJR060W_cluster,0.0074
YJR060W,YOR140W,CBF1,SFL1,0.55,0.0055,351,YJR060W_cluster,YJR060W_cluster,YJR060W_cluster,0.0055
YJR060W,YOR162C,CBF1,YRR1,0.35,0.0035,351,YJR060W_cluster,YJR060W_cluster,YJR060W_cluster,0.0035
YJR060W,YOR337W,CBF1,TEA1,0.55,0.0055,351,YJR060W_cluster,YJR060W_cluster,YJR060W_cluster,0.0055
YJR060W,YOR344C,CBF1,TYE7,0.16,0.0016,291,YJR060W_cluster,YJR060W_cluster,YJR060W_cluster,0.0016
YJR060W,YOR358W,CBF1,HAP5,0.69,0.0069,242,YJR060W_cluster,YJR060W_cluster,YJR060W_cluster,0.0069
YJR060W,YOR363C,CBF1,PIP2,0.3,0.003,351,YJR060W_cluster,YJR060W_cluster,YJR060W_cluster,0.003
YJR060W,YPL038W,CBF1,MET31,0.19,0.0019,177,YJR060W_cluster,YJR060W_cluster,YJR060W_cluster,0.0019
YJR060W,YPL075W,CBF1,GCR1,0.54,0.0054,351,YJR060W_cluster,YJR060W_cluster,YJR060W_cluster,0.0054
YJR060W,YPL089C,CBF1,RLM1,0.41,0.0041,351,YJR060W_cluster,YJR060W_cluster,YJR060W_cluster,0.0041
YJR060W,YPL133C,CBF1,RDS2,0.0,0.0,351,YJR060W_cluster,YJR060W_cluster,YJR060W_cluster,0.0
YJR060W,YPL202C,CBF1,AFT2,0.26,0.0026,351,YJR060W_cluster,YJR060W_cluster,YJR060W_cluster,0.0026
YJR060W,YPL230W,CBF1,USV1,0.42,0.0042,351,YJR060W_cluster,YJR060W_cluster,YJR060W_cluster,0.0042
YJR060W,YPL248C,CBF1,GAL4,0.33,0.0033,351,YJR060W_cluster,YJR060W_cluster,YJR060W_cluster,0.0033
YJR060W,YPR008W,CBF1,HAA1,0.19,0.0019,351,YJR060W_cluster,YJR060W_cluster,YJR060W_cluster,0.0019
YJR060W,YPR065W,CBF1,ROX1,0.29,0.0029,351,YJR060W_cluster,YJR060W_cluster,YJR060W_cluster,0.0029
YJR060W,YPR199C,CBF1,ARR1,0.32,0.0032,294,YJR060W_cluster,YJR060W_cluster,YJR060W_cluster,0.0032
YJR094C,YKL015W,IME1,PUT3,0.23,0.0023,360,YJR094C_cluster,YJR094C_cluster,YJR094C_cluster,0.0023
YJR094C,YKL032C,IME1,IXR1,0.7,0.007,360,YJR094C_cluster,YJR094C_cluster,YJR094C_cluster,0.007
YJR094C,YKL038W,IME1,RGT1,0.87,0.0087,360,YJR094C_cluster,YJR094C_cluster,YJR094C_cluster,0.0087
YJR094C,YKL062W,IME1,MSN4,0.83,0.0083,360,YJR094C_cluster,YJR094C_cluster,YJR094C_cluster,0.0083
YJR094C,YKL109W,IME1,HAP4,1.13,0.0113,360,YJR094C_cluster,YJR094C_cluster,YJR094C_cluster,0.0113
YJR094C,YKL112W,IME1,ABF1,0.47,0.0047,360,YJR094C_cluster,YJR094C_cluster,YJR094C_cluster,0.0047
YJR094C,YKL185W,IME1,ASH1,0.76,0.0076,360,YJR094C_cluster,YJR094C_cluster,YJR094C_cluster,0.0076
YJR094C,YKR034W,IME1,DAL80,0.65,0.0065,269,YJR094C_cluster,YJR094C_cluster,YJR094C_cluster,0.0065
YJR094C,YKR099W,IME1,BAS1,0.09,0.0009,360,YJR094C_cluster,YJR094C_cluster,YJR094C_cluster,0.0009
YJR094C,YLR014C,IME1,PPR1,0.56,0.0056,360,YJR094C_cluster,YJR094C_cluster,YJR094C_cluster,0.0056
YJR094C,YLR098C,IME1,CHA4,1.02,0.0102,360,YJR094C_cluster,YJR094C_cluster,YJR094C_cluster,0.0102
YJR094C,YLR131C,IME1,ACE2,0.72,0.0072,360,YJR094C_cluster,YJR094C_cluster,YJR094C_cluster,0.0072
YJR094C,YLR176C,IME1,RFX1,0.52,0.0052,360,YJR094C_cluster,YJR094C_cluster,YJR094C_cluster,0.0052
YJR094C,YLR228C,IME1,ECM22,0.79,0.0079,360,YJR094C_cluster,YJR094C_cluster,YJR094C_cluster,0.0079
YJR094C,YLR256W,IME1,HAP1,0.5,0.005,360,YJR094C_cluster,YJR094C_cluster,YJR094C_cluster,0.005
YJR094C,YLR266C,IME1,PDR8,0.48,0.0048,360,YJR094C_cluster,YJR094C_cluster,YJR094C_cluster,0.0048
YJR094C,YLR451W,IME1,LEU3,0.16,0.0016,360,YJR094C_cluster,YJR094C_cluster,YJR094C_cluster,0.0016
YJR094C,YML007W,IME1,YAP1,0.41,0.0041,360,YJR094C_cluster,YJR094C_cluster,YJR094C_cluster,0.0041
YJR094C,YML076C,IME1,WAR1,0.47,0.0047,360,YJR094C_cluster,YJR094C_cluster,YJR094C_cluster,0.0047
YJR094C,YML081W,IME1,TDA9,0.63,0.0063,360,YJR094C_cluster,YJR094C_cluster,YJR094C_cluster,0.0063
YJR094C,YML099C,IME1,ARG81,0.58,0.0058,360,YJR094C_cluster,YJR094C_cluster,YJR094C_cluster,0.0058
YJR094C,YMR019W,IME1,STB4,0.54,0.0054,360,YJR094C_cluster,YJR094C_cluster,YJR094C_cluster,0.0054
YJR094C,YMR021C,IME1,MAC1,0.26,0.0026,360,YJR094C_cluster,YJR094C_cluster,YJR094C_cluster,0.0026
YJR094C,YMR037C,IME1,MSN2,0.68,0.0068,360,YJR094C_cluster,YJR094C_cluster,YJR094C_cluster,0.0068
YJR094C,YMR042W,IME1,ARG80,0.19,0.0019,177,YJR094C_cluster,YJR094C_cluster,YJR094C_cluster,0.0019
YJR094C,YMR043W,IME1,MCM1,0.34,0.0034,286,YJR094C_cluster,YJR094C_cluster,YJR094C_cluster,0.0034
YJR094C,YMR070W,IME1,MOT3,0.77,0.0077,360,YJR094C_cluster,YJR094C_cluster,YJR094C_cluster,0.0077
YJR094C,YMR164C,IME1,MSS11,0.38,0.0038,360,YJR094C_cluster,YJR094C_cluster,YJR094C_cluster,0.0038
YJR094C,YMR172W,IME1,HOT1,0.67,0.0067,360,YJR094C_cluster,YJR094C_cluster,YJR094C_cluster,0.0067
YJR094C,YMR280C,IME1,CAT8,0.92,0.0092,360,YJR094C_cluster,YJR094C_cluster,YJR094C_cluster,0.0092
YJR094C,YNL027W,IME1,CRZ1,0.6,0.006,360,YJR094C_cluster,YJR094C_cluster,YJR094C_cluster,0.006
YJR094C,YNL068C,IME1,FKH2,0.67,0.0067,360,YJR094C_cluster,YJR094C_cluster,YJR094C_cluster,0.0067
YJR094C,YNL103W,IME1,MET4,0.6,0.006,360,YJR094C_cluster,YJR094C_cluster,YJR094C_cluster,0.006
YJR094C,YNL167C,IME1,SKO1,0.41,0.0041,360,YJR094C_cluster,YJR094C_cluster,YJR094C_cluster,0.0041
YJR094C,YNL199C,IME1,GCR2,0.23,0.0023,360,YJR094C_cluster,YJR094C_cluster,YJR094C_cluster,0.0023
YJR094C,YNL216W,IME1,RAP1,0.52,0.0052,360,YJR094C_cluster,YJR094C_cluster,YJR094C_cluster,0.0052
YJR094C,YNL314W,IME1,DAL82,0.5,0.005,255,YJR094C_cluster,YJR094C_cluster,YJR094C_cluster,0.005
YJR094C,YOL067C,IME1,RTG1,0.38,0.0038,177,YJR094C_cluster,YJR094C_cluster,YJR094C_cluster,0.0038
YJR094C,YOL108C,IME1,INO4,0.0,0.0,151,YJR094C_cluster,YJR094C_cluster,YJR094C_cluster,0.0
YJR094C,YOR028C,IME1,CIN5,0.47,0.0047,295,YJR094C_cluster,YJR094C_cluster,YJR094C_cluster,0.0047
YJR094C,YOR113W,IME1,AZF1,1.06,0.0106,360,YJR094C_cluster,YJR094C_cluster,YJR094C_cluster,0.0106
YJR094C,YOR140W,IME1,SFL1,0.45,0.0045,360,YJR094C_cluster,YJR094C_cluster,YJR094C_cluster,0.0045
YJR094C,YOR162C,IME1,YRR1,0.26,0.0026,360,YJR094C_cluster,YJR094C_cluster,YJR094C_cluster,0.0026
YJR094C,YOR337W,IME1,TEA1,0.27,0.0027,360,YJR094C_cluster,YJR094C_cluster,YJR094C_cluster,0.0027
YJR094C,YOR344C,IME1,TYE7,0.31,0.0031,291,YJR094C_cluster,YJR094C_cluster,YJR094C_cluster,0.0031
YJR094C,YOR358W,IME1,HAP5,0.17,0.0017,242,YJR094C_cluster,YJR094C_cluster,YJR094C_cluster,0.0017
YJR094C,YOR363C,IME1,PIP2,0.52,0.0052,360,YJR094C_cluster,YJR094C_cluster,YJR094C_cluster,0.0052
YJR094C,YPL038W,IME1,MET31,0.0,0.0,177,YJR094C_cluster,YJR094C_cluster,YJR094C_cluster,0.0
YJR094C,YPL075W,IME1,GCR1,0.54,0.0054,360,YJR094C_cluster,YJR094C_cluster,YJR094C_cluster,0.0054
YJR094C,YPL089C,IME1,RLM1,0.51,0.0051,360,YJR094C_cluster,YJR094C_cluster,YJR094C_cluster,0.0051
YJR094C,YPL133C,IME1,RDS2,0.38,0.0038,360,YJR094C_cluster,YJR094C_cluster,YJR094C_cluster,0.0038
YJR094C,YPL202C,IME1,AFT2,0.39,0.0039,360,YJR094C_cluster,YJR094C_cluster,YJR094C_cluster,0.0039
YJR094C,YPL230W,IME1,USV1,1.54,0.0154,360,YJR094C_cluster,YJR094C_cluster,YJR094C_cluster,0.0154
YJR094C,YPL248C,IME1,GAL4,0.82,0.0082,360,YJR094C_cluster,YJR094C_cluster,YJR094C_cluster,0.0082
YJR094C,YPR008W,IME1,HAA1,0.58,0.0058,360,YJR094C_cluster,YJR094C_cluster,YJR094C_cluster,0.0058
YJR094C,YPR065W,IME1,ROX1,1.0,0.01,360,YJR094C_cluster,YJR094C_cluster,YJR094C_cluster,0.01
YJR094C,YPR199C,IME1,ARR1,0.16,0.0016,294,YJR094C_cluster,YJR094C_cluster,YJR094C_cluster,0.0016
YKL015W,YKL032C,PUT3,IXR1,0.75,0.0075,597,YKL015W_cluster,YKL015W_cluster,YKL015W_cluster,0.0075
YKL015W,YKL038W,PUT3,RGT1,1.1,0.011,979,YKL015W_cluster,YKL015W_cluster,YKL015W_cluster,0.011
YKL015W,YKL062W,PUT3,MSN4,0.7,0.007,630,YKL015W_cluster,YKL015W_cluster,YKL015W_cluster,0.007
YKL015W,YKL109W,PUT3,HAP4,0.87,0.0087,554,YKL015W_cluster,YKL015W_cluster,YKL015W_cluster,0.0087
YKL015W,YKL112W,PUT3,ABF1,1.02,0.0102,731,YKL015W_cluster,YKL015W_cluster,YKL015W_cluster,0.0102
YKL015W,YKL185W,PUT3,ASH1,0.46,0.0046,588,YKL015W_cluster,YKL015W_cluster,YKL015W_cluster,0.0046
YKL015W,YKR034W,PUT3,DAL80,0.57,0.0057,269,YKL015W_cluster,YKL015W_cluster,YKL015W_cluster,0.0057
YKL015W,YKR099W,PUT3,BAS1,0.46,0.0046,811,YKL015W_cluster,YKL015W_cluster,YKL015W_cluster,0.0046
YKL015W,YLR014C,PUT3,PPR1,0.54,0.0054,904,YKL015W_cluster,YKL015W_cluster,YKL015W_cluster,0.0054
YKL015W,YLR098C,PUT3,CHA4,0.38,0.0038,648,YKL015W_cluster,YKL015W_cluster,YKL015W_cluster,0.0038
YKL015W,YLR131C,PUT3,ACE2,0.47,0.0047,770,YKL015W_cluster,YKL015W_cluster,YKL015W_cluster,0.0047
YKL015W,YLR176C,PUT3,RFX1,0.86,0.0086,811,YKL015W_cluster,YKL015W_cluster,YKL015W_cluster,0.0086
YKL015W,YLR228C,PUT3,ECM22,0.74,0.0074,814,YKL015W_cluster,YKL015W_cluster,YKL015W_cluster,0.0074
YKL015W,YLR256W,PUT3,HAP1,0.62,0.0062,979,YKL015W_cluster,YKL015W_cluster,YKL015W_cluster,0.0062
YKL015W,YLR266C,PUT3,PDR8,0.36,0.0036,701,YKL015W_cluster,YKL015W_cluster,YKL015W_cluster,0.0036
YKL015W,YLR451W,PUT3,LEU3,0.77,0.0077,886,YKL015W_cluster,YKL015W_cluster,YKL015W_cluster,0.0077
YKL015W,YML007W,PUT3,YAP1,0.63,0.0063,650,YKL015W_cluster,YKL015W_cluster,YKL015W_cluster,0.0063
YKL015W,YML076C,PUT3,WAR1,0.79,0.0079,944,YKL015W_cluster,YKL015W_cluster,YKL015W_cluster,0.0079
YKL015W,YML081W,PUT3,TDA9,0.64,0.0064,979,YKL015W_cluster,YKL015W_cluster,YKL015W_cluster,0.0064
YKL015W,YML099C,PUT3,ARG81,0.38,0.0038,880,YKL015W_cluster,YKL015W_cluster,YKL015W_cluster,0.0038
YKL015W,YMR019W,PUT3,STB4,0.74,0.0074,949,YKL015W_cluster,YKL015W_cluster,YKL015W_cluster,0.0074
YKL015W,YMR021C,PUT3,MAC1,0.22,0.0022,417,YKL015W_cluster,YKL015W_cluster,YKL015W_cluster,0.0022
YKL015W,YMR037C,PUT3,MSN2,1.41,0.0141,704,YKL015W_cluster,YKL015W_cluster,YKL015W_cluster,0.0141
YKL015W,YMR042W,PUT3,ARG80,0.62,0.0062,177,YKL015W_cluster,YKL015W_cluster,YKL015W_cluster,0.0062
YKL015W,YMR043W,PUT3,MCM1,0.42,0.0042,286,YKL015W_cluster,YKL015W_cluster,YKL015W_cluster,0.0042
YKL015W,YMR070W,PUT3,MOT3,0.79,0.0079,490,YKL015W_cluster,YKL015W_cluster,YKL015W_cluster,0.0079
YKL015W,YMR164C,PUT3,MSS11,0.79,0.0079,758,YKL015W_cluster,YKL015W_cluster,YKL015W_cluster,0.0079
YKL015W,YMR172W,PUT3,HOT1,0.79,0.0079,719,YKL015W_cluster,YKL015W_cluster,YKL015W_cluster,0.0079
YKL015W,YMR280C,PUT3,CAT8,0.94,0.0094,979,YKL015W_cluster,YKL015W_cluster,YKL015W_cluster,0.0094
YKL015W,YNL027W,PUT3,CRZ1,1.07,0.0107,678,YKL015W_cluster,YKL015W_cluster,YKL015W_cluster,0.0107
YKL015W,YNL068C,PUT3,FKH2,0.89,0.0089,862,YKL015W_cluster,YKL015W_cluster,YKL015W_cluster,0.0089
YKL015W,YNL103W,PUT3,MET4,0.75,0.0075,672,YKL015W_cluster,YKL015W_cluster,YKL015W_cluster,0.0075
YKL015W,YNL167C,PUT3,SKO1,0.63,0.0063,647,YKL015W_cluster,YKL015W_cluster,YKL015W_cluster,0.0063
YKL015W,YNL199C,PUT3,GCR2,0.4,0.004,534,YKL015W_cluster,YKL015W_cluster,YKL015W_cluster,0.004
YKL015W,YNL216W,PUT3,RAP1,0.8,0.008,827,YKL015W_cluster,YKL015W_cluster,YKL015W_cluster,0.008
YKL015W,YNL314W,PUT3,DAL82,0.16,0.0016,255,YKL015W_cluster,YKL015W_cluster,YKL015W_cluster,0.0016
YKL015W,YOL067C,PUT3,RTG1,0.62,0.0062,177,YKL015W_cluster,YKL015W_cluster,YKL015W_cluster,0.0062
YKL015W,YOL108C,PUT3,INO4,0.27,0.0027,151,YKL015W_cluster,YKL015W_cluster,YKL015W_cluster,0.0027
YKL015W,YOR028C,PUT3,CIN5,0.16,0.0016,295,YKL015W_cluster,YKL015W_cluster,YKL015W_cluster,0.0016
YKL015W,YOR113W,PUT3,AZF1,1.26,0.0126,914,YKL015W_cluster,YKL015W_cluster,YKL015W_cluster,0.0126
YKL015W,YOR140W,PUT3,SFL1,0.47,0.0047,766,YKL015W_cluster,YKL015W_cluster,YKL015W_cluster,0.0047
YKL015W,YOR162C,PUT3,YRR1,0.74,0.0074,810,YKL015W_cluster,YKL015W_cluster,YKL015W_cluster,0.0074
YKL015W,YOR337W,PUT3,TEA1,0.59,0.0059,759,YKL015W_cluster,YKL015W_cluster,YKL015W_cluster,0.0059
YKL015W,YOR344C,PUT3,TYE7,0.32,0.0032,291,YKL015W_cluster,YKL015W_cluster,YKL015W_cluster,0.0032
YKL015W,YOR358W,PUT3,HAP5,0.5,0.005,242,YKL015W_cluster,YKL015W_cluster,YKL015W_cluster,0.005
YKL015W,YOR363C,PUT3,PIP2,0.51,0.0051,979,YKL015W_cluster,YKL015W_cluster,YKL015W_cluster,0.0051
YKL015W,YPL038W,PUT3,MET31,0.0,0.0,177,YKL015W_cluster,YKL015W_cluster,YKL015W_cluster,0.0
YKL015W,YPL075W,PUT3,GCR1,0.81,0.0081,785,YKL015W_cluster,YKL015W_cluster,YKL015W_cluster,0.0081
YKL015W,YPL089C,PUT3,RLM1,1.13,0.0113,676,YKL015W_cluster,YKL015W_cluster,YKL015W_cluster,0.0113
YKL015W,YPL133C,PUT3,RDS2,0.21,0.0021,446,YKL015W_cluster,YKL015W_cluster,YKL015W_cluster,0.0021
YKL015W,YPL202C,PUT3,AFT2,0.58,0.0058,416,YKL015W_cluster,YKL015W_cluster,YKL015W_cluster,0.0058
YKL015W,YPL230W,PUT3,USV1,0.3,0.003,391,YKL015W_cluster,YKL015W_cluster,YKL015W_cluster,0.003
YKL015W,YPL248C,PUT3,GAL4,1.16,0.0116,881,YKL015W_cluster,YKL015W_cluster,YKL015W_cluster,0.0116
YKL015W,YPR008W,PUT3,HAA1,0.73,0.0073,694,YKL015W_cluster,YKL015W_cluster,YKL015W_cluster,0.0073
YKL015W,YPR065W,PUT3,ROX1,0.84,0.0084,368,YKL015W_cluster,YKL015W_cluster,YKL015W_cluster,0.0084
YKL015W,YPR199C,PUT3,ARR1,0.48,0.0048,294,YKL015W_cluster,YKL015W_cluster,YKL015W_cluster,0.0048
YKL032C,YKL038W,IXR1,RGT1,1.27,0.0127,597,YKL032C_cluster,YKL032C_cluster,YKL032C_cluster,0.0127
YKL032C,YKL062W,IXR1,MSN4,0.8,0.008,597,YKL032C_cluster,YKL032C_cluster,YKL032C_cluster,0.008
YKL032C,YKL109W,IXR1,HAP4,0.86,0.0086,554,YKL032C_cluster,YKL032C_cluster,YKL032C_cluster,0.0086
YKL032C,YKL112W,IXR1,ABF1,1.07,0.0107,597,YKL032C_cluster,YKL032C_cluster,YKL032C_cluster,0.0107
YKL032C,YKL185W,IXR1,ASH1,0.28,0.0028,588,YKL032C_cluster,YKL032C_cluster,YKL032C_cluster,0.0028
YKL032C,YKR034W,IXR1,DAL80,0.91,0.0091,269,YKL032C_cluster,YKL032C_cluster,YKL032C_cluster,0.0091
YKL032C,YKR099W,IXR1,BAS1,0.54,0.0054,597,YKL032C_cluster,YKL032C_cluster,YKL032C_cluster,0.0054
YKL032C,YLR014C,IXR1,PPR1,0.43,0.0043,597,YKL032C_cluster,YKL032C_cluster,YKL032C_cluster,0.0043
YKL032C,YLR098C,IXR1,CHA4,0.88,0.0088,597,YKL032C_cluster,YKL032C_cluster,YKL032C_cluster,0.0088
YKL032C,YLR131C,IXR1,ACE2,0.63,0.0063,597,YKL032C_cluster,YKL032C_cluster,YKL032C_cluster,0.0063
YKL032C,YLR176C,IXR1,RFX1,0.84,0.0084,597,YKL032C_cluster,YKL032C_cluster,YKL032C_cluster,0.0084
YKL032C,YLR228C,IXR1,ECM22,1.16,0.0116,597,YKL032C_cluster,YKL032C_cluster,YKL032C_cluster,0.0116
YKL032C,YLR256W,IXR1,HAP1,1.24,0.0124,597,YKL032C_cluster,YKL032C_cluster,YKL032C_cluster,0.0124
YKL032C,YLR266C,IXR1,PDR8,0.33,0.0033,597,YKL032C_cluster,YKL032C_cluster,YKL032C_cluster,0.0033
YKL032C,YLR451W,IXR1,LEU3,0.58,0.0058,597,YKL032C_cluster,YKL032C_cluster,YKL032C_cluster,0.0058
YKL032C,YML007W,IXR1,YAP1,0.97,0.0097,597,YKL032C_cluster,YKL032C_cluster,YKL032C_cluster,0.0097
YKL032C,YML076C,IXR1,WAR1,0.48,0.0048,597,YKL032C_cluster,YKL032C_cluster,YKL032C_cluster,0.0048
YKL032C,YML081W,IXR1,TDA9,0.46,0.0046,597,YKL032C_cluster,YKL032C_cluster,YKL032C_cluster,0.0046
YKL032C,YML099C,IXR1,ARG81,0.14,0.0014,597,YKL032C_cluster,YKL032C_cluster,YKL032C_cluster,0.0014
YKL032C,YMR019W,IXR1,STB4,0.55,0.0055,597,YKL032C_cluster,YKL032C_cluster,YKL032C_cluster,0.0055
YKL032C,YMR021C,IXR1,MAC1,0.11,0.0011,417,YKL032C_cluster,YKL032C_cluster,YKL032C_cluster,0.0011
YKL032C,YMR037C,IXR1,MSN2,1.1,0.011,597,YKL032C_cluster,YKL032C_cluster,YKL032C_cluster,0.011
YKL032C,YMR042W,IXR1,ARG80,0.15,0.0015,177,YKL032C_cluster,YKL032C_cluster,YKL032C_cluster,0.0015
YKL032C,YMR043W,IXR1,MCM1,1.89,0.0189,286,YKL032C_cluster,YKL032C_cluster,YKL032C_cluster,0.0189
YKL032C,YMR070W,IXR1,MOT3,2.94,0.0294,490,YKL032C_cluster,YKL032C_cluster,YKL032C_cluster,0.0294
YKL032C,YMR164C,IXR1,MSS11,2.38,0.0238,597,YKL032C_cluster,YKL032C_cluster,YKL032C_cluster,0.0238
YKL032C,YMR172W,IXR1,HOT1,0.75,0.0075,597,YKL032C_cluster,YKL032C_cluster,YKL032C_cluster,0.0075
YKL032C,YMR280C,IXR1,CAT8,0.58,0.0058,597,YKL032C_cluster,YKL032C_cluster,YKL032C_cluster,0.0058
YKL032C,YNL027W,IXR1,CRZ1,1.22,0.0122,597,YKL032C_cluster,YKL032C_cluster,YKL032C_cluster,0.0122
YKL032C,YNL068C,IXR1,FKH2,1.27,0.0127,597,YKL032C_cluster,YKL032C_cluster,YKL032C_cluster,0.0127
YKL032C,YNL103W,IXR1,MET4,1.21,0.0121,597,YKL032C_cluster,YKL032C_cluster,YKL032C_cluster,0.0121
YKL032C,YNL167C,IXR1,SKO1,1.06,0.0106,597,YKL032C_cluster,YKL032C_cluster,YKL032C_cluster,0.0106
YKL032C,YNL199C,IXR1,GCR2,1.07,0.0107,534,YKL032C_cluster,YKL032C_cluster,YKL032C_cluster,0.0107
YKL032C,YNL216W,IXR1,RAP1,1.15,0.0115,597,YKL032C_cluster,YKL032C_cluster,YKL032C_cluster,0.0115
YKL032C,YNL314W,IXR1,DAL82,0.26,0.0026,255,YKL032C_cluster,YKL032C_cluster,YKL032C_cluster,0.0026
YKL032C,YOL067C,IXR1,RTG1,0.0,0.0,177,YKL032C_cluster,YKL032C_cluster,YKL032C_cluster,0.0
YKL032C,YOL108C,IXR1,INO4,0.3,0.003,151,YKL032C_cluster,YKL032C_cluster,YKL032C_cluster,0.003
YKL032C,YOR028C,IXR1,CIN5,0.12,0.0012,295,YKL032C_cluster,YKL032C_cluster,YKL032C_cluster,0.0012
YKL032C,YOR113W,IXR1,AZF1,1.68,0.0168,597,YKL032C_cluster,YKL032C_cluster,YKL032C_cluster,0.0168
YKL032C,YOR140W,IXR1,SFL1,0.71,0.0071,597,YKL032C_cluster,YKL032C_cluster,YKL032C_cluster,0.0071
YKL032C,YOR162C,IXR1,YRR1,0.46,0.0046,597,YKL032C_cluster,YKL032C_cluster,YKL032C_cluster,0.0046
YKL032C,YOR337W,IXR1,TEA1,0.48,0.0048,597,YKL032C_cluster,YKL032C_cluster,YKL032C_cluster,0.0048
YKL032C,YOR344C,IXR1,TYE7,0.38,0.0038,291,YKL032C_cluster,YKL032C_cluster,YKL032C_cluster,0.0038
YKL032C,YOR358W,IXR1,HAP5,0.53,0.0053,242,YKL032C_cluster,YKL032C_cluster,YKL032C_cluster,0.0053
YKL032C,YOR363C,IXR1,PIP2,0.6,0.006,597,YKL032C_cluster,YKL032C_cluster,YKL032C_cluster,0.006
YKL032C,YPL038W,IXR1,MET31,0.15,0.0015,177,YKL032C_cluster,YKL032C_cluster,YKL032C_cluster,0.0015
YKL032C,YPL075W,IXR1,GCR1,0.86,0.0086,597,YKL032C_cluster,YKL032C_cluster,YKL032C_cluster,0.0086
YKL032C,YPL089C,IXR1,RLM1,1.23,0.0123,597,YKL032C_cluster,YKL032C_cluster,YKL032C_cluster,0.0123
YKL032C,YPL133C,IXR1,RDS2,0.1,0.001,446,YKL032C_cluster,YKL032C_cluster,YKL032C_cluster,0.001
YKL032C,YPL202C,IXR1,AFT2,0.0,0.0,416,YKL032C_cluster,YKL032C_cluster,YKL032C_cluster,0.0
YKL032C,YPL230W,IXR1,USV1,1.49,0.0149,391,YKL032C_cluster,YKL032C_cluster,YKL032C_cluster,0.0149
YKL032C,YPL248C,IXR1,GAL4,0.65,0.0065,597,YKL032C_cluster,YKL032C_cluster,YKL032C_cluster,0.0065
YKL032C,YPR008W,IXR1,HAA1,0.76,0.0076,597,YKL032C_cluster,YKL032C_cluster,YKL032C_cluster,0.0076
YKL032C,YPR065W,IXR1,ROX1,0.81,0.0081,368,YKL032C_cluster,YKL032C_cluster,YKL032C_cluster,0.0081
YKL032C,YPR199C,IXR1,ARR1,0.37,0.0037,294,YKL032C_cluster,YKL032C_cluster,YKL032C_cluster,0.0037
YKL038W,YKL062W,RGT1,MSN4,1.43,0.0143,630,YKL038W_cluster,YKL038W_cluster,YKL038W_cluster,0.0143
YKL038W,YKL109W,RGT1,HAP4,0.89,0.0089,554,YKL038W_cluster,YKL038W_cluster,YKL038W_cluster,0.0089
YKL038W,YKL112W,RGT1,ABF1,1.25,0.0125,731,YKL038W_cluster,YKL038W_cluster,YKL038W_cluster,0.0125
YKL038W,YKL185W,RGT1,ASH1,0.81,0.0081,588,YKL038W_cluster,YKL038W_cluster,YKL038W_cluster,0.0081
YKL038W,YKR034W,RGT1,DAL80,0.42,0.0042,269,YKL038W_cluster,YKL038W_cluster,YKL038W_cluster,0.0042
YKL038W,YKR099W,RGT1,BAS1,0.82,0.0082,811,YKL038W_cluster,YKL038W_cluster,YKL038W_cluster,0.0082
YKL038W,YLR014C,RGT1,PPR1,0.79,0.0079,904,YKL038W_cluster,YKL038W_cluster,YKL038W_cluster,0.0079
YKL038W,YLR098C,RGT1,CHA4,0.96,0.0096,648,YKL038W_cluster,YKL038W_cluster,YKL038W_cluster,0.0096
YKL038W,YLR131C,RGT1,ACE2,0.47,0.0047,770,YKL038W_cluster,YKL038W_cluster,YKL038W_cluster,0.0047
YKL038W,YLR176C,RGT1,RFX1,0.93,0.0093,811,YKL038W_cluster,YKL038W_cluster,YKL038W_cluster,0.0093
YKL038W,YLR228C,RGT1,ECM22,1.4,0.014,814,YKL038W_cluster,YKL038W_cluster,YKL038W_cluster,0.014
YKL038W,YLR256W,RGT1,HAP1,1.95,0.0195,1170,YKL038W_cluster,YKL038W_cluster,YKL038W_cluster,0.0195
YKL038W,YLR266C,RGT1,PDR8,0.76,0.0076,701,YKL038W_cluster,YKL038W_cluster,YKL038W_cluster,0.0076
YKL038W,YLR451W,RGT1,LEU3,0.74,0.0074,886,YKL038W_cluster,YKL038W_cluster,YKL038W_cluster,0.0074
YKL038W,YML007W,RGT1,YAP1,0.68,0.0068,650,YKL038W_cluster,YKL038W_cluster,YKL038W_cluster,0.0068
YKL038W,YML076C,RGT1,WAR1,0.77,0.0077,944,YKL038W_cluster,YKL038W_cluster,YKL038W_cluster,0.0077
YKL038W,YML081W,RGT1,TDA9,1.27,0.0127,1170,YKL038W_cluster,YKL038W_cluster,YKL038W_cluster,0.0127
YKL038W,YML099C,RGT1,ARG81,0.7,0.007,880,YKL038W_cluster,YKL038W_cluster,YKL038W_cluster,0.007
YKL038W,YMR019W,RGT1,STB4,0.58,0.0058,949,YKL038W_cluster,YKL038W_cluster,YKL038W_cluster,0.0058
YKL038W,YMR021C,RGT1,MAC1,0.32,0.0032,417,YKL038W_cluster,YKL038W_cluster,YKL038W_cluster,0.0032
YKL038W,YMR037C,RGT1,MSN2,0.99,0.0099,704,YKL038W_cluster,YKL038W_cluster,YKL038W_cluster,0.0099
YKL038W,YMR042W,RGT1,ARG80,0.38,0.0038,177,YKL038W_cluster,YKL038W_cluster,YKL038W_cluster,0.0038
YKL038W,YMR043W,RGT1,MCM1,0.87,0.0087,286,YKL038W_cluster,YKL038W_cluster,YKL038W_cluster,0.0087
YKL038W,YMR070W,RGT1,MOT3,1.34,0.0134,490,YKL038W_cluster,YKL038W_cluster,YKL038W_cluster,0.0134
YKL038W,YMR164C,RGT1,MSS11,1.1,0.011,758,YKL038W_cluster,YKL038W_cluster,YKL038W_cluster,0.011
YKL038W,YMR172W,RGT1,HOT1,1.14,0.0114,719,YKL038W_cluster,YKL038W_cluster,YKL038W_cluster,0.0114
YKL038W,YMR280C,RGT1,CAT8,1.39,0.0139,1170,YKL038W_cluster,YKL038W_cluster,YKL038W_cluster,0.0139
YKL038W,YNL027W,RGT1,CRZ1,1.52,0.0152,678,YKL038W_cluster,YKL038W_cluster,YKL038W_cluster,0.0152
YKL038W,YNL068C,RGT1,FKH2,1.32,0.0132,862,YKL038W_cluster,YKL038W_cluster,YKL038W_cluster,0.0132
YKL038W,YNL103W,RGT1,MET4,1.06,0.0106,672,YKL038W_cluster,YKL038W_cluster,YKL038W_cluster,0.0106
YKL038W,YNL167C,RGT1,SKO1,1.37,0.0137,647,YKL038W_cluster,YKL038W_cluster,YKL038W_cluster,0.0137
YKL038W,YNL199C,RGT1,GCR2,1.26,0.0126,534,YKL038W_cluster,YKL038W_cluster,YKL038W_cluster,0.0126
YKL038W,YNL216W,RGT1,RAP1,0.77,0.0077,827,YKL038W_cluster,YKL038W_cluster,YKL038W_cluster,0.0077
YKL038W,YNL314W,RGT1,DAL82,0.36,0.0036,255,YKL038W_cluster,YKL038W_cluster,YKL038W_cluster,0.0036
YKL038W,YOL067C,RGT1,RTG1,0.53,0.0053,177,YKL038W_cluster,YKL038W_cluster,YKL038W_cluster,0.0053
YKL038W,YOL108C,RGT1,INO4,0.08,0.0008,151,YKL038W_cluster,YKL038W_cluster,YKL038W_cluster,0.0008
YKL038W,YOR028C,RGT1,CIN5,0.49,0.0049,295,YKL038W_cluster,YKL038W_cluster,YKL038W_cluster,0.0049
YKL038W,YOR113W,RGT1,AZF1,1.19,0.0119,914,YKL038W_cluster,YKL038W_cluster,YKL038W_cluster,0.0119
YKL038W,YOR140W,RGT1,SFL1,1.27,0.0127,766,YKL038W_cluster,YKL038W_cluster,YKL038W_cluster,0.0127
YKL038W,YOR162C,RGT1,YRR1,0.72,0.0072,810,YKL038W_cluster,YKL038W_cluster,YKL038W_cluster,0.0072
YKL038W,YOR337W,RGT1,TEA1,0.74,0.0074,759,YKL038W_cluster,YKL038W_cluster,YKL038W_cluster,0.0074
YKL038W,YOR344C,RGT1,TYE7,0.49,0.0049,291,YKL038W_cluster,YKL038W_cluster,YKL038W_cluster,0.0049
YKL038W,YOR358W,RGT1,HAP5,0.36,0.0036,242,YKL038W_cluster,YKL038W_cluster,YKL038W_cluster,0.0036
YKL038W,YOR363C,RGT1,PIP2,0.61,0.0061,996,YKL038W_cluster,YKL038W_cluster,YKL038W_cluster,0.0061
YKL038W,YPL038W,RGT1,MET31,0.23,0.0023,177,YKL038W_cluster,YKL038W_cluster,YKL038W_cluster,0.0023
YKL038W,YPL075W,RGT1,GCR1,0.89,0.0089,785,YKL038W_cluster,YKL038W_cluster,YKL038W_cluster,0.0089
YKL038W,YPL089C,RGT1,RLM1,1.75,0.0175,676,YKL038W_cluster,YKL038W_cluster,YKL038W_cluster,0.0175
YKL038W,YPL133C,RGT1,RDS2,0.31,0.0031,446,YKL038W_cluster,YKL038W_cluster,YKL038W_cluster,0.0031
YKL038W,YPL202C,RGT1,AFT2,0.38,0.0038,416,YKL038W_cluster,YKL038W_cluster,YKL038W_cluster,0.0038
YKL038W,YPL230W,RGT1,USV1,0.79,0.0079,391,YKL038W_cluster,YKL038W_cluster,YKL038W_cluster,0.0079
YKL038W,YPL248C,RGT1,GAL4,1.0,0.01,881,YKL038W_cluster,YKL038W_cluster,YKL038W_cluster,0.01
YKL038W,YPR008W,RGT1,HAA1,1.1,0.011,694,YKL038W_cluster,YKL038W_cluster,YKL038W_cluster,0.011
YKL038W,YPR065W,RGT1,ROX1,0.87,0.0087,368,YKL038W_cluster,YKL038W_cluster,YKL038W_cluster,0.0087
YKL038W,YPR199C,RGT1,ARR1,0.7,0.007,294,YKL038W_cluster,YKL038W_cluster,YKL038W_cluster,0.007
YKL062W,YKL109W,MSN4,HAP4,1.13,0.0113,554,YKL062W_cluster,YKL062W_cluster,YKL062W_cluster,0.0113
YKL062W,YKL112W,MSN4,ABF1,0.91,0.0091,630,YKL062W_cluster,YKL062W_cluster,YKL062W_cluster,0.0091
YKL062W,YKL185W,MSN4,ASH1,0.42,0.0042,588,YKL062W_cluster,YKL062W_cluster,YKL062W_cluster,0.0042
YKL062W,YKR034W,MSN4,DAL80,0.8,0.008,269,YKL062W_cluster,YKL062W_cluster,YKL062W_cluster,0.008
YKL062W,YKR099W,MSN4,BAS1,0.92,0.0092,630,YKL062W_cluster,YKL062W_cluster,YKL062W_cluster,0.0092
YKL062W,YLR014C,MSN4,PPR1,0.46,0.0046,630,YKL062W_cluster,YKL062W_cluster,YKL062W_cluster,0.0046
YKL062W,YLR098C,MSN4,CHA4,0.72,0.0072,630,YKL062W_cluster,YKL062W_cluster,YKL062W_cluster,0.0072
YKL062W,YLR131C,MSN4,ACE2,1.02,0.0102,630,YKL062W_cluster,YKL062W_cluster,YKL062W_cluster,0.0102
YKL062W,YLR176C,MSN4,RFX1,1.28,0.0128,630,YKL062W_cluster,YKL062W_cluster,YKL062W_cluster,0.0128
YKL062W,YLR228C,MSN4,ECM22,1.29,0.0129,630,YKL062W_cluster,YKL062W_cluster,YKL062W_cluster,0.0129
YKL062W,YLR256W,MSN4,HAP1,1.37,0.0137,630,YKL062W_cluster,YKL062W_cluster,YKL062W_cluster,0.0137
YKL062W,YLR266C,MSN4,PDR8,0.69,0.0069,630,YKL062W_cluster,YKL062W_cluster,YKL062W_cluster,0.0069
YKL062W,YLR451W,MSN4,LEU3,0.47,0.0047,630,YKL062W_cluster,YKL062W_cluster,YKL062W_cluster,0.0047
YKL062W,YML007W,MSN4,YAP1,0.56,0.0056,630,YKL062W_cluster,YKL062W_cluster,YKL062W_cluster,0.0056
YKL062W,YML076C,MSN4,WAR1,0.71,0.0071,630,YKL062W_cluster,YKL062W_cluster,YKL062W_cluster,0.0071
YKL062W,YML081W,MSN4,TDA9,1.14,0.0114,630,YKL062W_cluster,YKL062W_cluster,YKL062W_cluster,0.0114
YKL062W,YML099C,MSN4,ARG81,1.02,0.0102,630,YKL062W_cluster,YKL062W_cluster,YKL062W_cluster,0.0102
YKL062W,YMR019W,MSN4,STB4,0.39,0.0039,630,YKL062W_cluster,YKL062W_cluster,YKL062W_cluster,0.0039
YKL062W,YMR021C,MSN4,MAC1,0.49,0.0049,417,YKL062W_cluster,YKL062W_cluster,YKL062W_cluster,0.0049
YKL062W,YMR037C,MSN4,MSN2,4.65,0.0465,630,YKL062W_cluster,YKL062W_cluster,YKL062W_cluster,0.0465
YKL062W,YMR042W,MSN4,ARG80,0.25,0.0025,177,YKL062W_cluster,YKL062W_cluster,YKL062W_cluster,0.0025
YKL062W,YMR043W,MSN4,MCM1,0.12,0.0012,286,YKL062W_cluster,YKL062W_cluster,YKL062W_cluster,0.0012
YKL062W,YMR070W,MSN4,MOT3,1.25,0.0125,490,YKL062W_cluster,YKL062W_cluster,YKL062W_cluster,0.0125
YKL062W,YMR164C,MSN4,MSS11,1.31,0.0131,630,YKL062W_cluster,YKL062W_cluster,YKL062W_cluster,0.0131
YKL062W,YMR172W,MSN4,HOT1,0.69,0.0069,630,YKL062W_cluster,YKL062W_cluster,YKL062W_cluster,0.0069
YKL062W,YMR280C,MSN4,CAT8,0.7,0.007,630,YKL062W_cluster,YKL062W_cluster,YKL062W_cluster,0.007
YKL062W,YNL027W,MSN4,CRZ1,1.36,0.0136,630,YKL062W_cluster,YKL062W_cluster,YKL062W_cluster,0.0136
YKL062W,YNL068C,MSN4,FKH2,1.25,0.0125,630,YKL062W_cluster,YKL062W_cluster,YKL062W_cluster,0.0125
YKL062W,YNL103W,MSN4,MET4,1.76,0.0176,630,YKL062W_cluster,YKL062W_cluster,YKL062W_cluster,0.0176
YKL062W,YNL167C,MSN4,SKO1,1.55,0.0155,630,YKL062W_cluster,YKL062W_cluster,YKL062W_cluster,0.0155
YKL062W,YNL199C,MSN4,GCR2,0.79,0.0079,534,YKL062W_cluster,YKL062W_cluster,YKL062W_cluster,0.0079
YKL062W,YNL216W,MSN4,RAP1,0.42,0.0042,630,YKL062W_cluster,YKL062W_cluster,YKL062W_cluster,0.0042
YKL062W,YNL314W,MSN4,DAL82,0.23,0.0023,255,YKL062W_cluster,YKL062W_cluster,YKL062W_cluster,0.0023
YKL062W,YOL067C,MSN4,RTG1,0.0,0.0,177,YKL062W_cluster,YKL062W_cluster,YKL062W_cluster,0.0
YKL062W,YOL108C,MSN4,INO4,0.13,0.0013,151,YKL062W_cluster,YKL062W_cluster,YKL062W_cluster,0.0013
YKL062W,YOR028C,MSN4,CIN5,0.66,0.0066,295,YKL062W_cluster,YKL062W_cluster,YKL062W_cluster,0.0066
YKL062W,YOR113W,MSN4,AZF1,1.83,0.0183,630,YKL062W_cluster,YKL062W_cluster,YKL062W_cluster,0.0183
YKL062W,YOR140W,MSN4,SFL1,1.63,0.0163,630,YKL062W_cluster,YKL062W_cluster,YKL062W_cluster,0.0163
YKL062W,YOR162C,MSN4,YRR1,0.42,0.0042,630,YKL062W_cluster,YKL062W_cluster,YKL062W_cluster,0.0042
YKL062W,YOR337W,MSN4,TEA1,0.59,0.0059,630,YKL062W_cluster,YKL062W_cluster,YKL062W_cluster,0.0059
YKL062W,YOR344C,MSN4,TYE7,0.78,0.0078,291,YKL062W_cluster,YKL062W_cluster,YKL062W_cluster,0.0078
YKL062W,YOR358W,MSN4,HAP5,0.0,0.0,242,YKL062W_cluster,YKL062W_cluster,YKL062W_cluster,0.0
YKL062W,YOR363C,MSN4,PIP2,0.56,0.0056,630,YKL062W_cluster,YKL062W_cluster,YKL062W_cluster,0.0056
YKL062W,YPL038W,MSN4,MET31,0.51,0.0051,177,YKL062W_cluster,YKL062W_cluster,YKL062W_cluster,0.0051
YKL062W,YPL075W,MSN4,GCR1,1.16,0.0116,630,YKL062W_cluster,YKL062W_cluster,YKL062W_cluster,0.0116
YKL062W,YPL089C,MSN4,RLM1,1.12,0.0112,630,YKL062W_cluster,YKL062W_cluster,YKL062W_cluster,0.0112
YKL062W,YPL133C,MSN4,RDS2,0.47,0.0047,446,YKL062W_cluster,YKL062W_cluster,YKL062W_cluster,0.0047
YKL062W,YPL202C,MSN4,AFT2,0.29,0.0029,416,YKL062W_cluster,YKL062W_cluster,YKL062W_cluster,0.0029
YKL062W,YPL230W,MSN4,USV1,0.81,0.0081,391,YKL062W_cluster,YKL062W_cluster,YKL062W_cluster,0.0081
YKL062W,YPL248C,MSN4,GAL4,1.36,0.0136,630,YKL062W_cluster,YKL062W_cluster,YKL062W_cluster,0.0136
YKL062W,YPR008W,MSN4,HAA1,0.62,0.0062,630,YKL062W_cluster,YKL062W_cluster,YKL062W_cluster,0.0062
YKL062W,YPR065W,MSN4,ROX1,0.93,0.0093,368,YKL062W_cluster,YKL062W_cluster,YKL062W_cluster,0.0093
YKL062W,YPR199C,MSN4,ARR1,0.44,0.0044,294,YKL062W_cluster,YKL062W_cluster,YKL062W_cluster,0.0044
YKL109W,YKL112W,HAP4,ABF1,2.45,0.0245,554,YKL109W_cluster,YKL109W_cluster,YKL109W_cluster,0.0245
YKL109W,YKL185W,HAP4,ASH1,1.08,0.0108,554,YKL109W_cluster,YKL109W_cluster,YKL109W_cluster,0.0108
YKL109W,YKR034W,HAP4,DAL80,0.75,0.0075,269,YKL109W_cluster,YKL109W_cluster,YKL109W_cluster,0.0075
YKL109W,YKR099W,HAP4,BAS1,1.36,0.0136,554,YKL109W_cluster,YKL109W_cluster,YKL109W_cluster,0.0136
YKL109W,YLR014C,HAP4,PPR1,0.49,0.0049,554,YKL109W_cluster,YKL109W_cluster,YKL109W_cluster,0.0049
YKL109W,YLR098C,HAP4,CHA4,0.43,0.0043,554,YKL109W_cluster,YKL109W_cluster,YKL109W_cluster,0.0043
YKL109W,YLR131C,HAP4,ACE2,0.93,0.0093,554,YKL109W_cluster,YKL109W_cluster,YKL109W_cluster,0.0093
YKL109W,YLR176C,HAP4,RFX1,0.75,0.0075,554,YKL109W_cluster,YKL109W_cluster,YKL109W_cluster,0.0075
YKL109W,YLR228C,HAP4,ECM22,0.83,0.0083,554,YKL109W_cluster,YKL109W_cluster,YKL109W_cluster,0.0083
YKL109W,YLR256W,HAP4,HAP1,1.11,0.0111,554,YKL109W_cluster,YKL109W_cluster,YKL109W_cluster,0.0111
YKL109W,YLR266C,HAP4,PDR8,0.57,0.0057,554,YKL109W_cluster,YKL109W_cluster,YKL109W_cluster,0.0057
YKL109W,YLR451W,HAP4,LEU3,0.35,0.0035,554,YKL109W_cluster,YKL109W_cluster,YKL109W_cluster,0.0035
YKL109W,YML007W,HAP4,YAP1,0.86,0.0086,554,YKL109W_cluster,YKL109W_cluster,YKL109W_cluster,0.0086
YKL109W,YML076C,HAP4,WAR1,0.61,0.0061,554,YKL109W_cluster,YKL109W_cluster,YKL109W_cluster,0.0061
YKL109W,YML081W,HAP4,TDA9,1.08,0.0108,554,YKL109W_cluster,YKL109W_cluster,YKL109W_cluster,0.0108
YKL109W,YML099C,HAP4,ARG81,1.0,0.01,554,YKL109W_cluster,YKL109W_cluster,YKL109W_cluster,0.01
YKL109W,YMR019W,HAP4,STB4,0.75,0.0075,554,YKL109W_cluster,YKL109W_cluster,YKL109W_cluster,0.0075
YKL109W,YMR021C,HAP4,MAC1,0.63,0.0063,417,YKL109W_cluster,YKL109W_cluster,YKL109W_cluster,0.0063
YKL109W,YMR037C,HAP4,MSN2,1.49,0.0149,554,YKL109W_cluster,YKL109W_cluster,YKL109W_cluster,0.0149
YKL109W,YMR042W,HAP4,ARG80,0.56,0.0056,177,YKL109W_cluster,YKL109W_cluster,YKL109W_cluster,0.0056
YKL109W,YMR043W,HAP4,MCM1,0.13,0.0013,286,YKL109W_cluster,YKL109W_cluster,YKL109W_cluster,0.0013
YKL109W,YMR070W,HAP4,MOT3,1.99,0.0199,490,YKL109W_cluster,YKL109W_cluster,YKL109W_cluster,0.0199
YKL109W,YMR164C,HAP4,MSS11,1.15,0.0115,554,YKL109W_cluster,YKL109W_cluster,YKL109W_cluster,0.0115
YKL109W,YMR172W,HAP4,HOT1,0.4,0.004,554,YKL109W_cluster,YKL109W_cluster,YKL109W_cluster,0.004
YKL109W,YMR280C,HAP4,CAT8,0.73,0.0073,554,YKL109W_cluster,YKL109W_cluster,YKL109W_cluster,0.0073
YKL109W,YNL027W,HAP4,CRZ1,1.45,0.0145,554,YKL109W_cluster,YKL109W_cluster,YKL109W_cluster,0.0145
YKL109W,YNL068C,HAP4,FKH2,1.09,0.0109,554,YKL109W_cluster,YKL109W_cluster,YKL109W_cluster,0.0109
YKL109W,YNL103W,HAP4,MET4,1.1,0.011,554,YKL109W_cluster,YKL109W_cluster,YKL109W_cluster,0.011
YKL109W,YNL167C,HAP4,SKO1,1.48,0.0148,554,YKL109W_cluster,YKL109W_cluster,YKL109W_cluster,0.0148
YKL109W,YNL199C,HAP4,GCR2,0.47,0.0047,534,YKL109W_cluster,YKL109W_cluster,YKL109W_cluster,0.0047
YKL109W,YNL216W,HAP4,RAP1,0.82,0.0082,554,YKL109W_cluster,YKL109W_cluster,YKL109W_cluster,0.0082
YKL109W,YNL314W,HAP4,DAL82,0.76,0.0076,255,YKL109W_cluster,YKL109W_cluster,YKL109W_cluster,0.0076
YKL109W,YOL067C,HAP4,RTG1,0.28,0.0028,177,YKL109W_cluster,YKL109W_cluster,YKL109W_cluster,0.0028
YKL109W,YOL108C,HAP4,INO4,0.44,0.0044,151,YKL109W_cluster,YKL109W_cluster,YKL109W_cluster,0.0044
YKL109W,YOR028C,HAP4,CIN5,0.48,0.0048,295,YKL109W_cluster,YKL109W_cluster,YKL109W_cluster,0.0048
YKL109W,YOR113W,HAP4,AZF1,1.93,0.0193,554,YKL109W_cluster,YKL109W_cluster,YKL109W_cluster,0.0193
YKL109W,YOR140W,HAP4,SFL1,1.49,0.0149,554,YKL109W_cluster,YKL109W_cluster,YKL109W_cluster,0.0149
YKL109W,YOR162C,HAP4,YRR1,0.52,0.0052,554,YKL109W_cluster,YKL109W_cluster,YKL109W_cluster,0.0052
YKL109W,YOR337W,HAP4,TEA1,0.54,0.0054,554,YKL109W_cluster,YKL109W_cluster,YKL109W_cluster,0.0054
YKL109W,YOR344C,HAP4,TYE7,0.85,0.0085,291,YKL109W_cluster,YKL109W_cluster,YKL109W_cluster,0.0085
YKL109W,YOR358W,HAP4,HAP5,0.26,0.0026,242,YKL109W_cluster,YKL109W_cluster,YKL109W_cluster,0.0026
YKL109W,YOR363C,HAP4,PIP2,0.72,0.0072,554,YKL109W_cluster,YKL109W_cluster,YKL109W_cluster,0.0072
YKL109W,YPL038W,HAP4,MET31,0.28,0.0028,177,YKL109W_cluster,YKL109W_cluster,YKL109W_cluster,0.0028
YKL109W,YPL075W,HAP4,GCR1,0.84,0.0084,554,YKL109W_cluster,YKL109W_cluster,YKL109W_cluster,0.0084
YKL109W,YPL089C,HAP4,RLM1,1.98,0.0198,554,YKL109W_cluster,YKL109W_cluster,YKL109W_cluster,0.0198
YKL109W,YPL133C,HAP4,RDS2,0.71,0.0071,446,YKL109W_cluster,YKL109W_cluster,YKL109W_cluster,0.0071
YKL109W,YPL202C,HAP4,AFT2,0.74,0.0074,416,YKL109W_cluster,YKL109W_cluster,YKL109W_cluster,0.0074
YKL109W,YPL230W,HAP4,USV1,1.89,0.0189,391,YKL109W_cluster,YKL109W_cluster,YKL109W_cluster,0.0189
YKL109W,YPL248C,HAP4,GAL4,0.64,0.0064,554,YKL109W_cluster,YKL109W_cluster,YKL109W_cluster,0.0064
YKL109W,YPR008W,HAP4,HAA1,1.4,0.014,554,YKL109W_cluster,YKL109W_cluster,YKL109W_cluster,0.014
YKL109W,YPR065W,HAP4,ROX1,1.47,0.0147,368,YKL109W_cluster,YKL109W_cluster,YKL109W_cluster,0.0147
YKL109W,YPR199C,HAP4,ARR1,0.48,0.0048,294,YKL109W_cluster,YKL109W_cluster,YKL109W_cluster,0.0048
YKL112W,YKL185W,ABF1,ASH1,0.47,0.0047,588,YKL112W_cluster,YKL112W_cluster,YKL112W_cluster,0.0047
YKL112W,YKR034W,ABF1,DAL80,0.51,0.0051,269,YKL112W_cluster,YKL112W_cluster,YKL112W_cluster,0.0051
YKL112W,YKR099W,ABF1,BAS1,0.67,0.0067,731,YKL112W_cluster,YKL112W_cluster,YKL112W_cluster,0.0067
YKL112W,YLR014C,ABF1,PPR1,0.38,0.0038,731,YKL112W_cluster,YKL112W_cluster,YKL112W_cluster,0.0038
YKL112W,YLR098C,ABF1,CHA4,0.75,0.0075,648,YKL112W_cluster,YKL112W_cluster,YKL112W_cluster,0.0075
YKL112W,YLR131C,ABF1,ACE2,1.24,0.0124,731,YKL112W_cluster,YKL112W_cluster,YKL112W_cluster,0.0124
YKL112W,YLR176C,ABF1,RFX1,0.8,0.008,731,YKL112W_cluster,YKL112W_cluster,YKL112W_cluster,0.008
YKL112W,YLR228C,ABF1,ECM22,1.0,0.01,731,YKL112W_cluster,YKL112W_cluster,YKL112W_cluster,0.01
YKL112W,YLR256W,ABF1,HAP1,0.93,0.0093,731,YKL112W_cluster,YKL112W_cluster,YKL112W_cluster,0.0093
YKL112W,YLR266C,ABF1,PDR8,0.5,0.005,701,YKL112W_cluster,YKL112W_cluster,YKL112W_cluster,0.005
YKL112W,YLR451W,ABF1,LEU3,0.25,0.0025,731,YKL112W_cluster,YKL112W_cluster,YKL112W_cluster,0.0025
YKL112W,YML007W,ABF1,YAP1,0.9,0.009,650,YKL112W_cluster,YKL112W_cluster,YKL112W_cluster,0.009
YKL112W,YML076C,ABF1,WAR1,0.3,0.003,731,YKL112W_cluster,YKL112W_cluster,YKL112W_cluster,0.003
YKL112W,YML081W,ABF1,TDA9,1.09,0.0109,731,YKL112W_cluster,YKL112W_cluster,YKL112W_cluster,0.0109
YKL112W,YML099C,ABF1,ARG81,0.96,0.0096,731,YKL112W_cluster,YKL112W_cluster,YKL112W_cluster,0.0096
YKL112W,YMR019W,ABF1,STB4,0.73,0.0073,731,YKL112W_cluster,YKL112W_cluster,YKL112W_cluster,0.0073
YKL112W,YMR021C,ABF1,MAC1,0.36,0.0036,417,YKL112W_cluster,YKL112W_cluster,YKL112W_cluster,0.0036
YKL112W,YMR037C,ABF1,MSN2,1.01,0.0101,704,YKL112W_cluster,YKL112W_cluster,YKL112W_cluster,0.0101
YKL112W,YMR042W,ABF1,ARG80,0.23,0.0023,177,YKL112W_cluster,YKL112W_cluster,YKL112W_cluster,0.0023
YKL112W,YMR043W,ABF1,MCM1,0.21,0.0021,286,YKL112W_cluster,YKL112W_cluster,YKL112W_cluster,0.0021
YKL112W,YMR070W,ABF1,MOT3,2.7,0.027,490,YKL112W_cluster,YKL112W_cluster,YKL112W_cluster,0.027
YKL112W,YMR164C,ABF1,MSS11,0.86,0.0086,731,YKL112W_cluster,YKL112W_cluster,YKL112W_cluster,0.0086
YKL112W,YMR172W,ABF1,HOT1,0.64,0.0064,719,YKL112W_cluster,YKL112W_cluster,YKL112W_cluster,0.0064
YKL112W,YMR280C,ABF1,CAT8,0.81,0.0081,731,YKL112W_cluster,YKL112W_cluster,YKL112W_cluster,0.0081
YKL112W,YNL027W,ABF1,CRZ1,1.42,0.0142,678,YKL112W_cluster,YKL112W_cluster,YKL112W_cluster,0.0142
YKL112W,YNL068C,ABF1,FKH2,0.91,0.0091,731,YKL112W_cluster,YKL112W_cluster,YKL112W_cluster,0.0091
YKL112W,YNL103W,ABF1,MET4,1.56,0.0156,672,YKL112W_cluster,YKL112W_cluster,YKL112W_cluster,0.0156
YKL112W,YNL167C,ABF1,SKO1,1.13,0.0113,647,YKL112W_cluster,YKL112W_cluster,YKL112W_cluster,0.0113
YKL112W,YNL199C,ABF1,GCR2,1.14,0.0114,534,YKL112W_cluster,YKL112W_cluster,YKL112W_cluster,0.0114
YKL112W,YNL216W,ABF1,RAP1,1.2,0.012,731,YKL112W_cluster,YKL112W_cluster,YKL112W_cluster,0.012
YKL112W,YNL314W,ABF1,DAL82,0.42,0.0042,255,YKL112W_cluster,YKL112W_cluster,YKL112W_cluster,0.0042
YKL112W,YOL067C,ABF1,RTG1,0.11,0.0011,177,YKL112W_cluster,YKL112W_cluster,YKL112W_cluster,0.0011
YKL112W,YOL108C,ABF1,INO4,0.47,0.0047,151,YKL112W_cluster,YKL112W_cluster,YKL112W_cluster,0.0047
YKL112W,YOR028C,ABF1,CIN5,0.7,0.007,295,YKL112W_cluster,YKL112W_cluster,YKL112W_cluster,0.007
YKL112W,YOR113W,ABF1,AZF1,1.85,0.0185,731,YKL112W_cluster,YKL112W_cluster,YKL112W_cluster,0.0185
YKL112W,YOR140W,ABF1,SFL1,0.76,0.0076,731,YKL112W_cluster,YKL112W_cluster,YKL112W_cluster,0.0076
YKL112W,YOR162C,ABF1,YRR1,0.4,0.004,731,YKL112W_cluster,YKL112W_cluster,YKL112W_cluster,0.004
YKL112W,YOR337W,ABF1,TEA1,0.76,0.0076,731,YKL112W_cluster,YKL112W_cluster,YKL112W_cluster,0.0076
YKL112W,YOR344C,ABF1,TYE7,0.91,0.0091,291,YKL112W_cluster,YKL112W_cluster,YKL112W_cluster,0.0091
YKL112W,YOR358W,ABF1,HAP5,0.11,0.0011,242,YKL112W_cluster,YKL112W_cluster,YKL112W_cluster,0.0011
YKL112W,YOR363C,ABF1,PIP2,0.71,0.0071,731,YKL112W_cluster,YKL112W_cluster,YKL112W_cluster,0.0071
YKL112W,YPL038W,ABF1,MET31,0.23,0.0023,177,YKL112W_cluster,YKL112W_cluster,YKL112W_cluster,0.0023
YKL112W,YPL075W,ABF1,GCR1,0.68,0.0068,731,YKL112W_cluster,YKL112W_cluster,YKL112W_cluster,0.0068
YKL112W,YPL089C,ABF1,RLM1,1.81,0.0181,676,YKL112W_cluster,YKL112W_cluster,YKL112W_cluster,0.0181
YKL112W,YPL133C,ABF1,RDS2,0.52,0.0052,446,YKL112W_cluster,YKL112W_cluster,YKL112W_cluster,0.0052
YKL112W,YPL202C,ABF1,AFT2,0.54,0.0054,416,YKL112W_cluster,YKL112W_cluster,YKL112W_cluster,0.0054
YKL112W,YPL230W,ABF1,USV1,1.31,0.0131,391,YKL112W_cluster,YKL112W_cluster,YKL112W_cluster,0.0131
YKL112W,YPL248C,ABF1,GAL4,1.02,0.0102,731,YKL112W_cluster,YKL112W_cluster,YKL112W_cluster,0.0102
YKL112W,YPR008W,ABF1,HAA1,1.16,0.0116,694,YKL112W_cluster,YKL112W_cluster,YKL112W_cluster,0.0116
YKL112W,YPR065W,ABF1,ROX1,0.95,0.0095,368,YKL112W_cluster,YKL112W_cluster,YKL112W_cluster,0.0095
YKL112W,YPR199C,ABF1,ARR1,0.2,0.002,294,YKL112W_cluster,YKL112W_cluster,YKL112W_cluster,0.002
YKL185W,YKR034W,ASH1,DAL80,0.48,0.0048,269,YKL185W_cluster,YKL185W_cluster,YKL185W_cluster,0.0048
YKL185W,YKR099W,ASH1,BAS1,0.15,0.0015,588,YKL185W_cluster,YKL185W_cluster,YKL185W_cluster,0.0015
YKL185W,YLR014C,ASH1,PPR1,0.75,0.0075,588,YKL185W_cluster,YKL185W_cluster,YKL185W_cluster,0.0075
YKL185W,YLR098C,ASH1,CHA4,0.25,0.0025,588,YKL185W_cluster,YKL185W_cluster,YKL185W_cluster,0.0025
YKL185W,YLR131C,ASH1,ACE2,0.91,0.0091,588,YKL185W_cluster,YKL185W_cluster,YKL185W_cluster,0.0091
YKL185W,YLR176C,ASH1,RFX1,0.95,0.0095,588,YKL185W_cluster,YKL185W_cluster,YKL185W_cluster,0.0095
YKL185W,YLR228C,ASH1,ECM22,1.63,0.0163,588,YKL185W_cluster,YKL185W_cluster,YKL185W_cluster,0.0163
YKL185W,YLR256W,ASH1,HAP1,0.79,0.0079,588,YKL185W_cluster,YKL185W_cluster,YKL185W_cluster,0.0079
YKL185W,YLR266C,ASH1,PDR8,0.55,0.0055,588,YKL185W_cluster,YKL185W_cluster,YKL185W_cluster,0.0055
YKL185W,YLR451W,ASH1,LEU3,0.83,0.0083,588,YKL185W_cluster,YKL185W_cluster,YKL185W_cluster,0.0083
YKL185W,YML007W,ASH1,YAP1,0.58,0.0058,588,YKL185W_cluster,YKL185W_cluster,YKL185W_cluster,0.0058
YKL185W,YML076C,ASH1,WAR1,0.6,0.006,588,YKL185W_cluster,YKL185W_cluster,YKL185W_cluster,0.006
YKL185W,YML081W,ASH1,TDA9,0.61,0.0061,588,YKL185W_cluster,YKL185W_cluster,YKL185W_cluster,0.0061
YKL185W,YML099C,ASH1,ARG81,0.56,0.0056,588,YKL185W_cluster,YKL185W_cluster,YKL185W_cluster,0.0056
YKL185W,YMR019W,ASH1,STB4,0.6,0.006,588,YKL185W_cluster,YKL185W_cluster,YKL185W_cluster,0.006
YKL185W,YMR021C,ASH1,MAC1,0.51,0.0051,417,YKL185W_cluster,YKL185W_cluster,YKL185W_cluster,0.0051
YKL185W,YMR037C,ASH1,MSN2,1.04,0.0104,588,YKL185W_cluster,YKL185W_cluster,YKL185W_cluster,0.0104
YKL185W,YMR042W,ASH1,ARG80,0.4,0.004,177,YKL185W_cluster,YKL185W_cluster,YKL185W_cluster,0.004
YKL185W,YMR043W,ASH1,MCM1,0.62,0.0062,286,YKL185W_cluster,YKL185W_cluster,YKL185W_cluster,0.0062
YKL185W,YMR070W,ASH1,MOT3,0.6,0.006,490,YKL185W_cluster,YKL185W_cluster,YKL185W_cluster,0.006
YKL185W,YMR164C,ASH1,MSS11,1.04,0.0104,588,YKL185W_cluster,YKL185W_cluster,YKL185W_cluster,0.0104
YKL185W,YMR172W,ASH1,HOT1,1.11,0.0111,588,YKL185W_cluster,YKL185W_cluster,YKL185W_cluster,0.0111
YKL185W,YMR280C,ASH1,CAT8,0.87,0.0087,588,YKL185W_cluster,YKL185W_cluster,YKL185W_cluster,0.0087
YKL185W,YNL027W,ASH1,CRZ1,1.67,0.0167,588,YKL185W_cluster,YKL185W_cluster,YKL185W_cluster,0.0167
YKL185W,YNL068C,ASH1,FKH2,1.21,0.0121,588,YKL185W_cluster,YKL185W_cluster,YKL185W_cluster,0.0121
YKL185W,YNL103W,ASH1,MET4,0.74,0.0074,588,YKL185W_cluster,YKL185W_cluster,YKL185W_cluster,0.0074
YKL185W,YNL167C,ASH1,SKO1,1.35,0.0135,588,YKL185W_cluster,YKL185W_cluster,YKL185W_cluster,0.0135
YKL185W,YNL199C,ASH1,GCR2,1.01,0.0101,534,YKL185W_cluster,YKL185W_cluster,YKL185W_cluster,0.0101
YKL185W,YNL216W,ASH1,RAP1,0.73,0.0073,588,YKL185W_cluster,YKL185W_cluster,YKL185W_cluster,0.0073
YKL185W,YNL314W,ASH1,DAL82,0.12,0.0012,255,YKL185W_cluster,YKL185W_cluster,YKL185W_cluster,0.0012
YKL185W,YOL067C,ASH1,RTG1,0.27,0.0027,177,YKL185W_cluster,YKL185W_cluster,YKL185W_cluster,0.0027
YKL185W,YOL108C,ASH1,INO4,0.0,0.0,151,YKL185W_cluster,YKL185W_cluster,YKL185W_cluster,0.0
YKL185W,YOR028C,ASH1,CIN5,0.35,0.0035,295,YKL185W_cluster,YKL185W_cluster,YKL185W_cluster,0.0035
YKL185W,YOR113W,ASH1,AZF1,0.55,0.0055,588,YKL185W_cluster,YKL185W_cluster,YKL185W_cluster,0.0055
YKL185W,YOR140W,ASH1,SFL1,0.53,0.0053,588,YKL185W_cluster,YKL185W_cluster,YKL185W_cluster,0.0053
YKL185W,YOR162C,ASH1,YRR1,0.66,0.0066,588,YKL185W_cluster,YKL185W_cluster,YKL185W_cluster,0.0066
YKL185W,YOR337W,ASH1,TEA1,0.38,0.0038,588,YKL185W_cluster,YKL185W_cluster,YKL185W_cluster,0.0038
YKL185W,YOR344C,ASH1,TYE7,0.7,0.007,291,YKL185W_cluster,YKL185W_cluster,YKL185W_cluster,0.007
YKL185W,YOR358W,ASH1,HAP5,0.12,0.0012,242,YKL185W_cluster,YKL185W_cluster,YKL185W_cluster,0.0012
YKL185W,YOR363C,ASH1,PIP2,0.51,0.0051,588,YKL185W_cluster,YKL185W_cluster,YKL185W_cluster,0.0051
YKL185W,YPL038W,ASH1,MET31,0.4,0.004,177,YKL185W_cluster,YKL185W_cluster,YKL185W_cluster,0.004
YKL185W,YPL075W,ASH1,GCR1,1.28,0.0128,588,YKL185W_cluster,YKL185W_cluster,YKL185W_cluster,0.0128
YKL185W,YPL089C,ASH1,RLM1,1.75,0.0175,588,YKL185W_cluster,YKL185W_cluster,YKL185W_cluster,0.0175
YKL185W,YPL133C,ASH1,RDS2,0.79,0.0079,446,YKL185W_cluster,YKL185W_cluster,YKL185W_cluster,0.0079
YKL185W,YPL202C,ASH1,AFT2,0.41,0.0041,416,YKL185W_cluster,YKL185W_cluster,YKL185W_cluster,0.0041
YKL185W,YPL230W,ASH1,USV1,1.06,0.0106,391,YKL185W_cluster,YKL185W_cluster,YKL185W_cluster,0.0106
YKL185W,YPL248C,ASH1,GAL4,0.42,0.0042,588,YKL185W_cluster,YKL185W_cluster,YKL185W_cluster,0.0042
YKL185W,YPR008W,ASH1,HAA1,1.61,0.0161,588,YKL185W_cluster,YKL185W_cluster,YKL185W_cluster,0.0161
YKL185W,YPR065W,ASH1,ROX1,0.76,0.0076,368,YKL185W_cluster,YKL185W_cluster,YKL185W_cluster,0.0076
YKL185W,YPR199C,ASH1,ARR1,0.58,0.0058,294,YKL185W_cluster,YKL185W_cluster,YKL185W_cluster,0.0058
YKR034W,YKR099W,DAL80,BAS1,0.38,0.0038,269,YKR034W_cluster,YKR034W_cluster,YKR034W_cluster,0.0038
YKR034W,YLR014C,DAL80,PPR1,0.52,0.0052,269,YKR034W_cluster,YKR034W_cluster,YKR034W_cluster,0.0052
YKR034W,YLR098C,DAL80,CHA4,0.9,0.009,269,YKR034W_cluster,YKR034W_cluster,YKR034W_cluster,0.009
YKR034W,YLR131C,DAL80,ACE2,0.2,0.002,269,YKR034W_cluster,YKR034W_cluster,YKR034W_cluster,0.002
YKR034W,YLR176C,DAL80,RFX1,0.57,0.0057,269,YKR034W_cluster,YKR034W_cluster,YKR034W_cluster,0.0057
YKR034W,YLR228C,DAL80,ECM22,0.38,0.0038,269,YKR034W_cluster,YKR034W_cluster,YKR034W_cluster,0.0038
YKR034W,YLR256W,DAL80,HAP1,0.7,0.007,269,YKR034W_cluster,YKR034W_cluster,YKR034W_cluster,0.007
YKR034W,YLR266C,DAL80,PDR8,0.42,0.0042,269,YKR034W_cluster,YKR034W_cluster,YKR034W_cluster,0.0042
YKR034W,YLR451W,DAL80,LEU3,0.35,0.0035,269,YKR034W_cluster,YKR034W_cluster,YKR034W_cluster,0.0035
YKR034W,YML007W,DAL80,YAP1,0.45,0.0045,269,YKR034W_cluster,YKR034W_cluster,YKR034W_cluster,0.0045
YKR034W,YML076C,DAL80,WAR1,0.25,0.0025,269,YKR034W_cluster,YKR034W_cluster,YKR034W_cluster,0.0025
YKR034W,YML081W,DAL80,TDA9,0.2,0.002,269,YKR034W_cluster,YKR034W_cluster,YKR034W_cluster,0.002
YKR034W,YML099C,DAL80,ARG81,0.35,0.0035,269,YKR034W_cluster,YKR034W_cluster,YKR034W_cluster,0.0035
YKR034W,YMR019W,DAL80,STB4,0.25,0.0025,269,YKR034W_cluster,YKR034W_cluster,YKR034W_cluster,0.0025
YKR034W,YMR021C,DAL80,MAC1,0.15,0.0015,269,YKR034W_cluster,YKR034W_cluster,YKR034W_cluster,0.0015
YKR034W,YMR037C,DAL80,MSN2,0.32,0.0032,269,YKR034W_cluster,YKR034W_cluster,YKR034W_cluster,0.0032
YKR034W,YMR042W,DAL80,ARG80,0.0,0.0,177,YKR034W_cluster,YKR034W_cluster,YKR034W_cluster,0.0
YKR034W,YMR043W,DAL80,MCM1,0.2,0.002,269,YKR034W_cluster,YKR034W_cluster,YKR034W_cluster,0.002
YKR034W,YMR070W,DAL80,MOT3,0.87,0.0087,269,YKR034W_cluster,YKR034W_cluster,YKR034W_cluster,0.0087
YKR034W,YMR164C,DAL80,MSS11,0.21,0.0021,269,YKR034W_cluster,YKR034W_cluster,YKR034W_cluster,0.0021
YKR034W,YMR172W,DAL80,HOT1,0.63,0.0063,269,YKR034W_cluster,YKR034W_cluster,YKR034W_cluster,0.0063
YKR034W,YMR280C,DAL80,CAT8,0.42,0.0042,269,YKR034W_cluster,YKR034W_cluster,YKR034W_cluster,0.0042
YKR034W,YNL027W,DAL80,CRZ1,0.11,0.0011,269,YKR034W_cluster,YKR034W_cluster,YKR034W_cluster,0.0011
YKR034W,YNL068C,DAL80,FKH2,0.27,0.0027,269,YKR034W_cluster,YKR034W_cluster,YKR034W_cluster,0.0027
YKR034W,YNL103W,DAL80,MET4,0.33,0.0033,269,YKR034W_cluster,YKR034W_cluster,YKR034W_cluster,0.0033
YKR034W,YNL167C,DAL80,SKO1,0.23,0.0023,269,YKR034W_cluster,YKR034W_cluster,YKR034W_cluster,0.0023
YKR034W,YNL199C,DAL80,GCR2,0.51,0.0051,269,YKR034W_cluster,YKR034W_cluster,YKR034W_cluster,0.0051
YKR034W,YNL216W,DAL80,RAP1,0.19,0.0019,269,YKR034W_cluster,YKR034W_cluster,YKR034W_cluster,0.0019
YKR034W,YNL314W,DAL80,DAL82,0.58,0.0058,255,YKR034W_cluster,YKR034W_cluster,YKR034W_cluster,0.0058
YKR034W,YOL067C,DAL80,RTG1,0.23,0.0023,177,YKR034W_cluster,YKR034W_cluster,YKR034W_cluster,0.0023
YKR034W,YOL108C,DAL80,INO4,0.0,0.0,151,YKR034W_cluster,YKR034W_cluster,YKR034W_cluster,0.0
YKR034W,YOR028C,DAL80,CIN5,0.18,0.0018,269,YKR034W_cluster,YKR034W_cluster,YKR034W_cluster,0.0018
YKR034W,YOR113W,DAL80,AZF1,0.35,0.0035,269,YKR034W_cluster,YKR034W_cluster,YKR034W_cluster,0.0035
YKR034W,YOR140W,DAL80,SFL1,0.39,0.0039,269,YKR034W_cluster,YKR034W_cluster,YKR034W_cluster,0.0039
YKR034W,YOR162C,DAL80,YRR1,0.09,0.0009,269,YKR034W_cluster,YKR034W_cluster,YKR034W_cluster,0.0009
YKR034W,YOR337W,DAL80,TEA1,0.5,0.005,269,YKR034W_cluster,YKR034W_cluster,YKR034W_cluster,0.005
YKR034W,YOR344C,DAL80,TYE7,0.55,0.0055,269,YKR034W_cluster,YKR034W_cluster,YKR034W_cluster,0.0055
YKR034W,YOR358W,DAL80,HAP5,0.2,0.002,242,YKR034W_cluster,YKR034W_cluster,YKR034W_cluster,0.002
YKR034W,YOR363C,DAL80,PIP2,0.48,0.0048,269,YKR034W_cluster,YKR034W_cluster,YKR034W_cluster,0.0048
YKR034W,YPL038W,DAL80,MET31,0.69,0.0069,177,YKR034W_cluster,YKR034W_cluster,YKR034W_cluster,0.0069
YKR034W,YPL075W,DAL80,GCR1,0.68,0.0068,269,YKR034W_cluster,YKR034W_cluster,YKR034W_cluster,0.0068
YKR034W,YPL089C,DAL80,RLM1,0.55,0.0055,269,YKR034W_cluster,YKR034W_cluster,YKR034W_cluster,0.0055
YKR034W,YPL133C,DAL80,RDS2,0.28,0.0028,269,YKR034W_cluster,YKR034W_cluster,YKR034W_cluster,0.0028
YKR034W,YPL202C,DAL80,AFT2,0.3,0.003,269,YKR034W_cluster,YKR034W_cluster,YKR034W_cluster,0.003
YKR034W,YPL230W,DAL80,USV1,0.63,0.0063,269,YKR034W_cluster,YKR034W_cluster,YKR034W_cluster,0.0063
YKR034W,YPL248C,DAL80,GAL4,0.44,0.0044,269,YKR034W_cluster,YKR034W_cluster,YKR034W_cluster,0.0044
YKR034W,YPR008W,DAL80,HAA1,0.32,0.0032,269,YKR034W_cluster,YKR034W_cluster,YKR034W_cluster,0.0032
YKR034W,YPR065W,DAL80,ROX1,0.32,0.0032,269,YKR034W_cluster,YKR034W_cluster,YKR034W_cluster,0.0032
YKR034W,YPR199C,DAL80,ARR1,0.36,0.0036,269,YKR034W_cluster,YKR034W_cluster,YKR034W_cluster,0.0036
YKR099W,YLR014C,BAS1,PPR1,0.83,0.0083,811,YKR099W_cluster,YKR099W_cluster,YKR099W_cluster,0.0083
YKR099W,YLR098C,BAS1,CHA4,0.63,0.0063,648,YKR099W_cluster,YKR099W_cluster,YKR099W_cluster,0.0063
YKR099W,YLR131C,BAS1,ACE2,1.17,0.0117,770,YKR099W_cluster,YKR099W_cluster,YKR099W_cluster,0.0117
YKR099W,YLR176C,BAS1,RFX1,0.95,0.0095,811,YKR099W_cluster,YKR099W_cluster,YKR099W_cluster,0.0095
YKR099W,YLR228C,BAS1,ECM22,0.69,0.0069,811,YKR099W_cluster,YKR099W_cluster,YKR099W_cluster,0.0069
YKR099W,YLR256W,BAS1,HAP1,1.3,0.013,811,YKR099W_cluster,YKR099W_cluster,YKR099W_cluster,0.013
YKR099W,YLR266C,BAS1,PDR8,0.67,0.0067,701,YKR099W_cluster,YKR099W_cluster,YKR099W_cluster,0.0067
YKR099W,YLR451W,BAS1,LEU3,0.84,0.0084,811,YKR099W_cluster,YKR099W_cluster,YKR099W_cluster,0.0084
YKR099W,YML007W,BAS1,YAP1,0.99,0.0099,650,YKR099W_cluster,YKR099W_cluster,YKR099W_cluster,0.0099
YKR099W,YML076C,BAS1,WAR1,0.93,0.0093,811,YKR099W_cluster,YKR099W_cluster,YKR099W_cluster,0.0093
YKR099W,YML081W,BAS1,TDA9,0.84,0.0084,811,YKR099W_cluster,YKR099W_cluster,YKR099W_cluster,0.0084
YKR099W,YML099C,BAS1,ARG81,0.78,0.0078,811,YKR099W_cluster,YKR099W_cluster,YKR099W_cluster,0.0078
YKR099W,YMR019W,BAS1,STB4,0.87,0.0087,811,YKR099W_cluster,YKR099W_cluster,YKR099W_cluster,0.0087
YKR099W,YMR021C,BAS1,MAC1,0.66,0.0066,417,YKR099W_cluster,YKR099W_cluster,YKR099W_cluster,0.0066
YKR099W,YMR037C,BAS1,MSN2,1.43,0.0143,704,YKR099W_cluster,YKR099W_cluster,YKR099W_cluster,0.0143
YKR099W,YMR042W,BAS1,ARG80,0.52,0.0052,177,YKR099W_cluster,YKR099W_cluster,YKR099W_cluster,0.0052
YKR099W,YMR043W,BAS1,MCM1,0.1,0.001,286,YKR099W_cluster,YKR099W_cluster,YKR099W_cluster,0.001
YKR099W,YMR070W,BAS1,MOT3,0.99,0.0099,490,YKR099W_cluster,YKR099W_cluster,YKR099W_cluster,0.0099
YKR099W,YMR164C,BAS1,MSS11,0.68,0.0068,758,YKR099W_cluster,YKR099W_cluster,YKR099W_cluster,0.0068
YKR099W,YMR172W,BAS1,HOT1,0.81,0.0081,719,YKR099W_cluster,YKR099W_cluster,YKR099W_cluster,0.0081
YKR099W,YMR280C,BAS1,CAT8,1.34,0.0134,811,YKR099W_cluster,YKR099W_cluster,YKR099W_cluster,0.0134
YKR099W,YNL027W,BAS1,CRZ1,0.91,0.0091,678,YKR099W_cluster,YKR099W_cluster,YKR099W_cluster,0.0091
YKR099W,YNL068C,BAS1,FKH2,0.92,0.0092,811,YKR099W_cluster,YKR099W_cluster,YKR099W_cluster,0.0092
YKR099W,YNL103W,BAS1,MET4,0.69,0.0069,672,YKR099W_cluster,YKR099W_cluster,YKR099W_cluster,0.0069
YKR099W,YNL167C,BAS1,SKO1,0.99,0.0099,647,YKR099W_cluster,YKR099W_cluster,YKR099W_cluster,0.0099
YKR099W,YNL199C,BAS1,GCR2,1.38,0.0138,534,YKR099W_cluster,YKR099W_cluster,YKR099W_cluster,0.0138
YKR099W,YNL216W,BAS1,RAP1,1.01,0.0101,811,YKR099W_cluster,YKR099W_cluster,YKR099W_cluster,0.0101
YKR099W,YNL314W,BAS1,DAL82,0.67,0.0067,255,YKR099W_cluster,YKR099W_cluster,YKR099W_cluster,0.0067
YKR099W,YOL067C,BAS1,RTG1,0.0,0.0,177,YKR099W_cluster,YKR099W_cluster,YKR099W_cluster,0.0
YKR099W,YOL108C,BAS1,INO4,0.11,0.0011,151,YKR099W_cluster,YKR099W_cluster,YKR099W_cluster,0.0011
YKR099W,YOR028C,BAS1,CIN5,0.55,0.0055,295,YKR099W_cluster,YKR099W_cluster,YKR099W_cluster,0.0055
YKR099W,YOR113W,BAS1,AZF1,0.96,0.0096,811,YKR099W_cluster,YKR099W_cluster,YKR099W_cluster,0.0096
YKR099W,YOR140W,BAS1,SFL1,0.71,0.0071,766,YKR099W_cluster,YKR099W_cluster,YKR099W_cluster,0.0071
YKR099W,YOR162C,BAS1,YRR1,0.69,0.0069,810,YKR099W_cluster,YKR099W_cluster,YKR099W_cluster,0.0069
YKR099W,YOR337W,BAS1,TEA1,0.78,0.0078,759,YKR099W_cluster,YKR099W_cluster,YKR099W_cluster,0.0078
YKR099W,YOR344C,BAS1,TYE7,0.93,0.0093,291,YKR099W_cluster,YKR099W_cluster,YKR099W_cluster,0.0093
YKR099W,YOR358W,BAS1,HAP5,0.19,0.0019,242,YKR099W_cluster,YKR099W_cluster,YKR099W_cluster,0.0019
YKR099W,YOR363C,BAS1,PIP2,0.96,0.0096,811,YKR099W_cluster,YKR099W_cluster,YKR099W_cluster,0.0096
YKR099W,YPL038W,BAS1,MET31,0.0,0.0,177,YKR099W_cluster,YKR099W_cluster,YKR099W_cluster,0.0
YKR099W,YPL075W,BAS1,GCR1,0.9,0.009,785,YKR099W_cluster,YKR099W_cluster,YKR099W_cluster,0.009
YKR099W,YPL089C,BAS1,RLM1,0.91,0.0091,676,YKR099W_cluster,YKR099W_cluster,YKR099W_cluster,0.0091
YKR099W,YPL133C,BAS1,RDS2,0.89,0.0089,446,YKR099W_cluster,YKR099W_cluster,YKR099W_cluster,0.0089
YKR099W,YPL202C,BAS1,AFT2,0.83,0.0083,416,YKR099W_cluster,YKR099W_cluster,YKR099W_cluster,0.0083
YKR099W,YPL230W,BAS1,USV1,0.51,0.0051,391,YKR099W_cluster,YKR099W_cluster,YKR099W_cluster,0.0051
YKR099W,YPL248C,BAS1,GAL4,0.54,0.0054,811,YKR099W_cluster,YKR099W_cluster,YKR099W_cluster,0.0054
YKR099W,YPR008W,BAS1,HAA1,0.75,0.0075,694,YKR099W_cluster,YKR099W_cluster,YKR099W_cluster,0.0075
YKR099W,YPR065W,BAS1,ROX1,0.79,0.0079,368,YKR099W_cluster,YKR099W_cluster,YKR099W_cluster,0.0079
YKR099W,YPR199C,BAS1,ARR1,0.65,0.0065,294,YKR099W_cluster,YKR099W_cluster,YKR099W_cluster,0.0065
YLR014C,YLR098C,PPR1,CHA4,0.46,0.0046,648,YLR014C_cluster,YLR014C_cluster,YLR014C_cluster,0.0046
YLR014C,YLR131C,PPR1,ACE2,0.67,0.0067,770,YLR014C_cluster,YLR014C_cluster,YLR014C_cluster,0.0067
YLR014C,YLR176C,PPR1,RFX1,0.65,0.0065,811,YLR014C_cluster,YLR014C_cluster,YLR014C_cluster,0.0065
YLR014C,YLR228C,PPR1,ECM22,0.9,0.009,814,YLR014C_cluster,YLR014C_cluster,YLR014C_cluster,0.009
YLR014C,YLR256W,PPR1,HAP1,1.17,0.0117,904,YLR014C_cluster,YLR014C_cluster,YLR014C_cluster,0.0117
YLR014C,YLR266C,PPR1,PDR8,0.83,0.0083,701,YLR014C_cluster,YLR014C_cluster,YLR014C_cluster,0.0083
YLR014C,YLR451W,PPR1,LEU3,1.03,0.0103,886,YLR014C_cluster,YLR014C_cluster,YLR014C_cluster,0.0103
YLR014C,YML007W,PPR1,YAP1,1.13,0.0113,650,YLR014C_cluster,YLR014C_cluster,YLR014C_cluster,0.0113
YLR014C,YML076C,PPR1,WAR1,0.61,0.0061,904,YLR014C_cluster,YLR014C_cluster,YLR014C_cluster,0.0061
YLR014C,YML081W,PPR1,TDA9,0.66,0.0066,904,YLR014C_cluster,YLR014C_cluster,YLR014C_cluster,0.0066
YLR014C,YML099C,PPR1,ARG81,0.34,0.0034,880,YLR014C_cluster,YLR014C_cluster,YLR014C_cluster,0.0034
YLR014C,YMR019W,PPR1,STB4,0.49,0.0049,904,YLR014C_cluster,YLR014C_cluster,YLR014C_cluster,0.0049
YLR014C,YMR021C,PPR1,MAC1,0.31,0.0031,417,YLR014C_cluster,YLR014C_cluster,YLR014C_cluster,0.0031
YLR014C,YMR037C,PPR1,MSN2,0.64,0.0064,704,YLR014C_cluster,YLR014C_cluster,YLR014C_cluster,0.0064
YLR014C,YMR042W,PPR1,ARG80,0.0,0.0,177,YLR014C_cluster,YLR014C_cluster,YLR014C_cluster,0.0
YLR014C,YMR043W,PPR1,MCM1,0.18,0.0018,286,YLR014C_cluster,YLR014C_cluster,YLR014C_cluster,0.0018
YLR014C,YMR070W,PPR1,MOT3,0.23,0.0023,490,YLR014C_cluster,YLR014C_cluster,YLR014C_cluster,0.0023
YLR014C,YMR164C,PPR1,MSS11,0.38,0.0038,758,YLR014C_cluster,YLR014C_cluster,YLR014C_cluster,0.0038
YLR014C,YMR172W,PPR1,HOT1,0.51,0.0051,719,YLR014C_cluster,YLR014C_cluster,YLR014C_cluster,0.0051
YLR014C,YMR280C,PPR1,CAT8,0.57,0.0057,904,YLR014C_cluster,YLR014C_cluster,YLR014C_cluster,0.0057
YLR014C,YNL027W,PPR1,CRZ1,0.26,0.0026,678,YLR014C_cluster,YLR014C_cluster,YLR014C_cluster,0.0026
YLR014C,YNL068C,PPR1,FKH2,0.7,0.007,862,YLR014C_cluster,YLR014C_cluster,YLR014C_cluster,0.007
YLR014C,YNL103W,PPR1,MET4,0.72,0.0072,672,YLR014C_cluster,YLR014C_cluster,YLR014C_cluster,0.0072
YLR014C,YNL167C,PPR1,SKO1,0.8,0.008,647,YLR014C_cluster,YLR014C_cluster,YLR014C_cluster,0.008
YLR014C,YNL199C,PPR1,GCR2,0.5,0.005,534,YLR014C_cluster,YLR014C_cluster,YLR014C_cluster,0.005
YLR014C,YNL216W,PPR1,RAP1,0.65,0.0065,827,YLR014C_cluster,YLR014C_cluster,YLR014C_cluster,0.0065
YLR014C,YNL314W,PPR1,DAL82,0.62,0.0062,255,YLR014C_cluster,YLR014C_cluster,YLR014C_cluster,0.0062
YLR014C,YOL067C,PPR1,RTG1,0.0,0.0,177,YLR014C_cluster,YLR014C_cluster,YLR014C_cluster,0.0
YLR014C,YOL108C,PPR1,INO4,0.29,0.0029,151,YLR014C_cluster,YLR014C_cluster,YLR014C_cluster,0.0029
YLR014C,YOR028C,PPR1,CIN5,0.43,0.0043,295,YLR014C_cluster,YLR014C_cluster,YLR014C_cluster,0.0043
YLR014C,YOR113W,PPR1,AZF1,0.45,0.0045,904,YLR014C_cluster,YLR014C_cluster,YLR014C_cluster,0.0045
YLR014C,YOR140W,PPR1,SFL1,0.43,0.0043,766,YLR014C_cluster,YLR014C_cluster,YLR014C_cluster,0.0043
YLR014C,YOR162C,PPR1,YRR1,0.18,0.0018,810,YLR014C_cluster,YLR014C_cluster,YLR014C_cluster,0.0018
YLR014C,YOR337W,PPR1,TEA1,0.92,0.0092,759,YLR014C_cluster,YLR014C_cluster,YLR014C_cluster,0.0092
YLR014C,YOR344C,PPR1,TYE7,0.26,0.0026,291,YLR014C_cluster,YLR014C_cluster,YLR014C_cluster,0.0026
YLR014C,YOR358W,PPR1,HAP5,0.18,0.0018,242,YLR014C_cluster,YLR014C_cluster,YLR014C_cluster,0.0018
YLR014C,YOR363C,PPR1,PIP2,0.86,0.0086,904,YLR014C_cluster,YLR014C_cluster,YLR014C_cluster,0.0086
YLR014C,YPL038W,PPR1,MET31,0.09,0.0009,177,YLR014C_cluster,YLR014C_cluster,YLR014C_cluster,0.0009
YLR014C,YPL075W,PPR1,GCR1,0.6,0.006,785,YLR014C_cluster,YLR014C_cluster,YLR014C_cluster,0.006
YLR014C,YPL089C,PPR1,RLM1,0.39,0.0039,676,YLR014C_cluster,YLR014C_cluster,YLR014C_cluster,0.0039
YLR014C,YPL133C,PPR1,RDS2,0.23,0.0023,446,YLR014C_cluster,YLR014C_cluster,YLR014C_cluster,0.0023
YLR014C,YPL202C,PPR1,AFT2,0.15,0.0015,416,YLR014C_cluster,YLR014C_cluster,YLR014C_cluster,0.0015
YLR014C,YPL230W,PPR1,USV1,0.24,0.0024,391,YLR014C_cluster,YLR014C_cluster,YLR014C_cluster,0.0024
YLR014C,YPL248C,PPR1,GAL4,0.8,0.008,881,YLR014C_cluster,YLR014C_cluster,YLR014C_cluster,0.008
YLR014C,YPR008W,PPR1,HAA1,0.38,0.0038,694,YLR014C_cluster,YLR014C_cluster,YLR014C_cluster,0.0038
YLR014C,YPR065W,PPR1,ROX1,0.24,0.0024,368,YLR014C_cluster,YLR014C_cluster,YLR014C_cluster,0.0024
YLR014C,YPR199C,PPR1,ARR1,0.34,0.0034,294,YLR014C_cluster,YLR014C_cluster,YLR014C_cluster,0.0034
YLR098C,YLR131C,CHA4,ACE2,0.14,0.0014,648,YLR098C_cluster,YLR098C_cluster,YLR098C_cluster,0.0014
YLR098C,YLR176C,CHA4,RFX1,0.99,0.0099,648,YLR098C_cluster,YLR098C_cluster,YLR098C_cluster,0.0099
YLR098C,YLR228C,CHA4,ECM22,0.77,0.0077,648,YLR098C_cluster,YLR098C_cluster,YLR098C_cluster,0.0077
YLR098C,YLR256W,CHA4,HAP1,1.02,0.0102,648,YLR098C_cluster,YLR098C_cluster,YLR098C_cluster,0.0102
YLR098C,YLR266C,CHA4,PDR8,1.22,0.0122,648,YLR098C_cluster,YLR098C_cluster,YLR098C_cluster,0.0122
YLR098C,YLR451W,CHA4,LEU3,0.4,0.004,648,YLR098C_cluster,YLR098C_cluster,YLR098C_cluster,0.004
YLR098C,YML007W,CHA4,YAP1,0.64,0.0064,648,YLR098C_cluster,YLR098C_cluster,YLR098C_cluster,0.0064
YLR098C,YML076C,CHA4,WAR1,0.51,0.0051,648,YLR098C_cluster,YLR098C_cluster,YLR098C_cluster,0.0051
YLR098C,YML081W,CHA4,TDA9,0.7,0.007,648,YLR098C_cluster,YLR098C_cluster,YLR098C_cluster,0.007
YLR098C,YML099C,CHA4,ARG81,1.21,0.0121,648,YLR098C_cluster,YLR098C_cluster,YLR098C_cluster,0.0121
YLR098C,YMR019W,CHA4,STB4,0.77,0.0077,648,YLR098C_cluster,YLR098C_cluster,YLR098C_cluster,0.0077
YLR098C,YMR021C,CHA4,MAC1,0.1,0.001,417,YLR098C_cluster,YLR098C_cluster,YLR098C_cluster,0.001
YLR098C,YMR037C,CHA4,MSN2,0.76,0.0076,648,YLR098C_cluster,YLR098C_cluster,YLR098C_cluster,0.0076
YLR098C,YMR042W,CHA4,ARG80,0.0,0.0,177,YLR098C_cluster,YLR098C_cluster,YLR098C_cluster,0.0
YLR098C,YMR043W,CHA4,MCM1,0.46,0.0046,286,YLR098C_cluster,YLR098C_cluster,YLR098C_cluster,0.0046
YLR098C,YMR070W,CHA4,MOT3,0.47,0.0047,490,YLR098C_cluster,YLR098C_cluster,YLR098C_cluster,0.0047
YLR098C,YMR164C,CHA4,MSS11,0.46,0.0046,648,YLR098C_cluster,YLR098C_cluster,YLR098C_cluster,0.0046
YLR098C,YMR172W,CHA4,HOT1,0.76,0.0076,648,YLR098C_cluster,YLR098C_cluster,YLR098C_cluster,0.0076
YLR098C,YMR280C,CHA4,CAT8,0.64,0.0064,648,YLR098C_cluster,YLR098C_cluster,YLR098C_cluster,0.0064
YLR098C,YNL027W,CHA4,CRZ1,0.71,0.0071,648,YLR098C_cluster,YLR098C_cluster,YLR098C_cluster,0.0071
YLR098C,YNL068C,CHA4,FKH2,0.75,0.0075,648,YLR098C_cluster,YLR098C_cluster,YLR098C_cluster,0.0075
YLR098C,YNL103W,CHA4,MET4,0.94,0.0094,648,YLR098C_cluster,YLR098C_cluster,YLR098C_cluster,0.0094
YLR098C,YNL167C,CHA4,SKO1,0.8,0.008,647,YLR098C_cluster,YLR098C_cluster,YLR098C_cluster,0.008
YLR098C,YNL199C,CHA4,GCR2,0.43,0.0043,534,YLR098C_cluster,YLR098C_cluster,YLR098C_cluster,0.0043
YLR098C,YNL216W,CHA4,RAP1,0.63,0.0063,648,YLR098C_cluster,YLR098C_cluster,YLR098C_cluster,0.0063
YLR098C,YNL314W,CHA4,DAL82,0.34,0.0034,255,YLR098C_cluster,YLR098C_cluster,YLR098C_cluster,0.0034
YLR098C,YOL067C,CHA4,RTG1,0.25,0.0025,177,YLR098C_cluster,YLR098C_cluster,YLR098C_cluster,0.0025
YLR098C,YOL108C,CHA4,INO4,0.13,0.0013,151,YLR098C_cluster,YLR098C_cluster,YLR098C_cluster,0.0013
YLR098C,YOR028C,CHA4,CIN5,0.65,0.0065,295,YLR098C_cluster,YLR098C_cluster,YLR098C_cluster,0.0065
YLR098C,YOR113W,CHA4,AZF1,0.46,0.0046,648,YLR098C_cluster,YLR098C_cluster,YLR098C_cluster,0.0046
YLR098C,YOR140W,CHA4,SFL1,0.65,0.0065,648,YLR098C_cluster,YLR098C_cluster,YLR098C_cluster,0.0065
YLR098C,YOR162C,CHA4,YRR1,0.91,0.0091,648,YLR098C_cluster,YLR098C_cluster,YLR098C_cluster,0.0091
YLR098C,YOR337W,CHA4,TEA1,2.6,0.026,648,YLR098C_cluster,YLR098C_cluster,YLR098C_cluster,0.026
YLR098C,YOR344C,CHA4,TYE7,0.44,0.0044,291,YLR098C_cluster,YLR098C_cluster,YLR098C_cluster,0.0044
YLR098C,YOR358W,CHA4,HAP5,0.23,0.0023,242,YLR098C_cluster,YLR098C_cluster,YLR098C_cluster,0.0023
YLR098C,YOR363C,CHA4,PIP2,1.0,0.01,648,YLR098C_cluster,YLR098C_cluster,YLR098C_cluster,0.01
YLR098C,YPL038W,CHA4,MET31,0.25,0.0025,177,YLR098C_cluster,YLR098C_cluster,YLR098C_cluster,0.0025
YLR098C,YPL075W,CHA4,GCR1,1.08,0.0108,648,YLR098C_cluster,YLR098C_cluster,YLR098C_cluster,0.0108
YLR098C,YPL089C,CHA4,RLM1,0.79,0.0079,648,YLR098C_cluster,YLR098C_cluster,YLR098C_cluster,0.0079
YLR098C,YPL133C,CHA4,RDS2,0.56,0.0056,446,YLR098C_cluster,YLR098C_cluster,YLR098C_cluster,0.0056
YLR098C,YPL202C,CHA4,AFT2,0.38,0.0038,416,YLR098C_cluster,YLR098C_cluster,YLR098C_cluster,0.0038
YLR098C,YPL230W,CHA4,USV1,0.5,0.005,391,YLR098C_cluster,YLR098C_cluster,YLR098C_cluster,0.005
YLR098C,YPL248C,CHA4,GAL4,1.07,0.0107,648,YLR098C_cluster,YLR098C_cluster,YLR098C_cluster,0.0107
YLR098C,YPR008W,CHA4,HAA1,0.46,0.0046,648,YLR098C_cluster,YLR098C_cluster,YLR098C_cluster,0.0046
YLR098C,YPR065W,CHA4,ROX1,0.51,0.0051,368,YLR098C_cluster,YLR098C_cluster,YLR098C_cluster,0.0051
YLR098C,YPR199C,CHA4,ARR1,0.54,0.0054,294,YLR098C_cluster,YLR098C_cluster,YLR098C_cluster,0.0054
YLR131C,YLR176C,ACE2,RFX1,0.84,0.0084,770,YLR131C_cluster,YLR131C_cluster,YLR131C_cluster,0.0084
YLR131C,YLR228C,ACE2,ECM22,0.91,0.0091,770,YLR131C_cluster,YLR131C_cluster,YLR131C_cluster,0.0091
YLR131C,YLR256W,ACE2,HAP1,0.73,0.0073,770,YLR131C_cluster,YLR131C_cluster,YLR131C_cluster,0.0073
YLR131C,YLR266C,ACE2,PDR8,0.55,0.0055,701,YLR131C_cluster,YLR131C_cluster,YLR131C_cluster,0.0055
YLR131C,YLR451W,ACE2,LEU3,0.25,0.0025,770,YLR131C_cluster,YLR131C_cluster,YLR131C_cluster,0.0025
YLR131C,YML007W,ACE2,YAP1,0.73,0.0073,650,YLR131C_cluster,YLR131C_cluster,YLR131C_cluster,0.0073
YLR131C,YML076C,ACE2,WAR1,0.47,0.0047,770,YLR131C_cluster,YLR131C_cluster,YLR131C_cluster,0.0047
YLR131C,YML081W,ACE2,TDA9,0.76,0.0076,770,YLR131C_cluster,YLR131C_cluster,YLR131C_cluster,0.0076
YLR131C,YML099C,ACE2,ARG81,0.68,0.0068,770,YLR131C_cluster,YLR131C_cluster,YLR131C_cluster,0.0068
YLR131C,YMR019W,ACE2,STB4,0.47,0.0047,770,YLR131C_cluster,YLR131C_cluster,YLR131C_cluster,0.0047
YLR131C,YMR021C,ACE2,MAC1,0.34,0.0034,417,YLR131C_cluster,YLR131C_cluster,YLR131C_cluster,0.0034
YLR131C,YMR037C,ACE2,MSN2,1.26,0.0126,704,YLR131C_cluster,YLR131C_cluster,YLR131C_cluster,0.0126
YLR131C,YMR042W,ACE2,ARG80,0.43,0.0043,177,YLR131C_cluster,YLR131C_cluster,YLR131C_cluster,0.0043
YLR131C,YMR043W,ACE2,MCM1,0.4,0.004,286,YLR131C_cluster,YLR131C_cluster,YLR131C_cluster,0.004
YLR131C,YMR070W,ACE2,MOT3,0.59,0.0059,490,YLR131C_cluster,YLR131C_cluster,YLR131C_cluster,0.0059
YLR131C,YMR164C,ACE2,MSS11,1.12,0.0112,758,YLR131C_cluster,YLR131C_cluster,YLR131C_cluster,0.0112
YLR131C,YMR172W,ACE2,HOT1,0.62,0.0062,719,YLR131C_cluster,YLR131C_cluster,YLR131C_cluster,0.0062
YLR131C,YMR280C,ACE2,CAT8,0.79,0.0079,770,YLR131C_cluster,YLR131C_cluster,YLR131C_cluster,0.0079
YLR131C,YNL027W,ACE2,CRZ1,0.5,0.005,678,YLR131C_cluster,YLR131C_cluster,YLR131C_cluster,0.005
YLR131C,YNL068C,ACE2,FKH2,0.69,0.0069,770,YLR131C_cluster,YLR131C_cluster,YLR131C_cluster,0.0069
YLR131C,YNL103W,ACE2,MET4,0.79,0.0079,672,YLR131C_cluster,YLR131C_cluster,YLR131C_cluster,0.0079
YLR131C,YNL167C,ACE2,SKO1,0.95,0.0095,647,YLR131C_cluster,YLR131C_cluster,YLR131C_cluster,0.0095
YLR131C,YNL199C,ACE2,GCR2,1.02,0.0102,534,YLR131C_cluster,YLR131C_cluster,YLR131C_cluster,0.0102
YLR131C,YNL216W,ACE2,RAP1,0.58,0.0058,770,YLR131C_cluster,YLR131C_cluster,YLR131C_cluster,0.0058
YLR131C,YNL314W,ACE2,DAL82,0.5,0.005,255,YLR131C_cluster,YLR131C_cluster,YLR131C_cluster,0.005
YLR131C,YOL067C,ACE2,RTG1,0.11,0.0011,177,YLR131C_cluster,YLR131C_cluster,YLR131C_cluster,0.0011
YLR131C,YOL108C,ACE2,INO4,0.44,0.0044,151,YLR131C_cluster,YLR131C_cluster,YLR131C_cluster,0.0044
YLR131C,YOR028C,ACE2,CIN5,0.1,0.001,295,YLR131C_cluster,YLR131C_cluster,YLR131C_cluster,0.001
YLR131C,YOR113W,ACE2,AZF1,1.23,0.0123,770,YLR131C_cluster,YLR131C_cluster,YLR131C_cluster,0.0123
YLR131C,YOR140W,ACE2,SFL1,0.73,0.0073,766,YLR131C_cluster,YLR131C_cluster,YLR131C_cluster,0.0073
YLR131C,YOR162C,ACE2,YRR1,0.58,0.0058,770,YLR131C_cluster,YLR131C_cluster,YLR131C_cluster,0.0058
YLR131C,YOR337W,ACE2,TEA1,0.2,0.002,759,YLR131C_cluster,YLR131C_cluster,YLR131C_cluster,0.002
YLR131C,YOR344C,ACE2,TYE7,0.58,0.0058,291,YLR131C_cluster,YLR131C_cluster,YLR131C_cluster,0.0058
YLR131C,YOR358W,ACE2,HAP5,0.5,0.005,242,YLR131C_cluster,YLR131C_cluster,YLR131C_cluster,0.005
YLR131C,YOR363C,ACE2,PIP2,0.58,0.0058,770,YLR131C_cluster,YLR131C_cluster,YLR131C_cluster,0.0058
YLR131C,YPL038W,ACE2,MET31,0.0,0.0,177,YLR131C_cluster,YLR131C_cluster,YLR131C_cluster,0.0
YLR131C,YPL075W,ACE2,GCR1,0.66,0.0066,770,YLR131C_cluster,YLR131C_cluster,YLR131C_cluster,0.0066
YLR131C,YPL089C,ACE2,RLM1,1.16,0.0116,676,YLR131C_cluster,YLR131C_cluster,YLR131C_cluster,0.0116
YLR131C,YPL133C,ACE2,RDS2,0.42,0.0042,446,YLR131C_cluster,YLR131C_cluster,YLR131C_cluster,0.0042
YLR131C,YPL202C,ACE2,AFT2,0.43,0.0043,416,YLR131C_cluster,YLR131C_cluster,YLR131C_cluster,0.0043
YLR131C,YPL230W,ACE2,USV1,0.71,0.0071,391,YLR131C_cluster,YLR131C_cluster,YLR131C_cluster,0.0071
YLR131C,YPL248C,ACE2,GAL4,0.62,0.0062,770,YLR131C_cluster,YLR131C_cluster,YLR131C_cluster,0.0062
YLR131C,YPR008W,ACE2,HAA1,0.91,0.0091,694,YLR131C_cluster,YLR131C_cluster,YLR131C_cluster,0.0091
YLR131C,YPR065W,ACE2,ROX1,0.54,0.0054,368,YLR131C_cluster,YLR131C_cluster,YLR131C_cluster,0.0054
YLR131C,YPR199C,ACE2,ARR1,0.29,0.0029,294,YLR131C_cluster,YLR131C_cluster,YLR131C_cluster,0.0029
YLR176C,YLR228C,RFX1,ECM22,1.14,0.0114,811,YLR176C_cluster,YLR176C_cluster,YLR176C_cluster,0.0114
YLR176C,YLR256W,RFX1,HAP1,1.26,0.0126,811,YLR176C_cluster,YLR176C_cluster,YLR176C_cluster,0.0126
YLR176C,YLR266C,RFX1,PDR8,1.08,0.0108,701,YLR176C_cluster,YLR176C_cluster,YLR176C_cluster,0.0108
YLR176C,YLR451W,RFX1,LEU3,0.6,0.006,811,YLR176C_cluster,YLR176C_cluster,YLR176C_cluster,0.006
YLR176C,YML007W,RFX1,YAP1,1.13,0.0113,650,YLR176C_cluster,YLR176C_cluster,YLR176C_cluster,0.0113
YLR176C,YML076C,RFX1,WAR1,0.7,0.007,811,YLR176C_cluster,YLR176C_cluster,YLR176C_cluster,0.007
YLR176C,YML081W,RFX1,TDA9,0.99,0.0099,811,YLR176C_cluster,YLR176C_cluster,YLR176C_cluster,0.0099
YLR176C,YML099C,RFX1,ARG81,1.03,0.0103,811,YLR176C_cluster,YLR176C_cluster,YLR176C_cluster,0.0103
YLR176C,YMR019W,RFX1,STB4,0.58,0.0058,811,YLR176C_cluster,YLR176C_cluster,YLR176C_cluster,0.0058
YLR176C,YMR021C,RFX1,MAC1,0.17,0.0017,417,YLR176C_cluster,YLR176C_cluster,YLR176C_cluster,0.0017
YLR176C,YMR037C,RFX1,MSN2,1.44,0.0144,704,YLR176C_cluster,YLR176C_cluster,YLR176C_cluster,0.0144
YLR176C,YMR042W,RFX1,ARG80,0.1,0.001,177,YLR176C_cluster,YLR176C_cluster,YLR176C_cluster,0.001
YLR176C,YMR043W,RFX1,MCM1,0.29,0.0029,286,YLR176C_cluster,YLR176C_cluster,YLR176C_cluster,0.0029
YLR176C,YMR070W,RFX1,MOT3,0.49,0.0049,490,YLR176C_cluster,YLR176C_cluster,YLR176C_cluster,0.0049
YLR176C,YMR164C,RFX1,MSS11,0.68,0.0068,758,YLR176C_cluster,YLR176C_cluster,YLR176C_cluster,0.0068
YLR176C,YMR172W,RFX1,HOT1,1.35,0.0135,719,YLR176C_cluster,YLR176C_cluster,YLR176C_cluster,0.0135
YLR176C,YMR280C,RFX1,CAT8,0.64,0.0064,811,YLR176C_cluster,YLR176C_cluster,YLR176C_cluster,0.0064
YLR176C,YNL027W,RFX1,CRZ1,0.84,0.0084,678,YLR176C_cluster,YLR176C_cluster,YLR176C_cluster,0.0084
YLR176C,YNL068C,RFX1,FKH2,0.92,0.0092,811,YLR176C_cluster,YLR176C_cluster,YLR176C_cluster,0.0092
YLR176C,YNL103W,RFX1,MET4,0.69,0.0069,672,YLR176C_cluster,YLR176C_cluster,YLR176C_cluster,0.0069
YLR176C,YNL167C,RFX1,SKO1,1.14,0.0114,647,YLR176C_cluster,YLR176C_cluster,YLR176C_cluster,0.0114
YLR176C,YNL199C,RFX1,GCR2,0.68,0.0068,534,YLR176C_cluster,YLR176C_cluster,YLR176C_cluster,0.0068
YLR176C,YNL216W,RFX1,RAP1,0.82,0.0082,811,YLR176C_cluster,YLR176C_cluster,YLR176C_cluster,0.0082
YLR176C,YNL314W,RFX1,DAL82,0.1,0.001,255,YLR176C_cluster,YLR176C_cluster,YLR176C_cluster,0.001
YLR176C,YOL067C,RFX1,RTG1,0.41,0.0041,177,YLR176C_cluster,YLR176C_cluster,YLR176C_cluster,0.0041
YLR176C,YOL108C,RFX1,INO4,0.32,0.0032,151,YLR176C_cluster,YLR176C_cluster,YLR176C_cluster,0.0032
YLR176C,YOR028C,RFX1,CIN5,0.46,0.0046,295,YLR176C_cluster,YLR176C_cluster,YLR176C_cluster,0.0046
YLR176C,YOR113W,RFX1,AZF1,1.08,0.0108,811,YLR176C_cluster,YLR176C_cluster,YLR176C_cluster,0.0108
YLR176C,YOR140W,RFX1,SFL1,0.91,0.0091,766,YLR176C_cluster,YLR176C_cluster,YLR176C_cluster,0.0091
YLR176C,YOR162C,RFX1,YRR1,0.75,0.0075,810,YLR176C_cluster,YLR176C_cluster,YLR176C_cluster,0.0075
YLR176C,YOR337W,RFX1,TEA1,0.65,0.0065,759,YLR176C_cluster,YLR176C_cluster,YLR176C_cluster,0.0065
YLR176C,YOR344C,RFX1,TYE7,0.18,0.0018,291,YLR176C_cluster,YLR176C_cluster,YLR176C_cluster,0.0018
YLR176C,YOR358W,RFX1,HAP5,0.0,0.0,242,YLR176C_cluster,YLR176C_cluster,YLR176C_cluster,0.0
YLR176C,YOR363C,RFX1,PIP2,1.13,0.0113,811,YLR176C_cluster,YLR176C_cluster,YLR176C_cluster,0.0113
YLR176C,YPL038W,RFX1,MET31,0.31,0.0031,177,YLR176C_cluster,YLR176C_cluster,YLR176C_cluster,0.0031
YLR176C,YPL075W,RFX1,GCR1,1.22,0.0122,785,YLR176C_cluster,YLR176C_cluster,YLR176C_cluster,0.0122
YLR176C,YPL089C,RFX1,RLM1,1.27,0.0127,676,YLR176C_cluster,YLR176C_cluster,YLR176C_cluster,0.0127
YLR176C,YPL133C,RFX1,RDS2,0.73,0.0073,446,YLR176C_cluster,YLR176C_cluster,YLR176C_cluster,0.0073
YLR176C,YPL202C,RFX1,AFT2,0.17,0.0017,416,YLR176C_cluster,YLR176C_cluster,YLR176C_cluster,0.0017
YLR176C,YPL230W,RFX1,USV1,0.95,0.0095,391,YLR176C_cluster,YLR176C_cluster,YLR176C_cluster,0.0095
YLR176C,YPL248C,RFX1,GAL4,0.66,0.0066,811,YLR176C_cluster,YLR176C_cluster,YLR176C_cluster,0.0066
YLR176C,YPR008W,RFX1,HAA1,1.16,0.0116,694,YLR176C_cluster,YLR176C_cluster,YLR176C_cluster,0.0116
YLR176C,YPR065W,RFX1,ROX1,0.79,0.0079,368,YLR176C_cluster,YLR176C_cluster,YLR176C_cluster,0.0079
YLR176C,YPR199C,RFX1,ARR1,0.09,0.0009,294,YLR176C_cluster,YLR176C_cluster,YLR176C_cluster,0.0009
YLR228C,YLR256W,ECM22,HAP1,1.35,0.0135,814,YLR228C_cluster,YLR228C_cluster,YLR228C_cluster,0.0135
YLR228C,YLR266C,ECM22,PDR8,0.74,0.0074,701,YLR228C_cluster,YLR228C_cluster,YLR228C_cluster,0.0074
YLR228C,YLR451W,ECM22,LEU3,1.03,0.0103,814,YLR228C_cluster,YLR228C_cluster,YLR228C_cluster,0.0103
YLR228C,YML007W,ECM22,YAP1,1.28,0.0128,650,YLR228C_cluster,YLR228C_cluster,YLR228C_cluster,0.0128
YLR228C,YML076C,ECM22,WAR1,0.76,0.0076,814,YLR228C_cluster,YLR228C_cluster,YLR228C_cluster,0.0076
YLR228C,YML081W,ECM22,TDA9,0.74,0.0074,814,YLR228C_cluster,YLR228C_cluster,YLR228C_cluster,0.0074
YLR228C,YML099C,ECM22,ARG81,0.66,0.0066,814,YLR228C_cluster,YLR228C_cluster,YLR228C_cluster,0.0066
YLR228C,YMR019W,ECM22,STB4,1.16,0.0116,814,YLR228C_cluster,YLR228C_cluster,YLR228C_cluster,0.0116
YLR228C,YMR021C,ECM22,MAC1,0.42,0.0042,417,YLR228C_cluster,YLR228C_cluster,YLR228C_cluster,0.0042
YLR228C,YMR037C,ECM22,MSN2,1.37,0.0137,704,YLR228C_cluster,YLR228C_cluster,YLR228C_cluster,0.0137
YLR228C,YMR042W,ECM22,ARG80,0.31,0.0031,177,YLR228C_cluster,YLR228C_cluster,YLR228C_cluster,0.0031
YLR228C,YMR043W,ECM22,MCM1,0.88,0.0088,286,YLR228C_cluster,YLR228C_cluster,YLR228C_cluster,0.0088
YLR228C,YMR070W,ECM22,MOT3,1.32,0.0132,490,YLR228C_cluster,YLR228C_cluster,YLR228C_cluster,0.0132
YLR228C,YMR164C,ECM22,MSS11,1.43,0.0143,758,YLR228C_cluster,YLR228C_cluster,YLR228C_cluster,0.0143
YLR228C,YMR172W,ECM22,HOT1,0.88,0.0088,719,YLR228C_cluster,YLR228C_cluster,YLR228C_cluster,0.0088
YLR228C,YMR280C,ECM22,CAT8,1.01,0.0101,814,YLR228C_cluster,YLR228C_cluster,YLR228C_cluster,0.0101
YLR228C,YNL027W,ECM22,CRZ1,1.84,0.0184,678,YLR228C_cluster,YLR228C_cluster,YLR228C_cluster,0.0184
YLR228C,YNL068C,ECM22,FKH2,0.61,0.0061,814,YLR228C_cluster,YLR228C_cluster,YLR228C_cluster,0.0061
YLR228C,YNL103W,ECM22,MET4,0.91,0.0091,672,YLR228C_cluster,YLR228C_cluster,YLR228C_cluster,0.0091
YLR228C,YNL167C,ECM22,SKO1,1.21,0.0121,647,YLR228C_cluster,YLR228C_cluster,YLR228C_cluster,0.0121
YLR228C,YNL199C,ECM22,GCR2,0.99,0.0099,534,YLR228C_cluster,YLR228C_cluster,YLR228C_cluster,0.0099
YLR228C,YNL216W,ECM22,RAP1,0.82,0.0082,814,YLR228C_cluster,YLR228C_cluster,YLR228C_cluster,0.0082
YLR228C,YNL314W,ECM22,DAL82,0.58,0.0058,255,YLR228C_cluster,YLR228C_cluster,YLR228C_cluster,0.0058
YLR228C,YOL067C,ECM22,RTG1,0.1,0.001,177,YLR228C_cluster,YLR228C_cluster,YLR228C_cluster,0.001
YLR228C,YOL108C,ECM22,INO4,0.11,0.0011,151,YLR228C_cluster,YLR228C_cluster,YLR228C_cluster,0.0011
YLR228C,YOR028C,ECM22,CIN5,0.28,0.0028,295,YLR228C_cluster,YLR228C_cluster,YLR228C_cluster,0.0028
YLR228C,YOR113W,ECM22,AZF1,1.57,0.0157,814,YLR228C_cluster,YLR228C_cluster,YLR228C_cluster,0.0157
YLR228C,YOR140W,ECM22,SFL1,0.58,0.0058,766,YLR228C_cluster,YLR228C_cluster,YLR228C_cluster,0.0058
YLR228C,YOR162C,ECM22,YRR1,0.5,0.005,810,YLR228C_cluster,YLR228C_cluster,YLR228C_cluster,0.005
YLR228C,YOR337W,ECM22,TEA1,0.72,0.0072,759,YLR228C_cluster,YLR228C_cluster,YLR228C_cluster,0.0072
YLR228C,YOR344C,ECM22,TYE7,0.56,0.0056,291,YLR228C_cluster,YLR228C_cluster,YLR228C_cluster,0.0056
YLR228C,YOR358W,ECM22,HAP5,0.1,0.001,242,YLR228C_cluster,YLR228C_cluster,YLR228C_cluster,0.001
YLR228C,YOR363C,ECM22,PIP2,0.79,0.0079,814,YLR228C_cluster,YLR228C_cluster,YLR228C_cluster,0.0079
YLR228C,YPL038W,ECM22,MET31,0.52,0.0052,177,YLR228C_cluster,YLR228C_cluster,YLR228C_cluster,0.0052
YLR228C,YPL075W,ECM22,GCR1,0.97,0.0097,785,YLR228C_cluster,YLR228C_cluster,YLR228C_cluster,0.0097
YLR228C,YPL089C,ECM22,RLM1,2.35,0.0235,676,YLR228C_cluster,YLR228C_cluster,YLR228C_cluster,0.0235
YLR228C,YPL133C,ECM22,RDS2,0.9,0.009,446,YLR228C_cluster,YLR228C_cluster,YLR228C_cluster,0.009
YLR228C,YPL202C,ECM22,AFT2,0.58,0.0058,416,YLR228C_cluster,YLR228C_cluster,YLR228C_cluster,0.0058
YLR228C,YPL230W,ECM22,USV1,1.21,0.0121,391,YLR228C_cluster,YLR228C_cluster,YLR228C_cluster,0.0121
YLR228C,YPL248C,ECM22,GAL4,0.66,0.0066,814,YLR228C_cluster,YLR228C_cluster,YLR228C_cluster,0.0066
YLR228C,YPR008W,ECM22,HAA1,0.95,0.0095,694,YLR228C_cluster,YLR228C_cluster,YLR228C_cluster,0.0095
YLR228C,YPR065W,ECM22,ROX1,0.88,0.0088,368,YLR228C_cluster,YLR228C_cluster,YLR228C_cluster,0.0088
YLR228C,YPR199C,ECM22,ARR1,0.18,0.0018,294,YLR228C_cluster,YLR228C_cluster,YLR228C_cluster,0.0018
YLR256W,YLR266C,HAP1,PDR8,0.8,0.008,701,YLR256W_cluster,YLR256W_cluster,YLR256W_cluster,0.008
YLR256W,YLR451W,HAP1,LEU3,1.13,0.0113,886,YLR256W_cluster,YLR256W_cluster,YLR256W_cluster,0.0113
YLR256W,YML007W,HAP1,YAP1,1.07,0.0107,650,YLR256W_cluster,YLR256W_cluster,YLR256W_cluster,0.0107
YLR256W,YML076C,HAP1,WAR1,1.1,0.011,944,YLR256W_cluster,YLR256W_cluster,YLR256W_cluster,0.011
YLR256W,YML081W,HAP1,TDA9,1.21,0.0121,1251,YLR256W_cluster,YLR256W_cluster,YLR256W_cluster,0.0121
YLR256W,YML099C,HAP1,ARG81,1.13,0.0113,880,YLR256W_cluster,YLR256W_cluster,YLR256W_cluster,0.0113
YLR256W,YMR019W,HAP1,STB4,1.01,0.0101,949,YLR256W_cluster,YLR256W_cluster,YLR256W_cluster,0.0101
YLR256W,YMR021C,HAP1,MAC1,0.49,0.0049,417,YLR256W_cluster,YLR256W_cluster,YLR256W_cluster,0.0049
YLR256W,YMR037C,HAP1,MSN2,1.28,0.0128,704,YLR256W_cluster,YLR256W_cluster,YLR256W_cluster,0.0128
YLR256W,YMR042W,HAP1,ARG80,0.25,0.0025,177,YLR256W_cluster,YLR256W_cluster,YLR256W_cluster,0.0025
YLR256W,YMR043W,HAP1,MCM1,0.12,0.0012,286,YLR256W_cluster,YLR256W_cluster,YLR256W_cluster,0.0012
YLR256W,YMR070W,HAP1,MOT3,1.24,0.0124,490,YLR256W_cluster,YLR256W_cluster,YLR256W_cluster,0.0124
YLR256W,YMR164C,HAP1,MSS11,1.13,0.0113,758,YLR256W_cluster,YLR256W_cluster,YLR256W_cluster,0.0113
YLR256W,YMR172W,HAP1,HOT1,0.84,0.0084,719,YLR256W_cluster,YLR256W_cluster,YLR256W_cluster,0.0084
YLR256W,YMR280C,HAP1,CAT8,1.82,0.0182,1433,YLR256W_cluster,YLR256W_cluster,YLR256W_cluster,0.0182
YLR256W,YNL027W,HAP1,CRZ1,1.35,0.0135,678,YLR256W_cluster,YLR256W_cluster,YLR256W_cluster,0.0135
YLR256W,YNL068C,HAP1,FKH2,1.01,0.0101,862,YLR256W_cluster,YLR256W_cluster,YLR256W_cluster,0.0101
YLR256W,YNL103W,HAP1,MET4,1.35,0.0135,672,YLR256W_cluster,YLR256W_cluster,YLR256W_cluster,0.0135
YLR256W,YNL167C,HAP1,SKO1,1.12,0.0112,647,YLR256W_cluster,YLR256W_cluster,YLR256W_cluster,0.0112
YLR256W,YNL199C,HAP1,GCR2,1.13,0.0113,534,YLR256W_cluster,YLR256W_cluster,YLR256W_cluster,0.0113
YLR256W,YNL216W,HAP1,RAP1,0.94,0.0094,827,YLR256W_cluster,YLR256W_cluster,YLR256W_cluster,0.0094
YLR256W,YNL314W,HAP1,DAL82,0.35,0.0035,255,YLR256W_cluster,YLR256W_cluster,YLR256W_cluster,0.0035
YLR256W,YOL067C,HAP1,RTG1,0.31,0.0031,177,YLR256W_cluster,YLR256W_cluster,YLR256W_cluster,0.0031
YLR256W,YOL108C,HAP1,INO4,0.38,0.0038,151,YLR256W_cluster,YLR256W_cluster,YLR256W_cluster,0.0038
YLR256W,YOR028C,HAP1,CIN5,0.4,0.004,295,YLR256W_cluster,YLR256W_cluster,YLR256W_cluster,0.004
YLR256W,YOR113W,HAP1,AZF1,0.95,0.0095,914,YLR256W_cluster,YLR256W_cluster,YLR256W_cluster,0.0095
YLR256W,YOR140W,HAP1,SFL1,1.19,0.0119,766,YLR256W_cluster,YLR256W_cluster,YLR256W_cluster,0.0119
YLR256W,YOR162C,HAP1,YRR1,0.94,0.0094,810,YLR256W_cluster,YLR256W_cluster,YLR256W_cluster,0.0094
YLR256W,YOR337W,HAP1,TEA1,1.1,0.011,759,YLR256W_cluster,YLR256W_cluster,YLR256W_cluster,0.011
YLR256W,YOR344C,HAP1,TYE7,0.64,0.0064,291,YLR256W_cluster,YLR256W_cluster,YLR256W_cluster,0.0064
YLR256W,YOR358W,HAP1,HAP5,0.18,0.0018,242,YLR256W_cluster,YLR256W_cluster,YLR256W_cluster,0.0018
YLR256W,YOR363C,HAP1,PIP2,1.16,0.0116,996,YLR256W_cluster,YLR256W_cluster,YLR256W_cluster,0.0116
YLR256W,YPL038W,HAP1,MET31,0.12,0.0012,177,YLR256W_cluster,YLR256W_cluster,YLR256W_cluster,0.0012
YLR256W,YPL075W,HAP1,GCR1,1.37,0.0137,785,YLR256W_cluster,YLR256W_cluster,YLR256W_cluster,0.0137
YLR256W,YPL089C,HAP1,RLM1,1.75,0.0175,676,YLR256W_cluster,YLR256W_cluster,YLR256W_cluster,0.0175
YLR256W,YPL133C,HAP1,RDS2,0.8,0.008,446,YLR256W_cluster,YLR256W_cluster,YLR256W_cluster,0.008
YLR256W,YPL202C,HAP1,AFT2,0.76,0.0076,416,YLR256W_cluster,YLR256W_cluster,YLR256W_cluster,0.0076
YLR256W,YPL230W,HAP1,USV1,1.16,0.0116,391,YLR256W_cluster,YLR256W_cluster,YLR256W_cluster,0.0116
YLR256W,YPL248C,HAP1,GAL4,0.87,0.0087,881,YLR256W_cluster,YLR256W_cluster,YLR256W_cluster,0.0087
YLR256W,YPR008W,HAP1,HAA1,1.23,0.0123,694,YLR256W_cluster,YLR256W_cluster,YLR256W_cluster,0.0123
YLR256W,YPR065W,HAP1,ROX1,0.78,0.0078,368,YLR256W_cluster,YLR256W_cluster,YLR256W_cluster,0.0078
YLR256W,YPR199C,HAP1,ARR1,0.46,0.0046,294,YLR256W_cluster,YLR256W_cluster,YLR256W_cluster,0.0046
YLR266C,YLR451W,PDR8,LEU3,0.58,0.0058,701,YLR266C_cluster,YLR266C_cluster,YLR266C_cluster,0.0058
YLR266C,YML007W,PDR8,YAP1,0.76,0.0076,650,YLR266C_cluster,YLR266C_cluster,YLR266C_cluster,0.0076
YLR266C,YML076C,PDR8,WAR1,0.31,0.0031,701,YLR266C_cluster,YLR266C_cluster,YLR266C_cluster,0.0031
YLR266C,YML081W,PDR8,TDA9,1.0,0.01,701,YLR266C_cluster,YLR266C_cluster,YLR266C_cluster,0.01
YLR266C,YML099C,PDR8,ARG81,0.45,0.0045,701,YLR266C_cluster,YLR266C_cluster,YLR266C_cluster,0.0045
YLR266C,YMR019W,PDR8,STB4,0.68,0.0068,701,YLR266C_cluster,YLR266C_cluster,YLR266C_cluster,0.0068
YLR266C,YMR021C,PDR8,MAC1,0.09,0.0009,417,YLR266C_cluster,YLR266C_cluster,YLR266C_cluster,0.0009
YLR266C,YMR037C,PDR8,MSN2,0.73,0.0073,701,YLR266C_cluster,YLR266C_cluster,YLR266C_cluster,0.0073
YLR266C,YMR042W,PDR8,ARG80,0.12,0.0012,177,YLR266C_cluster,YLR266C_cluster,YLR266C_cluster,0.0012
YLR266C,YMR043W,PDR8,MCM1,0.11,0.0011,286,YLR266C_cluster,YLR266C_cluster,YLR266C_cluster,0.0011
YLR266C,YMR070W,PDR8,MOT3,0.45,0.0045,490,YLR266C_cluster,YLR266C_cluster,YLR266C_cluster,0.0045
YLR266C,YMR164C,PDR8,MSS11,0.36,0.0036,701,YLR266C_cluster,YLR266C_cluster,YLR266C_cluster,0.0036
YLR266C,YMR172W,PDR8,HOT1,0.58,0.0058,701,YLR266C_cluster,YLR266C_cluster,YLR266C_cluster,0.0058
YLR266C,YMR280C,PDR8,CAT8,1.31,0.0131,701,YLR266C_cluster,YLR266C_cluster,YLR266C_cluster,0.0131
YLR266C,YNL027W,PDR8,CRZ1,0.98,0.0098,678,YLR266C_cluster,YLR266C_cluster,YLR266C_cluster,0.0098
YLR266C,YNL068C,PDR8,FKH2,0.52,0.0052,701,YLR266C_cluster,YLR266C_cluster,YLR266C_cluster,0.0052
YLR266C,YNL103W,PDR8,MET4,0.67,0.0067,672,YLR266C_cluster,YLR266C_cluster,YLR266C_cluster,0.0067
YLR266C,YNL167C,PDR8,SKO1,0.61,0.0061,647,YLR266C_cluster,YLR266C_cluster,YLR266C_cluster,0.0061
YLR266C,YNL199C,PDR8,GCR2,0.33,0.0033,534,YLR266C_cluster,YLR266C_cluster,YLR266C_cluster,0.0033
YLR266C,YNL216W,PDR8,RAP1,0.4,0.004,701,YLR266C_cluster,YLR266C_cluster,YLR266C_cluster,0.004
YLR266C,YNL314W,PDR8,DAL82,0.75,0.0075,255,YLR266C_cluster,YLR266C_cluster,YLR266C_cluster,0.0075
YLR266C,YOL067C,PDR8,RTG1,0.12,0.0012,177,YLR266C_cluster,YLR266C_cluster,YLR266C_cluster,0.0012
YLR266C,YOL108C,PDR8,INO4,0.36,0.0036,151,YLR266C_cluster,YLR266C_cluster,YLR266C_cluster,0.0036
YLR266C,YOR028C,PDR8,CIN5,0.0,0.0,295,YLR266C_cluster,YLR266C_cluster,YLR266C_cluster,0.0
YLR266C,YOR113W,PDR8,AZF1,0.64,0.0064,701,YLR266C_cluster,YLR266C_cluster,YLR266C_cluster,0.0064
YLR266C,YOR140W,PDR8,SFL1,0.42,0.0042,701,YLR266C_cluster,YLR266C_cluster,YLR266C_cluster,0.0042
YLR266C,YOR162C,PDR8,YRR1,0.88,0.0088,701,YLR266C_cluster,YLR266C_cluster,YLR266C_cluster,0.0088
YLR266C,YOR337W,PDR8,TEA1,1.05,0.0105,701,YLR266C_cluster,YLR266C_cluster,YLR266C_cluster,0.0105
YLR266C,YOR344C,PDR8,TYE7,0.31,0.0031,291,YLR266C_cluster,YLR266C_cluster,YLR266C_cluster,0.0031
YLR266C,YOR358W,PDR8,HAP5,0.65,0.0065,242,YLR266C_cluster,YLR266C_cluster,YLR266C_cluster,0.0065
YLR266C,YOR363C,PDR8,PIP2,0.78,0.0078,701,YLR266C_cluster,YLR266C_cluster,YLR266C_cluster,0.0078
YLR266C,YPL038W,PDR8,MET31,0.23,0.0023,177,YLR266C_cluster,YLR266C_cluster,YLR266C_cluster,0.0023
YLR266C,YPL075W,PDR8,GCR1,1.1,0.011,701,YLR266C_cluster,YLR266C_cluster,YLR266C_cluster,0.011
YLR266C,YPL089C,PDR8,RLM1,0.68,0.0068,676,YLR266C_cluster,YLR266C_cluster,YLR266C_cluster,0.0068
YLR266C,YPL133C,PDR8,RDS2,0.89,0.0089,446,YLR266C_cluster,YLR266C_cluster,YLR266C_cluster,0.0089
YLR266C,YPL202C,PDR8,AFT2,0.36,0.0036,416,YLR266C_cluster,YLR266C_cluster,YLR266C_cluster,0.0036
YLR266C,YPL230W,PDR8,USV1,0.85,0.0085,391,YLR266C_cluster,YLR266C_cluster,YLR266C_cluster,0.0085
YLR266C,YPL248C,PDR8,GAL4,1.03,0.0103,701,YLR266C_cluster,YLR266C_cluster,YLR266C_cluster,0.0103
YLR266C,YPR008W,PDR8,HAA1,0.66,0.0066,694,YLR266C_cluster,YLR266C_cluster,YLR266C_cluster,0.0066
YLR266C,YPR065W,PDR8,ROX1,0.67,0.0067,368,YLR266C_cluster,YLR266C_cluster,YLR266C_cluster,0.0067
YLR266C,YPR199C,PDR8,ARR1,0.72,0.0072,294,YLR266C_cluster,YLR266C_cluster,YLR266C_cluster,0.0072
YLR451W,YML007W,LEU3,YAP1,0.74,0.0074,650,YLR451W_cluster,YLR451W_cluster,YLR451W_cluster,0.0074
YLR451W,YML076C,LEU3,WAR1,0.72,0.0072,886,YLR451W_cluster,YLR451W_cluster,YLR451W_cluster,0.0072
YLR451W,YML081W,LEU3,TDA9,1.05,0.0105,886,YLR451W_cluster,YLR451W_cluster,YLR451W_cluster,0.0105
YLR451W,YML099C,LEU3,ARG81,0.75,0.0075,880,YLR451W_cluster,YLR451W_cluster,YLR451W_cluster,0.0075
YLR451W,YMR019W,LEU3,STB4,0.5,0.005,886,YLR451W_cluster,YLR451W_cluster,YLR451W_cluster,0.005
YLR451W,YMR021C,LEU3,MAC1,0.47,0.0047,417,YLR451W_cluster,YLR451W_cluster,YLR451W_cluster,0.0047
YLR451W,YMR037C,LEU3,MSN2,1.23,0.0123,704,YLR451W_cluster,YLR451W_cluster,YLR451W_cluster,0.0123
YLR451W,YMR042W,LEU3,ARG80,0.29,0.0029,177,YLR451W_cluster,YLR451W_cluster,YLR451W_cluster,0.0029
YLR451W,YMR043W,LEU3,MCM1,0.63,0.0063,286,YLR451W_cluster,YLR451W_cluster,YLR451W_cluster,0.0063
YLR451W,YMR070W,LEU3,MOT3,0.23,0.0023,490,YLR451W_cluster,YLR451W_cluster,YLR451W_cluster,0.0023
YLR451W,YMR164C,LEU3,MSS11,0.51,0.0051,758,YLR451W_cluster,YLR451W_cluster,YLR451W_cluster,0.0051
YLR451W,YMR172W,LEU3,HOT1,0.45,0.0045,719,YLR451W_cluster,YLR451W_cluster,YLR451W_cluster,0.0045
YLR451W,YMR280C,LEU3,CAT8,0.66,0.0066,886,YLR451W_cluster,YLR451W_cluster,YLR451W_cluster,0.0066
YLR451W,YNL027W,LEU3,CRZ1,0.46,0.0046,678,YLR451W_cluster,YLR451W_cluster,YLR451W_cluster,0.0046
YLR451W,YNL068C,LEU3,FKH2,0.53,0.0053,862,YLR451W_cluster,YLR451W_cluster,YLR451W_cluster,0.0053
YLR451W,YNL103W,LEU3,MET4,0.53,0.0053,672,YLR451W_cluster,YLR451W_cluster,YLR451W_cluster,0.0053
YLR451W,YNL167C,LEU3,SKO1,0.67,0.0067,647,YLR451W_cluster,YLR451W_cluster,YLR451W_cluster,0.0067
YLR451W,YNL199C,LEU3,GCR2,0.72,0.0072,534,YLR451W_cluster,YLR451W_cluster,YLR451W_cluster,0.0072
YLR451W,YNL216W,LEU3,RAP1,0.84,0.0084,827,YLR451W_cluster,YLR451W_cluster,YLR451W_cluster,0.0084
YLR451W,YNL314W,LEU3,DAL82,0.36,0.0036,255,YLR451W_cluster,YLR451W_cluster,YLR451W_cluster,0.0036
YLR451W,YOL067C,LEU3,RTG1,0.1,0.001,177,YLR451W_cluster,YLR451W_cluster,YLR451W_cluster,0.001
YLR451W,YOL108C,LEU3,INO4,0.29,0.0029,151,YLR451W_cluster,YLR451W_cluster,YLR451W_cluster,0.0029
YLR451W,YOR028C,LEU3,CIN5,0.26,0.0026,295,YLR451W_cluster,YLR451W_cluster,YLR451W_cluster,0.0026
YLR451W,YOR113W,LEU3,AZF1,0.46,0.0046,886,YLR451W_cluster,YLR451W_cluster,YLR451W_cluster,0.0046
YLR451W,YOR140W,LEU3,SFL1,0.74,0.0074,766,YLR451W_cluster,YLR451W_cluster,YLR451W_cluster,0.0074
YLR451W,YOR162C,LEU3,YRR1,0.72,0.0072,810,YLR451W_cluster,YLR451W_cluster,YLR451W_cluster,0.0072
YLR451W,YOR337W,LEU3,TEA1,0.68,0.0068,759,YLR451W_cluster,YLR451W_cluster,YLR451W_cluster,0.0068
YLR451W,YOR344C,LEU3,TYE7,0.26,0.0026,291,YLR451W_cluster,YLR451W_cluster,YLR451W_cluster,0.0026
YLR451W,YOR358W,LEU3,HAP5,0.09,0.0009,242,YLR451W_cluster,YLR451W_cluster,YLR451W_cluster,0.0009
YLR451W,YOR363C,LEU3,PIP2,0.59,0.0059,886,YLR451W_cluster,YLR451W_cluster,YLR451W_cluster,0.0059
YLR451W,YPL038W,LEU3,MET31,0.48,0.0048,177,YLR451W_cluster,YLR451W_cluster,YLR451W_cluster,0.0048
YLR451W,YPL075W,LEU3,GCR1,0.43,0.0043,785,YLR451W_cluster,YLR451W_cluster,YLR451W_cluster,0.0043
YLR451W,YPL089C,LEU3,RLM1,0.73,0.0073,676,YLR451W_cluster,YLR451W_cluster,YLR451W_cluster,0.0073
YLR451W,YPL133C,LEU3,RDS2,0.53,0.0053,446,YLR451W_cluster,YLR451W_cluster,YLR451W_cluster,0.0053
YLR451W,YPL202C,LEU3,AFT2,0.55,0.0055,416,YLR451W_cluster,YLR451W_cluster,YLR451W_cluster,0.0055
YLR451W,YPL230W,LEU3,USV1,0.65,0.0065,391,YLR451W_cluster,YLR451W_cluster,YLR451W_cluster,0.0065
YLR451W,YPL248C,LEU3,GAL4,1.16,0.0116,881,YLR451W_cluster,YLR451W_cluster,YLR451W_cluster,0.0116
YLR451W,YPR008W,LEU3,HAA1,1.1,0.011,694,YLR451W_cluster,YLR451W_cluster,YLR451W_cluster,0.011
YLR451W,YPR065W,LEU3,ROX1,0.65,0.0065,368,YLR451W_cluster,YLR451W_cluster,YLR451W_cluster,0.0065
YLR451W,YPR199C,LEU3,ARR1,0.26,0.0026,294,YLR451W_cluster,YLR451W_cluster,YLR451W_cluster,0.0026
YML007W,YML076C,YAP1,WAR1,0.77,0.0077,650,YML007W_cluster,YML007W_cluster,YML007W_cluster,0.0077
YML007W,YML081W,YAP1,TDA9,0.98,0.0098,650,YML007W_cluster,YML007W_cluster,YML007W_cluster,0.0098
YML007W,YML099C,YAP1,ARG81,0.33,0.0033,650,YML007W_cluster,YML007W_cluster,YML007W_cluster,0.0033
YML007W,YMR019W,YAP1,STB4,0.45,0.0045,650,YML007W_cluster,YML007W_cluster,YML007W_cluster,0.0045
YML007W,YMR021C,YAP1,MAC1,0.58,0.0058,417,YML007W_cluster,YML007W_cluster,YML007W_cluster,0.0058
YML007W,YMR037C,YAP1,MSN2,0.77,0.0077,650,YML007W_cluster,YML007W_cluster,YML007W_cluster,0.0077
YML007W,YMR042W,YAP1,ARG80,0.75,0.0075,177,YML007W_cluster,YML007W_cluster,YML007W_cluster,0.0075
YML007W,YMR043W,YAP1,MCM1,0.35,0.0035,286,YML007W_cluster,YML007W_cluster,YML007W_cluster,0.0035
YML007W,YMR070W,YAP1,MOT3,1.24,0.0124,490,YML007W_cluster,YML007W_cluster,YML007W_cluster,0.0124
YML007W,YMR164C,YAP1,MSS11,0.53,0.0053,650,YML007W_cluster,YML007W_cluster,YML007W_cluster,0.0053
YML007W,YMR172W,YAP1,HOT1,0.68,0.0068,650,YML007W_cluster,YML007W_cluster,YML007W_cluster,0.0068
YML007W,YMR280C,YAP1,CAT8,1.4,0.014,650,YML007W_cluster,YML007W_cluster,YML007W_cluster,0.014
YML007W,YNL027W,YAP1,CRZ1,0.63,0.0063,650,YML007W_cluster,YML007W_cluster,YML007W_cluster,0.0063
YML007W,YNL068C,YAP1,FKH2,1.03,0.0103,650,YML007W_cluster,YML007W_cluster,YML007W_cluster,0.0103
YML007W,YNL103W,YAP1,MET4,1.03,0.0103,650,YML007W_cluster,YML007W_cluster,YML007W_cluster,0.0103
YML007W,YNL167C,YAP1,SKO1,0.8,0.008,647,YML007W_cluster,YML007W_cluster,YML007W_cluster,0.008
YML007W,YNL199C,YAP1,GCR2,1.32,0.0132,534,YML007W_cluster,YML007W_cluster,YML007W_cluster,0.0132
YML007W,YNL216W,YAP1,RAP1,0.84,0.0084,650,YML007W_cluster,YML007W_cluster,YML007W_cluster,0.0084
YML007W,YNL314W,YAP1,DAL82,0.57,0.0057,255,YML007W_cluster,YML007W_cluster,YML007W_cluster,0.0057
YML007W,YOL067C,YAP1,RTG1,0.25,0.0025,177,YML007W_cluster,YML007W_cluster,YML007W_cluster,0.0025
YML007W,YOL108C,YAP1,INO4,0.0,0.0,151,YML007W_cluster,YML007W_cluster,YML007W_cluster,0.0
YML007W,YOR028C,YAP1,CIN5,0.33,0.0033,295,YML007W_cluster,YML007W_cluster,YML007W_cluster,0.0033
YML007W,YOR113W,YAP1,AZF1,0.8,0.008,650,YML007W_cluster,YML007W_cluster,YML007W_cluster,0.008
YML007W,YOR140W,YAP1,SFL1,0.73,0.0073,650,YML007W_cluster,YML007W_cluster,YML007W_cluster,0.0073
YML007W,YOR162C,YAP1,YRR1,0.35,0.0035,650,YML007W_cluster,YML007W_cluster,YML007W_cluster,0.0035
YML007W,YOR337W,YAP1,TEA1,0.58,0.0058,650,YML007W_cluster,YML007W_cluster,YML007W_cluster,0.0058
YML007W,YOR344C,YAP1,TYE7,0.44,0.0044,291,YML007W_cluster,YML007W_cluster,YML007W_cluster,0.0044
YML007W,YOR358W,YAP1,HAP5,0.23,0.0023,242,YML007W_cluster,YML007W_cluster,YML007W_cluster,0.0023
YML007W,YOR363C,YAP1,PIP2,0.62,0.0062,650,YML007W_cluster,YML007W_cluster,YML007W_cluster,0.0062
YML007W,YPL038W,YAP1,MET31,0.25,0.0025,177,YML007W_cluster,YML007W_cluster,YML007W_cluster,0.0025
YML007W,YPL075W,YAP1,GCR1,0.72,0.0072,650,YML007W_cluster,YML007W_cluster,YML007W_cluster,0.0072
YML007W,YPL089C,YAP1,RLM1,1.2,0.012,650,YML007W_cluster,YML007W_cluster,YML007W_cluster,0.012
YML007W,YPL133C,YAP1,RDS2,0.66,0.0066,446,YML007W_cluster,YML007W_cluster,YML007W_cluster,0.0066
YML007W,YPL202C,YAP1,AFT2,0.29,0.0029,416,YML007W_cluster,YML007W_cluster,YML007W_cluster,0.0029
YML007W,YPL230W,YAP1,USV1,0.6,0.006,391,YML007W_cluster,YML007W_cluster,YML007W_cluster,0.006
YML007W,YPL248C,YAP1,GAL4,0.94,0.0094,650,YML007W_cluster,YML007W_cluster,YML007W_cluster,0.0094
YML007W,YPR008W,YAP1,HAA1,1.39,0.0139,650,YML007W_cluster,YML007W_cluster,YML007W_cluster,0.0139
YML007W,YPR065W,YAP1,ROX1,0.41,0.0041,368,YML007W_cluster,YML007W_cluster,YML007W_cluster,0.0041
YML007W,YPR199C,YAP1,ARR1,0.44,0.0044,294,YML007W_cluster,YML007W_cluster,YML007W_cluster,0.0044
YML076C,YML081W,WAR1,TDA9,0.98,0.0098,944,YML076C_cluster,YML076C_cluster,YML076C_cluster,0.0098
YML076C,YML099C,WAR1,ARG81,0.56,0.0056,880,YML076C_cluster,YML076C_cluster,YML076C_cluster,0.0056
YML076C,YMR019W,WAR1,STB4,0.75,0.0075,944,YML076C_cluster,YML076C_cluster,YML076C_cluster,0.0075
YML076C,YMR021C,WAR1,MAC1,0.22,0.0022,417,YML076C_cluster,YML076C_cluster,YML076C_cluster,0.0022
YML076C,YMR037C,WAR1,MSN2,1.25,0.0125,704,YML076C_cluster,YML076C_cluster,YML076C_cluster,0.0125
YML076C,YMR042W,WAR1,ARG80,0.18,0.0018,177,YML076C_cluster,YML076C_cluster,YML076C_cluster,0.0018
YML076C,YMR043W,WAR1,MCM1,0.0,0.0,286,YML076C_cluster,YML076C_cluster,YML076C_cluster,0.0
YML076C,YMR070W,WAR1,MOT3,0.51,0.0051,490,YML076C_cluster,YML076C_cluster,YML076C_cluster,0.0051
YML076C,YMR164C,WAR1,MSS11,0.37,0.0037,758,YML076C_cluster,YML076C_cluster,YML076C_cluster,0.0037
YML076C,YMR172W,WAR1,HOT1,0.8,0.008,719,YML076C_cluster,YML076C_cluster,YML076C_cluster,0.008
YML076C,YMR280C,WAR1,CAT8,1.08,0.0108,944,YML076C_cluster,YML076C_cluster,YML076C_cluster,0.0108
YML076C,YNL027W,WAR1,CRZ1,0.89,0.0089,678,YML076C_cluster,YML076C_cluster,YML076C_cluster,0.0089
YML076C,YNL068C,WAR1,FKH2,0.85,0.0085,862,YML076C_cluster,YML076C_cluster,YML076C_cluster,0.0085
YML076C,YNL103W,WAR1,MET4,0.38,0.0038,672,YML076C_cluster,YML076C_cluster,YML076C_cluster,0.0038
YML076C,YNL167C,WAR1,SKO1,0.58,0.0058,647,YML076C_cluster,YML076C_cluster,YML076C_cluster,0.0058
YML076C,YNL199C,WAR1,GCR2,0.48,0.0048,534,YML076C_cluster,YML076C_cluster,YML076C_cluster,0.0048
YML076C,YNL216W,WAR1,RAP1,0.63,0.0063,827,YML076C_cluster,YML076C_cluster,YML076C_cluster,0.0063
YML076C,YNL314W,WAR1,DAL82,0.17,0.0017,255,YML076C_cluster,YML076C_cluster,YML076C_cluster,0.0017
YML076C,YOL067C,WAR1,RTG1,0.18,0.0018,177,YML076C_cluster,YML076C_cluster,YML076C_cluster,0.0018
YML076C,YOL108C,WAR1,INO4,0.09,0.0009,151,YML076C_cluster,YML076C_cluster,YML076C_cluster,0.0009
YML076C,YOR028C,WAR1,CIN5,0.33,0.0033,295,YML076C_cluster,YML076C_cluster,YML076C_cluster,0.0033
YML076C,YOR113W,WAR1,AZF1,1.11,0.0111,914,YML076C_cluster,YML076C_cluster,YML076C_cluster,0.0111
YML076C,YOR140W,WAR1,SFL1,0.59,0.0059,766,YML076C_cluster,YML076C_cluster,YML076C_cluster,0.0059
YML076C,YOR162C,WAR1,YRR1,0.35,0.0035,810,YML076C_cluster,YML076C_cluster,YML076C_cluster,0.0035
YML076C,YOR337W,WAR1,TEA1,0.78,0.0078,759,YML076C_cluster,YML076C_cluster,YML076C_cluster,0.0078
YML076C,YOR344C,WAR1,TYE7,0.49,0.0049,291,YML076C_cluster,YML076C_cluster,YML076C_cluster,0.0049
YML076C,YOR358W,WAR1,HAP5,0.17,0.0017,242,YML076C_cluster,YML076C_cluster,YML076C_cluster,0.0017
YML076C,YOR363C,WAR1,PIP2,0.79,0.0079,944,YML076C_cluster,YML076C_cluster,YML076C_cluster,0.0079
YML076C,YPL038W,WAR1,MET31,0.18,0.0018,177,YML076C_cluster,YML076C_cluster,YML076C_cluster,0.0018
YML076C,YPL075W,WAR1,GCR1,0.77,0.0077,785,YML076C_cluster,YML076C_cluster,YML076C_cluster,0.0077
YML076C,YPL089C,WAR1,RLM1,0.64,0.0064,676,YML076C_cluster,YML076C_cluster,YML076C_cluster,0.0064
YML076C,YPL133C,WAR1,RDS2,0.58,0.0058,446,YML076C_cluster,YML076C_cluster,YML076C_cluster,0.0058
YML076C,YPL202C,WAR1,AFT2,0.52,0.0052,416,YML076C_cluster,YML076C_cluster,YML076C_cluster,0.0052
YML076C,YPL230W,WAR1,USV1,0.69,0.0069,391,YML076C_cluster,YML076C_cluster,YML076C_cluster,0.0069
YML076C,YPL248C,WAR1,GAL4,0.95,0.0095,881,YML076C_cluster,YML076C_cluster,YML076C_cluster,0.0095
YML076C,YPR008W,WAR1,HAA1,0.93,0.0093,694,YML076C_cluster,YML076C_cluster,YML076C_cluster,0.0093
YML076C,YPR065W,WAR1,ROX1,1.02,0.0102,368,YML076C_cluster,YML076C_cluster,YML076C_cluster,0.0102
YML076C,YPR199C,WAR1,ARR1,0.33,0.0033,294,YML076C_cluster,YML076C_cluster,YML076C_cluster,0.0033
YML081W,YML099C,TDA9,ARG81,0.81,0.0081,880,YML081W_cluster,YML081W_cluster,YML081W_cluster,0.0081
YML081W,YMR019W,TDA9,STB4,1.16,0.0116,949,YML081W_cluster,YML081W_cluster,YML081W_cluster,0.0116
YML081W,YMR021C,TDA9,MAC1,0.3,0.003,417,YML081W_cluster,YML081W_cluster,YML081W_cluster,0.003
YML081W,YMR037C,TDA9,MSN2,1.75,0.0175,704,YML081W_cluster,YML081W_cluster,YML081W_cluster,0.0175
YML081W,YMR042W,TDA9,ARG80,0.21,0.0021,177,YML081W_cluster,YML081W_cluster,YML081W_cluster,0.0021
YML081W,YMR043W,TDA9,MCM1,0.2,0.002,286,YML081W_cluster,YML081W_cluster,YML081W_cluster,0.002
YML081W,YMR070W,TDA9,MOT3,0.79,0.0079,490,YML081W_cluster,YML081W_cluster,YML081W_cluster,0.0079
YML081W,YMR164C,TDA9,MSS11,0.47,0.0047,758,YML081W_cluster,YML081W_cluster,YML081W_cluster,0.0047
YML081W,YMR172W,TDA9,HOT1,0.52,0.0052,719,YML081W_cluster,YML081W_cluster,YML081W_cluster,0.0052
YML081W,YMR280C,TDA9,CAT8,0.73,0.0073,1251,YML081W_cluster,YML081W_cluster,YML081W_cluster,0.0073
YML081W,YNL027W,TDA9,CRZ1,1.4,0.014,678,YML081W_cluster,YML081W_cluster,YML081W_cluster,0.014
YML081W,YNL068C,TDA9,FKH2,0.87,0.0087,862,YML081W_cluster,YML081W_cluster,YML081W_cluster,0.0087
YML081W,YNL103W,TDA9,MET4,1.07,0.0107,672,YML081W_cluster,YML081W_cluster,YML081W_cluster,0.0107
YML081W,YNL167C,TDA9,SKO1,1.47,0.0147,647,YML081W_cluster,YML081W_cluster,YML081W_cluster,0.0147
YML081W,YNL199C,TDA9,GCR2,1.21,0.0121,534,YML081W_cluster,YML081W_cluster,YML081W_cluster,0.0121
YML081W,YNL216W,TDA9,RAP1,0.89,0.0089,827,YML081W_cluster,YML081W_cluster,YML081W_cluster,0.0089
YML081W,YNL314W,TDA9,DAL82,0.47,0.0047,255,YML081W_cluster,YML081W_cluster,YML081W_cluster,0.0047
YML081W,YOL067C,TDA9,RTG1,0.28,0.0028,177,YML081W_cluster,YML081W_cluster,YML081W_cluster,0.0028
YML081W,YOL108C,TDA9,INO4,0.22,0.0022,151,YML081W_cluster,YML081W_cluster,YML081W_cluster,0.0022
YML081W,YOR028C,TDA9,CIN5,0.46,0.0046,295,YML081W_cluster,YML081W_cluster,YML081W_cluster,0.0046
YML081W,YOR113W,TDA9,AZF1,0.81,0.0081,914,YML081W_cluster,YML081W_cluster,YML081W_cluster,0.0081
YML081W,YOR140W,TDA9,SFL1,1.07,0.0107,766,YML081W_cluster,YML081W_cluster,YML081W_cluster,0.0107
YML081W,YOR162C,TDA9,YRR1,0.74,0.0074,810,YML081W_cluster,YML081W_cluster,YML081W_cluster,0.0074
YML081W,YOR337W,TDA9,TEA1,0.81,0.0081,759,YML081W_cluster,YML081W_cluster,YML081W_cluster,0.0081
YML081W,YOR344C,TDA9,TYE7,0.73,0.0073,291,YML081W_cluster,YML081W_cluster,YML081W_cluster,0.0073
YML081W,YOR358W,TDA9,HAP5,0.07,0.0007,242,YML081W_cluster,YML081W_cluster,YML081W_cluster,0.0007
YML081W,YOR363C,TDA9,PIP2,0.91,0.0091,996,YML081W_cluster,YML081W_cluster,YML081W_cluster,0.0091
YML081W,YPL038W,TDA9,MET31,0.43,0.0043,177,YML081W_cluster,YML081W_cluster,YML081W_cluster,0.0043
YML081W,YPL075W,TDA9,GCR1,1.11,0.0111,785,YML081W_cluster,YML081W_cluster,YML081W_cluster,0.0111
YML081W,YPL089C,TDA9,RLM1,1.13,0.0113,676,YML081W_cluster,YML081W_cluster,YML081W_cluster,0.0113
YML081W,YPL133C,TDA9,RDS2,0.9,0.009,446,YML081W_cluster,YML081W_cluster,YML081W_cluster,0.009
YML081W,YPL202C,TDA9,AFT2,0.37,0.0037,416,YML081W_cluster,YML081W_cluster,YML081W_cluster,0.0037
YML081W,YPL230W,TDA9,USV1,1.07,0.0107,391,YML081W_cluster,YML081W_cluster,YML081W_cluster,0.0107
YML081W,YPL248C,TDA9,GAL4,0.86,0.0086,881,YML081W_cluster,YML081W_cluster,YML081W_cluster,0.0086
YML081W,YPR008W,TDA9,HAA1,1.7,0.017,694,YML081W_cluster,YML081W_cluster,YML081W_cluster,0.017
YML081W,YPR065W,TDA9,ROX1,0.89,0.0089,368,YML081W_cluster,YML081W_cluster,YML081W_cluster,0.0089
YML081W,YPR199C,TDA9,ARR1,0.26,0.0026,294,YML081W_cluster,YML081W_cluster,YML081W_cluster,0.0026
YML099C,YMR019W,ARG81,STB4,1.06,0.0106,880,YML099C_cluster,YML099C_cluster,YML099C_cluster,0.0106
YML099C,YMR021C,ARG81,MAC1,0.55,0.0055,417,YML099C_cluster,YML099C_cluster,YML099C_cluster,0.0055
YML099C,YMR037C,ARG81,MSN2,0.91,0.0091,704,YML099C_cluster,YML099C_cluster,YML099C_cluster,0.0091
YML099C,YMR042W,ARG81,ARG80,0.38,0.0038,177,YML099C_cluster,YML099C_cluster,YML099C_cluster,0.0038
YML099C,YMR043W,ARG81,MCM1,0.0,0.0,286,YML099C_cluster,YML099C_cluster,YML099C_cluster,0.0
YML099C,YMR070W,ARG81,MOT3,0.39,0.0039,490,YML099C_cluster,YML099C_cluster,YML099C_cluster,0.0039
YML099C,YMR164C,ARG81,MSS11,0.52,0.0052,758,YML099C_cluster,YML099C_cluster,YML099C_cluster,0.0052
YML099C,YMR172W,ARG81,HOT1,0.64,0.0064,719,YML099C_cluster,YML099C_cluster,YML099C_cluster,0.0064
YML099C,YMR280C,ARG81,CAT8,0.93,0.0093,880,YML099C_cluster,YML099C_cluster,YML099C_cluster,0.0093
YML099C,YNL027W,ARG81,CRZ1,0.53,0.0053,678,YML099C_cluster,YML099C_cluster,YML099C_cluster,0.0053
YML099C,YNL068C,ARG81,FKH2,0.53,0.0053,862,YML099C_cluster,YML099C_cluster,YML099C_cluster,0.0053
YML099C,YNL103W,ARG81,MET4,0.4,0.004,672,YML099C_cluster,YML099C_cluster,YML099C_cluster,0.004
YML099C,YNL167C,ARG81,SKO1,0.81,0.0081,647,YML099C_cluster,YML099C_cluster,YML099C_cluster,0.0081
YML099C,YNL199C,ARG81,GCR2,0.5,0.005,534,YML099C_cluster,YML099C_cluster,YML099C_cluster,0.005
YML099C,YNL216W,ARG81,RAP1,0.48,0.0048,827,YML099C_cluster,YML099C_cluster,YML099C_cluster,0.0048
YML099C,YNL314W,ARG81,DAL82,0.18,0.0018,255,YML099C_cluster,YML099C_cluster,YML099C_cluster,0.0018
YML099C,YOL067C,ARG81,RTG1,0.19,0.0019,177,YML099C_cluster,YML099C_cluster,YML099C_cluster,0.0019
YML099C,YOL108C,ARG81,INO4,0.2,0.002,151,YML099C_cluster,YML099C_cluster,YML099C_cluster,0.002
YML099C,YOR028C,ARG81,CIN5,0.61,0.0061,295,YML099C_cluster,YML099C_cluster,YML099C_cluster,0.0061
YML099C,YOR113W,ARG81,AZF1,0.63,0.0063,880,YML099C_cluster,YML099C_cluster,YML099C_cluster,0.0063
YML099C,YOR140W,ARG81,SFL1,1.06,0.0106,766,YML099C_cluster,YML099C_cluster,YML099C_cluster,0.0106
YML099C,YOR162C,ARG81,YRR1,0.6,0.006,810,YML099C_cluster,YML099C_cluster,YML099C_cluster,0.006
YML099C,YOR337W,ARG81,TEA1,0.37,0.0037,759,YML099C_cluster,YML099C_cluster,YML099C_cluster,0.0037
YML099C,YOR344C,ARG81,TYE7,0.87,0.0087,291,YML099C_cluster,YML099C_cluster,YML099C_cluster,0.0087
YML099C,YOR358W,ARG81,HAP5,0.45,0.0045,242,YML099C_cluster,YML099C_cluster,YML099C_cluster,0.0045
YML099C,YOR363C,ARG81,PIP2,0.98,0.0098,880,YML099C_cluster,YML099C_cluster,YML099C_cluster,0.0098
YML099C,YPL038W,ARG81,MET31,0.38,0.0038,177,YML099C_cluster,YML099C_cluster,YML099C_cluster,0.0038
YML099C,YPL075W,ARG81,GCR1,0.67,0.0067,785,YML099C_cluster,YML099C_cluster,YML099C_cluster,0.0067
YML099C,YPL089C,ARG81,RLM1,0.4,0.004,676,YML099C_cluster,YML099C_cluster,YML099C_cluster,0.004
YML099C,YPL133C,ARG81,RDS2,0.46,0.0046,446,YML099C_cluster,YML099C_cluster,YML099C_cluster,0.0046
YML099C,YPL202C,ARG81,AFT2,0.47,0.0047,416,YML099C_cluster,YML099C_cluster,YML099C_cluster,0.0047
YML099C,YPL230W,ARG81,USV1,0.97,0.0097,391,YML099C_cluster,YML099C_cluster,YML099C_cluster,0.0097
YML099C,YPL248C,ARG81,GAL4,0.81,0.0081,880,YML099C_cluster,YML099C_cluster,YML099C_cluster,0.0081
YML099C,YPR008W,ARG81,HAA1,0.58,0.0058,694,YML099C_cluster,YML099C_cluster,YML099C_cluster,0.0058
YML099C,YPR065W,ARG81,ROX1,0.33,0.0033,368,YML099C_cluster,YML099C_cluster,YML099C_cluster,0.0033
YML099C,YPR199C,ARG81,ARR1,0.26,0.0026,294,YML099C_cluster,YML099C_cluster,YML099C_cluster,0.0026
YMR019W,YMR021C,STB4,MAC1,0.22,0.0022,417,YMR019W_cluster,YMR019W_cluster,YMR019W_cluster,0.0022
YMR019W,YMR037C,STB4,MSN2,0.99,0.0099,704,YMR019W_cluster,YMR019W_cluster,YMR019W_cluster,0.0099
YMR019W,YMR042W,STB4,ARG80,0.27,0.0027,177,YMR019W_cluster,YMR019W_cluster,YMR019W_cluster,0.0027
YMR019W,YMR043W,STB4,MCM1,0.08,0.0008,286,YMR019W_cluster,YMR019W_cluster,YMR019W_cluster,0.0008
YMR019W,YMR070W,STB4,MOT3,0.51,0.0051,490,YMR019W_cluster,YMR019W_cluster,YMR019W_cluster,0.0051
YMR019W,YMR164C,STB4,MSS11,0.56,0.0056,758,YMR019W_cluster,YMR019W_cluster,YMR019W_cluster,0.0056
YMR019W,YMR172W,STB4,HOT1,0.61,0.0061,719,YMR019W_cluster,YMR019W_cluster,YMR019W_cluster,0.0061
YMR019W,YMR280C,STB4,CAT8,0.95,0.0095,949,YMR019W_cluster,YMR019W_cluster,YMR019W_cluster,0.0095
YMR019W,YNL027W,STB4,CRZ1,0.51,0.0051,678,YMR019W_cluster,YMR019W_cluster,YMR019W_cluster,0.0051
YMR019W,YNL068C,STB4,FKH2,0.73,0.0073,862,YMR019W_cluster,YMR019W_cluster,YMR019W_cluster,0.0073
YMR019W,YNL103W,STB4,MET4,0.7,0.007,672,YMR019W_cluster,YMR019W_cluster,YMR019W_cluster,0.007
YMR019W,YNL167C,STB4,SKO1,0.84,0.0084,647,YMR019W_cluster,YMR019W_cluster,YMR019W_cluster,0.0084
YMR019W,YNL199C,STB4,GCR2,0.34,0.0034,534,YMR019W_cluster,YMR019W_cluster,YMR019W_cluster,0.0034
YMR019W,YNL216W,STB4,RAP1,0.81,0.0081,827,YMR019W_cluster,YMR019W_cluster,YMR019W_cluster,0.0081
YMR019W,YNL314W,STB4,DAL82,0.34,0.0034,255,YMR019W_cluster,YMR019W_cluster,YMR019W_cluster,0.0034
YMR019W,YOL067C,STB4,RTG1,0.36,0.0036,177,YMR019W_cluster,YMR019W_cluster,YMR019W_cluster,0.0036
YMR019W,YOL108C,STB4,INO4,0.37,0.0037,151,YMR019W_cluster,YMR019W_cluster,YMR019W_cluster,0.0037
YMR019W,YOR028C,STB4,CIN5,0.08,0.0008,295,YMR019W_cluster,YMR019W_cluster,YMR019W_cluster,0.0008
YMR019W,YOR113W,STB4,AZF1,0.22,0.0022,914,YMR019W_cluster,YMR019W_cluster,YMR019W_cluster,0.0022
YMR019W,YOR140W,STB4,SFL1,0.41,0.0041,766,YMR019W_cluster,YMR019W_cluster,YMR019W_cluster,0.0041
YMR019W,YOR162C,STB4,YRR1,0.69,0.0069,810,YMR019W_cluster,YMR019W_cluster,YMR019W_cluster,0.0069
YMR019W,YOR337W,STB4,TEA1,0.54,0.0054,759,YMR019W_cluster,YMR019W_cluster,YMR019W_cluster,0.0054
YMR019W,YOR344C,STB4,TYE7,0.33,0.0033,291,YMR019W_cluster,YMR019W_cluster,YMR019W_cluster,0.0033
YMR019W,YOR358W,STB4,HAP5,0.26,0.0026,242,YMR019W_cluster,YMR019W_cluster,YMR019W_cluster,0.0026
YMR019W,YOR363C,STB4,PIP2,0.47,0.0047,949,YMR019W_cluster,YMR019W_cluster,YMR019W_cluster,0.0047
YMR019W,YPL038W,STB4,MET31,0.09,0.0009,177,YMR019W_cluster,YMR019W_cluster,YMR019W_cluster,0.0009
YMR019W,YPL075W,STB4,GCR1,0.59,0.0059,785,YMR019W_cluster,YMR019W_cluster,YMR019W_cluster,0.0059
YMR019W,YPL089C,STB4,RLM1,0.83,0.0083,676,YMR019W_cluster,YMR019W_cluster,YMR019W_cluster,0.0083
YMR019W,YPL133C,STB4,RDS2,0.73,0.0073,446,YMR019W_cluster,YMR019W_cluster,YMR019W_cluster,0.0073
YMR019W,YPL202C,STB4,AFT2,0.22,0.0022,416,YMR019W_cluster,YMR019W_cluster,YMR019W_cluster,0.0022
YMR019W,YPL230W,STB4,USV1,0.54,0.0054,391,YMR019W_cluster,YMR019W_cluster,YMR019W_cluster,0.0054
YMR019W,YPL248C,STB4,GAL4,0.61,0.0061,881,YMR019W_cluster,YMR019W_cluster,YMR019W_cluster,0.0061
YMR019W,YPR008W,STB4,HAA1,1.0,0.01,694,YMR019W_cluster,YMR019W_cluster,YMR019W_cluster,0.01
YMR019W,YPR065W,STB4,ROX1,0.7,0.007,368,YMR019W_cluster,YMR019W_cluster,YMR019W_cluster,0.007
YMR019W,YPR199C,STB4,ARR1,0.08,0.0008,294,YMR019W_cluster,YMR019W_cluster,YMR019W_cluster,0.0008
YMR021C,YMR037C,MAC1,MSN2,0.55,0.0055,417,YMR021C_cluster,YMR021C_cluster,YMR021C_cluster,0.0055
YMR021C,YMR042W,MAC1,ARG80,0.0,0.0,177,YMR021C_cluster,YMR021C_cluster,YMR021C_cluster,0.0
YMR021C,YMR043W,MAC1,MCM1,0.15,0.0015,286,YMR021C_cluster,YMR021C_cluster,YMR021C_cluster,0.0015
YMR021C,YMR070W,MAC1,MOT3,0.36,0.0036,417,YMR021C_cluster,YMR021C_cluster,YMR021C_cluster,0.0036
YMR021C,YMR164C,MAC1,MSS11,0.46,0.0046,417,YMR021C_cluster,YMR021C_cluster,YMR021C_cluster,0.0046
YMR021C,YMR172W,MAC1,HOT1,0.18,0.0018,417,YMR021C_cluster,YMR021C_cluster,YMR021C_cluster,0.0018
YMR021C,YMR280C,MAC1,CAT8,0.22,0.0022,417,YMR021C_cluster,YMR021C_cluster,YMR021C_cluster,0.0022
YMR021C,YNL027W,MAC1,CRZ1,0.28,0.0028,417,YMR021C_cluster,YMR021C_cluster,YMR021C_cluster,0.0028
YMR021C,YNL068C,MAC1,FKH2,0.56,0.0056,417,YMR021C_cluster,YMR021C_cluster,YMR021C_cluster,0.0056
YMR021C,YNL103W,MAC1,MET4,0.28,0.0028,417,YMR021C_cluster,YMR021C_cluster,YMR021C_cluster,0.0028
YMR021C,YNL167C,MAC1,SKO1,0.29,0.0029,417,YMR021C_cluster,YMR021C_cluster,YMR021C_cluster,0.0029
YMR021C,YNL199C,MAC1,GCR2,0.21,0.0021,417,YMR021C_cluster,YMR021C_cluster,YMR021C_cluster,0.0021
YMR021C,YNL216W,MAC1,RAP1,0.74,0.0074,417,YMR021C_cluster,YMR021C_cluster,YMR021C_cluster,0.0074
YMR021C,YNL314W,MAC1,DAL82,0.3,0.003,255,YMR021C_cluster,YMR021C_cluster,YMR021C_cluster,0.003
YMR021C,YOL067C,MAC1,RTG1,0.17,0.0017,177,YMR021C_cluster,YMR021C_cluster,YMR021C_cluster,0.0017
YMR021C,YOL108C,MAC1,INO4,0.54,0.0054,151,YMR021C_cluster,YMR021C_cluster,YMR021C_cluster,0.0054
YMR021C,YOR028C,MAC1,CIN5,0.43,0.0043,295,YMR021C_cluster,YMR021C_cluster,YMR021C_cluster,0.0043
YMR021C,YOR113W,MAC1,AZF1,0.39,0.0039,417,YMR021C_cluster,YMR021C_cluster,YMR021C_cluster,0.0039
YMR021C,YOR140W,MAC1,SFL1,0.34,0.0034,417,YMR021C_cluster,YMR021C_cluster,YMR021C_cluster,0.0034
YMR021C,YOR162C,MAC1,YRR1,0.33,0.0033,417,YMR021C_cluster,YMR021C_cluster,YMR021C_cluster,0.0033
YMR021C,YOR337W,MAC1,TEA1,0.26,0.0026,417,YMR021C_cluster,YMR021C_cluster,YMR021C_cluster,0.0026
YMR021C,YOR344C,MAC1,TYE7,0.43,0.0043,291,YMR021C_cluster,YMR021C_cluster,YMR021C_cluster,0.0043
YMR021C,YOR358W,MAC1,HAP5,0.46,0.0046,242,YMR021C_cluster,YMR021C_cluster,YMR021C_cluster,0.0046
YMR021C,YOR363C,MAC1,PIP2,0.21,0.0021,417,YMR021C_cluster,YMR021C_cluster,YMR021C_cluster,0.0021
YMR021C,YPL038W,MAC1,MET31,0.0,0.0,177,YMR021C_cluster,YMR021C_cluster,YMR021C_cluster,0.0
YMR021C,YPL075W,MAC1,GCR1,0.17,0.0017,417,YMR021C_cluster,YMR021C_cluster,YMR021C_cluster,0.0017
YMR021C,YPL089C,MAC1,RLM1,0.29,0.0029,417,YMR021C_cluster,YMR021C_cluster,YMR021C_cluster,0.0029
YMR021C,YPL133C,MAC1,RDS2,0.12,0.0012,417,YMR021C_cluster,YMR021C_cluster,YMR021C_cluster,0.0012
YMR021C,YPL202C,MAC1,AFT2,0.37,0.0037,416,YMR021C_cluster,YMR021C_cluster,YMR021C_cluster,0.0037
YMR021C,YPL230W,MAC1,USV1,0.38,0.0038,391,YMR021C_cluster,YMR021C_cluster,YMR021C_cluster,0.0038
YMR021C,YPL248C,MAC1,GAL4,0.39,0.0039,417,YMR021C_cluster,YMR021C_cluster,YMR021C_cluster,0.0039
YMR021C,YPR008W,MAC1,HAA1,0.74,0.0074,417,YMR021C_cluster,YMR021C_cluster,YMR021C_cluster,0.0074
YMR021C,YPR065W,MAC1,ROX1,0.26,0.0026,368,YMR021C_cluster,YMR021C_cluster,YMR021C_cluster,0.0026
YMR021C,YPR199C,MAC1,ARR1,0.14,0.0014,294,YMR021C_cluster,YMR021C_cluster,YMR021C_cluster,0.0014
YMR037C,YMR042W,MSN2,ARG80,0.23,0.0023,177,YMR037C_cluster,YMR037C_cluster,YMR037C_cluster,0.0023
YMR037C,YMR043W,MSN2,MCM1,0.87,0.0087,286,YMR037C_cluster,YMR037C_cluster,YMR037C_cluster,0.0087
YMR037C,YMR070W,MSN2,MOT3,1.64,0.0164,490,YMR037C_cluster,YMR037C_cluster,YMR037C_cluster,0.0164
YMR037C,YMR164C,MSN2,MSS11,1.03,0.0103,704,YMR037C_cluster,YMR037C_cluster,YMR037C_cluster,0.0103
YMR037C,YMR172W,MSN2,HOT1,1.17,0.0117,704,YMR037C_cluster,YMR037C_cluster,YMR037C_cluster,0.0117
YMR037C,YMR280C,MSN2,CAT8,1.07,0.0107,704,YMR037C_cluster,YMR037C_cluster,YMR037C_cluster,0.0107
YMR037C,YNL027W,MSN2,CRZ1,1.61,0.0161,678,YMR037C_cluster,YMR037C_cluster,YMR037C_cluster,0.0161
YMR037C,YNL068C,MSN2,FKH2,1.73,0.0173,704,YMR037C_cluster,YMR037C_cluster,YMR037C_cluster,0.0173
YMR037C,YNL103W,MSN2,MET4,0.75,0.0075,672,YMR037C_cluster,YMR037C_cluster,YMR037C_cluster,0.0075
YMR037C,YNL167C,MSN2,SKO1,1.95,0.0195,647,YMR037C_cluster,YMR037C_cluster,YMR037C_cluster,0.0195
YMR037C,YNL199C,MSN2,GCR2,1.6,0.016,534,YMR037C_cluster,YMR037C_cluster,YMR037C_cluster,0.016
YMR037C,YNL216W,MSN2,RAP1,0.74,0.0074,704,YMR037C_cluster,YMR037C_cluster,YMR037C_cluster,0.0074
YMR037C,YNL314W,MSN2,DAL82,0.43,0.0043,255,YMR037C_cluster,YMR037C_cluster,YMR037C_cluster,0.0043
YMR037C,YOL067C,MSN2,RTG1,0.12,0.0012,177,YMR037C_cluster,YMR037C_cluster,YMR037C_cluster,0.0012
YMR037C,YOL108C,MSN2,INO4,0.61,0.0061,151,YMR037C_cluster,YMR037C_cluster,YMR037C_cluster,0.0061
YMR037C,YOR028C,MSN2,CIN5,0.31,0.0031,295,YMR037C_cluster,YMR037C_cluster,YMR037C_cluster,0.0031
YMR037C,YOR113W,MSN2,AZF1,1.69,0.0169,704,YMR037C_cluster,YMR037C_cluster,YMR037C_cluster,0.0169
YMR037C,YOR140W,MSN2,SFL1,0.98,0.0098,704,YMR037C_cluster,YMR037C_cluster,YMR037C_cluster,0.0098
YMR037C,YOR162C,MSN2,YRR1,0.95,0.0095,704,YMR037C_cluster,YMR037C_cluster,YMR037C_cluster,0.0095
YMR037C,YOR337W,MSN2,TEA1,0.77,0.0077,704,YMR037C_cluster,YMR037C_cluster,YMR037C_cluster,0.0077
YMR037C,YOR344C,MSN2,TYE7,0.73,0.0073,291,YMR037C_cluster,YMR037C_cluster,YMR037C_cluster,0.0073
YMR037C,YOR358W,MSN2,HAP5,0.54,0.0054,242,YMR037C_cluster,YMR037C_cluster,YMR037C_cluster,0.0054
YMR037C,YOR363C,MSN2,PIP2,0.84,0.0084,704,YMR037C_cluster,YMR037C_cluster,YMR037C_cluster,0.0084
YMR037C,YPL038W,MSN2,MET31,0.59,0.0059,177,YMR037C_cluster,YMR037C_cluster,YMR037C_cluster,0.0059
YMR037C,YPL075W,MSN2,GCR1,0.97,0.0097,704,YMR037C_cluster,YMR037C_cluster,YMR037C_cluster,0.0097
YMR037C,YPL089C,MSN2,RLM1,1.38,0.0138,676,YMR037C_cluster,YMR037C_cluster,YMR037C_cluster,0.0138
YMR037C,YPL133C,MSN2,RDS2,0.45,0.0045,446,YMR037C_cluster,YMR037C_cluster,YMR037C_cluster,0.0045
YMR037C,YPL202C,MSN2,AFT2,0.37,0.0037,416,YMR037C_cluster,YMR037C_cluster,YMR037C_cluster,0.0037
YMR037C,YPL230W,MSN2,USV1,1.73,0.0173,391,YMR037C_cluster,YMR037C_cluster,YMR037C_cluster,0.0173
YMR037C,YPL248C,MSN2,GAL4,0.78,0.0078,704,YMR037C_cluster,YMR037C_cluster,YMR037C_cluster,0.0078
YMR037C,YPR008W,MSN2,HAA1,1.48,0.0148,694,YMR037C_cluster,YMR037C_cluster,YMR037C_cluster,0.0148
YMR037C,YPR065W,MSN2,ROX1,0.78,0.0078,368,YMR037C_cluster,YMR037C_cluster,YMR037C_cluster,0.0078
YMR037C,YPR199C,MSN2,ARR1,0.31,0.0031,294,YMR037C_cluster,YMR037C_cluster,YMR037C_cluster,0.0031
YMR042W,YMR043W,ARG80,MCM1,5.9,0.059,177,YMR042W_cluster,YMR042W_cluster,YMR042W_cluster,0.059
YMR042W,YMR070W,ARG80,MOT3,0.0,0.0,177,YMR042W_cluster,YMR042W_cluster,YMR042W_cluster,0.0
YMR042W,YMR164C,ARG80,MSS11,0.35,0.0035,177,YMR042W_cluster,YMR042W_cluster,YMR042W_cluster,0.0035
YMR042W,YMR172W,ARG80,HOT1,0.34,0.0034,177,YMR042W_cluster,YMR042W_cluster,YMR042W_cluster,0.0034
YMR042W,YMR280C,ARG80,CAT8,0.64,0.0064,177,YMR042W_cluster,YMR042W_cluster,YMR042W_cluster,0.0064
YMR042W,YNL027W,ARG80,CRZ1,0.25,0.0025,177,YMR042W_cluster,YMR042W_cluster,YMR042W_cluster,0.0025
YMR042W,YNL068C,ARG80,FKH2,0.1,0.001,177,YMR042W_cluster,YMR042W_cluster,YMR042W_cluster,0.001
YMR042W,YNL103W,ARG80,MET4,0.49,0.0049,177,YMR042W_cluster,YMR042W_cluster,YMR042W_cluster,0.0049
YMR042W,YNL167C,ARG80,SKO1,1.14,0.0114,177,YMR042W_cluster,YMR042W_cluster,YMR042W_cluster,0.0114
YMR042W,YNL199C,ARG80,GCR2,0.43,0.0043,177,YMR042W_cluster,YMR042W_cluster,YMR042W_cluster,0.0043
YMR042W,YNL216W,ARG80,RAP1,0.41,0.0041,177,YMR042W_cluster,YMR042W_cluster,YMR042W_cluster,0.0041
YMR042W,YNL314W,ARG80,DAL82,0.0,0.0,177,YMR042W_cluster,YMR042W_cluster,YMR042W_cluster,0.0
YMR042W,YOL067C,ARG80,RTG1,0.0,0.0,177,YMR042W_cluster,YMR042W_cluster,YMR042W_cluster,0.0
YMR042W,YOL108C,ARG80,INO4,0.0,0.0,151,YMR042W_cluster,YMR042W_cluster,YMR042W_cluster,0.0
YMR042W,YOR028C,ARG80,CIN5,0.0,0.0,177,YMR042W_cluster,YMR042W_cluster,YMR042W_cluster,0.0
YMR042W,YOR113W,ARG80,AZF1,0.29,0.0029,177,YMR042W_cluster,YMR042W_cluster,YMR042W_cluster,0.0029
YMR042W,YOR140W,ARG80,SFL1,0.65,0.0065,177,YMR042W_cluster,YMR042W_cluster,YMR042W_cluster,0.0065
YMR042W,YOR162C,ARG80,YRR1,0.31,0.0031,177,YMR042W_cluster,YMR042W_cluster,YMR042W_cluster,0.0031
YMR042W,YOR337W,ARG80,TEA1,0.22,0.0022,177,YMR042W_cluster,YMR042W_cluster,YMR042W_cluster,0.0022
YMR042W,YOR344C,ARG80,TYE7,0.44,0.0044,177,YMR042W_cluster,YMR042W_cluster,YMR042W_cluster,0.0044
YMR042W,YOR358W,ARG80,HAP5,0.49,0.0049,177,YMR042W_cluster,YMR042W_cluster,YMR042W_cluster,0.0049
YMR042W,YOR363C,ARG80,PIP2,0.52,0.0052,177,YMR042W_cluster,YMR042W_cluster,YMR042W_cluster,0.0052
YMR042W,YPL038W,ARG80,MET31,0.0,0.0,177,YMR042W_cluster,YMR042W_cluster,YMR042W_cluster,0.0
YMR042W,YPL075W,ARG80,GCR1,0.32,0.0032,177,YMR042W_cluster,YMR042W_cluster,YMR042W_cluster,0.0032
YMR042W,YPL089C,ARG80,RLM1,0.74,0.0074,177,YMR042W_cluster,YMR042W_cluster,YMR042W_cluster,0.0074
YMR042W,YPL133C,ARG80,RDS2,0.49,0.0049,177,YMR042W_cluster,YMR042W_cluster,YMR042W_cluster,0.0049
YMR042W,YPL202C,ARG80,AFT2,0.34,0.0034,177,YMR042W_cluster,YMR042W_cluster,YMR042W_cluster,0.0034
YMR042W,YPL230W,ARG80,USV1,0.18,0.0018,177,YMR042W_cluster,YMR042W_cluster,YMR042W_cluster,0.0018
YMR042W,YPL248C,ARG80,GAL4,0.29,0.0029,177,YMR042W_cluster,YMR042W_cluster,YMR042W_cluster,0.0029
YMR042W,YPR008W,ARG80,HAA1,0.47,0.0047,177,YMR042W_cluster,YMR042W_cluster,YMR042W_cluster,0.0047
YMR042W,YPR065W,ARG80,ROX1,0.0,0.0,177,YMR042W_cluster,YMR042W_cluster,YMR042W_cluster,0.0
YMR042W,YPR199C,ARG80,ARR1,0.0,0.0,177,YMR042W_cluster,YMR042W_cluster,YMR042W_cluster,0.0
YMR043W,YMR070W,MCM1,MOT3,0.75,0.0075,286,YMR043W_cluster,YMR043W_cluster,YMR043W_cluster,0.0075
YMR043W,YMR164C,MCM1,MSS11,1.31,0.0131,286,YMR043W_cluster,YMR043W_cluster,YMR043W_cluster,0.0131
YMR043W,YMR172W,MCM1,HOT1,0.75,0.0075,286,YMR043W_cluster,YMR043W_cluster,YMR043W_cluster,0.0075
YMR043W,YMR280C,MCM1,CAT8,0.12,0.0012,286,YMR043W_cluster,YMR043W_cluster,YMR043W_cluster,0.0012
YMR043W,YNL027W,MCM1,CRZ1,0.8,0.008,286,YMR043W_cluster,YMR043W_cluster,YMR043W_cluster,0.008
YMR043W,YNL068C,MCM1,FKH2,0.56,0.0056,286,YMR043W_cluster,YMR043W_cluster,YMR043W_cluster,0.0056
YMR043W,YNL103W,MCM1,MET4,0.22,0.0022,286,YMR043W_cluster,YMR043W_cluster,YMR043W_cluster,0.0022
YMR043W,YNL167C,MCM1,SKO1,0.12,0.0012,286,YMR043W_cluster,YMR043W_cluster,YMR043W_cluster,0.0012
YMR043W,YNL199C,MCM1,GCR2,0.26,0.0026,286,YMR043W_cluster,YMR043W_cluster,YMR043W_cluster,0.0026
YMR043W,YNL216W,MCM1,RAP1,0.58,0.0058,286,YMR043W_cluster,YMR043W_cluster,YMR043W_cluster,0.0058
YMR043W,YNL314W,MCM1,DAL82,0.2,0.002,255,YMR043W_cluster,YMR043W_cluster,YMR043W_cluster,0.002
YMR043W,YOL067C,MCM1,RTG1,0.0,0.0,177,YMR043W_cluster,YMR043W_cluster,YMR043W_cluster,0.0
YMR043W,YOL108C,MCM1,INO4,0.0,0.0,151,YMR043W_cluster,YMR043W_cluster,YMR043W_cluster,0.0
YMR043W,YOR028C,MCM1,CIN5,0.0,0.0,286,YMR043W_cluster,YMR043W_cluster,YMR043W_cluster,0.0
YMR043W,YOR113W,MCM1,AZF1,0.9,0.009,286,YMR043W_cluster,YMR043W_cluster,YMR043W_cluster,0.009
YMR043W,YOR140W,MCM1,SFL1,0.51,0.0051,286,YMR043W_cluster,YMR043W_cluster,YMR043W_cluster,0.0051
YMR043W,YOR162C,MCM1,YRR1,0.19,0.0019,286,YMR043W_cluster,YMR043W_cluster,YMR043W_cluster,0.0019
YMR043W,YOR337W,MCM1,TEA1,0.2,0.002,286,YMR043W_cluster,YMR043W_cluster,YMR043W_cluster,0.002
YMR043W,YOR344C,MCM1,TYE7,0.0,0.0,286,YMR043W_cluster,YMR043W_cluster,YMR043W_cluster,0.0
YMR043W,YOR358W,MCM1,HAP5,1.06,0.0106,242,YMR043W_cluster,YMR043W_cluster,YMR043W_cluster,0.0106
YMR043W,YOR363C,MCM1,PIP2,0.08,0.0008,286,YMR043W_cluster,YMR043W_cluster,YMR043W_cluster,0.0008
YMR043W,YPL038W,MCM1,MET31,0.0,0.0,177,YMR043W_cluster,YMR043W_cluster,YMR043W_cluster,0.0
YMR043W,YPL075W,MCM1,GCR1,0.2,0.002,286,YMR043W_cluster,YMR043W_cluster,YMR043W_cluster,0.002
YMR043W,YPL089C,MCM1,RLM1,1.15,0.0115,286,YMR043W_cluster,YMR043W_cluster,YMR043W_cluster,0.0115
YMR043W,YPL133C,MCM1,RDS2,0.0,0.0,286,YMR043W_cluster,YMR043W_cluster,YMR043W_cluster,0.0
YMR043W,YPL202C,MCM1,AFT2,0.0,0.0,286,YMR043W_cluster,YMR043W_cluster,YMR043W_cluster,0.0
YMR043W,YPL230W,MCM1,USV1,0.99,0.0099,286,YMR043W_cluster,YMR043W_cluster,YMR043W_cluster,0.0099
YMR043W,YPL248C,MCM1,GAL4,0.54,0.0054,286,YMR043W_cluster,YMR043W_cluster,YMR043W_cluster,0.0054
YMR043W,YPR008W,MCM1,HAA1,0.33,0.0033,286,YMR043W_cluster,YMR043W_cluster,YMR043W_cluster,0.0033
YMR043W,YPR065W,MCM1,ROX1,1.19,0.0119,286,YMR043W_cluster,YMR043W_cluster,YMR043W_cluster,0.0119
YMR043W,YPR199C,MCM1,ARR1,0.0,0.0,286,YMR043W_cluster,YMR043W_cluster,YMR043W_cluster,0.0
YMR070W,YMR164C,MOT3,MSS11,2.1,0.021,490,YMR070W_cluster,YMR070W_cluster,YMR070W_cluster,0.021
YMR070W,YMR172W,MOT3,HOT1,0.71,0.0071,490,YMR070W_cluster,YMR070W_cluster,YMR070W_cluster,0.0071
YMR070W,YMR280C,MOT3,CAT8,0.72,0.0072,490,YMR070W_cluster,YMR070W_cluster,YMR070W_cluster,0.0072
YMR070W,YNL027W,MOT3,CRZ1,1.32,0.0132,490,YMR070W_cluster,YMR070W_cluster,YMR070W_cluster,0.0132
YMR070W,YNL068C,MOT3,FKH2,1.52,0.0152,490,YMR070W_cluster,YMR070W_cluster,YMR070W_cluster,0.0152
YMR070W,YNL103W,MOT3,MET4,1.79,0.0179,490,YMR070W_cluster,YMR070W_cluster,YMR070W_cluster,0.0179
YMR070W,YNL167C,MOT3,SKO1,1.05,0.0105,490,YMR070W_cluster,YMR070W_cluster,YMR070W_cluster,0.0105
YMR070W,YNL199C,MOT3,GCR2,1.17,0.0117,490,YMR070W_cluster,YMR070W_cluster,YMR070W_cluster,0.0117
YMR070W,YNL216W,MOT3,RAP1,1.23,0.0123,490,YMR070W_cluster,YMR070W_cluster,YMR070W_cluster,0.0123
YMR070W,YNL314W,MOT3,DAL82,0.44,0.0044,255,YMR070W_cluster,YMR070W_cluster,YMR070W_cluster,0.0044
YMR070W,YOL067C,MOT3,RTG1,0.17,0.0017,177,YMR070W_cluster,YMR070W_cluster,YMR070W_cluster,0.0017
YMR070W,YOL108C,MOT3,INO4,0.17,0.0017,151,YMR070W_cluster,YMR070W_cluster,YMR070W_cluster,0.0017
YMR070W,YOR028C,MOT3,CIN5,0.42,0.0042,295,YMR070W_cluster,YMR070W_cluster,YMR070W_cluster,0.0042
YMR070W,YOR113W,MOT3,AZF1,1.79,0.0179,490,YMR070W_cluster,YMR070W_cluster,YMR070W_cluster,0.0179
YMR070W,YOR140W,MOT3,SFL1,1.46,0.0146,490,YMR070W_cluster,YMR070W_cluster,YMR070W_cluster,0.0146
YMR070W,YOR162C,MOT3,YRR1,0.32,0.0032,490,YMR070W_cluster,YMR070W_cluster,YMR070W_cluster,0.0032
YMR070W,YOR337W,MOT3,TEA1,0.34,0.0034,490,YMR070W_cluster,YMR070W_cluster,YMR070W_cluster,0.0034
YMR070W,YOR344C,MOT3,TYE7,0.56,0.0056,291,YMR070W_cluster,YMR070W_cluster,YMR070W_cluster,0.0056
YMR070W,YOR358W,MOT3,HAP5,0.0,0.0,242,YMR070W_cluster,YMR070W_cluster,YMR070W_cluster,0.0
YMR070W,YOR363C,MOT3,PIP2,0.57,0.0057,490,YMR070W_cluster,YMR070W_cluster,YMR070W_cluster,0.0057
YMR070W,YPL038W,MOT3,MET31,0.5,0.005,177,YMR070W_cluster,YMR070W_cluster,YMR070W_cluster,0.005
YMR070W,YPL075W,MOT3,GCR1,0.59,0.0059,490,YMR070W_cluster,YMR070W_cluster,YMR070W_cluster,0.0059
YMR070W,YPL089C,MOT3,RLM1,2.19,0.0219,490,YMR070W_cluster,YMR070W_cluster,YMR070W_cluster,0.0219
YMR070W,YPL133C,MOT3,RDS2,0.34,0.0034,446,YMR070W_cluster,YMR070W_cluster,YMR070W_cluster,0.0034
YMR070W,YPL202C,MOT3,AFT2,0.36,0.0036,416,YMR070W_cluster,YMR070W_cluster,YMR070W_cluster,0.0036
YMR070W,YPL230W,MOT3,USV1,1.65,0.0165,391,YMR070W_cluster,YMR070W_cluster,YMR070W_cluster,0.0165
YMR070W,YPL248C,MOT3,GAL4,0.78,0.0078,490,YMR070W_cluster,YMR070W_cluster,YMR070W_cluster,0.0078
YMR070W,YPR008W,MOT3,HAA1,1.46,0.0146,490,YMR070W_cluster,YMR070W_cluster,YMR070W_cluster,0.0146
YMR070W,YPR065W,MOT3,ROX1,1.55,0.0155,368,YMR070W_cluster,YMR070W_cluster,YMR070W_cluster,0.0155
YMR070W,YPR199C,MOT3,ARR1,0.28,0.0028,294,YMR070W_cluster,YMR070W_cluster,YMR070W_cluster,0.0028
YMR164C,YMR172W,MSS11,HOT1,0.73,0.0073,719,YMR164C_cluster,YMR164C_cluster,YMR164C_cluster,0.0073
YMR164C,YMR280C,MSS11,CAT8,0.87,0.0087,758,YMR164C_cluster,YMR164C_cluster,YMR164C_cluster,0.0087
YMR164C,YNL027W,MSS11,CRZ1,1.21,0.0121,678,YMR164C_cluster,YMR164C_cluster,YMR164C_cluster,0.0121
YMR164C,YNL068C,MSS11,FKH2,0.99,0.0099,758,YMR164C_cluster,YMR164C_cluster,YMR164C_cluster,0.0099
YMR164C,YNL103W,MSS11,MET4,1.21,0.0121,672,YMR164C_cluster,YMR164C_cluster,YMR164C_cluster,0.0121
YMR164C,YNL167C,MSS11,SKO1,0.77,0.0077,647,YMR164C_cluster,YMR164C_cluster,YMR164C_cluster,0.0077
YMR164C,YNL199C,MSS11,GCR2,0.83,0.0083,534,YMR164C_cluster,YMR164C_cluster,YMR164C_cluster,0.0083
YMR164C,YNL216W,MSS11,RAP1,0.74,0.0074,758,YMR164C_cluster,YMR164C_cluster,YMR164C_cluster,0.0074
YMR164C,YNL314W,MSS11,DAL82,0.21,0.0021,255,YMR164C_cluster,YMR164C_cluster,YMR164C_cluster,0.0021
YMR164C,YOL067C,MSS11,RTG1,0.23,0.0023,177,YMR164C_cluster,YMR164C_cluster,YMR164C_cluster,0.0023
YMR164C,YOL108C,MSS11,INO4,0.36,0.0036,151,YMR164C_cluster,YMR164C_cluster,YMR164C_cluster,0.0036
YMR164C,YOR028C,MSS11,CIN5,0.0,0.0,295,YMR164C_cluster,YMR164C_cluster,YMR164C_cluster,0.0
YMR164C,YOR113W,MSS11,AZF1,1.55,0.0155,758,YMR164C_cluster,YMR164C_cluster,YMR164C_cluster,0.0155
YMR164C,YOR140W,MSS11,SFL1,0.7,0.007,758,YMR164C_cluster,YMR164C_cluster,YMR164C_cluster,0.007
YMR164C,YOR162C,MSS11,YRR1,0.34,0.0034,758,YMR164C_cluster,YMR164C_cluster,YMR164C_cluster,0.0034
YMR164C,YOR337W,MSS11,TEA1,0.14,0.0014,758,YMR164C_cluster,YMR164C_cluster,YMR164C_cluster,0.0014
YMR164C,YOR344C,MSS11,TYE7,0.31,0.0031,291,YMR164C_cluster,YMR164C_cluster,YMR164C_cluster,0.0031
YMR164C,YOR358W,MSS11,HAP5,0.76,0.0076,242,YMR164C_cluster,YMR164C_cluster,YMR164C_cluster,0.0076
YMR164C,YOR363C,MSS11,PIP2,0.66,0.0066,758,YMR164C_cluster,YMR164C_cluster,YMR164C_cluster,0.0066
YMR164C,YPL038W,MSS11,MET31,0.0,0.0,177,YMR164C_cluster,YMR164C_cluster,YMR164C_cluster,0.0
YMR164C,YPL075W,MSS11,GCR1,1.04,0.0104,758,YMR164C_cluster,YMR164C_cluster,YMR164C_cluster,0.0104
YMR164C,YPL089C,MSS11,RLM1,1.68,0.0168,676,YMR164C_cluster,YMR164C_cluster,YMR164C_cluster,0.0168
YMR164C,YPL133C,MSS11,RDS2,0.44,0.0044,446,YMR164C_cluster,YMR164C_cluster,YMR164C_cluster,0.0044
YMR164C,YPL202C,MSS11,AFT2,0.46,0.0046,416,YMR164C_cluster,YMR164C_cluster,YMR164C_cluster,0.0046
YMR164C,YPL230W,MSS11,USV1,1.24,0.0124,391,YMR164C_cluster,YMR164C_cluster,YMR164C_cluster,0.0124
YMR164C,YPL248C,MSS11,GAL4,1.1,0.011,758,YMR164C_cluster,YMR164C_cluster,YMR164C_cluster,0.011
YMR164C,YPR008W,MSS11,HAA1,1.11,0.0111,694,YMR164C_cluster,YMR164C_cluster,YMR164C_cluster,0.0111
YMR164C,YPR065W,MSS11,ROX1,0.97,0.0097,368,YMR164C_cluster,YMR164C_cluster,YMR164C_cluster,0.0097
YMR164C,YPR199C,MSS11,ARR1,0.2,0.002,294,YMR164C_cluster,YMR164C_cluster,YMR164C_cluster,0.002
YMR172W,YMR280C,HOT1,CAT8,0.96,0.0096,719,YMR172W_cluster,YMR172W_cluster,YMR172W_cluster,0.0096
YMR172W,YNL027W,HOT1,CRZ1,0.6,0.006,678,YMR172W_cluster,YMR172W_cluster,YMR172W_cluster,0.006
YMR172W,YNL068C,HOT1,FKH2,0.46,0.0046,719,YMR172W_cluster,YMR172W_cluster,YMR172W_cluster,0.0046
YMR172W,YNL103W,HOT1,MET4,1.2,0.012,672,YMR172W_cluster,YMR172W_cluster,YMR172W_cluster,0.012
YMR172W,YNL167C,HOT1,SKO1,0.84,0.0084,647,YMR172W_cluster,YMR172W_cluster,YMR172W_cluster,0.0084
YMR172W,YNL199C,HOT1,GCR2,1.24,0.0124,534,YMR172W_cluster,YMR172W_cluster,YMR172W_cluster,0.0124
YMR172W,YNL216W,HOT1,RAP1,1.14,0.0114,719,YMR172W_cluster,YMR172W_cluster,YMR172W_cluster,0.0114
YMR172W,YNL314W,HOT1,DAL82,0.21,0.0021,255,YMR172W_cluster,YMR172W_cluster,YMR172W_cluster,0.0021
YMR172W,YOL067C,HOT1,RTG1,0.11,0.0011,177,YMR172W_cluster,YMR172W_cluster,YMR172W_cluster,0.0011
YMR172W,YOL108C,HOT1,INO4,0.12,0.0012,151,YMR172W_cluster,YMR172W_cluster,YMR172W_cluster,0.0012
YMR172W,YOR028C,HOT1,CIN5,0.2,0.002,295,YMR172W_cluster,YMR172W_cluster,YMR172W_cluster,0.002
YMR172W,YOR113W,HOT1,AZF1,0.7,0.007,719,YMR172W_cluster,YMR172W_cluster,YMR172W_cluster,0.007
YMR172W,YOR140W,HOT1,SFL1,0.69,0.0069,719,YMR172W_cluster,YMR172W_cluster,YMR172W_cluster,0.0069
YMR172W,YOR162C,HOT1,YRR1,0.6,0.006,719,YMR172W_cluster,YMR172W_cluster,YMR172W_cluster,0.006
YMR172W,YOR337W,HOT1,TEA1,0.56,0.0056,719,YMR172W_cluster,YMR172W_cluster,YMR172W_cluster,0.0056
YMR172W,YOR344C,HOT1,TYE7,0.41,0.0041,291,YMR172W_cluster,YMR172W_cluster,YMR172W_cluster,0.0041
YMR172W,YOR358W,HOT1,HAP5,0.32,0.0032,242,YMR172W_cluster,YMR172W_cluster,YMR172W_cluster,0.0032
YMR172W,YOR363C,HOT1,PIP2,0.72,0.0072,719,YMR172W_cluster,YMR172W_cluster,YMR172W_cluster,0.0072
YMR172W,YPL038W,HOT1,MET31,0.0,0.0,177,YMR172W_cluster,YMR172W_cluster,YMR172W_cluster,0.0
YMR172W,YPL075W,HOT1,GCR1,1.03,0.0103,719,YMR172W_cluster,YMR172W_cluster,YMR172W_cluster,0.0103
YMR172W,YPL089C,HOT1,RLM1,1.52,0.0152,676,YMR172W_cluster,YMR172W_cluster,YMR172W_cluster,0.0152
YMR172W,YPL133C,HOT1,RDS2,0.71,0.0071,446,YMR172W_cluster,YMR172W_cluster,YMR172W_cluster,0.0071
YMR172W,YPL202C,HOT1,AFT2,0.45,0.0045,416,YMR172W_cluster,YMR172W_cluster,YMR172W_cluster,0.0045
YMR172W,YPL230W,HOT1,USV1,0.56,0.0056,391,YMR172W_cluster,YMR172W_cluster,YMR172W_cluster,0.0056
YMR172W,YPL248C,HOT1,GAL4,0.97,0.0097,719,YMR172W_cluster,YMR172W_cluster,YMR172W_cluster,0.0097
YMR172W,YPR008W,HOT1,HAA1,0.8,0.008,694,YMR172W_cluster,YMR172W_cluster,YMR172W_cluster,0.008
YMR172W,YPR065W,HOT1,ROX1,0.67,0.0067,368,YMR172W_cluster,YMR172W_cluster,YMR172W_cluster,0.0067
YMR172W,YPR199C,HOT1,ARR1,0.0,0.0,294,YMR172W_cluster,YMR172W_cluster,YMR172W_cluster,0.0
YMR280C,YNL027W,CAT8,CRZ1,0.89,0.0089,678,YMR280C_cluster,YMR280C_cluster,YMR280C_cluster,0.0089
YMR280C,YNL068C,CAT8,FKH2,1.31,0.0131,862,YMR280C_cluster,YMR280C_cluster,YMR280C_cluster,0.0131
YMR280C,YNL103W,CAT8,MET4,0.99,0.0099,672,YMR280C_cluster,YMR280C_cluster,YMR280C_cluster,0.0099
YMR280C,YNL167C,CAT8,SKO1,1.15,0.0115,647,YMR280C_cluster,YMR280C_cluster,YMR280C_cluster,0.0115
YMR280C,YNL199C,CAT8,GCR2,0.73,0.0073,534,YMR280C_cluster,YMR280C_cluster,YMR280C_cluster,0.0073
YMR280C,YNL216W,CAT8,RAP1,0.73,0.0073,827,YMR280C_cluster,YMR280C_cluster,YMR280C_cluster,0.0073
YMR280C,YNL314W,CAT8,DAL82,0.3,0.003,255,YMR280C_cluster,YMR280C_cluster,YMR280C_cluster,0.003
YMR280C,YOL067C,CAT8,RTG1,0.45,0.0045,177,YMR280C_cluster,YMR280C_cluster,YMR280C_cluster,0.0045
YMR280C,YOL108C,CAT8,INO4,0.26,0.0026,151,YMR280C_cluster,YMR280C_cluster,YMR280C_cluster,0.0026
YMR280C,YOR028C,CAT8,CIN5,0.18,0.0018,295,YMR280C_cluster,YMR280C_cluster,YMR280C_cluster,0.0018
YMR280C,YOR113W,CAT8,AZF1,1.52,0.0152,914,YMR280C_cluster,YMR280C_cluster,YMR280C_cluster,0.0152
YMR280C,YOR140W,CAT8,SFL1,0.75,0.0075,766,YMR280C_cluster,YMR280C_cluster,YMR280C_cluster,0.0075
YMR280C,YOR162C,CAT8,YRR1,0.92,0.0092,810,YMR280C_cluster,YMR280C_cluster,YMR280C_cluster,0.0092
YMR280C,YOR337W,CAT8,TEA1,0.75,0.0075,759,YMR280C_cluster,YMR280C_cluster,YMR280C_cluster,0.0075
YMR280C,YOR344C,CAT8,TYE7,0.48,0.0048,291,YMR280C_cluster,YMR280C_cluster,YMR280C_cluster,0.0048
YMR280C,YOR358W,CAT8,HAP5,0.25,0.0025,242,YMR280C_cluster,YMR280C_cluster,YMR280C_cluster,0.0025
YMR280C,YOR363C,CAT8,PIP2,1.06,0.0106,996,YMR280C_cluster,YMR280C_cluster,YMR280C_cluster,0.0106
YMR280C,YPL038W,CAT8,MET31,0.13,0.0013,177,YMR280C_cluster,YMR280C_cluster,YMR280C_cluster,0.0013
YMR280C,YPL075W,CAT8,GCR1,0.79,0.0079,785,YMR280C_cluster,YMR280C_cluster,YMR280C_cluster,0.0079
YMR280C,YPL089C,CAT8,RLM1,1.24,0.0124,676,YMR280C_cluster,YMR280C_cluster,YMR280C_cluster,0.0124
YMR280C,YPL133C,CAT8,RDS2,0.55,0.0055,446,YMR280C_cluster,YMR280C_cluster,YMR280C_cluster,0.0055
YMR280C,YPL202C,CAT8,AFT2,0.33,0.0033,416,YMR280C_cluster,YMR280C_cluster,YMR280C_cluster,0.0033
YMR280C,YPL230W,CAT8,USV1,0.97,0.0097,391,YMR280C_cluster,YMR280C_cluster,YMR280C_cluster,0.0097
YMR280C,YPL248C,CAT8,GAL4,1.07,0.0107,881,YMR280C_cluster,YMR280C_cluster,YMR280C_cluster,0.0107
YMR280C,YPR008W,CAT8,HAA1,1.22,0.0122,694,YMR280C_cluster,YMR280C_cluster,YMR280C_cluster,0.0122
YMR280C,YPR065W,CAT8,ROX1,1.04,0.0104,368,YMR280C_cluster,YMR280C_cluster,YMR280C_cluster,0.0104
YMR280C,YPR199C,CAT8,ARR1,0.72,0.0072,294,YMR280C_cluster,YMR280C_cluster,YMR280C_cluster,0.0072
YNL027W,YNL068C,CRZ1,FKH2,1.09,0.0109,678,YNL027W_cluster,YNL027W_cluster,YNL027W_cluster,0.0109
YNL027W,YNL103W,CRZ1,MET4,1.09,0.0109,672,YNL027W_cluster,YNL027W_cluster,YNL027W_cluster,0.0109
YNL027W,YNL167C,CRZ1,SKO1,0.71,0.0071,647,YNL027W_cluster,YNL027W_cluster,YNL027W_cluster,0.0071
YNL027W,YNL199C,CRZ1,GCR2,0.95,0.0095,534,YNL027W_cluster,YNL027W_cluster,YNL027W_cluster,0.0095
YNL027W,YNL216W,CRZ1,RAP1,0.48,0.0048,678,YNL027W_cluster,YNL027W_cluster,YNL027W_cluster,0.0048
YNL027W,YNL314W,CRZ1,DAL82,0.0,0.0,255,YNL027W_cluster,YNL027W_cluster,YNL027W_cluster,0.0
YNL027W,YOL067C,CRZ1,RTG1,0.74,0.0074,177,YNL027W_cluster,YNL027W_cluster,YNL027W_cluster,0.0074
YNL027W,YOL108C,CRZ1,INO4,0.13,0.0013,151,YNL027W_cluster,YNL027W_cluster,YNL027W_cluster,0.0013
YNL027W,YOR028C,CRZ1,CIN5,0.43,0.0043,295,YNL027W_cluster,YNL027W_cluster,YNL027W_cluster,0.0043
YNL027W,YOR113W,CRZ1,AZF1,1.4,0.014,678,YNL027W_cluster,YNL027W_cluster,YNL027W_cluster,0.014
YNL027W,YOR140W,CRZ1,SFL1,0.72,0.0072,678,YNL027W_cluster,YNL027W_cluster,YNL027W_cluster,0.0072
YNL027W,YOR162C,CRZ1,YRR1,0.76,0.0076,678,YNL027W_cluster,YNL027W_cluster,YNL027W_cluster,0.0076
YNL027W,YOR337W,CRZ1,TEA1,0.51,0.0051,678,YNL027W_cluster,YNL027W_cluster,YNL027W_cluster,0.0051
YNL027W,YOR344C,CRZ1,TYE7,0.32,0.0032,291,YNL027W_cluster,YNL027W_cluster,YNL027W_cluster,0.0032
YNL027W,YOR358W,CRZ1,HAP5,0.23,0.0023,242,YNL027W_cluster,YNL027W_cluster,YNL027W_cluster,0.0023
YNL027W,YOR363C,CRZ1,PIP2,0.55,0.0055,678,YNL027W_cluster,YNL027W_cluster,YNL027W_cluster,0.0055
YNL027W,YPL038W,CRZ1,MET31,0.0,0.0,177,YNL027W_cluster,YNL027W_cluster,YNL027W_cluster,0.0
YNL027W,YPL075W,CRZ1,GCR1,0.43,0.0043,678,YNL027W_cluster,YNL027W_cluster,YNL027W_cluster,0.0043
YNL027W,YPL089C,CRZ1,RLM1,1.66,0.0166,676,YNL027W_cluster,YNL027W_cluster,YNL027W_cluster,0.0166
YNL027W,YPL133C,CRZ1,RDS2,0.65,0.0065,446,YNL027W_cluster,YNL027W_cluster,YNL027W_cluster,0.0065
YNL027W,YPL202C,CRZ1,AFT2,1.05,0.0105,416,YNL027W_cluster,YNL027W_cluster,YNL027W_cluster,0.0105
YNL027W,YPL230W,CRZ1,USV1,0.99,0.0099,391,YNL027W_cluster,YNL027W_cluster,YNL027W_cluster,0.0099
YNL027W,YPL248C,CRZ1,GAL4,0.93,0.0093,678,YNL027W_cluster,YNL027W_cluster,YNL027W_cluster,0.0093
YNL027W,YPR008W,CRZ1,HAA1,1.3,0.013,678,YNL027W_cluster,YNL027W_cluster,YNL027W_cluster,0.013
YNL027W,YPR065W,CRZ1,ROX1,1.73,0.0173,368,YNL027W_cluster,YNL027W_cluster,YNL027W_cluster,0.0173
YNL027W,YPR199C,CRZ1,ARR1,0.54,0.0054,294,YNL027W_cluster,YNL027W_cluster,YNL027W_cluster,0.0054
YNL068C,YNL103W,FKH2,MET4,1.08,0.0108,672,YNL068C_cluster,YNL068C_cluster,YNL068C_cluster,0.0108
YNL068C,YNL167C,FKH2,SKO1,0.82,0.0082,647,YNL068C_cluster,YNL068C_cluster,YNL068C_cluster,0.0082
YNL068C,YNL199C,FKH2,GCR2,0.66,0.0066,534,YNL068C_cluster,YNL068C_cluster,YNL068C_cluster,0.0066
YNL068C,YNL216W,FKH2,RAP1,0.98,0.0098,827,YNL068C_cluster,YNL068C_cluster,YNL068C_cluster,0.0098
YNL068C,YNL314W,FKH2,DAL82,0.18,0.0018,255,YNL068C_cluster,YNL068C_cluster,YNL068C_cluster,0.0018
YNL068C,YOL067C,FKH2,RTG1,0.49,0.0049,177,YNL068C_cluster,YNL068C_cluster,YNL068C_cluster,0.0049
YNL068C,YOL108C,FKH2,INO4,0.2,0.002,151,YNL068C_cluster,YNL068C_cluster,YNL068C_cluster,0.002
YNL068C,YOR028C,FKH2,CIN5,0.09,0.0009,295,YNL068C_cluster,YNL068C_cluster,YNL068C_cluster,0.0009
YNL068C,YOR113W,FKH2,AZF1,1.53,0.0153,862,YNL068C_cluster,YNL068C_cluster,YNL068C_cluster,0.0153
YNL068C,YOR140W,FKH2,SFL1,1.2,0.012,766,YNL068C_cluster,YNL068C_cluster,YNL068C_cluster,0.012
YNL068C,YOR162C,FKH2,YRR1,0.37,0.0037,810,YNL068C_cluster,YNL068C_cluster,YNL068C_cluster,0.0037
YNL068C,YOR337W,FKH2,TEA1,0.7,0.007,759,YNL068C_cluster,YNL068C_cluster,YNL068C_cluster,0.007
YNL068C,YOR344C,FKH2,TYE7,0.54,0.0054,291,YNL068C_cluster,YNL068C_cluster,YNL068C_cluster,0.0054
YNL068C,YOR358W,FKH2,HAP5,0.46,0.0046,242,YNL068C_cluster,YNL068C_cluster,YNL068C_cluster,0.0046
YNL068C,YOR363C,FKH2,PIP2,0.49,0.0049,862,YNL068C_cluster,YNL068C_cluster,YNL068C_cluster,0.0049
YNL068C,YPL038W,FKH2,MET31,0.2,0.002,177,YNL068C_cluster,YNL068C_cluster,YNL068C_cluster,0.002
YNL068C,YPL075W,FKH2,GCR1,1.38,0.0138,785,YNL068C_cluster,YNL068C_cluster,YNL068C_cluster,0.0138
YNL068C,YPL089C,FKH2,RLM1,1.44,0.0144,676,YNL068C_cluster,YNL068C_cluster,YNL068C_cluster,0.0144
YNL068C,YPL133C,FKH2,RDS2,0.63,0.0063,446,YNL068C_cluster,YNL068C_cluster,YNL068C_cluster,0.0063
YNL068C,YPL202C,FKH2,AFT2,0.16,0.0016,416,YNL068C_cluster,YNL068C_cluster,YNL068C_cluster,0.0016
YNL068C,YPL230W,FKH2,USV1,0.83,0.0083,391,YNL068C_cluster,YNL068C_cluster,YNL068C_cluster,0.0083
YNL068C,YPL248C,FKH2,GAL4,0.94,0.0094,862,YNL068C_cluster,YNL068C_cluster,YNL068C_cluster,0.0094
YNL068C,YPR008W,FKH2,HAA1,1.53,0.0153,694,YNL068C_cluster,YNL068C_cluster,YNL068C_cluster,0.0153
YNL068C,YPR065W,FKH2,ROX1,1.27,0.0127,368,YNL068C_cluster,YNL068C_cluster,YNL068C_cluster,0.0127
YNL068C,YPR199C,FKH2,ARR1,0.18,0.0018,294,YNL068C_cluster,YNL068C_cluster,YNL068C_cluster,0.0018
YNL103W,YNL167C,MET4,SKO1,1.19,0.0119,647,YNL103W_cluster,YNL103W_cluster,YNL103W_cluster,0.0119
YNL103W,YNL199C,MET4,GCR2,1.55,0.0155,534,YNL103W_cluster,YNL103W_cluster,YNL103W_cluster,0.0155
YNL103W,YNL216W,MET4,RAP1,1.11,0.0111,672,YNL103W_cluster,YNL103W_cluster,YNL103W_cluster,0.0111
YNL103W,YNL314W,MET4,DAL82,0.44,0.0044,255,YNL103W_cluster,YNL103W_cluster,YNL103W_cluster,0.0044
YNL103W,YOL067C,MET4,RTG1,0.24,0.0024,177,YNL103W_cluster,YNL103W_cluster,YNL103W_cluster,0.0024
YNL103W,YOL108C,MET4,INO4,0.38,0.0038,151,YNL103W_cluster,YNL103W_cluster,YNL103W_cluster,0.0038
YNL103W,YOR028C,MET4,CIN5,0.86,0.0086,295,YNL103W_cluster,YNL103W_cluster,YNL103W_cluster,0.0086
YNL103W,YOR113W,MET4,AZF1,1.25,0.0125,672,YNL103W_cluster,YNL103W_cluster,YNL103W_cluster,0.0125
YNL103W,YOR140W,MET4,SFL1,0.86,0.0086,672,YNL103W_cluster,YNL103W_cluster,YNL103W_cluster,0.0086
YNL103W,YOR162C,MET4,YRR1,0.48,0.0048,672,YNL103W_cluster,YNL103W_cluster,YNL103W_cluster,0.0048
YNL103W,YOR337W,MET4,TEA1,0.72,0.0072,672,YNL103W_cluster,YNL103W_cluster,YNL103W_cluster,0.0072
YNL103W,YOR344C,MET4,TYE7,0.86,0.0086,291,YNL103W_cluster,YNL103W_cluster,YNL103W_cluster,0.0086
YNL103W,YOR358W,MET4,HAP5,0.34,0.0034,242,YNL103W_cluster,YNL103W_cluster,YNL103W_cluster,0.0034
YNL103W,YOR363C,MET4,PIP2,0.68,0.0068,672,YNL103W_cluster,YNL103W_cluster,YNL103W_cluster,0.0068
YNL103W,YPL038W,MET4,MET31,0.36,0.0036,177,YNL103W_cluster,YNL103W_cluster,YNL103W_cluster,0.0036
YNL103W,YPL075W,MET4,GCR1,0.78,0.0078,672,YNL103W_cluster,YNL103W_cluster,YNL103W_cluster,0.0078
YNL103W,YPL089C,MET4,RLM1,1.97,0.0197,672,YNL103W_cluster,YNL103W_cluster,YNL103W_cluster,0.0197
YNL103W,YPL133C,MET4,RDS2,0.46,0.0046,446,YNL103W_cluster,YNL103W_cluster,YNL103W_cluster,0.0046
YNL103W,YPL202C,MET4,AFT2,0.76,0.0076,416,YNL103W_cluster,YNL103W_cluster,YNL103W_cluster,0.0076
YNL103W,YPL230W,MET4,USV1,0.99,0.0099,391,YNL103W_cluster,YNL103W_cluster,YNL103W_cluster,0.0099
YNL103W,YPL248C,MET4,GAL4,0.86,0.0086,672,YNL103W_cluster,YNL103W_cluster,YNL103W_cluster,0.0086
YNL103W,YPR008W,MET4,HAA1,1.83,0.0183,672,YNL103W_cluster,YNL103W_cluster,YNL103W_cluster,0.0183
YNL103W,YPR065W,MET4,ROX1,0.6,0.006,368,YNL103W_cluster,YNL103W_cluster,YNL103W_cluster,0.006
YNL103W,YPR199C,MET4,ARR1,0.86,0.0086,294,YNL103W_cluster,YNL103W_cluster,YNL103W_cluster,0.0086
YNL167C,YNL199C,SKO1,GCR2,1.05,0.0105,534,YNL167C_cluster,YNL167C_cluster,YNL167C_cluster,0.0105
YNL167C,YNL216W,SKO1,RAP1,0.77,0.0077,647,YNL167C_cluster,YNL167C_cluster,YNL167C_cluster,0.0077
YNL167C,YNL314W,SKO1,DAL82,0.11,0.0011,255,YNL167C_cluster,YNL167C_cluster,YNL167C_cluster,0.0011
YNL167C,YOL067C,SKO1,RTG1,0.38,0.0038,177,YNL167C_cluster,YNL167C_cluster,YNL167C_cluster,0.0038
YNL167C,YOL108C,SKO1,INO4,0.65,0.0065,151,YNL167C_cluster,YNL167C_cluster,YNL167C_cluster,0.0065
YNL167C,YOR028C,SKO1,CIN5,1.22,0.0122,295,YNL167C_cluster,YNL167C_cluster,YNL167C_cluster,0.0122
YNL167C,YOR113W,SKO1,AZF1,1.69,0.0169,647,YNL167C_cluster,YNL167C_cluster,YNL167C_cluster,0.0169
YNL167C,YOR140W,SKO1,SFL1,1.77,0.0177,647,YNL167C_cluster,YNL167C_cluster,YNL167C_cluster,0.0177
YNL167C,YOR162C,SKO1,YRR1,0.7,0.007,647,YNL167C_cluster,YNL167C_cluster,YNL167C_cluster,0.007
YNL167C,YOR337W,SKO1,TEA1,0.81,0.0081,647,YNL167C_cluster,YNL167C_cluster,YNL167C_cluster,0.0081
YNL167C,YOR344C,SKO1,TYE7,0.66,0.0066,291,YNL167C_cluster,YNL167C_cluster,YNL167C_cluster,0.0066
YNL167C,YOR358W,SKO1,HAP5,0.35,0.0035,242,YNL167C_cluster,YNL167C_cluster,YNL167C_cluster,0.0035
YNL167C,YOR363C,SKO1,PIP2,0.75,0.0075,647,YNL167C_cluster,YNL167C_cluster,YNL167C_cluster,0.0075
YNL167C,YPL038W,SKO1,MET31,0.13,0.0013,177,YNL167C_cluster,YNL167C_cluster,YNL167C_cluster,0.0013
YNL167C,YPL075W,SKO1,GCR1,1.16,0.0116,647,YNL167C_cluster,YNL167C_cluster,YNL167C_cluster,0.0116
YNL167C,YPL089C,SKO1,RLM1,1.44,0.0144,647,YNL167C_cluster,YNL167C_cluster,YNL167C_cluster,0.0144
YNL167C,YPL133C,SKO1,RDS2,0.56,0.0056,446,YNL167C_cluster,YNL167C_cluster,YNL167C_cluster,0.0056
YNL167C,YPL202C,SKO1,AFT2,0.58,0.0058,416,YNL167C_cluster,YNL167C_cluster,YNL167C_cluster,0.0058
YNL167C,YPL230W,SKO1,USV1,0.81,0.0081,391,YNL167C_cluster,YNL167C_cluster,YNL167C_cluster,0.0081
YNL167C,YPL248C,SKO1,GAL4,0.54,0.0054,647,YNL167C_cluster,YNL167C_cluster,YNL167C_cluster,0.0054
YNL167C,YPR008W,SKO1,HAA1,1.16,0.0116,647,YNL167C_cluster,YNL167C_cluster,YNL167C_cluster,0.0116
YNL167C,YPR065W,SKO1,ROX1,1.45,0.0145,368,YNL167C_cluster,YNL167C_cluster,YNL167C_cluster,0.0145
YNL167C,YPR199C,SKO1,ARR1,0.77,0.0077,294,YNL167C_cluster,YNL167C_cluster,YNL167C_cluster,0.0077
YNL199C,YNL216W,GCR2,RAP1,0.3,0.003,534,YNL199C_cluster,YNL199C_cluster,YNL199C_cluster,0.003
YNL199C,YNL314W,GCR2,DAL82,0.13,0.0013,255,YNL199C_cluster,YNL199C_cluster,YNL199C_cluster,0.0013
YNL199C,YOL067C,GCR2,RTG1,0.58,0.0058,177,YNL199C_cluster,YNL199C_cluster,YNL199C_cluster,0.0058
YNL199C,YOL108C,GCR2,INO4,0.45,0.0045,151,YNL199C_cluster,YNL199C_cluster,YNL199C_cluster,0.0045
YNL199C,YOR028C,GCR2,CIN5,0.12,0.0012,295,YNL199C_cluster,YNL199C_cluster,YNL199C_cluster,0.0012
YNL199C,YOR113W,GCR2,AZF1,1.37,0.0137,534,YNL199C_cluster,YNL199C_cluster,YNL199C_cluster,0.0137
YNL199C,YOR140W,GCR2,SFL1,0.95,0.0095,534,YNL199C_cluster,YNL199C_cluster,YNL199C_cluster,0.0095
YNL199C,YOR162C,GCR2,YRR1,0.45,0.0045,534,YNL199C_cluster,YNL199C_cluster,YNL199C_cluster,0.0045
YNL199C,YOR337W,GCR2,TEA1,0.71,0.0071,534,YNL199C_cluster,YNL199C_cluster,YNL199C_cluster,0.0071
YNL199C,YOR344C,GCR2,TYE7,0.75,0.0075,291,YNL199C_cluster,YNL199C_cluster,YNL199C_cluster,0.0075
YNL199C,YOR358W,GCR2,HAP5,0.26,0.0026,242,YNL199C_cluster,YNL199C_cluster,YNL199C_cluster,0.0026
YNL199C,YOR363C,GCR2,PIP2,0.47,0.0047,534,YNL199C_cluster,YNL199C_cluster,YNL199C_cluster,0.0047
YNL199C,YPL038W,GCR2,MET31,0.0,0.0,177,YNL199C_cluster,YNL199C_cluster,YNL199C_cluster,0.0
YNL199C,YPL075W,GCR2,GCR1,0.93,0.0093,534,YNL199C_cluster,YNL199C_cluster,YNL199C_cluster,0.0093
YNL199C,YPL089C,GCR2,RLM1,1.57,0.0157,534,YNL199C_cluster,YNL199C_cluster,YNL199C_cluster,0.0157
YNL199C,YPL133C,GCR2,RDS2,0.1,0.001,446,YNL199C_cluster,YNL199C_cluster,YNL199C_cluster,0.001
YNL199C,YPL202C,GCR2,AFT2,0.54,0.0054,416,YNL199C_cluster,YNL199C_cluster,YNL199C_cluster,0.0054
YNL199C,YPL230W,GCR2,USV1,0.79,0.0079,391,YNL199C_cluster,YNL199C_cluster,YNL199C_cluster,0.0079
YNL199C,YPL248C,GCR2,GAL4,0.72,0.0072,534,YNL199C_cluster,YNL199C_cluster,YNL199C_cluster,0.0072
YNL199C,YPR008W,GCR2,HAA1,0.58,0.0058,534,YNL199C_cluster,YNL199C_cluster,YNL199C_cluster,0.0058
YNL199C,YPR065W,GCR2,ROX1,0.34,0.0034,368,YNL199C_cluster,YNL199C_cluster,YNL199C_cluster,0.0034
YNL199C,YPR199C,GCR2,ARR1,0.12,0.0012,294,YNL199C_cluster,YNL199C_cluster,YNL199C_cluster,0.0012
YNL216W,YNL314W,RAP1,DAL82,0.28,0.0028,255,YNL216W_cluster,YNL216W_cluster,YNL216W_cluster,0.0028
YNL216W,YOL067C,RAP1,RTG1,0.1,0.001,177,YNL216W_cluster,YNL216W_cluster,YNL216W_cluster,0.001
YNL216W,YOL108C,RAP1,INO4,0.1,0.001,151,YNL216W_cluster,YNL216W_cluster,YNL216W_cluster,0.001
YNL216W,YOR028C,RAP1,CIN5,0.55,0.0055,295,YNL216W_cluster,YNL216W_cluster,YNL216W_cluster,0.0055
YNL216W,YOR113W,RAP1,AZF1,0.96,0.0096,827,YNL216W_cluster,YNL216W_cluster,YNL216W_cluster,0.0096
YNL216W,YOR140W,RAP1,SFL1,0.84,0.0084,766,YNL216W_cluster,YNL216W_cluster,YNL216W_cluster,0.0084
YNL216W,YOR162C,RAP1,YRR1,0.75,0.0075,810,YNL216W_cluster,YNL216W_cluster,YNL216W_cluster,0.0075
YNL216W,YOR337W,RAP1,TEA1,0.45,0.0045,759,YNL216W_cluster,YNL216W_cluster,YNL216W_cluster,0.0045
YNL216W,YOR344C,RAP1,TYE7,0.55,0.0055,291,YNL216W_cluster,YNL216W_cluster,YNL216W_cluster,0.0055
YNL216W,YOR358W,RAP1,HAP5,0.48,0.0048,242,YNL216W_cluster,YNL216W_cluster,YNL216W_cluster,0.0048
YNL216W,YOR363C,RAP1,PIP2,0.73,0.0073,827,YNL216W_cluster,YNL216W_cluster,YNL216W_cluster,0.0073
YNL216W,YPL038W,RAP1,MET31,0.2,0.002,177,YNL216W_cluster,YNL216W_cluster,YNL216W_cluster,0.002
YNL216W,YPL075W,RAP1,GCR1,0.83,0.0083,785,YNL216W_cluster,YNL216W_cluster,YNL216W_cluster,0.0083
YNL216W,YPL089C,RAP1,RLM1,1.05,0.0105,676,YNL216W_cluster,YNL216W_cluster,YNL216W_cluster,0.0105
YNL216W,YPL133C,RAP1,RDS2,0.32,0.0032,446,YNL216W_cluster,YNL216W_cluster,YNL216W_cluster,0.0032
YNL216W,YPL202C,RAP1,AFT2,0.41,0.0041,416,YNL216W_cluster,YNL216W_cluster,YNL216W_cluster,0.0041
YNL216W,YPL230W,RAP1,USV1,0.17,0.0017,391,YNL216W_cluster,YNL216W_cluster,YNL216W_cluster,0.0017
YNL216W,YPL248C,RAP1,GAL4,0.96,0.0096,827,YNL216W_cluster,YNL216W_cluster,YNL216W_cluster,0.0096
YNL216W,YPR008W,RAP1,HAA1,0.95,0.0095,694,YNL216W_cluster,YNL216W_cluster,YNL216W_cluster,0.0095
YNL216W,YPR065W,RAP1,ROX1,0.69,0.0069,368,YNL216W_cluster,YNL216W_cluster,YNL216W_cluster,0.0069
YNL216W,YPR199C,RAP1,ARR1,0.46,0.0046,294,YNL216W_cluster,YNL216W_cluster,YNL216W_cluster,0.0046
YNL314W,YOL067C,DAL82,RTG1,0.0,0.0,177,YNL314W_cluster,YNL314W_cluster,YNL314W_cluster,0.0
YNL314W,YOL108C,DAL82,INO4,0.51,0.0051,151,YNL314W_cluster,YNL314W_cluster,YNL314W_cluster,0.0051
YNL314W,YOR028C,DAL82,CIN5,0.19,0.0019,255,YNL314W_cluster,YNL314W_cluster,YNL314W_cluster,0.0019
YNL314W,YOR113W,DAL82,AZF1,0.35,0.0035,255,YNL314W_cluster,YNL314W_cluster,YNL314W_cluster,0.0035
YNL314W,YOR140W,DAL82,SFL1,0.9,0.009,255,YNL314W_cluster,YNL314W_cluster,YNL314W_cluster,0.009
YNL314W,YOR162C,DAL82,YRR1,0.09,0.0009,255,YNL314W_cluster,YNL314W_cluster,YNL314W_cluster,0.0009
YNL314W,YOR337W,DAL82,TEA1,0.6,0.006,255,YNL314W_cluster,YNL314W_cluster,YNL314W_cluster,0.006
YNL314W,YOR344C,DAL82,TYE7,0.37,0.0037,255,YNL314W_cluster,YNL314W_cluster,YNL314W_cluster,0.0037
YNL314W,YOR358W,DAL82,HAP5,0.0,0.0,242,YNL314W_cluster,YNL314W_cluster,YNL314W_cluster,0.0
YNL314W,YOR363C,DAL82,PIP2,0.08,0.0008,255,YNL314W_cluster,YNL314W_cluster,YNL314W_cluster,0.0008
YNL314W,YPL038W,DAL82,MET31,0.24,0.0024,177,YNL314W_cluster,YNL314W_cluster,YNL314W_cluster,0.0024
YNL314W,YPL075W,DAL82,GCR1,0.2,0.002,255,YNL314W_cluster,YNL314W_cluster,YNL314W_cluster,0.002
YNL314W,YPL089C,DAL82,RLM1,0.45,0.0045,255,YNL314W_cluster,YNL314W_cluster,YNL314W_cluster,0.0045
YNL314W,YPL133C,DAL82,RDS2,0.58,0.0058,255,YNL314W_cluster,YNL314W_cluster,YNL314W_cluster,0.0058
YNL314W,YPL202C,DAL82,AFT2,0.61,0.0061,255,YNL314W_cluster,YNL314W_cluster,YNL314W_cluster,0.0061
YNL314W,YPL230W,DAL82,USV1,0.97,0.0097,255,YNL314W_cluster,YNL314W_cluster,YNL314W_cluster,0.0097
YNL314W,YPL248C,DAL82,GAL4,0.27,0.0027,255,YNL314W_cluster,YNL314W_cluster,YNL314W_cluster,0.0027
YNL314W,YPR008W,DAL82,HAA1,0.65,0.0065,255,YNL314W_cluster,YNL314W_cluster,YNL314W_cluster,0.0065
YNL314W,YPR065W,DAL82,ROX1,0.17,0.0017,255,YNL314W_cluster,YNL314W_cluster,YNL314W_cluster,0.0017
YNL314W,YPR199C,DAL82,ARR1,0.0,0.0,255,YNL314W_cluster,YNL314W_cluster,YNL314W_cluster,0.0
YOL067C,YOL108C,RTG1,INO4,0.31,0.0031,151,YOL067C_cluster,YOL067C_cluster,YOL067C_cluster,0.0031
YOL067C,YOR028C,RTG1,CIN5,0.0,0.0,177,YOL067C_cluster,YOL067C_cluster,YOL067C_cluster,0.0
YOL067C,YOR113W,RTG1,AZF1,0.19,0.0019,177,YOL067C_cluster,YOL067C_cluster,YOL067C_cluster,0.0019
YOL067C,YOR140W,RTG1,SFL1,0.43,0.0043,177,YOL067C_cluster,YOL067C_cluster,YOL067C_cluster,0.0043
YOL067C,YOR162C,RTG1,YRR1,0.1,0.001,177,YOL067C_cluster,YOL067C_cluster,YOL067C_cluster,0.001
YOL067C,YOR337W,RTG1,TEA1,0.11,0.0011,177,YOL067C_cluster,YOL067C_cluster,YOL067C_cluster,0.0011
YOL067C,YOR344C,RTG1,TYE7,0.22,0.0022,177,YOL067C_cluster,YOL067C_cluster,YOL067C_cluster,0.0022
YOL067C,YOR358W,RTG1,HAP5,0.0,0.0,177,YOL067C_cluster,YOL067C_cluster,YOL067C_cluster,0.0
YOL067C,YOR363C,RTG1,PIP2,0.43,0.0043,177,YOL067C_cluster,YOL067C_cluster,YOL067C_cluster,0.0043
YOL067C,YPL038W,RTG1,MET31,0.0,0.0,177,YOL067C_cluster,YOL067C_cluster,YOL067C_cluster,0.0
YOL067C,YPL075W,RTG1,GCR1,0.11,0.0011,177,YOL067C_cluster,YOL067C_cluster,YOL067C_cluster,0.0011
YOL067C,YPL089C,RTG1,RLM1,0.37,0.0037,177,YOL067C_cluster,YOL067C_cluster,YOL067C_cluster,0.0037
YOL067C,YPL133C,RTG1,RDS2,0.16,0.0016,177,YOL067C_cluster,YOL067C_cluster,YOL067C_cluster,0.0016
YOL067C,YPL202C,RTG1,AFT2,0.34,0.0034,177,YOL067C_cluster,YOL067C_cluster,YOL067C_cluster,0.0034
YOL067C,YPL230W,RTG1,USV1,0.74,0.0074,177,YOL067C_cluster,YOL067C_cluster,YOL067C_cluster,0.0074
YOL067C,YPL248C,RTG1,GAL4,0.19,0.0019,177,YOL067C_cluster,YOL067C_cluster,YOL067C_cluster,0.0019
YOL067C,YPR008W,RTG1,HAA1,0.23,0.0023,177,YOL067C_cluster,YOL067C_cluster,YOL067C_cluster,0.0023
YOL067C,YPR065W,RTG1,ROX1,0.0,0.0,177,YOL067C_cluster,YOL067C_cluster,YOL067C_cluster,0.0
YOL067C,YPR199C,RTG1,ARR1,0.0,0.0,177,YOL067C_cluster,YOL067C_cluster,YOL067C_cluster,0.0
YOL108C,YOR028C,INO4,CIN5,0.0,0.0,151,YOL108C_cluster,YOL108C_cluster,YOL108C_cluster,0.0
YOL108C,YOR113W,INO4,AZF1,0.39,0.0039,151,YOL108C_cluster,YOL108C_cluster,YOL108C_cluster,0.0039
YOL108C,YOR140W,INO4,SFL1,0.11,0.0011,151,YOL108C_cluster,YOL108C_cluster,YOL108C_cluster,0.0011
YOL108C,YOR162C,INO4,YRR1,0.21,0.0021,151,YOL108C_cluster,YOL108C_cluster,YOL108C_cluster,0.0021
YOL108C,YOR337W,INO4,TEA1,0.45,0.0045,151,YOL108C_cluster,YOL108C_cluster,YOL108C_cluster,0.0045
YOL108C,YOR344C,INO4,TYE7,0.23,0.0023,151,YOL108C_cluster,YOL108C_cluster,YOL108C_cluster,0.0023
YOL108C,YOR358W,INO4,HAP5,0.26,0.0026,151,YOL108C_cluster,YOL108C_cluster,YOL108C_cluster,0.0026
YOL108C,YOR363C,INO4,PIP2,0.09,0.0009,151,YOL108C_cluster,YOL108C_cluster,YOL108C_cluster,0.0009
YOL108C,YPL038W,INO4,MET31,0.0,0.0,151,YOL108C_cluster,YOL108C_cluster,YOL108C_cluster,0.0
YOL108C,YPL075W,INO4,GCR1,0.44,0.0044,151,YOL108C_cluster,YOL108C_cluster,YOL108C_cluster,0.0044
YOL108C,YPL089C,INO4,RLM1,0.13,0.0013,151,YOL108C_cluster,YOL108C_cluster,YOL108C_cluster,0.0013
YOL108C,YPL133C,INO4,RDS2,0.17,0.0017,151,YOL108C_cluster,YOL108C_cluster,YOL108C_cluster,0.0017
YOL108C,YPL202C,INO4,AFT2,0.72,0.0072,151,YOL108C_cluster,YOL108C_cluster,YOL108C_cluster,0.0072
YOL108C,YPL230W,INO4,USV1,0.19,0.0019,151,YOL108C_cluster,YOL108C_cluster,YOL108C_cluster,0.0019
YOL108C,YPL248C,INO4,GAL4,0.1,0.001,151,YOL108C_cluster,YOL108C_cluster,YOL108C_cluster,0.001
YOL108C,YPR008W,INO4,HAA1,0.24,0.0024,151,YOL108C_cluster,YOL108C_cluster,YOL108C_cluster,0.0024
YOL108C,YPR065W,INO4,ROX1,0.0,0.0,151,YOL108C_cluster,YOL108C_cluster,YOL108C_cluster,0.0
YOL108C,YPR199C,INO4,ARR1,0.23,0.0023,151,YOL108C_cluster,YOL108C_cluster,YOL108C_cluster,0.0023
YOR028C,YOR113W,CIN5,AZF1,0.78,0.0078,295,YOR028C_cluster,YOR028C_cluster,YOR028C_cluster,0.0078
YOR028C,YOR140W,CIN5,SFL1,0.68,0.0068,295,YOR028C_cluster,YOR028C_cluster,YOR028C_cluster,0.0068
YOR028C,YOR162C,CIN5,YRR1,0.18,0.0018,295,YOR028C_cluster,YOR028C_cluster,YOR028C_cluster,0.0018
YOR028C,YOR337W,CIN5,TEA1,0.48,0.0048,295,YOR028C_cluster,YOR028C_cluster,YOR028C_cluster,0.0048
YOR028C,YOR344C,CIN5,TYE7,0.0,0.0,291,YOR028C_cluster,YOR028C_cluster,YOR028C_cluster,0.0
YOR028C,YOR358W,CIN5,HAP5,0.19,0.0019,242,YOR028C_cluster,YOR028C_cluster,YOR028C_cluster,0.0019
YOR028C,YOR363C,CIN5,PIP2,0.31,0.0031,295,YOR028C_cluster,YOR028C_cluster,YOR028C_cluster,0.0031
YOR028C,YPL038W,CIN5,MET31,0.0,0.0,177,YOR028C_cluster,YOR028C_cluster,YOR028C_cluster,0.0
YOR028C,YPL075W,CIN5,GCR1,0.09,0.0009,295,YOR028C_cluster,YOR028C_cluster,YOR028C_cluster,0.0009
YOR028C,YPL089C,CIN5,RLM1,0.54,0.0054,295,YOR028C_cluster,YOR028C_cluster,YOR028C_cluster,0.0054
YOR028C,YPL133C,CIN5,RDS2,0.14,0.0014,295,YOR028C_cluster,YOR028C_cluster,YOR028C_cluster,0.0014
YOR028C,YPL202C,CIN5,AFT2,0.29,0.0029,295,YOR028C_cluster,YOR028C_cluster,YOR028C_cluster,0.0029
YOR028C,YPL230W,CIN5,USV1,0.3,0.003,295,YOR028C_cluster,YOR028C_cluster,YOR028C_cluster,0.003
YOR028C,YPL248C,CIN5,GAL4,0.26,0.0026,295,YOR028C_cluster,YOR028C_cluster,YOR028C_cluster,0.0026
YOR028C,YPR008W,CIN5,HAA1,0.41,0.0041,295,YOR028C_cluster,YOR028C_cluster,YOR028C_cluster,0.0041
YOR028C,YPR065W,CIN5,ROX1,0.31,0.0031,295,YOR028C_cluster,YOR028C_cluster,YOR028C_cluster,0.0031
YOR028C,YPR199C,CIN5,ARR1,0.69,0.0069,294,YOR028C_cluster,YOR028C_cluster,YOR028C_cluster,0.0069
YOR113W,YOR140W,AZF1,SFL1,1.55,0.0155,766,YOR113W_cluster,YOR113W_cluster,YOR113W_cluster,0.0155
YOR113W,YOR162C,AZF1,YRR1,0.36,0.0036,810,YOR113W_cluster,YOR113W_cluster,YOR113W_cluster,0.0036
YOR113W,YOR337W,AZF1,TEA1,0.37,0.0037,759,YOR113W_cluster,YOR113W_cluster,YOR113W_cluster,0.0037
YOR113W,YOR344C,AZF1,TYE7,0.69,0.0069,291,YOR113W_cluster,YOR113W_cluster,YOR113W_cluster,0.0069
YOR113W,YOR358W,AZF1,HAP5,0.27,0.0027,242,YOR113W_cluster,YOR113W_cluster,YOR113W_cluster,0.0027
YOR113W,YOR363C,AZF1,PIP2,0.7,0.007,914,YOR113W_cluster,YOR113W_cluster,YOR113W_cluster,0.007
YOR113W,YPL038W,AZF1,MET31,0.09,0.0009,177,YOR113W_cluster,YOR113W_cluster,YOR113W_cluster,0.0009
YOR113W,YPL075W,AZF1,GCR1,1.35,0.0135,785,YOR113W_cluster,YOR113W_cluster,YOR113W_cluster,0.0135
YOR113W,YPL089C,AZF1,RLM1,1.53,0.0153,676,YOR113W_cluster,YOR113W_cluster,YOR113W_cluster,0.0153
YOR113W,YPL133C,AZF1,RDS2,0.46,0.0046,446,YOR113W_cluster,YOR113W_cluster,YOR113W_cluster,0.0046
YOR113W,YPL202C,AZF1,AFT2,0.62,0.0062,416,YOR113W_cluster,YOR113W_cluster,YOR113W_cluster,0.0062
YOR113W,YPL230W,AZF1,USV1,1.46,0.0146,391,YOR113W_cluster,YOR113W_cluster,YOR113W_cluster,0.0146
YOR113W,YPL248C,AZF1,GAL4,0.69,0.0069,881,YOR113W_cluster,YOR113W_cluster,YOR113W_cluster,0.0069
YOR113W,YPR008W,AZF1,HAA1,1.62,0.0162,694,YOR113W_cluster,YOR113W_cluster,YOR113W_cluster,0.0162
YOR113W,YPR065W,AZF1,ROX1,1.64,0.0164,368,YOR113W_cluster,YOR113W_cluster,YOR113W_cluster,0.0164
YOR113W,YPR199C,AZF1,ARR1,0.43,0.0043,294,YOR113W_cluster,YOR113W_cluster,YOR113W_cluster,0.0043
YOR140W,YOR162C,SFL1,YRR1,0.45,0.0045,766,YOR140W_cluster,YOR140W_cluster,YOR140W_cluster,0.0045
YOR140W,YOR337W,SFL1,TEA1,0.54,0.0054,759,YOR140W_cluster,YOR140W_cluster,YOR140W_cluster,0.0054
YOR140W,YOR344C,SFL1,TYE7,0.48,0.0048,291,YOR140W_cluster,YOR140W_cluster,YOR140W_cluster,0.0048
YOR140W,YOR358W,SFL1,HAP5,0.3,0.003,242,YOR140W_cluster,YOR140W_cluster,YOR140W_cluster,0.003
YOR140W,YOR363C,SFL1,PIP2,0.35,0.0035,766,YOR140W_cluster,YOR140W_cluster,YOR140W_cluster,0.0035
YOR140W,YPL038W,SFL1,MET31,0.11,0.0011,177,YOR140W_cluster,YOR140W_cluster,YOR140W_cluster,0.0011
YOR140W,YPL075W,SFL1,GCR1,1.06,0.0106,766,YOR140W_cluster,YOR140W_cluster,YOR140W_cluster,0.0106
YOR140W,YPL089C,SFL1,RLM1,1.01,0.0101,676,YOR140W_cluster,YOR140W_cluster,YOR140W_cluster,0.0101
YOR140W,YPL133C,SFL1,RDS2,0.84,0.0084,446,YOR140W_cluster,YOR140W_cluster,YOR140W_cluster,0.0084
YOR140W,YPL202C,SFL1,AFT2,0.26,0.0026,416,YOR140W_cluster,YOR140W_cluster,YOR140W_cluster,0.0026
YOR140W,YPL230W,SFL1,USV1,1.44,0.0144,391,YOR140W_cluster,YOR140W_cluster,YOR140W_cluster,0.0144
YOR140W,YPL248C,SFL1,GAL4,0.5,0.005,766,YOR140W_cluster,YOR140W_cluster,YOR140W_cluster,0.005
YOR140W,YPR008W,SFL1,HAA1,1.05,0.0105,694,YOR140W_cluster,YOR140W_cluster,YOR140W_cluster,0.0105
YOR140W,YPR065W,SFL1,ROX1,1.19,0.0119,368,YOR140W_cluster,YOR140W_cluster,YOR140W_cluster,0.0119
YOR140W,YPR199C,SFL1,ARR1,0.19,0.0019,294,YOR140W_cluster,YOR140W_cluster,YOR140W_cluster,0.0019
YOR162C,YOR337W,YRR1,TEA1,0.39,0.0039,759,YOR162C_cluster,YOR162C_cluster,YOR162C_cluster,0.0039
YOR162C,YOR344C,YRR1,TYE7,0.55,0.0055,291,YOR162C_cluster,YOR162C_cluster,YOR162C_cluster,0.0055
YOR162C,YOR358W,YRR1,HAP5,0.29,0.0029,242,YOR162C_cluster,YOR162C_cluster,YOR162C_cluster,0.0029
YOR162C,YOR363C,YRR1,PIP2,0.79,0.0079,810,YOR162C_cluster,YOR162C_cluster,YOR162C_cluster,0.0079
YOR162C,YPL038W,YRR1,MET31,0.1,0.001,177,YOR162C_cluster,YOR162C_cluster,YOR162C_cluster,0.001
YOR162C,YPL075W,YRR1,GCR1,0.57,0.0057,785,YOR162C_cluster,YOR162C_cluster,YOR162C_cluster,0.0057
YOR162C,YPL089C,YRR1,RLM1,0.98,0.0098,676,YOR162C_cluster,YOR162C_cluster,YOR162C_cluster,0.0098
YOR162C,YPL133C,YRR1,RDS2,0.32,0.0032,446,YOR162C_cluster,YOR162C_cluster,YOR162C_cluster,0.0032
YOR162C,YPL202C,YRR1,AFT2,0.41,0.0041,416,YOR162C_cluster,YOR162C_cluster,YOR162C_cluster,0.0041
YOR162C,YPL230W,YRR1,USV1,0.17,0.0017,391,YOR162C_cluster,YOR162C_cluster,YOR162C_cluster,0.0017
YOR162C,YPL248C,YRR1,GAL4,0.66,0.0066,810,YOR162C_cluster,YOR162C_cluster,YOR162C_cluster,0.0066
YOR162C,YPR008W,YRR1,HAA1,0.54,0.0054,694,YOR162C_cluster,YOR162C_cluster,YOR162C_cluster,0.0054
YOR162C,YPR065W,YRR1,ROX1,0.09,0.0009,368,YOR162C_cluster,YOR162C_cluster,YOR162C_cluster,0.0009
YOR162C,YPR199C,YRR1,ARR1,0.27,0.0027,294,YOR162C_cluster,YOR162C_cluster,YOR162C_cluster,0.0027
YOR337W,YOR344C,TEA1,TYE7,0.68,0.0068,291,YOR337W_cluster,YOR337W_cluster,YOR337W_cluster,0.0068
YOR337W,YOR358W,TEA1,HAP5,0.41,0.0041,242,YOR337W_cluster,YOR337W_cluster,YOR337W_cluster,0.0041
YOR337W,YOR363C,TEA1,PIP2,0.81,0.0081,759,YOR337W_cluster,YOR337W_cluster,YOR337W_cluster,0.0081
YOR337W,YPL038W,TEA1,MET31,0.66,0.0066,177,YOR337W_cluster,YOR337W_cluster,YOR337W_cluster,0.0066
YOR337W,YPL075W,TEA1,GCR1,0.8,0.008,759,YOR337W_cluster,YOR337W_cluster,YOR337W_cluster,0.008
YOR337W,YPL089C,TEA1,RLM1,0.87,0.0087,676,YOR337W_cluster,YOR337W_cluster,YOR337W_cluster,0.0087
YOR337W,YPL133C,TEA1,RDS2,0.42,0.0042,446,YOR337W_cluster,YOR337W_cluster,YOR337W_cluster,0.0042
YOR337W,YPL202C,TEA1,AFT2,0.09,0.0009,416,YOR337W_cluster,YOR337W_cluster,YOR337W_cluster,0.0009
YOR337W,YPL230W,TEA1,USV1,0.27,0.0027,391,YOR337W_cluster,YOR337W_cluster,YOR337W_cluster,0.0027
YOR337W,YPL248C,TEA1,GAL4,0.37,0.0037,759,YOR337W_cluster,YOR337W_cluster,YOR337W_cluster,0.0037
YOR337W,YPR008W,TEA1,HAA1,0.85,0.0085,694,YOR337W_cluster,YOR337W_cluster,YOR337W_cluster,0.0085
YOR337W,YPR065W,TEA1,ROX1,0.64,0.0064,368,YOR337W_cluster,YOR337W_cluster,YOR337W_cluster,0.0064
YOR337W,YPR199C,TEA1,ARR1,0.48,0.0048,294,YOR337W_cluster,YOR337W_cluster,YOR337W_cluster,0.0048
YOR344C,YOR358W,TYE7,HAP5,0.19,0.0019,242,YOR344C_cluster,YOR344C_cluster,YOR344C_cluster,0.0019
YOR344C,YOR363C,TYE7,PIP2,0.55,0.0055,291,YOR344C_cluster,YOR344C_cluster,YOR344C_cluster,0.0055
YOR344C,YPL038W,TYE7,MET31,0.0,0.0,177,YOR344C_cluster,YOR344C_cluster,YOR344C_cluster,0.0
YOR344C,YPL075W,TYE7,GCR1,0.48,0.0048,291,YOR344C_cluster,YOR344C_cluster,YOR344C_cluster,0.0048
YOR344C,YPL089C,TYE7,RLM1,0.76,0.0076,291,YOR344C_cluster,YOR344C_cluster,YOR344C_cluster,0.0076
YOR344C,YPL133C,TYE7,RDS2,0.69,0.0069,291,YOR344C_cluster,YOR344C_cluster,YOR344C_cluster,0.0069
YOR344C,YPL202C,TYE7,AFT2,0.29,0.0029,291,YOR344C_cluster,YOR344C_cluster,YOR344C_cluster,0.0029
YOR344C,YPL230W,TYE7,USV1,1.54,0.0154,291,YOR344C_cluster,YOR344C_cluster,YOR344C_cluster,0.0154
YOR344C,YPL248C,TYE7,GAL4,0.52,0.0052,291,YOR344C_cluster,YOR344C_cluster,YOR344C_cluster,0.0052
YOR344C,YPR008W,TYE7,HAA1,0.41,0.0041,291,YOR344C_cluster,YOR344C_cluster,YOR344C_cluster,0.0041
YOR344C,YPR065W,TYE7,ROX1,0.63,0.0063,291,YOR344C_cluster,YOR344C_cluster,YOR344C_cluster,0.0063
YOR344C,YPR199C,TYE7,ARR1,0.17,0.0017,291,YOR344C_cluster,YOR344C_cluster,YOR344C_cluster,0.0017
YOR358W,YOR363C,HAP5,PIP2,0.41,0.0041,242,YOR358W_cluster,YOR358W_cluster,YOR358W_cluster,0.0041
YOR358W,YPL038W,HAP5,MET31,0.0,0.0,177,YOR358W_cluster,YOR358W_cluster,YOR358W_cluster,0.0
YOR358W,YPL075W,HAP5,GCR1,0.1,0.001,242,YOR358W_cluster,YOR358W_cluster,YOR358W_cluster,0.001
YOR358W,YPL089C,HAP5,RLM1,0.46,0.0046,242,YOR358W_cluster,YOR358W_cluster,YOR358W_cluster,0.0046
YOR358W,YPL133C,HAP5,RDS2,0.0,0.0,242,YOR358W_cluster,YOR358W_cluster,YOR358W_cluster,0.0
YOR358W,YPL202C,HAP5,AFT2,0.0,0.0,242,YOR358W_cluster,YOR358W_cluster,YOR358W_cluster,0.0
YOR358W,YPL230W,HAP5,USV1,0.0,0.0,242,YOR358W_cluster,YOR358W_cluster,YOR358W_cluster,0.0
YOR358W,YPL248C,HAP5,GAL4,0.27,0.0027,242,YOR358W_cluster,YOR358W_cluster,YOR358W_cluster,0.0027
YOR358W,YPR008W,HAP5,HAA1,0.22,0.0022,242,YOR358W_cluster,YOR358W_cluster,YOR358W_cluster,0.0022
YOR358W,YPR065W,HAP5,ROX1,0.17,0.0017,242,YOR358W_cluster,YOR358W_cluster,YOR358W_cluster,0.0017
YOR358W,YPR199C,HAP5,ARR1,0.38,0.0038,242,YOR358W_cluster,YOR358W_cluster,YOR358W_cluster,0.0038
YOR363C,YPL038W,PIP2,MET31,0.17,0.0017,177,YOR363C_cluster,YOR363C_cluster,YOR363C_cluster,0.0017
YOR363C,YPL075W,PIP2,GCR1,0.69,0.0069,785,YOR363C_cluster,YOR363C_cluster,YOR363C_cluster,0.0069
YOR363C,YPL089C,PIP2,RLM1,0.68,0.0068,676,YOR363C_cluster,YOR363C_cluster,YOR363C_cluster,0.0068
YOR363C,YPL133C,PIP2,RDS2,0.56,0.0056,446,YOR363C_cluster,YOR363C_cluster,YOR363C_cluster,0.0056
YOR363C,YPL202C,PIP2,AFT2,0.21,0.0021,416,YOR363C_cluster,YOR363C_cluster,YOR363C_cluster,0.0021
YOR363C,YPL230W,PIP2,USV1,0.44,0.0044,391,YOR363C_cluster,YOR363C_cluster,YOR363C_cluster,0.0044
YOR363C,YPL248C,PIP2,GAL4,0.81,0.0081,881,YOR363C_cluster,YOR363C_cluster,YOR363C_cluster,0.0081
YOR363C,YPR008W,PIP2,HAA1,0.6,0.006,694,YOR363C_cluster,YOR363C_cluster,YOR363C_cluster,0.006
YOR363C,YPR065W,PIP2,ROX1,0.37,0.0037,368,YOR363C_cluster,YOR363C_cluster,YOR363C_cluster,0.0037
YOR363C,YPR199C,PIP2,ARR1,0.55,0.0055,294,YOR363C_cluster,YOR363C_cluster,YOR363C_cluster,0.0055
YPL038W,YPL075W,MET31,GCR1,0.11,0.0011,177,YPL038W_cluster,YPL038W_cluster,YPL038W_cluster,0.0011
YPL038W,YPL089C,MET31,RLM1,0.74,0.0074,177,YPL038W_cluster,YPL038W_cluster,YPL038W_cluster,0.0074
YPL038W,YPL133C,MET31,RDS2,0.0,0.0,177,YPL038W_cluster,YPL038W_cluster,YPL038W_cluster,0.0
YPL038W,YPL202C,MET31,AFT2,0.0,0.0,177,YPL038W_cluster,YPL038W_cluster,YPL038W_cluster,0.0
YPL038W,YPL230W,MET31,USV1,0.0,0.0,177,YPL038W_cluster,YPL038W_cluster,YPL038W_cluster,0.0
YPL038W,YPL248C,MET31,GAL4,0.29,0.0029,177,YPL038W_cluster,YPL038W_cluster,YPL038W_cluster,0.0029
YPL038W,YPR008W,MET31,HAA1,0.12,0.0012,177,YPL038W_cluster,YPL038W_cluster,YPL038W_cluster,0.0012
YPL038W,YPR065W,MET31,ROX1,0.19,0.0019,177,YPL038W_cluster,YPL038W_cluster,YPL038W_cluster,0.0019
YPL038W,YPR199C,MET31,ARR1,0.22,0.0022,177,YPL038W_cluster,YPL038W_cluster,YPL038W_cluster,0.0022
YPL075W,YPL089C,GCR1,RLM1,0.86,0.0086,676,YPL075W_cluster,YPL075W_cluster,YPL075W_cluster,0.0086
YPL075W,YPL133C,GCR1,RDS2,0.91,0.0091,446,YPL075W_cluster,YPL075W_cluster,YPL075W_cluster,0.0091
YPL075W,YPL202C,GCR1,AFT2,0.85,0.0085,416,YPL075W_cluster,YPL075W_cluster,YPL075W_cluster,0.0085
YPL075W,YPL230W,GCR1,USV1,1.15,0.0115,391,YPL075W_cluster,YPL075W_cluster,YPL075W_cluster,0.0115
YPL075W,YPL248C,GCR1,GAL4,0.74,0.0074,785,YPL075W_cluster,YPL075W_cluster,YPL075W_cluster,0.0074
YPL075W,YPR008W,GCR1,HAA1,1.25,0.0125,694,YPL075W_cluster,YPL075W_cluster,YPL075W_cluster,0.0125
YPL075W,YPR065W,GCR1,ROX1,0.45,0.0045,368,YPL075W_cluster,YPL075W_cluster,YPL075W_cluster,0.0045
YPL075W,YPR199C,GCR1,ARR1,0.47,0.0047,294,YPL075W_cluster,YPL075W_cluster,YPL075W_cluster,0.0047
YPL089C,YPL133C,RLM1,RDS2,1.03,0.0103,446,YPL089C_cluster,YPL089C_cluster,YPL089C_cluster,0.0103
YPL089C,YPL202C,RLM1,AFT2,0.57,0.0057,416,YPL089C_cluster,YPL089C_cluster,YPL089C_cluster,0.0057
YPL089C,YPL230W,RLM1,USV1,1.4,0.014,391,YPL089C_cluster,YPL089C_cluster,YPL089C_cluster,0.014
YPL089C,YPL248C,RLM1,GAL4,0.94,0.0094,676,YPL089C_cluster,YPL089C_cluster,YPL089C_cluster,0.0094
YPL089C,YPR008W,RLM1,HAA1,1.46,0.0146,676,YPL089C_cluster,YPL089C_cluster,YPL089C_cluster,0.0146
YPL089C,YPR065W,RLM1,ROX1,1.22,0.0122,368,YPL089C_cluster,YPL089C_cluster,YPL089C_cluster,0.0122
YPL089C,YPR199C,RLM1,ARR1,0.22,0.0022,294,YPL089C_cluster,YPL089C_cluster,YPL089C_cluster,0.0022
YPL133C,YPL202C,RDS2,AFT2,0.23,0.0023,416,YPL133C_cluster,YPL133C_cluster,YPL133C_cluster,0.0023
YPL133C,YPL230W,RDS2,USV1,0.99,0.0099,391,YPL133C_cluster,YPL133C_cluster,YPL133C_cluster,0.0099
YPL133C,YPL248C,RDS2,GAL4,0.31,0.0031,446,YPL133C_cluster,YPL133C_cluster,YPL133C_cluster,0.0031
YPL133C,YPR008W,RDS2,HAA1,0.27,0.0027,446,YPL133C_cluster,YPL133C_cluster,YPL133C_cluster,0.0027
YPL133C,YPR065W,RDS2,ROX1,0.5,0.005,368,YPL133C_cluster,YPL133C_cluster,YPL133C_cluster,0.005
YPL133C,YPR199C,RDS2,ARR1,0.0,0.0,294,YPL133C_cluster,YPL133C_cluster,YPL133C_cluster,0.0
YPL202C,YPL230W,AFT2,USV1,0.51,0.0051,391,YPL202C_cluster,YPL202C_cluster,YPL202C_cluster,0.0051
YPL202C,YPL248C,AFT2,GAL4,0.63,0.0063,416,YPL202C_cluster,YPL202C_cluster,YPL202C_cluster,0.0063
YPL202C,YPR008W,AFT2,HAA1,0.46,0.0046,416,YPL202C_cluster,YPL202C_cluster,YPL202C_cluster,0.0046
YPL202C,YPR065W,AFT2,ROX1,0.79,0.0079,368,YPL202C_cluster,YPL202C_cluster,YPL202C_cluster,0.0079
YPL202C,YPR199C,AFT2,ARR1,0.29,0.0029,294,YPL202C_cluster,YPL202C_cluster,YPL202C_cluster,0.0029
YPL230W,YPL248C,USV1,GAL4,0.32,0.0032,391,YPL230W_cluster,YPL230W_cluster,YPL230W_cluster,0.0032
YPL230W,YPR008W,USV1,HAA1,1.05,0.0105,391,YPL230W_cluster,YPL230W_cluster,YPL230W_cluster,0.0105
YPL230W,YPR065W,USV1,ROX1,1.11,0.0111,368,YPL230W_cluster,YPL230W_cluster,YPL230W_cluster,0.0111
YPL230W,YPR199C,USV1,ARR1,0.15,0.0015,294,YPL230W_cluster,YPL230W_cluster,YPL230W_cluster,0.0015
YPL248C,YPR008W,GAL4,HAA1,0.91,0.0091,694,YPL248C_cluster,YPL248C_cluster,YPL248C_cluster,0.0091
YPL248C,YPR065W,GAL4,ROX1,0.74,0.0074,368,YPL248C_cluster,YPL248C_cluster,YPL248C_cluster,0.0074
YPL248C,YPR199C,GAL4,ARR1,0.35,0.0035,294,YPL248C_cluster,YPL248C_cluster,YPL248C_cluster,0.0035
YPR008W,YPR065W,HAA1,ROX1,0.87,0.0087,368,YPR008W_cluster,YPR008W_cluster,YPR008W_cluster,0.0087
YPR008W,YPR199C,HAA1,ARR1,0.62,0.0062,294,YPR008W_cluster,YPR008W_cluster,YPR008W_cluster,0.0062
YPR065W,YPR199C,ROX1,ARR1,0.31,0.0031,294,YPR065W_cluster,YPR065W_cluster,YPR065W_cluster,0.0031
