assembly_id,annotation_type,species_name,gff3_archive_path,pep_archive_path,cds_archive_path,genome_archive_path,is_reference
alloascoidea_hylecoeti,final,Alloascoidea hylecoeti,y1000p_gff3_files/alloascoidea_hylecoeti.final.gff3,y1000p_pep_files/alloascoidea_hylecoeti.final.pep,y1000p_cds_files/alloascoidea_hylecoeti.final.cds.tar.gz,y1000p_genome_files/alloascoidea_hylecoeti.fas.gz,False
arxula_adeninivorans,final,Arxula adeninivorans,y1000p_gff3_files/arxula_adeninivorans.final.gff3,y1000p_pep_files/arxula_adeninivorans.final.pep,y1000p_cds_files/arxula_adeninivorans.final.cds.tar.gz,y1000p_genome_files/arxula_adeninivorans.fas.gz,False
ashbya_aceri,final,Ashbya aceri,y1000p_gff3_files/ashbya_aceri.final.gff3,y1000p_pep_files/ashbya_aceri.final.pep,y1000p_cds_files/ashbya_aceri.final.cds.tar.gz,y1000p_genome_files/ashbya_aceri.fas.gz,False
brettanomyces_anomalus,final,Brettanomyces anomalus,y1000p_gff3_files/brettanomyces_anomalus.final.gff3,y1000p_pep_files/brettanomyces_anomalus.final.pep,y1000p_cds_files/brettanomyces_anomalus.final.cds.tar.gz,y1000p_genome_files/brettanomyces_anomalus.fas.gz,False
candida_albicans,cgd,Candida albicans,y1000p_gff3_files/candida_albicans.cgd.gff3,y1000p_pep_files/candida_albicans.cgd.pep,,y1000p_genome_files/candida_albicans.fas.gz,False
candida_albicans,final,Candida albicans,y1000p_gff3_files/candida_albicans.final.gff3,y1000p_pep_files/candida_albicans.final.pep,y1000p_cds_files/candida_albicans.final.cds.tar.gz,y1000p_genome_files/candida_albicans.fas.gz,False
candida_apicola,final,Candida apicola,y1000p_gff3_files/candida_apicola.final.gff3,y1000p_pep_files/candida_apicola.final.pep,y1000p_cds_files/candida_apicola.final.cds.tar.gz,y1000p_genome_files/candida_apicola.fas.gz,False
candida_auris,final,Candida auris,y1000p_gff3_files/candida_auris.final.gff3,y1000p_pep_files/candida_auris.final.pep,y1000p_cds_files/candida_auris.final.cds.tar.gz,y1000p_genome_files/candida_auris.fas.gz,False
candida_dubliniensis,final,Candida dubliniensis,y1000p_gff3_files/candida_dubliniensis.final.gff3,y1000p_pep_files/candida_dubliniensis.final.pep,y1000p_cds_files/candida_dubliniensis.final.cds.tar.gz,y1000p_genome_files/candida_dubliniensis.fas.gz,False
candida_infanticola,final,Candida infanticola,y1000p_gff3_files/candida_infanticola.final.gff3,y1000p_pep_files/candida_infanticola.final.pep,y1000p_cds_files/candida_infanticola.final.cds.tar.gz,y1000p_genome_files/candida_infanticola.fas.gz,False
candida_orthopsilosis,final,Candida orthopsilosis,y1000p_gff3_files/candida_orthopsilosis.final.gff3,y1000p_pep_files/candida_orthopsilosis.final.pep,y1000p_cds_files/candida_orthopsilosis.final.cds.tar.gz,y1000p_genome_files/candida_orthopsilosis.fas.gz,False
candida_parapsilosis,final,Candida parapsilosis,y1000p_gff3_files/candida_parapsilosis.final.gff3,y1000p_pep_files/candida_parapsilosis.final.pep,y1000p_cds_files/candida_parapsilosis.final.cds.tar.gz,y1000p_genome_files/candida_parapsilosis.fas.gz,False
candida_psychrophila,final,Candida psychrophila,y1000p_gff3_files/candida_psychrophila.final.gff3,y1000p_pep_files/candida_psychrophila.final.pep,y1000p_cds_files/candida_psychrophila.final.cds.tar.gz,y1000p_genome_files/candida_psychrophila.fas.gz,False
candida_sojae,final,Candida sojae,y1000p_gff3_files/candida_sojae.final.gff3,y1000p_pep_files/candida_sojae.final.pep,y1000p_cds_files/candida_sojae.final.cds.tar.gz,y1000p_genome_files/candida_sojae.fas.gz,False
candida_tropicalis,final,Candida tropicalis,y1000p_gff3_files/candida_tropicalis.final.gff3,y1000p_pep_files/candida_tropicalis.final.pep,y1000p_cds_files/candida_tropicalis.final.cds.tar.gz,y1000p_genome_files/candida_tropicalis.fas.gz,False
candida_versatilis,final,Candida versatilis,y1000p_gff3_files/candida_versatilis.final.gff3,y1000p_pep_files/candida_versatilis.final.pep,y1000p_cds_files/candida_versatilis.final.cds.tar.gz,y1000p_genome_files/candida_versatilis.fas.gz,False
clavispora_lusitaniae,final,Clavispora lusitaniae,y1000p_gff3_files/clavispora_lusitaniae.final.gff3,y1000p_pep_files/clavispora_lusitaniae.final.pep,y1000p_cds_files/clavispora_lusitaniae.final.cds.tar.gz,y1000p_genome_files/clavispora_lusitaniae.fas.gz,False
eremothecium_coryli,final,Eremothecium coryli,y1000p_gff3_files/eremothecium_coryli.final.gff3,y1000p_pep_files/eremothecium_coryli.final.pep,y1000p_cds_files/eremothecium_coryli.final.cds.tar.gz,y1000p_genome_files/eremothecium_coryli.fas.gz,False
eremothecium_cymbalariae,final,Eremothecium cymbalariae,y1000p_gff3_files/eremothecium_cymbalariae.final.gff3,y1000p_pep_files/eremothecium_cymbalariae.final.pep,y1000p_cds_files/eremothecium_cymbalariae.final.cds.tar.gz,y1000p_genome_files/eremothecium_cymbalariae.fas.gz,False
eremothecium_gossypii,final,Eremothecium gossypii,y1000p_gff3_files/eremothecium_gossypii.final.gff3,y1000p_pep_files/eremothecium_gossypii.final.pep,y1000p_cds_files/eremothecium_gossypii.final.cds.tar.gz,y1000p_genome_files/eremothecium_gossypii.fas.gz,False
eremothecium_sinecaudum,final,Eremothecium sinecaudum,y1000p_gff3_files/eremothecium_sinecaudum.final.gff3,y1000p_pep_files/eremothecium_sinecaudum.final.pep,y1000p_cds_files/eremothecium_sinecaudum.final.cds.tar.gz,y1000p_genome_files/eremothecium_sinecaudum.fas.gz,False
geotrichum_candidum,final,Geotrichum candidum,y1000p_gff3_files/geotrichum_candidum.final.gff3,y1000p_pep_files/geotrichum_candidum.final.pep,y1000p_cds_files/geotrichum_candidum.final.cds.tar.gz,y1000p_genome_files/geotrichum_candidum.fas.gz,False
hanseniaspora_gamundiae,final,Hanseniaspora gamundiae,y1000p_gff3_files/hanseniaspora_gamundiae.final.gff3,y1000p_pep_files/hanseniaspora_gamundiae.final.pep,y1000p_cds_files/hanseniaspora_gamundiae.final.cds.tar.gz,y1000p_genome_files/hanseniaspora_gamundiae.fas.gz,False
hanseniaspora_uvarum,final,Hanseniaspora uvarum,y1000p_gff3_files/hanseniaspora_uvarum.final.gff3,y1000p_pep_files/hanseniaspora_uvarum.final.pep,y1000p_cds_files/hanseniaspora_uvarum.final.cds.tar.gz,y1000p_genome_files/hanseniaspora_uvarum.fas.gz,False
hansenula_polymorpha,final,Hansenula polymorpha,y1000p_gff3_files/hansenula_polymorpha.final.gff3,y1000p_pep_files/hansenula_polymorpha.final.pep,y1000p_cds_files/hansenula_polymorpha.final.cds.tar.gz,y1000p_genome_files/hansenula_polymorpha.fas.gz,False
kazachstania_naganishii,final,Kazachstania naganishii,y1000p_gff3_files/kazachstania_naganishii.final.gff3,y1000p_pep_files/kazachstania_naganishii.final.pep,y1000p_cds_files/kazachstania_naganishii.final.cds.tar.gz,y1000p_genome_files/kazachstania_naganishii.fas.gz,False
kluyveromyces_aestuarii,final,Kluyveromyces aestuarii,y1000p_gff3_files/kluyveromyces_aestuarii.final.gff3,y1000p_pep_files/kluyveromyces_aestuarii.final.pep,y1000p_cds_files/kluyveromyces_aestuarii.final.cds.tar.gz,y1000p_genome_files/kluyveromyces_aestuarii.fas.gz,False
kluyveromyces_lactis,final,Kluyveromyces lactis,y1000p_gff3_files/kluyveromyces_lactis.final.gff3,y1000p_pep_files/kluyveromyces_lactis.final.pep,y1000p_cds_files/kluyveromyces_lactis.final.cds.tar.gz,y1000p_genome_files/kluyveromyces_lactis.fas.gz,False
kluyveromyces_marxianus,final,Kluyveromyces marxianus,y1000p_gff3_files/kluyveromyces_marxianus.final.gff3,y1000p_pep_files/kluyveromyces_marxianus.final.pep,y1000p_cds_files/kluyveromyces_marxianus.final.cds.tar.gz,y1000p_genome_files/kluyveromyces_marxianus.fas.gz,False
komagataella_pastoris,final,Komagataella pastoris,y1000p_gff3_files/komagataella_pastoris.final.gff3,y1000p_pep_files/komagataella_pastoris.final.pep,y1000p_cds_files/komagataella_pastoris.final.cds.tar.gz,y1000p_genome_files/komagataella_pastoris.fas.gz,False
komagataella_phaffi,final,Komagataella phaffi,y1000p_gff3_files/komagataella_phaffi.final.gff3,y1000p_pep_files/komagataella_phaffi.final.pep,y1000p_cds_files/komagataella_phaffi.final.cds.tar.gz,y1000p_genome_files/komagataella_phaffi.fas.gz,False
lachancea_cidri,final,Lachancea cidri,y1000p_gff3_files/lachancea_cidri.final.gff3,y1000p_pep_files/lachancea_cidri.final.pep,y1000p_cds_files/lachancea_cidri.final.cds.tar.gz,y1000p_genome_files/lachancea_cidri.fas.gz,False
lachancea_fantastica,final,Lachancea fantastica,y1000p_gff3_files/lachancea_fantastica.final.gff3,y1000p_pep_files/lachancea_fantastica.final.pep,y1000p_cds_files/lachancea_fantastica.final.cds.tar.gz,y1000p_genome_files/lachancea_fantastica.fas.gz,False
magnusiomyces_ingens,final,Magnusiomyces ingens,y1000p_gff3_files/magnusiomyces_ingens.final.gff3,y1000p_pep_files/magnusiomyces_ingens.final.pep,y1000p_cds_files/magnusiomyces_ingens.final.cds.tar.gz,y1000p_genome_files/magnusiomyces_ingens.fas.gz,False
metschnikowia_arizonensis,final,Metschnikowia arizonensis,y1000p_gff3_files/metschnikowia_arizonensis.final.gff3,y1000p_pep_files/metschnikowia_arizonensis.final.pep,y1000p_cds_files/metschnikowia_arizonensis.final.cds.tar.gz,y1000p_genome_files/metschnikowia_arizonensis.fas.gz,False
metschnikowia_drakensbergensis,final,Metschnikowia drakensbergensis,y1000p_gff3_files/metschnikowia_drakensbergensis.final.gff3,y1000p_pep_files/metschnikowia_drakensbergensis.final.pep,y1000p_cds_files/metschnikowia_drakensbergensis.final.cds.tar.gz,y1000p_genome_files/metschnikowia_drakensbergensis.fas.gz,False
metschnikowia_hawaiiensis,final,Metschnikowia hawaiiensis,y1000p_gff3_files/metschnikowia_hawaiiensis.final.gff3,y1000p_pep_files/metschnikowia_hawaiiensis.final.pep,y1000p_cds_files/metschnikowia_hawaiiensis.final.cds.tar.gz,y1000p_genome_files/metschnikowia_hawaiiensis.fas.gz,False
metschnikowia_kamakouana,final,Metschnikowia kamakouana,y1000p_gff3_files/metschnikowia_kamakouana.final.gff3,y1000p_pep_files/metschnikowia_kamakouana.final.pep,y1000p_cds_files/metschnikowia_kamakouana.final.cds.tar.gz,y1000p_genome_files/metschnikowia_kamakouana.fas.gz,False
metschnikowia_mauinuiana,final,Metschnikowia mauinuiana,y1000p_gff3_files/metschnikowia_mauinuiana.final.gff3,y1000p_pep_files/metschnikowia_mauinuiana.final.pep,y1000p_cds_files/metschnikowia_mauinuiana.final.cds.tar.gz,y1000p_genome_files/metschnikowia_mauinuiana.fas.gz,False
metschnikowia_santaceciliae,final,Metschnikowia santaceciliae,y1000p_gff3_files/metschnikowia_santaceciliae.final.gff3,y1000p_pep_files/metschnikowia_santaceciliae.final.pep,y1000p_cds_files/metschnikowia_santaceciliae.final.cds.tar.gz,y1000p_genome_files/metschnikowia_santaceciliae.fas.gz,False
metschnikowia_similis,final,Metschnikowia similis,y1000p_gff3_files/metschnikowia_similis.final.gff3,y1000p_pep_files/metschnikowia_similis.final.pep,y1000p_cds_files/metschnikowia_similis.final.cds.tar.gz,y1000p_genome_files/metschnikowia_similis.fas.gz,False
meyerozyma_guilliermondii,final,Meyerozyma guilliermondii,y1000p_gff3_files/meyerozyma_guilliermondii.final.gff3,y1000p_pep_files/meyerozyma_guilliermondii.final.pep,y1000p_cds_files/meyerozyma_guilliermondii.final.cds.tar.gz,y1000p_genome_files/meyerozyma_guilliermondii.fas.gz,False
nadsonia_fulvescens,final,Nadsonia fulvescens,y1000p_gff3_files/nadsonia_fulvescens.final.gff3,y1000p_pep_files/nadsonia_fulvescens.final.pep,y1000p_cds_files/nadsonia_fulvescens.final.cds.tar.gz,y1000p_genome_files/nadsonia_fulvescens.fas.gz,False
ogataea_parapolymorpha,final,Ogataea parapolymorpha,y1000p_gff3_files/ogataea_parapolymorpha.final.gff3,y1000p_pep_files/ogataea_parapolymorpha.final.pep,y1000p_cds_files/ogataea_parapolymorpha.final.cds.tar.gz,y1000p_genome_files/ogataea_parapolymorpha.fas.gz,False
pichia_kudriavzevii,final,Pichia kudriavzevii,y1000p_gff3_files/pichia_kudriavzevii.final.gff3,y1000p_pep_files/pichia_kudriavzevii.final.pep,y1000p_cds_files/pichia_kudriavzevii.final.cds.tar.gz,y1000p_genome_files/pichia_kudriavzevii.fas.gz,False
saccharomyces_arboricola,final,Saccharomyces arboricola,y1000p_gff3_files/saccharomyces_arboricola.final.gff3,y1000p_pep_files/saccharomyces_arboricola.final.pep,y1000p_cds_files/saccharomyces_arboricola.final.cds.tar.gz,y1000p_genome_files/saccharomyces_arboricola.fas.gz,False
saccharomyces_cerevisiae,final,Saccharomyces cerevisiae,y1000p_gff3_files/saccharomyces_cerevisiae.final.gff3,y1000p_pep_files/saccharomyces_cerevisiae.final.pep,y1000p_cds_files/saccharomyces_cerevisiae.final.cds.tar.gz,y1000p_genome_files/saccharomyces_cerevisiae.fas.gz,False
saccharomyces_cerevisiae,sgd,Saccharomyces cerevisiae,y1000p_gff3_files/saccharomyces_cerevisiae.sgd.gff3,y1000p_pep_files/saccharomyces_cerevisiae.sgd.pep,,y1000p_genome_files/saccharomyces_cerevisiae.fas.gz,True
saccharomyces_eubayanus,final,Saccharomyces eubayanus,y1000p_gff3_files/saccharomyces_eubayanus.final.gff3,y1000p_pep_files/saccharomyces_eubayanus.final.pep,y1000p_cds_files/saccharomyces_eubayanus.final.cds.tar.gz,y1000p_genome_files/saccharomyces_eubayanus.fas.gz,False
saccharomyces_jurei,final,Saccharomyces jurei,y1000p_gff3_files/saccharomyces_jurei.final.gff3,y1000p_pep_files/saccharomyces_jurei.final.pep,y1000p_cds_files/saccharomyces_jurei.final.cds.tar.gz,y1000p_genome_files/saccharomyces_jurei.fas.gz,False
saccharomyces_kudriavzevii,final,Saccharomyces kudriavzevii,y1000p_gff3_files/saccharomyces_kudriavzevii.final.gff3,y1000p_pep_files/saccharomyces_kudriavzevii.final.pep,y1000p_cds_files/saccharomyces_kudriavzevii.final.cds.tar.gz,y1000p_genome_files/saccharomyces_kudriavzevii.fas.gz,False
saccharomyces_mikatae,final,Saccharomyces mikatae,y1000p_gff3_files/saccharomyces_mikatae.final.gff3,y1000p_pep_files/saccharomyces_mikatae.final.pep,y1000p_cds_files/saccharomyces_mikatae.final.cds.tar.gz,y1000p_genome_files/saccharomyces_mikatae.fas.gz,False
saccharomyces_paradoxus,final,Saccharomyces paradoxus,y1000p_gff3_files/saccharomyces_paradoxus.final.gff3,y1000p_pep_files/saccharomyces_paradoxus.final.pep,y1000p_cds_files/saccharomyces_paradoxus.final.cds.tar.gz,y1000p_genome_files/saccharomyces_paradoxus.fas.gz,False
saccharomyces_uvarum,final,Saccharomyces uvarum,y1000p_gff3_files/saccharomyces_uvarum.final.gff3,y1000p_pep_files/saccharomyces_uvarum.final.pep,y1000p_cds_files/saccharomyces_uvarum.final.cds.tar.gz,y1000p_genome_files/saccharomyces_uvarum.fas.gz,False
saprochaete_clavata,final,Saprochaete clavata,y1000p_gff3_files/saprochaete_clavata.final.gff3,y1000p_pep_files/saprochaete_clavata.final.pep,y1000p_cds_files/saprochaete_clavata.final.cds.tar.gz,y1000p_genome_files/saprochaete_clavata.fas.gz,False
saprochaete_fungicola,final,Saprochaete fungicola,y1000p_gff3_files/saprochaete_fungicola.final.gff3,y1000p_pep_files/saprochaete_fungicola.final.pep,y1000p_cds_files/saprochaete_fungicola.final.cds.tar.gz,y1000p_genome_files/saprochaete_fungicola.fas.gz,False
saprochaete_ingens,final,Saprochaete ingens,y1000p_gff3_files/saprochaete_ingens.final.gff3,y1000p_pep_files/saprochaete_ingens.final.pep,y1000p_cds_files/saprochaete_ingens.final.cds.tar.gz,y1000p_genome_files/saprochaete_ingens.fas.gz,False
saprochaete_suaveolens,final,Saprochaete suaveolens,y1000p_gff3_files/saprochaete_suaveolens.final.gff3,y1000p_pep_files/saprochaete_suaveolens.final.pep,y1000p_cds_files/saprochaete_suaveolens.final.cds.tar.gz,y1000p_genome_files/saprochaete_suaveolens.fas.gz,False
scheffersomyces_stambukii,final,Scheffersomyces stambukii,y1000p_gff3_files/scheffersomyces_stambukii.final.gff3,y1000p_pep_files/scheffersomyces_stambukii.final.pep,y1000p_cds_files/scheffersomyces_stambukii.final.cds.tar.gz,y1000p_genome_files/scheffersomyces_stambukii.fas.gz,False
scheffersomyces_stipitis,final,Scheffersomyces stipitis,y1000p_gff3_files/scheffersomyces_stipitis.final.gff3,y1000p_pep_files/scheffersomyces_stipitis.final.pep,y1000p_cds_files/scheffersomyces_stipitis.final.cds.tar.gz,y1000p_genome_files/scheffersomyces_stipitis.fas.gz,False
spathaspora_arborariae,final,Spathaspora arborariae,y1000p_gff3_files/spathaspora_arborariae.final.gff3,y1000p_pep_files/spathaspora_arborariae.final.pep,y1000p_cds_files/spathaspora_arborariae.final.cds.tar.gz,y1000p_genome_files/spathaspora_arborariae.fas.gz,False
spathaspora_boniae,final,Spathaspora boniae,y1000p_gff3_files/spathaspora_boniae.final.gff3,y1000p_pep_files/spathaspora_boniae.final.pep,y1000p_cds_files/spathaspora_boniae.final.cds.tar.gz,y1000p_genome_files/spathaspora_boniae.fas.gz,False
spathaspora_girioi,final,Spathaspora girioi,y1000p_gff3_files/spathaspora_girioi.final.gff3,y1000p_pep_files/spathaspora_girioi.final.pep,y1000p_cds_files/spathaspora_girioi.final.cds.tar.gz,y1000p_genome_files/spathaspora_girioi.fas.gz,False
spathaspora_gorwiae,final,Spathaspora gorwiae,y1000p_gff3_files/spathaspora_gorwiae.final.gff3,y1000p_pep_files/spathaspora_gorwiae.final.pep,y1000p_cds_files/spathaspora_gorwiae.final.cds.tar.gz,y1000p_genome_files/spathaspora_gorwiae.fas.gz,False
spathaspora_hagerdaliae,final,Spathaspora hagerdaliae,y1000p_gff3_files/spathaspora_hagerdaliae.final.gff3,y1000p_pep_files/spathaspora_hagerdaliae.final.pep,y1000p_cds_files/spathaspora_hagerdaliae.final.cds.tar.gz,y1000p_genome_files/spathaspora_hagerdaliae.fas.gz,False
spathaspora_xylofermentans,final,Spathaspora xylofermentans,y1000p_gff3_files/spathaspora_xylofermentans.final.gff3,y1000p_pep_files/spathaspora_xylofermentans.final.pep,y1000p_cds_files/spathaspora_xylofermentans.final.cds.tar.gz,y1000p_genome_files/spathaspora_xylofermentans.fas.gz,False
sugiyamaella_xylanicola,final,Sugiyamaella xylanicola,y1000p_gff3_files/sugiyamaella_xylanicola.final.gff3,y1000p_pep_files/sugiyamaella_xylanicola.final.pep,y1000p_cds_files/sugiyamaella_xylanicola.final.cds.tar.gz,y1000p_genome_files/sugiyamaella_xylanicola.fas.gz,False
yHAB127_kazachstania_bovina_160519,final,Kazachstania bovina,y1000p_gff3_files/yHAB127_kazachstania_bovina_160519.haplomerger2.final.gff3,y1000p_pep_files/yHAB127_kazachstania_bovina_160519.haplomerger2.final.pep,y1000p_cds_files/yHAB127_kazachstania_bovina_160519.haplomerger2.final.cds.tar.gz,y1000p_genome_files/yHAB127_kazachstania_bovina_160519.haplomerger2.fas.gz,False
yHAB128_kazachstania_heterogenica_170307,final,Kazachstania heterogenica,y1000p_gff3_files/yHAB128_kazachstania_heterogenica_170307.final.gff3,y1000p_pep_files/yHAB128_kazachstania_heterogenica_170307.final.pep,y1000p_cds_files/yHAB128_kazachstania_heterogenica_170307.final.cds.tar.gz,y1000p_genome_files/yHAB128_kazachstania_heterogenica_170307.fas.gz,False
yHAB129_kazachstania_pintolopesii_170307,final,Kazachstania pintolopesii,y1000p_gff3_files/yHAB129_kazachstania_pintolopesii_170307.haplomerger2.final.gff3,y1000p_pep_files/yHAB129_kazachstania_pintolopesii_170307.haplomerger2.final.pep,y1000p_cds_files/yHAB129_kazachstania_pintolopesii_170307.haplomerger2.final.cds.tar.gz,y1000p_genome_files/yHAB129_kazachstania_pintolopesii_170307.haplomerger2.fas.gz,False
yHAB130_kazachstania_slooffiae_160519,final,Kazachstania slooffiae,y1000p_gff3_files/yHAB130_kazachstania_slooffiae_160519.haplomerger2.final.gff3,y1000p_pep_files/yHAB130_kazachstania_slooffiae_160519.haplomerger2.final.pep,y1000p_cds_files/yHAB130_kazachstania_slooffiae_160519.haplomerger2.final.cds.tar.gz,y1000p_genome_files/yHAB130_kazachstania_slooffiae_160519.haplomerger2.fas.gz,False
yHAB131_kazachstania_telluris_170307,final,Kazachstania telluris,y1000p_gff3_files/yHAB131_kazachstania_telluris_170307.final.gff3,y1000p_pep_files/yHAB131_kazachstania_telluris_170307.final.pep,y1000p_cds_files/yHAB131_kazachstania_telluris_170307.final.cds.tar.gz,y1000p_genome_files/yHAB131_kazachstania_telluris_170307.fas.gz,False
yHAB132_kazachstania_martiniae_160519,final,Kazachstania martiniae,y1000p_gff3_files/yHAB132_kazachstania_martiniae_160519.final.gff3,y1000p_pep_files/yHAB132_kazachstania_martiniae_160519.final.pep,y1000p_cds_files/yHAB132_kazachstania_martiniae_160519.final.cds.tar.gz,y1000p_genome_files/yHAB132_kazachstania_martiniae_160519.fas.gz,False
yHAB133_kazachstania_unispora_160519,final,Kazachstania unispora,y1000p_gff3_files/yHAB133_kazachstania_unispora_160519.final.gff3,y1000p_pep_files/yHAB133_kazachstania_unispora_160519.final.pep,y1000p_cds_files/yHAB133_kazachstania_unispora_160519.final.cds.tar.gz,y1000p_genome_files/yHAB133_kazachstania_unispora_160519.fas.gz,False
yHAB136_kazachstania_bromeliacearum_160519,final,Kazachstania bromeliacearum,y1000p_gff3_files/yHAB136_kazachstania_bromeliacearum_160519.final.gff3,y1000p_pep_files/yHAB136_kazachstania_bromeliacearum_160519.final.pep,y1000p_cds_files/yHAB136_kazachstania_bromeliacearum_160519.final.cds.tar.gz,y1000p_genome_files/yHAB136_kazachstania_bromeliacearum_160519.fas.gz,False
yHAB137_kazachstania_africana_160519,final,Kazachstania africana,y1000p_gff3_files/yHAB137_kazachstania_africana_160519.final.gff3,y1000p_pep_files/yHAB137_kazachstania_africana_160519.final.pep,y1000p_cds_files/yHAB137_kazachstania_africana_160519.final.cds.tar.gz,y1000p_genome_files/yHAB137_kazachstania_africana_160519.fas.gz,False
yHAB138_kazachstania_lodderae_160519,final,Kazachstania lodderae,y1000p_gff3_files/yHAB138_kazachstania_lodderae_160519.final.gff3,y1000p_pep_files/yHAB138_kazachstania_lodderae_160519.final.pep,y1000p_cds_files/yHAB138_kazachstania_lodderae_160519.final.cds.tar.gz,y1000p_genome_files/yHAB138_kazachstania_lodderae_160519.fas.gz,False
yHAB142_kazachstania_gamospora_170307,final,Kazachstania gamospora,y1000p_gff3_files/yHAB142_kazachstania_gamospora_170307.haplomerger2.final.gff3,y1000p_pep_files/yHAB142_kazachstania_gamospora_170307.haplomerger2.final.pep,y1000p_cds_files/yHAB142_kazachstania_gamospora_170307.haplomerger2.final.cds.tar.gz,y1000p_genome_files/yHAB142_kazachstania_gamospora_170307.haplomerger2.fas.gz,False
yHAB143_kazachstania_siamensis_160519,final,Kazachstania siamensis,y1000p_gff3_files/yHAB143_kazachstania_siamensis_160519.final.gff3,y1000p_pep_files/yHAB143_kazachstania_siamensis_160519.final.pep,y1000p_cds_files/yHAB143_kazachstania_siamensis_160519.final.cds.tar.gz,y1000p_genome_files/yHAB143_kazachstania_siamensis_160519.fas.gz,False
yHAB144_kazachstania_jainica_160519,final,Kazachstania jainica,y1000p_gff3_files/yHAB144_kazachstania_jainica_160519.haplomerger2.final.gff3,y1000p_pep_files/yHAB144_kazachstania_jainica_160519.haplomerger2.final.pep,y1000p_cds_files/yHAB144_kazachstania_jainica_160519.haplomerger2.final.cds.tar.gz,y1000p_genome_files/yHAB144_kazachstania_jainica_160519.haplomerger2.fas.gz,False
yHAB145_kazachstania_hellenica_160519,final,Kazachstania hellenica,y1000p_gff3_files/yHAB145_kazachstania_hellenica_160519.haplomerger2.final.gff3,y1000p_pep_files/yHAB145_kazachstania_hellenica_160519.haplomerger2.final.pep,y1000p_cds_files/yHAB145_kazachstania_hellenica_160519.haplomerger2.final.cds.tar.gz,y1000p_genome_files/yHAB145_kazachstania_hellenica_160519.haplomerger2.fas.gz,False
yHAB147_kazachstania_taianensis_160519,final,Kazachstania taianensis,y1000p_gff3_files/yHAB147_kazachstania_taianensis_160519.final.gff3,y1000p_pep_files/yHAB147_kazachstania_taianensis_160519.final.pep,y1000p_cds_files/yHAB147_kazachstania_taianensis_160519.final.cds.tar.gz,y1000p_genome_files/yHAB147_kazachstania_taianensis_160519.fas.gz,False
yHAB148_kazachstania_intestinalis_160519,final,Kazachstania intestinalis,y1000p_gff3_files/yHAB148_kazachstania_intestinalis_160519.final.gff3,y1000p_pep_files/yHAB148_kazachstania_intestinalis_160519.final.pep,y1000p_cds_files/yHAB148_kazachstania_intestinalis_160519.final.cds.tar.gz,y1000p_genome_files/yHAB148_kazachstania_intestinalis_160519.fas.gz,False
yHAB150_kazachstania_exigua_160519,final,Kazachstania exigua,y1000p_gff3_files/yHAB150_kazachstania_exigua_160519.final.gff3,y1000p_pep_files/yHAB150_kazachstania_exigua_160519.final.pep,y1000p_cds_files/yHAB150_kazachstania_exigua_160519.final.cds.tar.gz,y1000p_genome_files/yHAB150_kazachstania_exigua_160519.fas.gz,False
yHAB151_kazachstania_servazzi_160519,final,Kazachstania servazzi,y1000p_gff3_files/yHAB151_kazachstania_servazzi_160519.final.gff3,y1000p_pep_files/yHAB151_kazachstania_servazzi_160519.final.pep,y1000p_cds_files/yHAB151_kazachstania_servazzi_160519.final.cds.tar.gz,y1000p_genome_files/yHAB151_kazachstania_servazzi_160519.fas.gz,False
yHAB152_candida_humilis_160519,final,Candida humilis,y1000p_gff3_files/yHAB152_candida_humilis_160519.haplomerger2.final.gff3,y1000p_pep_files/yHAB152_candida_humilis_160519.haplomerger2.final.pep,y1000p_cds_files/yHAB152_candida_humilis_160519.haplomerger2.final.cds.tar.gz,y1000p_genome_files/yHAB152_candida_humilis_160519.haplomerger2.fas.gz,False
yHAB153_kazachstania_rosinii_160519,final,Kazachstania rosinii,y1000p_gff3_files/yHAB153_kazachstania_rosinii_160519.final.gff3,y1000p_pep_files/yHAB153_kazachstania_rosinii_160519.final.pep,y1000p_cds_files/yHAB153_kazachstania_rosinii_160519.final.cds.tar.gz,y1000p_genome_files/yHAB153_kazachstania_rosinii_160519.fas.gz,False
yHAB154_kazachstania_transvaalensis_160519,final,Kazachstania transvaalensis,y1000p_gff3_files/yHAB154_kazachstania_transvaalensis_160519.final.gff3,y1000p_pep_files/yHAB154_kazachstania_transvaalensis_160519.final.pep,y1000p_cds_files/yHAB154_kazachstania_transvaalensis_160519.final.cds.tar.gz,y1000p_genome_files/yHAB154_kazachstania_transvaalensis_160519.fas.gz,False
yHAB155_kazachstania_spencerorum_160519,final,Kazachstania spencerorum,y1000p_gff3_files/yHAB155_kazachstania_spencerorum_160519.final.gff3,y1000p_pep_files/yHAB155_kazachstania_spencerorum_160519.final.pep,y1000p_cds_files/yHAB155_kazachstania_spencerorum_160519.final.cds.tar.gz,y1000p_genome_files/yHAB155_kazachstania_spencerorum_160519.fas.gz,False
yHAB156_kazachstania_piceae_160519,final,Kazachstania piceae,y1000p_gff3_files/yHAB156_kazachstania_piceae_160519.final.gff3,y1000p_pep_files/yHAB156_kazachstania_piceae_160519.final.pep,y1000p_cds_files/yHAB156_kazachstania_piceae_160519.final.cds.tar.gz,y1000p_genome_files/yHAB156_kazachstania_piceae_160519.fas.gz,False
yHAB157_kazachstania_bulderi_160519,final,Kazachstania bulderi,y1000p_gff3_files/yHAB157_kazachstania_bulderi_160519.haplomerger2.final.gff3,y1000p_pep_files/yHAB157_kazachstania_bulderi_160519.haplomerger2.final.pep,y1000p_cds_files/yHAB157_kazachstania_bulderi_160519.haplomerger2.final.cds.tar.gz,y1000p_genome_files/yHAB157_kazachstania_bulderi_160519.haplomerger2.fas.gz,False
yHAB158_kazachstania_viticola_160519,final,Kazachstania viticola,y1000p_gff3_files/yHAB158_kazachstania_viticola_160519.haplomerger2.final.gff3,y1000p_pep_files/yHAB158_kazachstania_viticola_160519.haplomerger2.final.pep,y1000p_cds_files/yHAB158_kazachstania_viticola_160519.haplomerger2.final.cds.tar.gz,y1000p_genome_files/yHAB158_kazachstania_viticola_160519.haplomerger2.fas.gz,False
yHAB159_kazachstania_solicola_160519,final,Kazachstania solicola,y1000p_gff3_files/yHAB159_kazachstania_solicola_160519.haplomerger2.final.gff3,y1000p_pep_files/yHAB159_kazachstania_solicola_160519.haplomerger2.final.pep,y1000p_cds_files/yHAB159_kazachstania_solicola_160519.haplomerger2.final.cds.tar.gz,y1000p_genome_files/yHAB159_kazachstania_solicola_160519.haplomerger2.fas.gz,False
yHAB160_kazachstania_kunashirensis_160519,final,Kazachstania kunashirensis,y1000p_gff3_files/yHAB160_kazachstania_kunashirensis_160519.final.gff3,y1000p_pep_files/yHAB160_kazachstania_kunashirensis_160519.final.pep,y1000p_cds_files/yHAB160_kazachstania_kunashirensis_160519.final.cds.tar.gz,y1000p_genome_files/yHAB160_kazachstania_kunashirensis_160519.fas.gz,False
yHAB161_kazachstania_sinensis_160519,final,Kazachstania sinensis,y1000p_gff3_files/yHAB161_kazachstania_sinensis_160519.final.gff3,y1000p_pep_files/yHAB161_kazachstania_sinensis_160519.final.pep,y1000p_cds_files/yHAB161_kazachstania_sinensis_160519.final.cds.tar.gz,y1000p_genome_files/yHAB161_kazachstania_sinensis_160519.fas.gz,False
yHAB162_Kazachstania_barnettii_SPADES,final,Kazachstania barnettii SPADES,y1000p_gff3_files/yHAB162_Kazachstania_barnettii_SPADES.final.gff3,y1000p_pep_files/yHAB162_Kazachstania_barnettii_SPADES.final.pep,y1000p_cds_files/yHAB162_Kazachstania_barnettii_SPADES.final.cds.tar.gz,y1000p_genome_files/yHAB162_Kazachstania_barnettii_SPADES.fas.gz,False
yHAB164_kazachstania_aerobia_160519,final,Kazachstania aerobia,y1000p_gff3_files/yHAB164_kazachstania_aerobia_160519.final.gff3,y1000p_pep_files/yHAB164_kazachstania_aerobia_160519.final.pep,y1000p_cds_files/yHAB164_kazachstania_aerobia_160519.final.cds.tar.gz,y1000p_genome_files/yHAB164_kazachstania_aerobia_160519.fas.gz,False
yHAB165_kazachstania_aquatica_160519,final,Kazachstania aquatica,y1000p_gff3_files/yHAB165_kazachstania_aquatica_160519.final.gff3,y1000p_pep_files/yHAB165_kazachstania_aquatica_160519.final.pep,y1000p_cds_files/yHAB165_kazachstania_aquatica_160519.final.cds.tar.gz,y1000p_genome_files/yHAB165_kazachstania_aquatica_160519.fas.gz,False
yHAB166_kazachstania_yakushimaensis_160519,final,Kazachstania yakushimaensis,y1000p_gff3_files/yHAB166_kazachstania_yakushimaensis_160519.final.gff3,y1000p_pep_files/yHAB166_kazachstania_yakushimaensis_160519.final.pep,y1000p_cds_files/yHAB166_kazachstania_yakushimaensis_160519.final.cds.tar.gz,y1000p_genome_files/yHAB166_kazachstania_yakushimaensis_160519.fas.gz,False
yHDO354_Myxozyma_mucilagina_SPADES,final,Myxozyma mucilagina SPADES,y1000p_gff3_files/yHDO354_Myxozyma_mucilagina_SPADES.final.gff3,y1000p_pep_files/yHDO354_Myxozyma_mucilagina_SPADES.final.pep,y1000p_cds_files/yHDO354_Myxozyma_mucilagina_SPADES.final.cds.tar.gz,y1000p_genome_files/yHDO354_Myxozyma_mucilagina_SPADES.fas.gz,False
yHDO565_zygosaccharomyces_gambellarensis_180604,final,Zygosaccharomyces gambellarensis,y1000p_gff3_files/yHDO565_zygosaccharomyces_gambellarensis_180604.final.gff3,y1000p_pep_files/yHDO565_zygosaccharomyces_gambellarensis_180604.final.pep,y1000p_cds_files/yHDO565_zygosaccharomyces_gambellarensis_180604.final.cds.tar.gz,y1000p_genome_files/yHDO565_zygosaccharomyces_gambellarensis_180604.fas.gz,False
yHDO566_kazachstania_ichnusensis_180604,final,Kazachstania ichnusensis,y1000p_gff3_files/yHDO566_kazachstania_ichnusensis_180604.final.gff3,y1000p_pep_files/yHDO566_kazachstania_ichnusensis_180604.final.pep,y1000p_cds_files/yHDO566_kazachstania_ichnusensis_180604.final.cds.tar.gz,y1000p_genome_files/yHDO566_kazachstania_ichnusensis_180604.fas.gz,False
yHDO568_nakaseomyces_sp_190924,final,Nakaseomyces sp,y1000p_gff3_files/yHDO568_nakaseomyces_sp_190924.final.gff3,y1000p_pep_files/yHDO568_nakaseomyces_sp_190924.final.pep,y1000p_cds_files/yHDO568_nakaseomyces_sp_190924.final.cds.tar.gz,y1000p_genome_files/yHDO568_nakaseomyces_sp_190924.fas.gz,False
yHDO569_candida_sp_180604,final,Candida sp,y1000p_gff3_files/yHDO569_candida_sp_180604.final.gff3,y1000p_pep_files/yHDO569_candida_sp_180604.final.pep,y1000p_cds_files/yHDO569_candida_sp_180604.final.cds.tar.gz,y1000p_genome_files/yHDO569_candida_sp_180604.fas.gz,False
yHDO570_kluyveromyces_starmeri_180604,final,Kluyveromyces starmeri,y1000p_gff3_files/yHDO570_kluyveromyces_starmeri_180604.final.gff3,y1000p_pep_files/yHDO570_kluyveromyces_starmeri_180604.final.pep,y1000p_cds_files/yHDO570_kluyveromyces_starmeri_180604.final.cds.tar.gz,y1000p_genome_files/yHDO570_kluyveromyces_starmeri_180604.fas.gz,False
yHDO572_zygosaccharomyces_mellis_180604,final,Zygosaccharomyces mellis,y1000p_gff3_files/yHDO572_zygosaccharomyces_mellis_180604.final.gff3,y1000p_pep_files/yHDO572_zygosaccharomyces_mellis_180604.final.pep,y1000p_cds_files/yHDO572_zygosaccharomyces_mellis_180604.final.cds.tar.gz,y1000p_genome_files/yHDO572_zygosaccharomyces_mellis_180604.fas.gz,False
yHDO576_kazachstania_sp_180604,final,Kazachstania sp,y1000p_gff3_files/yHDO576_kazachstania_sp_180604.final.gff3,y1000p_pep_files/yHDO576_kazachstania_sp_180604.final.pep,y1000p_cds_files/yHDO576_kazachstania_sp_180604.final.cds.tar.gz,y1000p_genome_files/yHDO576_kazachstania_sp_180604.fas.gz,False
yHDO578_saturnispora_sp_180604,final,Saturnispora sp,y1000p_gff3_files/yHDO578_saturnispora_sp_180604.final.gff3,y1000p_pep_files/yHDO578_saturnispora_sp_180604.final.pep,y1000p_cds_files/yHDO578_saturnispora_sp_180604.final.cds.tar.gz,y1000p_genome_files/yHDO578_saturnispora_sp_180604.fas.gz,False
yHDO579_hagleromyces_aurorensis_180604,final,Hagleromyces aurorensis,y1000p_gff3_files/yHDO579_hagleromyces_aurorensis_180604.final.gff3,y1000p_pep_files/yHDO579_hagleromyces_aurorensis_180604.final.pep,y1000p_cds_files/yHDO579_hagleromyces_aurorensis_180604.final.cds.tar.gz,y1000p_genome_files/yHDO579_hagleromyces_aurorensis_180604.fas.gz,False
yHDO580_saturnispora_besseyi_180604,final,Saturnispora besseyi,y1000p_gff3_files/yHDO580_saturnispora_besseyi_180604.final.gff3,y1000p_pep_files/yHDO580_saturnispora_besseyi_180604.final.pep,y1000p_cds_files/yHDO580_saturnispora_besseyi_180604.final.cds.tar.gz,y1000p_genome_files/yHDO580_saturnispora_besseyi_180604.fas.gz,False
yHDO581_magnusiomyces_capitatus_190924,final,Magnusiomyces capitatus,y1000p_gff3_files/yHDO581_magnusiomyces_capitatus_190924.final.gff3,y1000p_pep_files/yHDO581_magnusiomyces_capitatus_190924.final.pep,y1000p_cds_files/yHDO581_magnusiomyces_capitatus_190924.final.cds.tar.gz,y1000p_genome_files/yHDO581_magnusiomyces_capitatus_190924.fas.gz,False
yHDO582_wickerhamomyces_queroliae_180604,final,Wickerhamomyces queroliae,y1000p_gff3_files/yHDO582_wickerhamomyces_queroliae_180604.final.gff3,y1000p_pep_files/yHDO582_wickerhamomyces_queroliae_180604.final.pep,y1000p_cds_files/yHDO582_wickerhamomyces_queroliae_180604.final.cds.tar.gz,y1000p_genome_files/yHDO582_wickerhamomyces_queroliae_180604.fas.gz,False
yHDO584_brettanomyces_mucatilis_190924,final,Brettanomyces mucatilis,y1000p_gff3_files/yHDO584_brettanomyces_mucatilis_190924.haplomerger2.final.gff3,y1000p_pep_files/yHDO584_brettanomyces_mucatilis_190924.haplomerger2.final.pep,y1000p_cds_files/yHDO584_brettanomyces_mucatilis_190924.haplomerger2.final.cds.tar.gz,y1000p_genome_files/yHDO584_brettanomyces_mucatilis_190924.haplomerger2.fas.gz,False
yHDO585_candida_citri_180604,final,Candida citri,y1000p_gff3_files/yHDO585_candida_citri_180604.final.gff3,y1000p_pep_files/yHDO585_candida_citri_180604.final.pep,y1000p_cds_files/yHDO585_candida_citri_180604.final.cds.tar.gz,y1000p_genome_files/yHDO585_candida_citri_180604.fas.gz,False
yHDO586_kazachstania_humatica_180604,final,Kazachstania humatica,y1000p_gff3_files/yHDO586_kazachstania_humatica_180604.final.gff3,y1000p_pep_files/yHDO586_kazachstania_humatica_180604.final.pep,y1000p_cds_files/yHDO586_kazachstania_humatica_180604.final.cds.tar.gz,y1000p_genome_files/yHDO586_kazachstania_humatica_180604.fas.gz,False
yHDO587_citeromyces_nyonsensis_180604,final,Citeromyces nyonsensis,y1000p_gff3_files/yHDO587_citeromyces_nyonsensis_180604.haplomerger2.final.gff3,y1000p_pep_files/yHDO587_citeromyces_nyonsensis_180604.haplomerger2.final.pep,y1000p_cds_files/yHDO587_citeromyces_nyonsensis_180604.haplomerger2.final.cds.tar.gz,y1000p_genome_files/yHDO587_citeromyces_nyonsensis_180604.haplomerger2.fas.gz,False
yHDO588_Zygoascus_bituminiphia_SPADES,final,Zygoascus bituminiphia SPADES,y1000p_gff3_files/yHDO588_Zygoascus_bituminiphia_SPADES.final.gff3,y1000p_pep_files/yHDO588_Zygoascus_bituminiphia_SPADES.final.pep,y1000p_cds_files/yHDO588_Zygoascus_bituminiphia_SPADES.final.cds.tar.gz,y1000p_genome_files/yHDO588_Zygoascus_bituminiphia_SPADES.fas.gz,False
yHDO589_candida_patagonica_180604,final,Candida patagonica,y1000p_gff3_files/yHDO589_candida_patagonica_180604.final.gff3,y1000p_pep_files/yHDO589_candida_patagonica_180604.final.pep,y1000p_cds_files/yHDO589_candida_patagonica_180604.final.cds.tar.gz,y1000p_genome_files/yHDO589_candida_patagonica_180604.fas.gz,False
yHDO590_kloeckera_taiwanica_180604,final,Kloeckera taiwanica,y1000p_gff3_files/yHDO590_kloeckera_taiwanica_180604.haplomerger2.final.gff3,y1000p_pep_files/yHDO590_kloeckera_taiwanica_180604.haplomerger2.final.pep,y1000p_cds_files/yHDO590_kloeckera_taiwanica_180604.haplomerger2.final.cds.tar.gz,y1000p_genome_files/yHDO590_kloeckera_taiwanica_180604.haplomerger2.fas.gz,False
yHDO592_zygotorulaspora_sp_190924,final,Zygotorulaspora sp,y1000p_gff3_files/yHDO592_zygotorulaspora_sp_190924.final.gff3,y1000p_pep_files/yHDO592_zygotorulaspora_sp_190924.final.pep,y1000p_cds_files/yHDO592_zygotorulaspora_sp_190924.final.cds.tar.gz,y1000p_genome_files/yHDO592_zygotorulaspora_sp_190924.fas.gz,False
yHDO593_barnettozyma_sp_180604,final,Barnettozyma sp,y1000p_gff3_files/yHDO593_barnettozyma_sp_180604.final.gff3,y1000p_pep_files/yHDO593_barnettozyma_sp_180604.final.pep,y1000p_cds_files/yHDO593_barnettozyma_sp_180604.final.cds.tar.gz,y1000p_genome_files/yHDO593_barnettozyma_sp_180604.fas.gz,False
yHDO599_dipodascus_anamola_180604,final,Dipodascus anamola,y1000p_gff3_files/yHDO599_dipodascus_anamola_180604.final.gff3,y1000p_pep_files/yHDO599_dipodascus_anamola_180604.final.pep,y1000p_cds_files/yHDO599_dipodascus_anamola_180604.final.cds.tar.gz,y1000p_genome_files/yHDO599_dipodascus_anamola_180604.fas.gz,False
yHDO601_candida_tunisiensis_180604,final,Candida tunisiensis,y1000p_gff3_files/yHDO601_candida_tunisiensis_180604.final.gff3,y1000p_pep_files/yHDO601_candida_tunisiensis_180604.final.pep,y1000p_cds_files/yHDO601_candida_tunisiensis_180604.final.cds.tar.gz,y1000p_genome_files/yHDO601_candida_tunisiensis_180604.fas.gz,False
yHDO602_tortispora_agaves_180604,final,Tortispora agaves,y1000p_gff3_files/yHDO602_tortispora_agaves_180604.final.gff3,y1000p_pep_files/yHDO602_tortispora_agaves_180604.final.pep,y1000p_cds_files/yHDO602_tortispora_agaves_180604.final.cds.tar.gz,y1000p_genome_files/yHDO602_tortispora_agaves_180604.fas.gz,False
yHDO603_zygosaccharomyces_sapae_190924,final,Zygosaccharomyces sapae,y1000p_gff3_files/yHDO603_zygosaccharomyces_sapae_190924.haplomerger2.final.gff3,y1000p_pep_files/yHDO603_zygosaccharomyces_sapae_190924.haplomerger2.final.pep,y1000p_cds_files/yHDO603_zygosaccharomyces_sapae_190924.haplomerger2.final.cds.tar.gz,y1000p_genome_files/yHDO603_zygosaccharomyces_sapae_190924.haplomerger2.fas.gz,False
yHDR128_Nakazawaea_sp_nov_plate34_PLATANUS,final,Nakazawaea sp nov plate34 PLATANUS,y1000p_gff3_files/yHDR128_Nakazawaea_sp_nov_plate34_PLATANUS.final.gff3,y1000p_pep_files/yHDR128_Nakazawaea_sp_nov_plate34_PLATANUS.final.pep,y1000p_cds_files/yHDR128_Nakazawaea_sp_nov_plate34_PLATANUS.final.cds.tar.gz,y1000p_genome_files/yHDR128_Nakazawaea_sp_nov_plate34_PLATANUS.fas.gz,False
yHJFW83_myxozyma_geophila_210210,final,Myxozyma geophila,y1000p_gff3_files/yHJFW83_myxozyma_geophila_210210.final.gff3,y1000p_pep_files/yHJFW83_myxozyma_geophila_210210.final.pep,y1000p_cds_files/yHJFW83_myxozyma_geophila_210210.final.cds.tar.gz,y1000p_genome_files/yHJFW83_myxozyma_geophila_210210.fas.gz,False
yHJFW85_myxozyma_melbiosi_210210,final,Myxozyma melbiosi,y1000p_gff3_files/yHJFW85_myxozyma_melbiosi_210210.final.gff3,y1000p_pep_files/yHJFW85_myxozyma_melbiosi_210210.final.pep,y1000p_cds_files/yHJFW85_myxozyma_melbiosi_210210.final.cds.tar.gz,y1000p_genome_files/yHJFW85_myxozyma_melbiosi_210210.fas.gz,False
yHJFW87_myxozyma_nipponensis_210210,final,Myxozyma nipponensis,y1000p_gff3_files/yHJFW87_myxozyma_nipponensis_210210.final.gff3,y1000p_pep_files/yHJFW87_myxozyma_nipponensis_210210.final.pep,y1000p_cds_files/yHJFW87_myxozyma_nipponensis_210210.final.cds.tar.gz,y1000p_genome_files/yHJFW87_myxozyma_nipponensis_210210.fas.gz,False
yHKB15_Yamadazyma_sp_nov_plate33_SPADES,final,Yamadazyma sp nov plate33 SPADES,y1000p_gff3_files/yHKB15_Yamadazyma_sp_nov_plate33_SPADES.final.gff3,y1000p_pep_files/yHKB15_Yamadazyma_sp_nov_plate33_SPADES.final.pep,y1000p_cds_files/yHKB15_Yamadazyma_sp_nov_plate33_SPADES.final.cds.tar.gz,y1000p_genome_files/yHKB15_Yamadazyma_sp_nov_plate33_SPADES.fas.gz,False
yHKB289_Vanderwaltozyma_sp_nov_plate33_SPADES,final,Vanderwaltozyma sp nov plate33 SPADES,y1000p_gff3_files/yHKB289_Vanderwaltozyma_sp_nov_plate33_SPADES.final.gff3,y1000p_pep_files/yHKB289_Vanderwaltozyma_sp_nov_plate33_SPADES.final.pep,y1000p_cds_files/yHKB289_Vanderwaltozyma_sp_nov_plate33_SPADES.final.cds.tar.gz,y1000p_genome_files/yHKB289_Vanderwaltozyma_sp_nov_plate33_SPADES.fas.gz,False
yHKB357_New_Genus_SPADES,final,New Genus SPADES,y1000p_gff3_files/yHKB357_New_Genus_SPADES.final.gff3,y1000p_pep_files/yHKB357_New_Genus_SPADES.final.pep,y1000p_cds_files/yHKB357_New_Genus_SPADES.final.cds.tar.gz,y1000p_genome_files/yHKB357_New_Genus_SPADES.fas.gz,False
yHKB443_Metschnikowia_sp_nov_plate33_SPADES,final,Metschnikowia sp nov plate33 SPADES,y1000p_gff3_files/yHKB443_Metschnikowia_sp_nov_plate33_SPADES.final.gff3,y1000p_pep_files/yHKB443_Metschnikowia_sp_nov_plate33_SPADES.final.pep,y1000p_cds_files/yHKB443_Metschnikowia_sp_nov_plate33_SPADES.final.cds.tar.gz,y1000p_genome_files/yHKB443_Metschnikowia_sp_nov_plate33_SPADES.fas.gz,False
yHKS168_Pichia_sp_nov_plate33_PLATANUS,final,Pichia sp nov plate33 PLATANUS,y1000p_gff3_files/yHKS168_Pichia_sp_nov_plate33_PLATANUS.final.gff3,y1000p_pep_files/yHKS168_Pichia_sp_nov_plate33_PLATANUS.final.pep,y1000p_cds_files/yHKS168_Pichia_sp_nov_plate33_PLATANUS.final.cds.tar.gz,y1000p_genome_files/yHKS168_Pichia_sp_nov_plate33_PLATANUS.fas.gz,False
yHKS545_Nakazawaea_sp_nov_plate33_PLATANUS,final,Nakazawaea sp nov plate33 PLATANUS,y1000p_gff3_files/yHKS545_Nakazawaea_sp_nov_plate33_PLATANUS.final.gff3,y1000p_pep_files/yHKS545_Nakazawaea_sp_nov_plate33_PLATANUS.final.pep,y1000p_cds_files/yHKS545_Nakazawaea_sp_nov_plate33_PLATANUS.final.cds.tar.gz,y1000p_genome_files/yHKS545_Nakazawaea_sp_nov_plate33_PLATANUS.fas.gz,False
yHKS617_Sugiyamaella_sp_nov_plate33_SPADES,final,Sugiyamaella sp nov plate33 SPADES,y1000p_gff3_files/yHKS617_Sugiyamaella_sp_nov_plate33_SPADES.final.gff3,y1000p_pep_files/yHKS617_Sugiyamaella_sp_nov_plate33_SPADES.final.pep,y1000p_cds_files/yHKS617_Sugiyamaella_sp_nov_plate33_SPADES.final.cds.tar.gz,y1000p_genome_files/yHKS617_Sugiyamaella_sp_nov_plate33_SPADES.fas.gz,False
yHKS641_Suhomyces_sp_nov_plate33_SPADES,final,Suhomyces sp nov plate33 SPADES,y1000p_gff3_files/yHKS641_Suhomyces_sp_nov_plate33_SPADES.final.gff3,y1000p_pep_files/yHKS641_Suhomyces_sp_nov_plate33_SPADES.final.pep,y1000p_cds_files/yHKS641_Suhomyces_sp_nov_plate33_SPADES.final.cds.tar.gz,y1000p_genome_files/yHKS641_Suhomyces_sp_nov_plate33_SPADES.fas.gz,False
yHKS699_Yamadazyma_sp_nov_plate33_SPADES,final,Yamadazyma sp nov plate33 SPADES,y1000p_gff3_files/yHKS699_Yamadazyma_sp_nov_plate33_SPADES.final.gff3,y1000p_pep_files/yHKS699_Yamadazyma_sp_nov_plate33_SPADES.final.pep,y1000p_cds_files/yHKS699_Yamadazyma_sp_nov_plate33_SPADES.final.cds.tar.gz,y1000p_genome_files/yHKS699_Yamadazyma_sp_nov_plate33_SPADES.fas.gz,False
yHMH26_Wickerhamomyces_sp_nov_plate34_DISCOVAR,final,Wickerhamomyces sp nov plate34 DISCOVAR,y1000p_gff3_files/yHMH26_Wickerhamomyces_sp_nov_plate34_DISCOVAR.final.gff3,y1000p_pep_files/yHMH26_Wickerhamomyces_sp_nov_plate34_DISCOVAR.final.pep,y1000p_cds_files/yHMH26_Wickerhamomyces_sp_nov_plate34_DISCOVAR.final.cds.tar.gz,y1000p_genome_files/yHMH26_Wickerhamomyces_sp_nov_plate34_DISCOVAR.fas.gz,False
yHMH393_Yamadazyma_sp_nov_plate33_MASURCA,final,Yamadazyma sp nov plate33 MASURCA,y1000p_gff3_files/yHMH393_Yamadazyma_sp_nov_plate33_MASURCA.final.gff3,y1000p_pep_files/yHMH393_Yamadazyma_sp_nov_plate33_MASURCA.final.pep,y1000p_cds_files/yHMH393_Yamadazyma_sp_nov_plate33_MASURCA.final.cds.tar.gz,y1000p_genome_files/yHMH393_Yamadazyma_sp_nov_plate33_MASURCA.fas.gz,False
yHMH407_Schwanniomyces_sp_nov_plate33_DISCOVAR,final,Schwanniomyces sp nov plate33 DISCOVAR,y1000p_gff3_files/yHMH407_Schwanniomyces_sp_nov_plate33_DISCOVAR.final.gff3,y1000p_pep_files/yHMH407_Schwanniomyces_sp_nov_plate33_DISCOVAR.final.pep,y1000p_cds_files/yHMH407_Schwanniomyces_sp_nov_plate33_DISCOVAR.final.cds.tar.gz,y1000p_genome_files/yHMH407_Schwanniomyces_sp_nov_plate33_DISCOVAR.fas.gz,False
yHMH443_Groenewaldozyma_sp_nov_plate33_SPADES,final,Groenewaldozyma sp nov plate33 SPADES,y1000p_gff3_files/yHMH443_Groenewaldozyma_sp_nov_plate33_SPADES.final.gff3,y1000p_pep_files/yHMH443_Groenewaldozyma_sp_nov_plate33_SPADES.final.pep,y1000p_cds_files/yHMH443_Groenewaldozyma_sp_nov_plate33_SPADES.final.cds.tar.gz,y1000p_genome_files/yHMH443_Groenewaldozyma_sp_nov_plate33_SPADES.fas.gz,False
yHMH446_Pichia_sp_nov_plate33_SPADES,final,Pichia sp nov plate33 SPADES,y1000p_gff3_files/yHMH446_Pichia_sp_nov_plate33_SPADES.final.gff3,y1000p_pep_files/yHMH446_Pichia_sp_nov_plate33_SPADES.final.pep,y1000p_cds_files/yHMH446_Pichia_sp_nov_plate33_SPADES.final.cds.tar.gz,y1000p_genome_files/yHMH446_Pichia_sp_nov_plate33_SPADES.fas.gz,False
yHMH451_Wickerhamomyces_sp_nov_plate33_PLATANUS,final,Wickerhamomyces sp nov plate33 PLATANUS,y1000p_gff3_files/yHMH451_Wickerhamomyces_sp_nov_plate33_PLATANUS.final.gff3,y1000p_pep_files/yHMH451_Wickerhamomyces_sp_nov_plate33_PLATANUS.final.pep,y1000p_cds_files/yHMH451_Wickerhamomyces_sp_nov_plate33_PLATANUS.final.cds.tar.gz,y1000p_genome_files/yHMH451_Wickerhamomyces_sp_nov_plate33_PLATANUS.fas.gz,False
yHMH580_Suhomyces_sp_nov_plate33_SPADES,final,Suhomyces sp nov plate33 SPADES,y1000p_gff3_files/yHMH580_Suhomyces_sp_nov_plate33_SPADES.final.gff3,y1000p_pep_files/yHMH580_Suhomyces_sp_nov_plate33_SPADES.final.pep,y1000p_cds_files/yHMH580_Suhomyces_sp_nov_plate33_SPADES.final.cds.tar.gz,y1000p_genome_files/yHMH580_Suhomyces_sp_nov_plate33_SPADES.fas.gz,False
yHMH617_Wickerhamomyces_sp_nov_plate34_PLATANUS,final,Wickerhamomyces sp nov plate34 PLATANUS,y1000p_gff3_files/yHMH617_Wickerhamomyces_sp_nov_plate34_PLATANUS.final.gff3,y1000p_pep_files/yHMH617_Wickerhamomyces_sp_nov_plate34_PLATANUS.final.pep,y1000p_cds_files/yHMH617_Wickerhamomyces_sp_nov_plate34_PLATANUS.final.cds.tar.gz,y1000p_genome_files/yHMH617_Wickerhamomyces_sp_nov_plate34_PLATANUS.fas.gz,False
yHMH660_Kluyveromyces_sp_nov_plate33_SPADES,final,Kluyveromyces sp nov plate33 SPADES,y1000p_gff3_files/yHMH660_Kluyveromyces_sp_nov_plate33_SPADES.final.gff3,y1000p_pep_files/yHMH660_Kluyveromyces_sp_nov_plate33_SPADES.final.pep,y1000p_cds_files/yHMH660_Kluyveromyces_sp_nov_plate33_SPADES.final.cds.tar.gz,y1000p_genome_files/yHMH660_Kluyveromyces_sp_nov_plate33_SPADES.fas.gz,False
yHMH685_Yamadazyma_sp_nov_plate33_DISCOVAR,final,Yamadazyma sp nov plate33 DISCOVAR,y1000p_gff3_files/yHMH685_Yamadazyma_sp_nov_plate33_DISCOVAR.final.gff3,y1000p_pep_files/yHMH685_Yamadazyma_sp_nov_plate33_DISCOVAR.final.pep,y1000p_cds_files/yHMH685_Yamadazyma_sp_nov_plate33_DISCOVAR.final.cds.tar.gz,y1000p_genome_files/yHMH685_Yamadazyma_sp_nov_plate33_DISCOVAR.fas.gz,False
yHMJ1_Ogataea_sp_nov_plate33_PLATANUS,final,Ogataea sp nov plate33 PLATANUS,y1000p_gff3_files/yHMJ1_Ogataea_sp_nov_plate33_PLATANUS.final.gff3,y1000p_pep_files/yHMJ1_Ogataea_sp_nov_plate33_PLATANUS.final.pep,y1000p_cds_files/yHMJ1_Ogataea_sp_nov_plate33_PLATANUS.final.cds.tar.gz,y1000p_genome_files/yHMJ1_Ogataea_sp_nov_plate33_PLATANUS.fas.gz,False
yHMJ407_Torulaspora_sp_nov_plate34_SPADES,final,Torulaspora sp nov plate34 SPADES,y1000p_gff3_files/yHMJ407_Torulaspora_sp_nov_plate34_SPADES.final.gff3,y1000p_pep_files/yHMJ407_Torulaspora_sp_nov_plate34_SPADES.final.pep,y1000p_cds_files/yHMJ407_Torulaspora_sp_nov_plate34_SPADES.final.cds.tar.gz,y1000p_genome_files/yHMJ407_Torulaspora_sp_nov_plate34_SPADES.fas.gz,False
yHMJ9_Metschnikowia_sp_nov_plate34_DISCOVAR,final,Metschnikowia sp nov plate34 DISCOVAR,y1000p_gff3_files/yHMJ9_Metschnikowia_sp_nov_plate34_DISCOVAR.final.gff3,y1000p_pep_files/yHMJ9_Metschnikowia_sp_nov_plate34_DISCOVAR.final.pep,y1000p_cds_files/yHMJ9_Metschnikowia_sp_nov_plate34_DISCOVAR.final.cds.tar.gz,y1000p_genome_files/yHMJ9_Metschnikowia_sp_nov_plate34_DISCOVAR.fas.gz,False
yHMPu5000026050_yamadazyma_endophytica_170912,final,Yamadazyma endophytica,y1000p_gff3_files/yHMPu5000026050_yamadazyma_endophytica_170912.final.gff3,y1000p_pep_files/yHMPu5000026050_yamadazyma_endophytica_170912.final.pep,y1000p_cds_files/yHMPu5000026050_yamadazyma_endophytica_170912.final.cds.tar.gz,y1000p_genome_files/yHMPu5000026050_yamadazyma_endophytica_170912.fas.gz,False
yHMPu5000026052_candida_buinensis_201018,final,Candida buinensis,y1000p_gff3_files/yHMPu5000026052_candida_buinensis_201018.final.gff3,y1000p_pep_files/yHMPu5000026052_candida_buinensis_201018.final.pep,y1000p_cds_files/yHMPu5000026052_candida_buinensis_201018.final.cds.tar.gz,y1000p_genome_files/yHMPu5000026052_candida_buinensis_201018.fas.gz,False
yHMPu5000026054_candida_pseudorugosa_170713,final,Candida pseudorugosa,y1000p_gff3_files/yHMPu5000026054_candida_pseudorugosa_170713.final.gff3,y1000p_pep_files/yHMPu5000026054_candida_pseudorugosa_170713.final.pep,y1000p_cds_files/yHMPu5000026054_candida_pseudorugosa_170713.final.cds.tar.gz,y1000p_genome_files/yHMPu5000026054_candida_pseudorugosa_170713.fas.gz,False
yHMPu5000026055_diutina_siamensis_170912,final,Diutina siamensis,y1000p_gff3_files/yHMPu5000026055_diutina_siamensis_170912.final.gff3,y1000p_pep_files/yHMPu5000026055_diutina_siamensis_170912.final.pep,y1000p_cds_files/yHMPu5000026055_diutina_siamensis_170912.final.cds.tar.gz,y1000p_genome_files/yHMPu5000026055_diutina_siamensis_170912.fas.gz,False
yHMPu5000026056_candida_railenensis_201018,final,Candida railenensis,y1000p_gff3_files/yHMPu5000026056_candida_railenensis_201018.final.gff3,y1000p_pep_files/yHMPu5000026056_candida_railenensis_201018.final.pep,y1000p_cds_files/yHMPu5000026056_candida_railenensis_201018.final.cds.tar.gz,y1000p_genome_files/yHMPu5000026056_candida_railenensis_201018.fas.gz,False
yHMPu5000026068_kregervanrija_pseudodelftensis_170713,final,Kregervanrija pseudodelftensis,y1000p_gff3_files/yHMPu5000026068_kregervanrija_pseudodelftensis_170713.final.gff3,y1000p_pep_files/yHMPu5000026068_kregervanrija_pseudodelftensis_170713.final.pep,y1000p_cds_files/yHMPu5000026068_kregervanrija_pseudodelftensis_170713.final.cds.tar.gz,y1000p_genome_files/yHMPu5000026068_kregervanrija_pseudodelftensis_170713.fas.gz,False
yHMPu5000026071_candida_songkhlaensis_170912,final,Candida songkhlaensis,y1000p_gff3_files/yHMPu5000026071_candida_songkhlaensis_170912.final.gff3,y1000p_pep_files/yHMPu5000026071_candida_songkhlaensis_170912.final.pep,y1000p_cds_files/yHMPu5000026071_candida_songkhlaensis_170912.final.cds.tar.gz,y1000p_genome_files/yHMPu5000026071_candida_songkhlaensis_170912.fas.gz,False
yHMPu5000026072_geotrichum_klebahnii_190924,final,Geotrichum klebahnii,y1000p_gff3_files/yHMPu5000026072_geotrichum_klebahnii_190924.final.gff3,y1000p_pep_files/yHMPu5000026072_geotrichum_klebahnii_190924.final.pep,y1000p_cds_files/yHMPu5000026072_geotrichum_klebahnii_190924.final.cds.tar.gz,y1000p_genome_files/yHMPu5000026072_geotrichum_klebahnii_190924.fas.gz,False
yHMPu5000026073_candida_easanensis_180604,final,Candida easanensis,y1000p_gff3_files/yHMPu5000026073_candida_easanensis_180604.final.gff3,y1000p_pep_files/yHMPu5000026073_candida_easanensis_180604.final.pep,y1000p_cds_files/yHMPu5000026073_candida_easanensis_180604.final.cds.tar.gz,y1000p_genome_files/yHMPu5000026073_candida_easanensis_180604.fas.gz,False
yHMPu5000026090_wickerhamiella_nectarea_210210,final,Wickerhamiella nectarea,y1000p_gff3_files/yHMPu5000026090_wickerhamiella_nectarea_210210.final.gff3,y1000p_pep_files/yHMPu5000026090_wickerhamiella_nectarea_210210.final.pep,y1000p_cds_files/yHMPu5000026090_wickerhamiella_nectarea_210210.final.cds.tar.gz,y1000p_genome_files/yHMPu5000026090_wickerhamiella_nectarea_210210.fas.gz,False
yHMPu5000026105_candida_digboiensis_210210_SPADES,final,Candida digboiensis 210210 SPADES,y1000p_gff3_files/yHMPu5000026105_candida_digboiensis_210210_SPADES.haplomerger2.final.gff3,y1000p_pep_files/yHMPu5000026105_candida_digboiensis_210210_SPADES.haplomerger2.final.pep,y1000p_cds_files/yHMPu5000026105_candida_digboiensis_210210_SPADES.haplomerger2.final.cds.tar.gz,y1000p_genome_files/yHMPu5000026105_candida_digboiensis_210210_SPADES.haplomerger2.fas.gz,False
yHMPu5000026114_candida_tibetensis_210210,final,Candida tibetensis,y1000p_gff3_files/yHMPu5000026114_candida_tibetensis_210210.final.gff3,y1000p_pep_files/yHMPu5000026114_candida_tibetensis_210210.final.pep,y1000p_cds_files/yHMPu5000026114_candida_tibetensis_210210.final.cds.tar.gz,y1000p_genome_files/yHMPu5000026114_candida_tibetensis_210210.fas.gz,False
yHMPu5000026117_alloascoidea_hylecoeti_180604,final,Alloascoidea hylecoeti,y1000p_gff3_files/yHMPu5000026117_alloascoidea_hylecoeti_180604.final.gff3,y1000p_pep_files/yHMPu5000026117_alloascoidea_hylecoeti_180604.final.pep,y1000p_cds_files/yHMPu5000026117_alloascoidea_hylecoeti_180604.final.cds.tar.gz,y1000p_genome_files/yHMPu5000026117_alloascoidea_hylecoeti_180604.fas.gz,False
yHMPu5000026124_ogataea_henricii_160519,final,Ogataea henricii,y1000p_gff3_files/yHMPu5000026124_ogataea_henricii_160519.final.gff3,y1000p_pep_files/yHMPu5000026124_ogataea_henricii_160519.final.pep,y1000p_cds_files/yHMPu5000026124_ogataea_henricii_160519.final.cds.tar.gz,y1000p_genome_files/yHMPu5000026124_ogataea_henricii_160519.fas.gz,False
yHMPu5000026127_nakaseomyces_delphensis_160519,final,Nakaseomyces delphensis,y1000p_gff3_files/yHMPu5000026127_nakaseomyces_delphensis_160519.final.gff3,y1000p_pep_files/yHMPu5000026127_nakaseomyces_delphensis_160519.final.pep,y1000p_cds_files/yHMPu5000026127_nakaseomyces_delphensis_160519.final.cds.tar.gz,y1000p_genome_files/yHMPu5000026127_nakaseomyces_delphensis_160519.fas.gz,False
yHMPu5000026130_galactomyces_reessii_190924,final,Galactomyces reessii,y1000p_gff3_files/yHMPu5000026130_galactomyces_reessii_190924.final.gff3,y1000p_pep_files/yHMPu5000026130_galactomyces_reessii_190924.final.pep,y1000p_cds_files/yHMPu5000026130_galactomyces_reessii_190924.final.cds.tar.gz,y1000p_genome_files/yHMPu5000026130_galactomyces_reessii_190924.fas.gz,False
yHMPu5000026137_ambrosiozyma_ambrosiae_160519,final,Ambrosiozyma ambrosiae,y1000p_gff3_files/yHMPu5000026137_ambrosiozyma_ambrosiae_160519.final.gff3,y1000p_pep_files/yHMPu5000026137_ambrosiozyma_ambrosiae_160519.final.pep,y1000p_cds_files/yHMPu5000026137_ambrosiozyma_ambrosiae_160519.final.cds.tar.gz,y1000p_genome_files/yHMPu5000026137_ambrosiozyma_ambrosiae_160519.fas.gz,False
yHMPu5000026142_citeromyces_matritensis_160519,final,Citeromyces matritensis,y1000p_gff3_files/yHMPu5000026142_citeromyces_matritensis_160519.haplomerger2.final.gff3,y1000p_pep_files/yHMPu5000026142_citeromyces_matritensis_160519.haplomerger2.final.pep,y1000p_cds_files/yHMPu5000026142_citeromyces_matritensis_160519.haplomerger2.final.cds.tar.gz,y1000p_genome_files/yHMPu5000026142_citeromyces_matritensis_160519.haplomerger2.fas.gz,False
yHMPu5000026143_candida_methanosorbosa_160519,final,Candida methanosorbosa,y1000p_gff3_files/yHMPu5000026143_candida_methanosorbosa_160519.final.gff3,y1000p_pep_files/yHMPu5000026143_candida_methanosorbosa_160519.final.pep,y1000p_cds_files/yHMPu5000026143_candida_methanosorbosa_160519.final.cds.tar.gz,y1000p_genome_files/yHMPu5000026143_candida_methanosorbosa_160519.fas.gz,False
yHMPu5000026145_ambrosiozyma_vanderkliftii_160519,final,Ambrosiozyma vanderkliftii,y1000p_gff3_files/yHMPu5000026145_ambrosiozyma_vanderkliftii_160519.final.gff3,y1000p_pep_files/yHMPu5000026145_ambrosiozyma_vanderkliftii_160519.final.pep,y1000p_cds_files/yHMPu5000026145_ambrosiozyma_vanderkliftii_160519.final.cds.tar.gz,y1000p_genome_files/yHMPu5000026145_ambrosiozyma_vanderkliftii_160519.fas.gz,False
yHMPu5000026147_hanseniaspora_vineae_190924,final,Hanseniaspora vineae,y1000p_gff3_files/yHMPu5000026147_hanseniaspora_vineae_190924.haplomerger2.final.gff3,y1000p_pep_files/yHMPu5000026147_hanseniaspora_vineae_190924.haplomerger2.final.pep,y1000p_cds_files/yHMPu5000026147_hanseniaspora_vineae_190924.haplomerger2.final.cds.tar.gz,y1000p_genome_files/yHMPu5000026147_hanseniaspora_vineae_190924.haplomerger2.fas.gz,False
yHMPu5000026150_trichomonascus_petasosporus_180604,final,Trichomonascus petasosporus,y1000p_gff3_files/yHMPu5000026150_trichomonascus_petasosporus_180604.final.gff3,y1000p_pep_files/yHMPu5000026150_trichomonascus_petasosporus_180604.final.pep,y1000p_cds_files/yHMPu5000026150_trichomonascus_petasosporus_180604.final.cds.tar.gz,y1000p_genome_files/yHMPu5000026150_trichomonascus_petasosporus_180604.fas.gz,False
yHMPu5000026152_Torulaspora_franciscae_SPADES,final,Torulaspora franciscae SPADES,y1000p_gff3_files/yHMPu5000026152_Torulaspora_franciscae_SPADES.final.gff3,y1000p_pep_files/yHMPu5000026152_Torulaspora_franciscae_SPADES.final.pep,y1000p_cds_files/yHMPu5000026152_Torulaspora_franciscae_SPADES.final.cds.tar.gz,y1000p_genome_files/yHMPu5000026152_Torulaspora_franciscae_SPADES.fas.gz,False
yHMPu5000026157_candida_sp_170713,final,Candida sp,y1000p_gff3_files/yHMPu5000026157_candida_sp_170713.final.gff3,y1000p_pep_files/yHMPu5000026157_candida_sp_170713.final.pep,y1000p_cds_files/yHMPu5000026157_candida_sp_170713.final.cds.tar.gz,y1000p_genome_files/yHMPu5000026157_candida_sp_170713.fas.gz,False
yHMPu5000026167_candida_pignaliae_201018,final,Candida pignaliae,y1000p_gff3_files/yHMPu5000026167_candida_pignaliae_201018.final.gff3,y1000p_pep_files/yHMPu5000026167_candida_pignaliae_201018.final.pep,y1000p_cds_files/yHMPu5000026167_candida_pignaliae_201018.final.cds.tar.gz,y1000p_genome_files/yHMPu5000026167_candida_pignaliae_201018.fas.gz,False
yHMPu5000026170_wickerhamomyces_silvicola_170307,final,Wickerhamomyces silvicola,y1000p_gff3_files/yHMPu5000026170_wickerhamomyces_silvicola_170307.haplomerger2.final.gff3,y1000p_pep_files/yHMPu5000026170_wickerhamomyces_silvicola_170307.haplomerger2.final.pep,y1000p_cds_files/yHMPu5000026170_wickerhamomyces_silvicola_170307.haplomerger2.final.cds.tar.gz,y1000p_genome_files/yHMPu5000026170_wickerhamomyces_silvicola_170307.haplomerger2.fas.gz,False
yHMPu5000026177_ogataea_parapolymorpha_160519,final,Ogataea parapolymorpha,y1000p_gff3_files/yHMPu5000026177_ogataea_parapolymorpha_160519.final.gff3,y1000p_pep_files/yHMPu5000026177_ogataea_parapolymorpha_160519.final.pep,y1000p_cds_files/yHMPu5000026177_ogataea_parapolymorpha_160519.final.cds.tar.gz,y1000p_genome_files/yHMPu5000026177_ogataea_parapolymorpha_160519.fas.gz,False
yHMPu5000026190_ogataea_sp_160519,final,Ogataea sp,y1000p_gff3_files/yHMPu5000026190_ogataea_sp_160519.final.gff3,y1000p_pep_files/yHMPu5000026190_ogataea_sp_160519.final.pep,y1000p_cds_files/yHMPu5000026190_ogataea_sp_160519.final.cds.tar.gz,y1000p_genome_files/yHMPu5000026190_ogataea_sp_160519.fas.gz,False
yHMPu5000026197_brettanomyces_custersianus_160519,final,Brettanomyces custersianus,y1000p_gff3_files/yHMPu5000026197_brettanomyces_custersianus_160519.final.gff3,y1000p_pep_files/yHMPu5000026197_brettanomyces_custersianus_160519.final.pep,y1000p_cds_files/yHMPu5000026197_brettanomyces_custersianus_160519.final.cds.tar.gz,y1000p_genome_files/yHMPu5000026197_brettanomyces_custersianus_160519.fas.gz,False
yHMPu5000026208_pichia_pseudocactophila_170307,final,Pichia pseudocactophila,y1000p_gff3_files/yHMPu5000026208_pichia_pseudocactophila_170307.haplomerger2.final.gff3,y1000p_pep_files/yHMPu5000026208_pichia_pseudocactophila_170307.haplomerger2.final.pep,y1000p_cds_files/yHMPu5000026208_pichia_pseudocactophila_170307.haplomerger2.final.cds.tar.gz,y1000p_genome_files/yHMPu5000026208_pichia_pseudocactophila_170307.haplomerger2.fas.gz,False
yHMPu5000026219_lachancea_waltii_180604,final,Lachancea waltii,y1000p_gff3_files/yHMPu5000026219_lachancea_waltii_180604.final.gff3,y1000p_pep_files/yHMPu5000026219_lachancea_waltii_180604.final.pep,y1000p_cds_files/yHMPu5000026219_lachancea_waltii_180604.final.cds.tar.gz,y1000p_genome_files/yHMPu5000026219_lachancea_waltii_180604.fas.gz,False
yHMPu5000026239_blastobotrys_buckinghamii_201018,final,Blastobotrys buckinghamii,y1000p_gff3_files/yHMPu5000026239_blastobotrys_buckinghamii_201018.final.gff3,y1000p_pep_files/yHMPu5000026239_blastobotrys_buckinghamii_201018.final.pep,y1000p_cds_files/yHMPu5000026239_blastobotrys_buckinghamii_201018.final.cds.tar.gz,y1000p_genome_files/yHMPu5000026239_blastobotrys_buckinghamii_201018.fas.gz,False
yHMPu5000026240_myxozyma_neglecta_201018,final,Myxozyma neglecta,y1000p_gff3_files/yHMPu5000026240_myxozyma_neglecta_201018.final.gff3,y1000p_pep_files/yHMPu5000026240_myxozyma_neglecta_201018.final.pep,y1000p_cds_files/yHMPu5000026240_myxozyma_neglecta_201018.final.cds.tar.gz,y1000p_genome_files/yHMPu5000026240_myxozyma_neglecta_201018.fas.gz,False
yHMPu5000026256_zygotorulaspora_mrakii_170307,final,Zygotorulaspora mrakii,y1000p_gff3_files/yHMPu5000026256_zygotorulaspora_mrakii_170307.final.gff3,y1000p_pep_files/yHMPu5000026256_zygotorulaspora_mrakii_170307.final.pep,y1000p_cds_files/yHMPu5000026256_zygotorulaspora_mrakii_170307.final.cds.tar.gz,y1000p_genome_files/yHMPu5000026256_zygotorulaspora_mrakii_170307.fas.gz,False
yHMPu5000026257_vanderwaltozyma_tropicalis_190924,final,Vanderwaltozyma tropicalis,y1000p_gff3_files/yHMPu5000026257_vanderwaltozyma_tropicalis_190924.final.gff3,y1000p_pep_files/yHMPu5000026257_vanderwaltozyma_tropicalis_190924.final.pep,y1000p_cds_files/yHMPu5000026257_vanderwaltozyma_tropicalis_190924.final.cds.tar.gz,y1000p_genome_files/yHMPu5000026257_vanderwaltozyma_tropicalis_190924.fas.gz,False
yHMPu5000026270_Candida_sp._SPAdes,final,Candida sp. SPAdes,y1000p_gff3_files/yHMPu5000026270_Candida_sp._SPAdes.final.gff3,y1000p_pep_files/yHMPu5000026270_Candida_sp._SPAdes.final.pep,,,False
yHMPu5000026270_Candida_sp_SPAdes,final,Candida sp SPAdes,,,y1000p_cds_files/yHMPu5000026270_Candida_sp_SPAdes.final.cds.tar.gz,y1000p_genome_files/yHMPu5000026270_Candida_sp_SPAdes.fas.gz,False
yHMPu5000026273_kodamaea_nitidulidarum_170307,final,Kodamaea nitidulidarum,y1000p_gff3_files/yHMPu5000026273_kodamaea_nitidulidarum_170307.final.gff3,y1000p_pep_files/yHMPu5000026273_kodamaea_nitidulidarum_170307.final.pep,y1000p_cds_files/yHMPu5000026273_kodamaea_nitidulidarum_170307.final.cds.tar.gz,y1000p_genome_files/yHMPu5000026273_kodamaea_nitidulidarum_170307.fas.gz,False
yHMPu5000026274_komagataella_populi_160519,final,Komagataella populi,y1000p_gff3_files/yHMPu5000026274_komagataella_populi_160519.final.gff3,y1000p_pep_files/yHMPu5000026274_komagataella_populi_160519.final.pep,y1000p_cds_files/yHMPu5000026274_komagataella_populi_160519.final.cds.tar.gz,y1000p_genome_files/yHMPu5000026274_komagataella_populi_160519.fas.gz,False
yHMPu5000026279_Ambrosiozyma_monospora_SPADES,final,Ambrosiozyma monospora SPADES,y1000p_gff3_files/yHMPu5000026279_Ambrosiozyma_monospora_SPADES.final.gff3,y1000p_pep_files/yHMPu5000026279_Ambrosiozyma_monospora_SPADES.final.pep,y1000p_cds_files/yHMPu5000026279_Ambrosiozyma_monospora_SPADES.final.cds.tar.gz,y1000p_genome_files/yHMPu5000026279_Ambrosiozyma_monospora_SPADES.fas.gz,False
yHMPu5000026280_Ambrosiozyma_cicatricosa_S52_SPADES,final,Ambrosiozyma cicatricosa S52 SPADES,y1000p_gff3_files/yHMPu5000026280_Ambrosiozyma_cicatricosa_S52_SPADES.final.gff3,y1000p_pep_files/yHMPu5000026280_Ambrosiozyma_cicatricosa_S52_SPADES.final.pep,y1000p_cds_files/yHMPu5000026280_Ambrosiozyma_cicatricosa_S52_SPADES.final.cds.tar.gz,y1000p_genome_files/yHMPu5000026280_Ambrosiozyma_cicatricosa_S52_SPADES.fas.gz,False
yHMPu5000026282_saccharomycodes_ludwigii_190924,final,Saccharomycodes ludwigii,y1000p_gff3_files/yHMPu5000026282_saccharomycodes_ludwigii_190924.final.gff3,y1000p_pep_files/yHMPu5000026282_saccharomycodes_ludwigii_190924.final.pep,y1000p_cds_files/yHMPu5000026282_saccharomycodes_ludwigii_190924.final.cds.tar.gz,y1000p_genome_files/yHMPu5000026282_saccharomycodes_ludwigii_190924.fas.gz,False
yHMPu5000026296_candida_bombi_180604,final,Candida bombi,y1000p_gff3_files/yHMPu5000026296_candida_bombi_180604.final.gff3,y1000p_pep_files/yHMPu5000026296_candida_bombi_180604.final.pep,y1000p_cds_files/yHMPu5000026296_candida_bombi_180604.final.cds.tar.gz,y1000p_genome_files/yHMPu5000026296_candida_bombi_180604.fas.gz,False
yHMPu5000034571_tortispora_mauiana_190924,final,Tortispora mauiana,y1000p_gff3_files/yHMPu5000034571_tortispora_mauiana_190924.final.gff3,y1000p_pep_files/yHMPu5000034571_tortispora_mauiana_190924.final.pep,y1000p_cds_files/yHMPu5000034571_tortispora_mauiana_190924.final.cds.tar.gz,y1000p_genome_files/yHMPu5000034571_tortispora_mauiana_190924.fas.gz,False
yHMPu5000034572_tortispora_caseinolytica_180604,final,Tortispora caseinolytica,y1000p_gff3_files/yHMPu5000034572_tortispora_caseinolytica_180604.final.gff3,y1000p_pep_files/yHMPu5000034572_tortispora_caseinolytica_180604.final.pep,y1000p_cds_files/yHMPu5000034572_tortispora_caseinolytica_180604.final.cds.tar.gz,y1000p_genome_files/yHMPu5000034572_tortispora_caseinolytica_180604.fas.gz,False
yHMPu5000034573_sugiyamaella_valdiviana_180604,final,Sugiyamaella valdiviana,y1000p_gff3_files/yHMPu5000034573_sugiyamaella_valdiviana_180604.final.gff3,y1000p_pep_files/yHMPu5000034573_sugiyamaella_valdiviana_180604.final.pep,y1000p_cds_files/yHMPu5000034573_sugiyamaella_valdiviana_180604.final.cds.tar.gz,y1000p_genome_files/yHMPu5000034573_sugiyamaella_valdiviana_180604.fas.gz,False
yHMPu5000034574_sugiyamaella_smithiae_180604,final,Sugiyamaella smithiae,y1000p_gff3_files/yHMPu5000034574_sugiyamaella_smithiae_180604.final.gff3,y1000p_pep_files/yHMPu5000034574_sugiyamaella_smithiae_180604.final.pep,y1000p_cds_files/yHMPu5000034574_sugiyamaella_smithiae_180604.final.cds.tar.gz,y1000p_genome_files/yHMPu5000034574_sugiyamaella_smithiae_180604.fas.gz,False
yHMPu5000034575_sugiyamaella_paludigena_180604,final,Sugiyamaella paludigena,y1000p_gff3_files/yHMPu5000034575_sugiyamaella_paludigena_180604.final.gff3,y1000p_pep_files/yHMPu5000034575_sugiyamaella_paludigena_180604.final.pep,y1000p_cds_files/yHMPu5000034575_sugiyamaella_paludigena_180604.final.cds.tar.gz,y1000p_genome_files/yHMPu5000034575_sugiyamaella_paludigena_180604.fas.gz,False
yHMPu5000034576_sugiyamaella_neomexicana_180604,final,Sugiyamaella neomexicana,y1000p_gff3_files/yHMPu5000034576_sugiyamaella_neomexicana_180604.final.gff3,y1000p_pep_files/yHMPu5000034576_sugiyamaella_neomexicana_180604.final.pep,y1000p_cds_files/yHMPu5000034576_sugiyamaella_neomexicana_180604.final.cds.tar.gz,y1000p_genome_files/yHMPu5000034576_sugiyamaella_neomexicana_180604.fas.gz,False
yHMPu5000034577_sugiyamaella_grinbergsii_180604,final,Sugiyamaella grinbergsii,y1000p_gff3_files/yHMPu5000034577_sugiyamaella_grinbergsii_180604.final.gff3,y1000p_pep_files/yHMPu5000034577_sugiyamaella_grinbergsii_180604.final.pep,y1000p_cds_files/yHMPu5000034577_sugiyamaella_grinbergsii_180604.final.cds.tar.gz,y1000p_genome_files/yHMPu5000034577_sugiyamaella_grinbergsii_180604.fas.gz,False
yHMPu5000034578_zygoascus_hellenicus_180604,final,Zygoascus hellenicus,y1000p_gff3_files/yHMPu5000034578_zygoascus_hellenicus_180604.final.gff3,y1000p_pep_files/yHMPu5000034578_zygoascus_hellenicus_180604.final.pep,y1000p_cds_files/yHMPu5000034578_zygoascus_hellenicus_180604.final.cds.tar.gz,y1000p_genome_files/yHMPu5000034578_zygoascus_hellenicus_180604.fas.gz,False
yHMPu5000034579_wickerhamia_fluorescens_180604,final,Wickerhamia fluorescens,y1000p_gff3_files/yHMPu5000034579_wickerhamia_fluorescens_180604.final.gff3,y1000p_pep_files/yHMPu5000034579_wickerhamia_fluorescens_180604.final.pep,y1000p_cds_files/yHMPu5000034579_wickerhamia_fluorescens_180604.final.cds.tar.gz,y1000p_genome_files/yHMPu5000034579_wickerhamia_fluorescens_180604.fas.gz,False
yHMPu5000034580_tetrapisispora_phaffii_180604,final,Tetrapisispora phaffii,y1000p_gff3_files/yHMPu5000034580_tetrapisispora_phaffii_180604.final.gff3,y1000p_pep_files/yHMPu5000034580_tetrapisispora_phaffii_180604.final.pep,y1000p_cds_files/yHMPu5000034580_tetrapisispora_phaffii_180604.final.cds.tar.gz,y1000p_genome_files/yHMPu5000034580_tetrapisispora_phaffii_180604.fas.gz,False
yHMPu5000034581_schwanniomyces_occidentalis_var_occidentalis_170713,final,Schwanniomyces occidentalis var occidentalis,y1000p_gff3_files/yHMPu5000034581_schwanniomyces_occidentalis_var_occidentalis_170713.final.gff3,y1000p_pep_files/yHMPu5000034581_schwanniomyces_occidentalis_var_occidentalis_170713.final.pep,y1000p_cds_files/yHMPu5000034581_schwanniomyces_occidentalis_var_occidentalis_170713.final.cds.tar.gz,y1000p_genome_files/yHMPu5000034581_schwanniomyces_occidentalis_var_occidentalis_170713.fas.gz,False
yHMPu5000034582_candida_cellae_180604,final,Candida cellae,y1000p_gff3_files/yHMPu5000034582_candida_cellae_180604.final.gff3,y1000p_pep_files/yHMPu5000034582_candida_cellae_180604.final.pep,y1000p_cds_files/yHMPu5000034582_candida_cellae_180604.final.cds.tar.gz,y1000p_genome_files/yHMPu5000034582_candida_cellae_180604.fas.gz,False
yHMPu5000034583_candida_etchellsii_180604,final,Candida etchellsii,y1000p_gff3_files/yHMPu5000034583_candida_etchellsii_180604.final.gff3,y1000p_pep_files/yHMPu5000034583_candida_etchellsii_180604.final.pep,y1000p_cds_files/yHMPu5000034583_candida_etchellsii_180604.final.cds.tar.gz,y1000p_genome_files/yHMPu5000034583_candida_etchellsii_180604.fas.gz,False
yHMPu5000034584_candida_floricola_180604,final,Candida floricola,y1000p_gff3_files/yHMPu5000034584_candida_floricola_180604.final.gff3,y1000p_pep_files/yHMPu5000034584_candida_floricola_180604.final.pep,y1000p_cds_files/yHMPu5000034584_candida_floricola_180604.final.cds.tar.gz,y1000p_genome_files/yHMPu5000034584_candida_floricola_180604.fas.gz,False
yHMPu5000034585_candida_floris_190924,final,Candida floris,y1000p_gff3_files/yHMPu5000034585_candida_floris_190924.final.gff3,y1000p_pep_files/yHMPu5000034585_candida_floris_190924.final.pep,y1000p_cds_files/yHMPu5000034585_candida_floris_190924.final.cds.tar.gz,y1000p_genome_files/yHMPu5000034585_candida_floris_190924.fas.gz,False
yHMPu5000034586_candida_geochares_180604,final,Candida geochares,y1000p_gff3_files/yHMPu5000034586_candida_geochares_180604.final.gff3,y1000p_pep_files/yHMPu5000034586_candida_geochares_180604.final.pep,y1000p_cds_files/yHMPu5000034586_candida_geochares_180604.final.cds.tar.gz,y1000p_genome_files/yHMPu5000034586_candida_geochares_180604.fas.gz,False
yHMPu5000034587_candida_gropengiesseri_180604,final,Candida gropengiesseri,y1000p_gff3_files/yHMPu5000034587_candida_gropengiesseri_180604.final.gff3,y1000p_pep_files/yHMPu5000034587_candida_gropengiesseri_180604.final.pep,y1000p_cds_files/yHMPu5000034587_candida_gropengiesseri_180604.final.cds.tar.gz,y1000p_genome_files/yHMPu5000034587_candida_gropengiesseri_180604.fas.gz,False
yHMPu5000034588_candida_kuoi_180604,final,Candida kuoi,y1000p_gff3_files/yHMPu5000034588_candida_kuoi_180604.final.gff3,y1000p_pep_files/yHMPu5000034588_candida_kuoi_180604.final.pep,y1000p_cds_files/yHMPu5000034588_candida_kuoi_180604.final.cds.tar.gz,y1000p_genome_files/yHMPu5000034588_candida_kuoi_180604.fas.gz,False
yHMPu5000034589_wickerhamiella_australiensis_180604,final,Wickerhamiella australiensis,y1000p_gff3_files/yHMPu5000034589_wickerhamiella_australiensis_180604.final.gff3,y1000p_pep_files/yHMPu5000034589_wickerhamiella_australiensis_180604.final.pep,y1000p_cds_files/yHMPu5000034589_wickerhamiella_australiensis_180604.final.cds.tar.gz,y1000p_genome_files/yHMPu5000034589_wickerhamiella_australiensis_180604.fas.gz,False
yHMPu5000034590_candida_magnoliae_180604,final,Candida magnoliae,y1000p_gff3_files/yHMPu5000034590_candida_magnoliae_180604.final.gff3,y1000p_pep_files/yHMPu5000034590_candida_magnoliae_180604.final.pep,y1000p_cds_files/yHMPu5000034590_candida_magnoliae_180604.final.cds.tar.gz,y1000p_genome_files/yHMPu5000034590_candida_magnoliae_180604.fas.gz,False
yHMPu5000034591_candida_stellata_180604,final,Candida stellata,y1000p_gff3_files/yHMPu5000034591_candida_stellata_180604.final.gff3,y1000p_pep_files/yHMPu5000034591_candida_stellata_180604.final.pep,y1000p_cds_files/yHMPu5000034591_candida_stellata_180604.final.cds.tar.gz,y1000p_genome_files/yHMPu5000034591_candida_stellata_180604.fas.gz,False
yHMPu5000034592_metschnikowia_bicuspidata_var_bicuspidata_180604,final,Metschnikowia bicuspidata var bicuspidata,y1000p_gff3_files/yHMPu5000034592_metschnikowia_bicuspidata_var_bicuspidata_180604.final.gff3,y1000p_pep_files/yHMPu5000034592_metschnikowia_bicuspidata_var_bicuspidata_180604.final.pep,y1000p_cds_files/yHMPu5000034592_metschnikowia_bicuspidata_var_bicuspidata_180604.final.cds.tar.gz,y1000p_genome_files/yHMPu5000034592_metschnikowia_bicuspidata_var_bicuspidata_180604.fas.gz,False
yHMPu5000034594_Starmera_quercuum_p31_SPADES,final,Starmera quercuum p31 SPADES,y1000p_gff3_files/yHMPu5000034594_Starmera_quercuum_p31_SPADES.final.gff3,y1000p_pep_files/yHMPu5000034594_Starmera_quercuum_p31_SPADES.final.pep,y1000p_cds_files/yHMPu5000034594_Starmera_quercuum_p31_SPADES.final.cds.tar.gz,y1000p_genome_files/yHMPu5000034594_Starmera_quercuum_p31_SPADES.fas.gz,False
yHMPu5000034595_candida_apis_180604,final,Candida apis,y1000p_gff3_files/yHMPu5000034595_candida_apis_180604.final.gff3,y1000p_pep_files/yHMPu5000034595_candida_apis_180604.final.pep,y1000p_cds_files/yHMPu5000034595_candida_apis_180604.final.cds.tar.gz,y1000p_genome_files/yHMPu5000034595_candida_apis_180604.fas.gz,False
yHMPu5000034596_candida_sp_160613,final,Candida sp,y1000p_gff3_files/yHMPu5000034596_candida_sp_160613.final.gff3,y1000p_pep_files/yHMPu5000034596_candida_sp_160613.final.pep,y1000p_cds_files/yHMPu5000034596_candida_sp_160613.final.cds.tar.gz,y1000p_genome_files/yHMPu5000034596_candida_sp_160613.fas.gz,False
yHMPu5000034597_candida_stellimalicola_180604,final,Candida stellimalicola,y1000p_gff3_files/yHMPu5000034597_candida_stellimalicola_180604.final.gff3,y1000p_pep_files/yHMPu5000034597_candida_stellimalicola_180604.final.pep,y1000p_cds_files/yHMPu5000034597_candida_stellimalicola_180604.final.cds.tar.gz,y1000p_genome_files/yHMPu5000034597_candida_stellimalicola_180604.fas.gz,False
yHMPu5000034598_Candida_dendrica_SPADES,final,Candida dendrica SPADES,y1000p_gff3_files/yHMPu5000034598_Candida_dendrica_SPADES.final.gff3,y1000p_pep_files/yHMPu5000034598_Candida_dendrica_SPADES.final.pep,y1000p_cds_files/yHMPu5000034598_Candida_dendrica_SPADES.final.cds.tar.gz,y1000p_genome_files/yHMPu5000034598_Candida_dendrica_SPADES.fas.gz,False
yHMPu5000034599_candida_berthetii_190924,final,Candida berthetii,y1000p_gff3_files/yHMPu5000034599_candida_berthetii_190924.haplomerger2.final.gff3,y1000p_pep_files/yHMPu5000034599_candida_berthetii_190924.haplomerger2.final.pep,y1000p_cds_files/yHMPu5000034599_candida_berthetii_190924.haplomerger2.final.cds.tar.gz,y1000p_genome_files/yHMPu5000034599_candida_berthetii_190924.haplomerger2.fas.gz,False
yHMPu5000034601_starmera_dryadoides_180604,final,Starmera dryadoides,y1000p_gff3_files/yHMPu5000034601_starmera_dryadoides_180604.final.gff3,y1000p_pep_files/yHMPu5000034601_starmera_dryadoides_180604.final.pep,y1000p_cds_files/yHMPu5000034601_starmera_dryadoides_180604.final.cds.tar.gz,y1000p_genome_files/yHMPu5000034601_starmera_dryadoides_180604.fas.gz,False
yHMPu5000034602_starmera_pachycereana_170307,final,Starmera pachycereana,y1000p_gff3_files/yHMPu5000034602_starmera_pachycereana_170307.final.gff3,y1000p_pep_files/yHMPu5000034602_starmera_pachycereana_170307.final.pep,y1000p_cds_files/yHMPu5000034602_starmera_pachycereana_170307.final.cds.tar.gz,y1000p_genome_files/yHMPu5000034602_starmera_pachycereana_170307.fas.gz,False
yHMPu5000034603_sporopachydermia_quercuum_190924,final,Sporopachydermia quercuum,y1000p_gff3_files/yHMPu5000034603_sporopachydermia_quercuum_190924.final.gff3,y1000p_pep_files/yHMPu5000034603_sporopachydermia_quercuum_190924.final.pep,y1000p_cds_files/yHMPu5000034603_sporopachydermia_quercuum_190924.final.cds.tar.gz,y1000p_genome_files/yHMPu5000034603_sporopachydermia_quercuum_190924.fas.gz,False
yHMPu5000034604_sporopachydermia_lactativora_180604,final,Sporopachydermia lactativora,y1000p_gff3_files/yHMPu5000034604_sporopachydermia_lactativora_180604.final.gff3,y1000p_pep_files/yHMPu5000034604_sporopachydermia_lactativora_180604.final.pep,y1000p_cds_files/yHMPu5000034604_sporopachydermia_lactativora_180604.final.cds.tar.gz,y1000p_genome_files/yHMPu5000034604_sporopachydermia_lactativora_180604.fas.gz,False
yHMPu5000034605_spencermartinsiella_europaea_180604,final,Spencermartinsiella europaea,y1000p_gff3_files/yHMPu5000034605_spencermartinsiella_europaea_180604.final.gff3,y1000p_pep_files/yHMPu5000034605_spencermartinsiella_europaea_180604.final.pep,y1000p_cds_files/yHMPu5000034605_spencermartinsiella_europaea_180604.final.cds.tar.gz,y1000p_genome_files/yHMPu5000034605_spencermartinsiella_europaea_180604.fas.gz,False
yHMPu5000034606_priceomyces_medius_180604,final,Priceomyces medius,y1000p_gff3_files/yHMPu5000034606_priceomyces_medius_180604.final.gff3,y1000p_pep_files/yHMPu5000034606_priceomyces_medius_180604.final.pep,y1000p_cds_files/yHMPu5000034606_priceomyces_medius_180604.final.cds.tar.gz,y1000p_genome_files/yHMPu5000034606_priceomyces_medius_180604.fas.gz,False
yHMPu5000034607_saccharomycopsis_capsularis_180604,final,Saccharomycopsis capsularis,y1000p_gff3_files/yHMPu5000034607_saccharomycopsis_capsularis_180604.final.gff3,y1000p_pep_files/yHMPu5000034607_saccharomycopsis_capsularis_180604.final.pep,y1000p_cds_files/yHMPu5000034607_saccharomycopsis_capsularis_180604.final.cds.tar.gz,y1000p_genome_files/yHMPu5000034607_saccharomycopsis_capsularis_180604.fas.gz,False
yHMPu5000034609_saturnispora_gosingensis_170307,final,Saturnispora gosingensis,y1000p_gff3_files/yHMPu5000034609_saturnispora_gosingensis_170307.final.gff3,y1000p_pep_files/yHMPu5000034609_saturnispora_gosingensis_170307.final.pep,y1000p_cds_files/yHMPu5000034609_saturnispora_gosingensis_170307.final.cds.tar.gz,y1000p_genome_files/yHMPu5000034609_saturnispora_gosingensis_170307.fas.gz,False
yHMPu5000034610_saturnispora_hagleri_160519,final,Saturnispora hagleri,y1000p_gff3_files/yHMPu5000034610_saturnispora_hagleri_160519.final.gff3,y1000p_pep_files/yHMPu5000034610_saturnispora_hagleri_160519.final.pep,y1000p_cds_files/yHMPu5000034610_saturnispora_hagleri_160519.final.cds.tar.gz,y1000p_genome_files/yHMPu5000034610_saturnispora_hagleri_160519.fas.gz,False
yHMPu5000034611_saturnispora_mendoncae_160519,final,Saturnispora mendoncae,y1000p_gff3_files/yHMPu5000034611_saturnispora_mendoncae_160519.haplomerger2.final.gff3,y1000p_pep_files/yHMPu5000034611_saturnispora_mendoncae_160519.haplomerger2.final.pep,y1000p_cds_files/yHMPu5000034611_saturnispora_mendoncae_160519.haplomerger2.final.cds.tar.gz,y1000p_genome_files/yHMPu5000034611_saturnispora_mendoncae_160519.haplomerger2.fas.gz,False
yHMPu5000034612_saturnispora_saitoi_180604,final,Saturnispora saitoi,y1000p_gff3_files/yHMPu5000034612_saturnispora_saitoi_180604.final.gff3,y1000p_pep_files/yHMPu5000034612_saturnispora_saitoi_180604.final.pep,y1000p_cds_files/yHMPu5000034612_saturnispora_saitoi_180604.final.cds.tar.gz,y1000p_genome_files/yHMPu5000034612_saturnispora_saitoi_180604.fas.gz,False
yHMPu5000034613_saturnispora_serradocipensis_180604,final,Saturnispora serradocipensis,y1000p_gff3_files/yHMPu5000034613_saturnispora_serradocipensis_180604.final.gff3,y1000p_pep_files/yHMPu5000034613_saturnispora_serradocipensis_180604.final.pep,y1000p_cds_files/yHMPu5000034613_saturnispora_serradocipensis_180604.final.cds.tar.gz,y1000p_genome_files/yHMPu5000034613_saturnispora_serradocipensis_180604.fas.gz,False
yHMPu5000034614_saturnispora_silvae_180604,final,Saturnispora silvae,y1000p_gff3_files/yHMPu5000034614_saturnispora_silvae_180604.final.gff3,y1000p_pep_files/yHMPu5000034614_saturnispora_silvae_180604.final.pep,y1000p_cds_files/yHMPu5000034614_saturnispora_silvae_180604.final.cds.tar.gz,y1000p_genome_files/yHMPu5000034614_saturnispora_silvae_180604.fas.gz,False
yHMPu5000034615_saturnispora_zaruensis_160519,final,Saturnispora zaruensis,y1000p_gff3_files/yHMPu5000034615_saturnispora_zaruensis_160519.final.gff3,y1000p_pep_files/yHMPu5000034615_saturnispora_zaruensis_160519.final.pep,y1000p_cds_files/yHMPu5000034615_saturnispora_zaruensis_160519.final.cds.tar.gz,y1000p_genome_files/yHMPu5000034615_saturnispora_zaruensis_160519.fas.gz,False
yHMPu5000034616_scheffersomyces_stipitis_180604,final,Scheffersomyces stipitis,y1000p_gff3_files/yHMPu5000034616_scheffersomyces_stipitis_180604.final.gff3,y1000p_pep_files/yHMPu5000034616_scheffersomyces_stipitis_180604.final.pep,y1000p_cds_files/yHMPu5000034616_scheffersomyces_stipitis_180604.final.cds.tar.gz,y1000p_genome_files/yHMPu5000034616_scheffersomyces_stipitis_180604.fas.gz,False
yHMPu5000034617_spathaspora_passalidarum_170713,final,Spathaspora passalidarum,y1000p_gff3_files/yHMPu5000034617_spathaspora_passalidarum_170713.final.gff3,y1000p_pep_files/yHMPu5000034617_spathaspora_passalidarum_170713.final.pep,y1000p_cds_files/yHMPu5000034617_spathaspora_passalidarum_170713.final.cds.tar.gz,y1000p_genome_files/yHMPu5000034617_spathaspora_passalidarum_170713.fas.gz,False
yHMPu5000034618_candida_rugopelliculosa_170307,final,Candida rugopelliculosa,y1000p_gff3_files/yHMPu5000034618_candida_rugopelliculosa_170307.final.gff3,y1000p_pep_files/yHMPu5000034618_candida_rugopelliculosa_170307.final.pep,y1000p_cds_files/yHMPu5000034618_candida_rugopelliculosa_170307.final.cds.tar.gz,y1000p_genome_files/yHMPu5000034618_candida_rugopelliculosa_170307.fas.gz,False
yHMPu5000034619_candida_ethanolica_170307,final,Candida ethanolica,y1000p_gff3_files/yHMPu5000034619_candida_ethanolica_170307.haplomerger2.final.gff3,y1000p_pep_files/yHMPu5000034619_candida_ethanolica_170307.haplomerger2.final.pep,y1000p_cds_files/yHMPu5000034619_candida_ethanolica_170307.haplomerger2.final.cds.tar.gz,y1000p_genome_files/yHMPu5000034619_candida_ethanolica_170307.haplomerger2.fas.gz,False
yHMPu5000034620_pichia_sp_170307,final,Pichia sp,y1000p_gff3_files/yHMPu5000034620_pichia_sp_170307.final.gff3,y1000p_pep_files/yHMPu5000034620_pichia_sp_170307.final.pep,y1000p_cds_files/yHMPu5000034620_pichia_sp_170307.final.cds.tar.gz,y1000p_genome_files/yHMPu5000034620_pichia_sp_170307.fas.gz,False
yHMPu5000034621_pichia_sp_160519,final,Pichia sp,y1000p_gff3_files/yHMPu5000034621_pichia_sp_160519.final.gff3,y1000p_pep_files/yHMPu5000034621_pichia_sp_160519.final.pep,y1000p_cds_files/yHMPu5000034621_pichia_sp_160519.final.cds.tar.gz,y1000p_genome_files/yHMPu5000034621_pichia_sp_160519.fas.gz,False
yHMPu5000034622_pichia_occidentalis_160519,final,Pichia occidentalis,y1000p_gff3_files/yHMPu5000034622_pichia_occidentalis_160519.haplomerger2.final.gff3,y1000p_pep_files/yHMPu5000034622_pichia_occidentalis_160519.haplomerger2.final.pep,y1000p_cds_files/yHMPu5000034622_pichia_occidentalis_160519.haplomerger2.final.cds.tar.gz,y1000p_genome_files/yHMPu5000034622_pichia_occidentalis_160519.haplomerger2.fas.gz,False
yHMPu5000034623_pichia_norvegensis_160519,final,Pichia norvegensis,y1000p_gff3_files/yHMPu5000034623_pichia_norvegensis_160519.haplomerger2.final.gff3,y1000p_pep_files/yHMPu5000034623_pichia_norvegensis_160519.haplomerger2.final.pep,y1000p_cds_files/yHMPu5000034623_pichia_norvegensis_160519.haplomerger2.final.cds.tar.gz,y1000p_genome_files/yHMPu5000034623_pichia_norvegensis_160519.haplomerger2.fas.gz,False
yHMPu5000034624_pichia_nakasei_180604,final,Pichia nakasei,y1000p_gff3_files/yHMPu5000034624_pichia_nakasei_180604.final.gff3,y1000p_pep_files/yHMPu5000034624_pichia_nakasei_180604.final.pep,y1000p_cds_files/yHMPu5000034624_pichia_nakasei_180604.final.cds.tar.gz,y1000p_genome_files/yHMPu5000034624_pichia_nakasei_180604.fas.gz,False
yHMPu5000034625_pichia_kudriavzevii_180604,final,Pichia kudriavzevii,y1000p_gff3_files/yHMPu5000034625_pichia_kudriavzevii_180604.haplomerger2.final.gff3,y1000p_pep_files/yHMPu5000034625_pichia_kudriavzevii_180604.haplomerger2.final.pep,y1000p_cds_files/yHMPu5000034625_pichia_kudriavzevii_180604.haplomerger2.final.cds.tar.gz,y1000p_genome_files/yHMPu5000034625_pichia_kudriavzevii_180604.haplomerger2.fas.gz,False
yHMPu5000034626_pichia_kluyveri_170307,final,Pichia kluyveri,y1000p_gff3_files/yHMPu5000034626_pichia_kluyveri_170307.haplomerger2.final.gff3,y1000p_pep_files/yHMPu5000034626_pichia_kluyveri_170307.haplomerger2.final.pep,y1000p_cds_files/yHMPu5000034626_pichia_kluyveri_170307.haplomerger2.final.cds.tar.gz,y1000p_genome_files/yHMPu5000034626_pichia_kluyveri_170307.haplomerger2.fas.gz,False
yHMPu5000034627_pichia_heedii_180604,final,Pichia heedii,y1000p_gff3_files/yHMPu5000034627_pichia_heedii_180604.final.gff3,y1000p_pep_files/yHMPu5000034627_pichia_heedii_180604.final.pep,y1000p_cds_files/yHMPu5000034627_pichia_heedii_180604.final.cds.tar.gz,y1000p_genome_files/yHMPu5000034627_pichia_heedii_180604.fas.gz,False
yHMPu5000034628_pichia_fermentans_160519,final,Pichia fermentans,y1000p_gff3_files/yHMPu5000034628_pichia_fermentans_160519.haplomerger2.final.gff3,y1000p_pep_files/yHMPu5000034628_pichia_fermentans_160519.haplomerger2.final.pep,y1000p_cds_files/yHMPu5000034628_pichia_fermentans_160519.haplomerger2.final.cds.tar.gz,y1000p_genome_files/yHMPu5000034628_pichia_fermentans_160519.haplomerger2.fas.gz,False
yHMPu5000034629_pichia_exigua_180604,final,Pichia exigua,y1000p_gff3_files/yHMPu5000034629_pichia_exigua_180604.final.gff3,y1000p_pep_files/yHMPu5000034629_pichia_exigua_180604.final.pep,y1000p_cds_files/yHMPu5000034629_pichia_exigua_180604.final.cds.tar.gz,y1000p_genome_files/yHMPu5000034629_pichia_exigua_180604.fas.gz,False
yHMPu5000034630_Magnusiomyces_magnusii_S134_MASURCA,final,Magnusiomyces magnusii S134 MASURCA,y1000p_gff3_files/yHMPu5000034630_Magnusiomyces_magnusii_S134_MASURCA.haplomerger2.final.gff3,y1000p_pep_files/yHMPu5000034630_Magnusiomyces_magnusii_S134_MASURCA.haplomerger2.final.pep,y1000p_cds_files/yHMPu5000034630_Magnusiomyces_magnusii_S134_MASURCA.haplomerger2.final.cds.tar.gz,y1000p_genome_files/yHMPu5000034630_Magnusiomyces_magnusii_S134_MASURCA.haplomerger2.fas.gz,False
yHMPu5000034631_martiniozyma_abiesophila_170307,final,Martiniozyma abiesophila,y1000p_gff3_files/yHMPu5000034631_martiniozyma_abiesophila_170307.haplomerger2.final.gff3,y1000p_pep_files/yHMPu5000034631_martiniozyma_abiesophila_170307.haplomerger2.final.pep,y1000p_cds_files/yHMPu5000034631_martiniozyma_abiesophila_170307.haplomerger2.final.cds.tar.gz,y1000p_genome_files/yHMPu5000034631_martiniozyma_abiesophila_170307.haplomerger2.fas.gz,False
yHMPu5000034632_candida_athensensis_180604,final,Candida athensensis,y1000p_gff3_files/yHMPu5000034632_candida_athensensis_180604.final.gff3,y1000p_pep_files/yHMPu5000034632_candida_athensensis_180604.final.pep,y1000p_cds_files/yHMPu5000034632_candida_athensensis_180604.final.cds.tar.gz,y1000p_genome_files/yHMPu5000034632_candida_athensensis_180604.fas.gz,False
yHMPu5000034633_candida_smithsonii_180604,final,Candida smithsonii,y1000p_gff3_files/yHMPu5000034633_candida_smithsonii_180604.final.gff3,y1000p_pep_files/yHMPu5000034633_candida_smithsonii_180604.final.pep,y1000p_cds_files/yHMPu5000034633_candida_smithsonii_180604.final.cds.tar.gz,y1000p_genome_files/yHMPu5000034633_candida_smithsonii_180604.fas.gz,False
yHMPu5000034634_millerozyma_acaciae_160519,final,Millerozyma acaciae,y1000p_gff3_files/yHMPu5000034634_millerozyma_acaciae_160519.final.gff3,y1000p_pep_files/yHMPu5000034634_millerozyma_acaciae_160519.final.pep,y1000p_cds_files/yHMPu5000034634_millerozyma_acaciae_160519.final.cds.tar.gz,y1000p_genome_files/yHMPu5000034634_millerozyma_acaciae_160519.fas.gz,False
yHMPu5000034635_nadsonia_fulvescens_160519,final,Nadsonia fulvescens,y1000p_gff3_files/yHMPu5000034635_nadsonia_fulvescens_160519.final.gff3,y1000p_pep_files/yHMPu5000034635_nadsonia_fulvescens_160519.final.pep,y1000p_cds_files/yHMPu5000034635_nadsonia_fulvescens_160519.final.cds.tar.gz,y1000p_genome_files/yHMPu5000034635_nadsonia_fulvescens_160519.fas.gz,False
yHMPu5000034636_ogataea_nitratoaversa_180604,final,Ogataea nitratoaversa,y1000p_gff3_files/yHMPu5000034636_ogataea_nitratoaversa_180604.final.gff3,y1000p_pep_files/yHMPu5000034636_ogataea_nitratoaversa_180604.final.pep,y1000p_cds_files/yHMPu5000034636_ogataea_nitratoaversa_180604.final.cds.tar.gz,y1000p_genome_files/yHMPu5000034636_ogataea_nitratoaversa_180604.fas.gz,False
yHMPu5000034637_ogataea_populiabae_180604,final,Ogataea populiabae,y1000p_gff3_files/yHMPu5000034637_ogataea_populiabae_180604.final.gff3,y1000p_pep_files/yHMPu5000034637_ogataea_populiabae_180604.final.pep,y1000p_cds_files/yHMPu5000034637_ogataea_populiabae_180604.final.cds.tar.gz,y1000p_genome_files/yHMPu5000034637_ogataea_populiabae_180604.fas.gz,False
yHMPu5000034638_ogataea_wickerhamii_180604,final,Ogataea wickerhamii,y1000p_gff3_files/yHMPu5000034638_ogataea_wickerhamii_180604.final.gff3,y1000p_pep_files/yHMPu5000034638_ogataea_wickerhamii_180604.final.pep,y1000p_cds_files/yHMPu5000034638_ogataea_wickerhamii_180604.final.cds.tar.gz,y1000p_genome_files/yHMPu5000034638_ogataea_wickerhamii_180604.fas.gz,False
yHMPu5000034639_candida_cariosilignicola_160519,final,Candida cariosilignicola,y1000p_gff3_files/yHMPu5000034639_candida_cariosilignicola_160519.final.gff3,y1000p_pep_files/yHMPu5000034639_candida_cariosilignicola_160519.final.pep,y1000p_cds_files/yHMPu5000034639_candida_cariosilignicola_160519.final.cds.tar.gz,y1000p_genome_files/yHMPu5000034639_candida_cariosilignicola_160519.fas.gz,False
yHMPu5000034640_pichia_deserticola_170307,final,Pichia deserticola,y1000p_gff3_files/yHMPu5000034640_pichia_deserticola_170307.final.gff3,y1000p_pep_files/yHMPu5000034640_pichia_deserticola_170307.final.pep,y1000p_cds_files/yHMPu5000034640_pichia_deserticola_170307.final.cds.tar.gz,y1000p_genome_files/yHMPu5000034640_pichia_deserticola_170307.fas.gz,False
yHMPu5000034641_pichia_eremophila_170307,final,Pichia eremophila,y1000p_gff3_files/yHMPu5000034641_pichia_eremophila_170307.haplomerger2.final.gff3,y1000p_pep_files/yHMPu5000034641_pichia_eremophila_170307.haplomerger2.final.pep,y1000p_cds_files/yHMPu5000034641_pichia_eremophila_170307.haplomerger2.final.cds.tar.gz,y1000p_genome_files/yHMPu5000034641_pichia_eremophila_170307.haplomerger2.fas.gz,False
yHMPu5000034642_candida_zeylanoides_160519,final,Candida zeylanoides,y1000p_gff3_files/yHMPu5000034642_candida_zeylanoides_160519.final.gff3,y1000p_pep_files/yHMPu5000034642_candida_zeylanoides_160519.final.pep,y1000p_cds_files/yHMPu5000034642_candida_zeylanoides_160519.final.cds.tar.gz,y1000p_genome_files/yHMPu5000034642_candida_zeylanoides_160519.fas.gz,False
yHMPu5000034643_Candida_schatavii_SPAdes,final,Candida schatavii SPAdes,y1000p_gff3_files/yHMPu5000034643_Candida_schatavii_SPAdes.final.gff3,y1000p_pep_files/yHMPu5000034643_Candida_schatavii_SPAdes.final.pep,y1000p_cds_files/yHMPu5000034643_Candida_schatavii_SPAdes.final.cds.tar.gz,y1000p_genome_files/yHMPu5000034643_Candida_schatavii_SPAdes.fas.gz,False
yHMPu5000034644_candida_quercitrusa_170307,final,Candida quercitrusa,y1000p_gff3_files/yHMPu5000034644_candida_quercitrusa_170307.final.gff3,y1000p_pep_files/yHMPu5000034644_candida_quercitrusa_170307.final.pep,y1000p_cds_files/yHMPu5000034644_candida_quercitrusa_170307.final.cds.tar.gz,y1000p_genome_files/yHMPu5000034644_candida_quercitrusa_170307.fas.gz,False
yHMPu5000034645_candida_boleticola_201018,final,Candida boleticola,y1000p_gff3_files/yHMPu5000034645_candida_boleticola_201018.final.gff3,y1000p_pep_files/yHMPu5000034645_candida_boleticola_201018.final.pep,y1000p_cds_files/yHMPu5000034645_candida_boleticola_201018.final.cds.tar.gz,y1000p_genome_files/yHMPu5000034645_candida_boleticola_201018.fas.gz,False
yHMPu5000034646_wickerhamiella_cacticola_180604,final,Wickerhamiella cacticola,y1000p_gff3_files/yHMPu5000034646_wickerhamiella_cacticola_180604.final.gff3,y1000p_pep_files/yHMPu5000034646_wickerhamiella_cacticola_180604.final.pep,y1000p_cds_files/yHMPu5000034646_wickerhamiella_cacticola_180604.final.cds.tar.gz,y1000p_genome_files/yHMPu5000034646_wickerhamiella_cacticola_180604.fas.gz,False
yHMPu5000034647_candida_savonica_180604,final,Candida savonica,y1000p_gff3_files/yHMPu5000034647_candida_savonica_180604.final.gff3,y1000p_pep_files/yHMPu5000034647_candida_savonica_180604.final.pep,y1000p_cds_files/yHMPu5000034647_candida_savonica_180604.final.cds.tar.gz,y1000p_genome_files/yHMPu5000034647_candida_savonica_180604.fas.gz,False
yHMPu5000034648_candida_restingae_160519,final,Candida restingae,y1000p_gff3_files/yHMPu5000034648_candida_restingae_160519.final.gff3,y1000p_pep_files/yHMPu5000034648_candida_restingae_160519.final.pep,y1000p_cds_files/yHMPu5000034648_candida_restingae_160519.final.cds.tar.gz,y1000p_genome_files/yHMPu5000034648_candida_restingae_160519.fas.gz,False
yHMPu5000034649_candida_plutei_180604,final,Candida plutei,y1000p_gff3_files/yHMPu5000034649_candida_plutei_180604.final.gff3,y1000p_pep_files/yHMPu5000034649_candida_plutei_180604.final.pep,y1000p_cds_files/yHMPu5000034649_candida_plutei_180604.final.cds.tar.gz,y1000p_genome_files/yHMPu5000034649_candida_plutei_180604.fas.gz,False
yHMPu5000034650_candida_mesenterica_180604,final,Candida mesenterica,y1000p_gff3_files/yHMPu5000034650_candida_mesenterica_180604.final.gff3,y1000p_pep_files/yHMPu5000034650_candida_mesenterica_180604.final.pep,y1000p_cds_files/yHMPu5000034650_candida_mesenterica_180604.final.cds.tar.gz,y1000p_genome_files/yHMPu5000034650_candida_mesenterica_180604.fas.gz,False
yHMPu5000034651_candida_leandrae_170307,final,Candida leandrae,y1000p_gff3_files/yHMPu5000034651_candida_leandrae_170307.final.gff3,y1000p_pep_files/yHMPu5000034651_candida_leandrae_170307.final.pep,y1000p_cds_files/yHMPu5000034651_candida_leandrae_170307.final.cds.tar.gz,y1000p_genome_files/yHMPu5000034651_candida_leandrae_170307.fas.gz,False
yHMPu5000034652_candida_derodonti_SPADES,final,Candida derodonti SPADES,y1000p_gff3_files/yHMPu5000034652_candida_derodonti_SPADES.final.gff3,y1000p_pep_files/yHMPu5000034652_candida_derodonti_SPADES.final.pep,y1000p_cds_files/yHMPu5000034652_candida_derodonti_SPADES.final.cds.tar.gz,y1000p_genome_files/yHMPu5000034652_candida_derodonti_SPADES.fas.gz,False
yHMPu5000034654_aciculoconidium_aculeatum_180604,final,Aciculoconidium aculeatum,y1000p_gff3_files/yHMPu5000034654_aciculoconidium_aculeatum_180604.final.gff3,y1000p_pep_files/yHMPu5000034654_aciculoconidium_aculeatum_180604.final.pep,y1000p_cds_files/yHMPu5000034654_aciculoconidium_aculeatum_180604.final.cds.tar.gz,y1000p_genome_files/yHMPu5000034654_aciculoconidium_aculeatum_180604.fas.gz,False
yHMPu5000034655_botryozyma_nematodophila_190924,final,Botryozyma nematodophila,y1000p_gff3_files/yHMPu5000034655_botryozyma_nematodophila_190924.haplomerger2.final.gff3,y1000p_pep_files/yHMPu5000034655_botryozyma_nematodophila_190924.haplomerger2.final.pep,y1000p_cds_files/yHMPu5000034655_botryozyma_nematodophila_190924.haplomerger2.final.cds.tar.gz,y1000p_genome_files/yHMPu5000034655_botryozyma_nematodophila_190924.haplomerger2.fas.gz,False
yHMPu5000034656_candida_glaebosa_170307,final,Candida glaebosa,y1000p_gff3_files/yHMPu5000034656_candida_glaebosa_170307.final.gff3,y1000p_pep_files/yHMPu5000034656_candida_glaebosa_170307.final.pep,y1000p_cds_files/yHMPu5000034656_candida_glaebosa_170307.final.cds.tar.gz,y1000p_genome_files/yHMPu5000034656_candida_glaebosa_170307.fas.gz,False
yHMPu5000034657_candida_pseudoglaebosa_170307,final,Candida pseudoglaebosa,y1000p_gff3_files/yHMPu5000034657_candida_pseudoglaebosa_170307.final.gff3,y1000p_pep_files/yHMPu5000034657_candida_pseudoglaebosa_170307.final.pep,y1000p_cds_files/yHMPu5000034657_candida_pseudoglaebosa_170307.final.cds.tar.gz,y1000p_genome_files/yHMPu5000034657_candida_pseudoglaebosa_170307.fas.gz,False
yHMPu5000034658_clavispora_lusitaniae_190924,final,Clavispora lusitaniae,y1000p_gff3_files/yHMPu5000034658_clavispora_lusitaniae_190924.final.gff3,y1000p_pep_files/yHMPu5000034658_clavispora_lusitaniae_190924.final.pep,y1000p_cds_files/yHMPu5000034658_clavispora_lusitaniae_190924.final.cds.tar.gz,y1000p_genome_files/yHMPu5000034658_clavispora_lusitaniae_190924.fas.gz,False
yHMPu5000034659_debaryomyces_hansenii_180604,final,Debaryomyces hansenii,y1000p_gff3_files/yHMPu5000034659_debaryomyces_hansenii_180604.final.gff3,y1000p_pep_files/yHMPu5000034659_debaryomyces_hansenii_180604.final.pep,y1000p_cds_files/yHMPu5000034659_debaryomyces_hansenii_180604.final.cds.tar.gz,y1000p_genome_files/yHMPu5000034659_debaryomyces_hansenii_180604.fas.gz,False
yHMPu5000034660_diddensiella_caesifluorescens_180604,final,Diddensiella caesifluorescens,y1000p_gff3_files/yHMPu5000034660_diddensiella_caesifluorescens_180604.final.gff3,y1000p_pep_files/yHMPu5000034660_diddensiella_caesifluorescens_180604.final.pep,y1000p_cds_files/yHMPu5000034660_diddensiella_caesifluorescens_180604.final.cds.tar.gz,y1000p_genome_files/yHMPu5000034660_diddensiella_caesifluorescens_180604.fas.gz,False
yHMPu5000034661_dipodascus_albidus_180604,final,Dipodascus albidus,y1000p_gff3_files/yHMPu5000034661_dipodascus_albidus_180604.final.gff3,y1000p_pep_files/yHMPu5000034661_dipodascus_albidus_180604.final.pep,y1000p_cds_files/yHMPu5000034661_dipodascus_albidus_180604.final.cds.tar.gz,y1000p_genome_files/yHMPu5000034661_dipodascus_albidus_180604.fas.gz,False
yHMPu5000034662_galactomyces_geotrichum_201018,final,Galactomyces geotrichum,y1000p_gff3_files/yHMPu5000034662_galactomyces_geotrichum_201018.final.gff3,y1000p_pep_files/yHMPu5000034662_galactomyces_geotrichum_201018.final.pep,y1000p_cds_files/yHMPu5000034662_galactomyces_geotrichum_201018.final.cds.tar.gz,y1000p_genome_files/yHMPu5000034662_galactomyces_geotrichum_201018.fas.gz,False
yHMPu5000034663_kloeckera_lindneri_170307,final,Kloeckera lindneri,y1000p_gff3_files/yHMPu5000034663_kloeckera_lindneri_170307.final.gff3,y1000p_pep_files/yHMPu5000034663_kloeckera_lindneri_170307.final.pep,y1000p_cds_files/yHMPu5000034663_kloeckera_lindneri_170307.final.cds.tar.gz,y1000p_genome_files/yHMPu5000034663_kloeckera_lindneri_170307.fas.gz,False
yHMPu5000034664_kodamaea_anthophila_190924,final,Kodamaea anthophila,y1000p_gff3_files/yHMPu5000034664_kodamaea_anthophila_190924.final.gff3,y1000p_pep_files/yHMPu5000034664_kodamaea_anthophila_190924.final.pep,y1000p_cds_files/yHMPu5000034664_kodamaea_anthophila_190924.final.cds.tar.gz,y1000p_genome_files/yHMPu5000034664_kodamaea_anthophila_190924.fas.gz,False
yHMPu5000034665_kodamaea_laetipori_180604,final,Kodamaea laetipori,y1000p_gff3_files/yHMPu5000034665_kodamaea_laetipori_180604.final.gff3,y1000p_pep_files/yHMPu5000034665_kodamaea_laetipori_180604.final.pep,y1000p_cds_files/yHMPu5000034665_kodamaea_laetipori_180604.final.cds.tar.gz,y1000p_genome_files/yHMPu5000034665_kodamaea_laetipori_180604.fas.gz,False
yHMPu5000034666_blastobotrys_terrestris_160519,final,Blastobotrys terrestris,y1000p_gff3_files/yHMPu5000034666_blastobotrys_terrestris_160519.final.gff3,y1000p_pep_files/yHMPu5000034666_blastobotrys_terrestris_160519.final.pep,y1000p_cds_files/yHMPu5000034666_blastobotrys_terrestris_160519.final.cds.tar.gz,y1000p_genome_files/yHMPu5000034666_blastobotrys_terrestris_160519.fas.gz,False
yHMPu5000034667_blastobotrys_serpentis_160519,final,Blastobotrys serpentis,y1000p_gff3_files/yHMPu5000034667_blastobotrys_serpentis_160519.final.gff3,y1000p_pep_files/yHMPu5000034667_blastobotrys_serpentis_160519.final.pep,y1000p_cds_files/yHMPu5000034667_blastobotrys_serpentis_160519.final.cds.tar.gz,y1000p_genome_files/yHMPu5000034667_blastobotrys_serpentis_160519.fas.gz,False
yHMPu5000034668_blastobotrys_robertii_160519,final,Blastobotrys robertii,y1000p_gff3_files/yHMPu5000034668_blastobotrys_robertii_160519.final.gff3,y1000p_pep_files/yHMPu5000034668_blastobotrys_robertii_160519.final.pep,y1000p_cds_files/yHMPu5000034668_blastobotrys_robertii_160519.final.cds.tar.gz,y1000p_genome_files/yHMPu5000034668_blastobotrys_robertii_160519.fas.gz,False
yHMPu5000034669_Blastobotrys_raffinofermentans_SPAdes,final,Blastobotrys raffinofermentans SPAdes,y1000p_gff3_files/yHMPu5000034669_Blastobotrys_raffinofermentans_SPAdes.final.gff3,y1000p_pep_files/yHMPu5000034669_Blastobotrys_raffinofermentans_SPAdes.final.pep,y1000p_cds_files/yHMPu5000034669_Blastobotrys_raffinofermentans_SPAdes.final.cds.tar.gz,y1000p_genome_files/yHMPu5000034669_Blastobotrys_raffinofermentans_SPAdes.fas.gz,False
yHMPu5000034670_blastobotrys_proliferans_160519,final,Blastobotrys proliferans,y1000p_gff3_files/yHMPu5000034670_blastobotrys_proliferans_160519.final.gff3,y1000p_pep_files/yHMPu5000034670_blastobotrys_proliferans_160519.final.pep,y1000p_cds_files/yHMPu5000034670_blastobotrys_proliferans_160519.final.cds.tar.gz,y1000p_genome_files/yHMPu5000034670_blastobotrys_proliferans_160519.fas.gz,False
yHMPu5000034671_blastobotrys_peoriensis_160519,final,Blastobotrys peoriensis,y1000p_gff3_files/yHMPu5000034671_blastobotrys_peoriensis_160519.final.gff3,y1000p_pep_files/yHMPu5000034671_blastobotrys_peoriensis_160519.final.pep,y1000p_cds_files/yHMPu5000034671_blastobotrys_peoriensis_160519.final.cds.tar.gz,y1000p_genome_files/yHMPu5000034671_blastobotrys_peoriensis_160519.fas.gz,False
yHMPu5000034672_blastobotrys_parvus_160519,final,Blastobotrys parvus,y1000p_gff3_files/yHMPu5000034672_blastobotrys_parvus_160519.final.gff3,y1000p_pep_files/yHMPu5000034672_blastobotrys_parvus_160519.final.pep,y1000p_cds_files/yHMPu5000034672_blastobotrys_parvus_160519.final.cds.tar.gz,y1000p_genome_files/yHMPu5000034672_blastobotrys_parvus_160519.fas.gz,False
yHMPu5000034673_blastobotrys_nivea_190924,final,Blastobotrys nivea,y1000p_gff3_files/yHMPu5000034673_blastobotrys_nivea_190924.final.gff3,y1000p_pep_files/yHMPu5000034673_blastobotrys_nivea_190924.final.pep,y1000p_cds_files/yHMPu5000034673_blastobotrys_nivea_190924.final.cds.tar.gz,y1000p_genome_files/yHMPu5000034673_blastobotrys_nivea_190924.fas.gz,False
yHMPu5000034674_blastobotrys_muscicola_160519,final,Blastobotrys muscicola,y1000p_gff3_files/yHMPu5000034674_blastobotrys_muscicola_160519.final.gff3,y1000p_pep_files/yHMPu5000034674_blastobotrys_muscicola_160519.final.pep,y1000p_cds_files/yHMPu5000034674_blastobotrys_muscicola_160519.final.cds.tar.gz,y1000p_genome_files/yHMPu5000034674_blastobotrys_muscicola_160519.fas.gz,False
yHMPu5000034675_blastobotrys_mokoenaii_160519,final,Blastobotrys mokoenaii,y1000p_gff3_files/yHMPu5000034675_blastobotrys_mokoenaii_160519.final.gff3,y1000p_pep_files/yHMPu5000034675_blastobotrys_mokoenaii_160519.final.pep,y1000p_cds_files/yHMPu5000034675_blastobotrys_mokoenaii_160519.final.cds.tar.gz,y1000p_genome_files/yHMPu5000034675_blastobotrys_mokoenaii_160519.fas.gz,False
yHMPu5000034676_blastobotrys_malaysiensis_190924,final,Blastobotrys malaysiensis,y1000p_gff3_files/yHMPu5000034676_blastobotrys_malaysiensis_190924.final.gff3,y1000p_pep_files/yHMPu5000034676_blastobotrys_malaysiensis_190924.final.pep,y1000p_cds_files/yHMPu5000034676_blastobotrys_malaysiensis_190924.final.cds.tar.gz,y1000p_genome_files/yHMPu5000034676_blastobotrys_malaysiensis_190924.fas.gz,False
yHMPu5000034677_blastobotrys_indianensis_180604,final,Blastobotrys indianensis,y1000p_gff3_files/yHMPu5000034677_blastobotrys_indianensis_180604.final.gff3,y1000p_pep_files/yHMPu5000034677_blastobotrys_indianensis_180604.final.pep,y1000p_cds_files/yHMPu5000034677_blastobotrys_indianensis_180604.final.cds.tar.gz,y1000p_genome_files/yHMPu5000034677_blastobotrys_indianensis_180604.fas.gz,False
yHMPu5000034678_lachancea_thermotolerans_180604,final,Lachancea thermotolerans,y1000p_gff3_files/yHMPu5000034678_lachancea_thermotolerans_180604.final.gff3,y1000p_pep_files/yHMPu5000034678_lachancea_thermotolerans_180604.final.pep,y1000p_cds_files/yHMPu5000034678_lachancea_thermotolerans_180604.final.cds.tar.gz,y1000p_genome_files/yHMPu5000034678_lachancea_thermotolerans_180604.fas.gz,False
yHMPu5000034680_blastobotrys_adeninivorans_160519,final,Blastobotrys adeninivorans,y1000p_gff3_files/yHMPu5000034680_blastobotrys_adeninivorans_160519.final.gff3,y1000p_pep_files/yHMPu5000034680_blastobotrys_adeninivorans_160519.final.pep,y1000p_cds_files/yHMPu5000034680_blastobotrys_adeninivorans_160519.final.cds.tar.gz,y1000p_genome_files/yHMPu5000034680_blastobotrys_adeninivorans_160519.fas.gz,False
yHMPu5000034681_blastobotrys_americana_160519,final,Blastobotrys americana,y1000p_gff3_files/yHMPu5000034681_blastobotrys_americana_160519.final.gff3,y1000p_pep_files/yHMPu5000034681_blastobotrys_americana_160519.final.pep,y1000p_cds_files/yHMPu5000034681_blastobotrys_americana_160519.final.cds.tar.gz,y1000p_genome_files/yHMPu5000034681_blastobotrys_americana_160519.fas.gz,False
yHMPu5000034682_blastobotrys_arbuscula_170307,final,Blastobotrys arbuscula,y1000p_gff3_files/yHMPu5000034682_blastobotrys_arbuscula_170307.final.gff3,y1000p_pep_files/yHMPu5000034682_blastobotrys_arbuscula_170307.final.pep,y1000p_cds_files/yHMPu5000034682_blastobotrys_arbuscula_170307.final.cds.tar.gz,y1000p_genome_files/yHMPu5000034682_blastobotrys_arbuscula_170307.fas.gz,False
yHMPu5000034684_blastobotrys_attinorum_201018,final,Blastobotrys attinorum,y1000p_gff3_files/yHMPu5000034684_blastobotrys_attinorum_201018.final.gff3,y1000p_pep_files/yHMPu5000034684_blastobotrys_attinorum_201018.final.pep,y1000p_cds_files/yHMPu5000034684_blastobotrys_attinorum_201018.final.cds.tar.gz,y1000p_genome_files/yHMPu5000034684_blastobotrys_attinorum_201018.fas.gz,False
yHMPu5000034686_blastobotrys_capitulata_170307,final,Blastobotrys capitulata,y1000p_gff3_files/yHMPu5000034686_blastobotrys_capitulata_170307.final.gff3,y1000p_pep_files/yHMPu5000034686_blastobotrys_capitulata_170307.final.pep,y1000p_cds_files/yHMPu5000034686_blastobotrys_capitulata_170307.final.cds.tar.gz,y1000p_genome_files/yHMPu5000034686_blastobotrys_capitulata_170307.fas.gz,False
yHMPu5000034687_blastobotrys_chiropterorum_170307,final,Blastobotrys chiropterorum,y1000p_gff3_files/yHMPu5000034687_blastobotrys_chiropterorum_170307.final.gff3,y1000p_pep_files/yHMPu5000034687_blastobotrys_chiropterorum_170307.final.pep,y1000p_cds_files/yHMPu5000034687_blastobotrys_chiropterorum_170307.final.cds.tar.gz,y1000p_genome_files/yHMPu5000034687_blastobotrys_chiropterorum_170307.fas.gz,False
yHMPu5000034688_blastobotrys_elegans_170307,final,Blastobotrys elegans,y1000p_gff3_files/yHMPu5000034688_blastobotrys_elegans_170307.final.gff3,y1000p_pep_files/yHMPu5000034688_blastobotrys_elegans_170307.final.pep,y1000p_cds_files/yHMPu5000034688_blastobotrys_elegans_170307.final.cds.tar.gz,y1000p_genome_files/yHMPu5000034688_blastobotrys_elegans_170307.fas.gz,False
yHMPu5000034689_blastobotrys_illinoisensiss_170307,final,Blastobotrys illinoisensiss,y1000p_gff3_files/yHMPu5000034689_blastobotrys_illinoisensiss_170307.final.gff3,y1000p_pep_files/yHMPu5000034689_blastobotrys_illinoisensiss_170307.final.pep,y1000p_cds_files/yHMPu5000034689_blastobotrys_illinoisensiss_170307.final.cds.tar.gz,y1000p_genome_files/yHMPu5000034689_blastobotrys_illinoisensiss_170307.fas.gz,False
yHMPu5000034690_lachancea_nothofagi_180604,final,Lachancea nothofagi,y1000p_gff3_files/yHMPu5000034690_lachancea_nothofagi_180604.final.gff3,y1000p_pep_files/yHMPu5000034690_lachancea_nothofagi_180604.final.pep,y1000p_cds_files/yHMPu5000034690_lachancea_nothofagi_180604.final.cds.tar.gz,y1000p_genome_files/yHMPu5000034690_lachancea_nothofagi_180604.fas.gz,False
yHMPu5000034691_lachancea_mirantina_180604,final,Lachancea mirantina,y1000p_gff3_files/yHMPu5000034691_lachancea_mirantina_180604.final.gff3,y1000p_pep_files/yHMPu5000034691_lachancea_mirantina_180604.final.pep,y1000p_cds_files/yHMPu5000034691_lachancea_mirantina_180604.final.cds.tar.gz,y1000p_genome_files/yHMPu5000034691_lachancea_mirantina_180604.fas.gz,False
yHMPu5000034692_lachancea_meyersii_180604,final,Lachancea meyersii,y1000p_gff3_files/yHMPu5000034692_lachancea_meyersii_180604.final.gff3,y1000p_pep_files/yHMPu5000034692_lachancea_meyersii_180604.final.pep,y1000p_cds_files/yHMPu5000034692_lachancea_meyersii_180604.final.cds.tar.gz,y1000p_genome_files/yHMPu5000034692_lachancea_meyersii_180604.fas.gz,False
yHMPu5000034693_Lachancea_lanzarotensis_SPADES,final,Lachancea lanzarotensis SPADES,y1000p_gff3_files/yHMPu5000034693_Lachancea_lanzarotensis_SPADES.final.gff3,y1000p_pep_files/yHMPu5000034693_Lachancea_lanzarotensis_SPADES.final.pep,y1000p_cds_files/yHMPu5000034693_Lachancea_lanzarotensis_SPADES.final.cds.tar.gz,y1000p_genome_files/yHMPu5000034693_Lachancea_lanzarotensis_SPADES.fas.gz,False
yHMPu5000034694_lachancea_kluyveri_180604,final,Lachancea kluyveri,y1000p_gff3_files/yHMPu5000034694_lachancea_kluyveri_180604.final.gff3,y1000p_pep_files/yHMPu5000034694_lachancea_kluyveri_180604.final.pep,y1000p_cds_files/yHMPu5000034694_lachancea_kluyveri_180604.final.cds.tar.gz,y1000p_genome_files/yHMPu5000034694_lachancea_kluyveri_180604.fas.gz,False
yHMPu5000034695_lachancea_fermentati_201018,final,Lachancea fermentati,y1000p_gff3_files/yHMPu5000034695_lachancea_fermentati_201018.final.gff3,y1000p_pep_files/yHMPu5000034695_lachancea_fermentati_201018.final.pep,y1000p_cds_files/yHMPu5000034695_lachancea_fermentati_201018.final.cds.tar.gz,y1000p_genome_files/yHMPu5000034695_lachancea_fermentati_201018.fas.gz,False
yHMPu5000034697_lachancea_dasiensis_190924,final,Lachancea dasiensis,y1000p_gff3_files/yHMPu5000034697_lachancea_dasiensis_190924.final.gff3,y1000p_pep_files/yHMPu5000034697_lachancea_dasiensis_190924.final.pep,y1000p_cds_files/yHMPu5000034697_lachancea_dasiensis_190924.final.cds.tar.gz,y1000p_genome_files/yHMPu5000034697_lachancea_dasiensis_190924.fas.gz,False
yHMPu5000034698_lachancea_cidri_201018,final,Lachancea cidri,y1000p_gff3_files/yHMPu5000034698_lachancea_cidri_201018.haplomerger2.final.gff3,y1000p_pep_files/yHMPu5000034698_lachancea_cidri_201018.haplomerger2.final.pep,y1000p_cds_files/yHMPu5000034698_lachancea_cidri_201018.haplomerger2.final.cds.tar.gz,y1000p_genome_files/yHMPu5000034698_lachancea_cidri_201018.haplomerger2.fas.gz,False
yHMPu5000034699_kluyveromyces_wickerhamii_170307,final,Kluyveromyces wickerhamii,y1000p_gff3_files/yHMPu5000034699_kluyveromyces_wickerhamii_170307.final.gff3,y1000p_pep_files/yHMPu5000034699_kluyveromyces_wickerhamii_170307.final.pep,y1000p_cds_files/yHMPu5000034699_kluyveromyces_wickerhamii_170307.final.cds.tar.gz,y1000p_genome_files/yHMPu5000034699_kluyveromyces_wickerhamii_170307.fas.gz,False
yHMPu5000034700_kluyveromyces_siamensis_180604,final,Kluyveromyces siamensis,y1000p_gff3_files/yHMPu5000034700_kluyveromyces_siamensis_180604.final.gff3,y1000p_pep_files/yHMPu5000034700_kluyveromyces_siamensis_180604.final.pep,y1000p_cds_files/yHMPu5000034700_kluyveromyces_siamensis_180604.final.cds.tar.gz,y1000p_genome_files/yHMPu5000034700_kluyveromyces_siamensis_180604.fas.gz,False
yHMPu5000034701_kluyveromyces_nonfermentans_170307,final,Kluyveromyces nonfermentans,y1000p_gff3_files/yHMPu5000034701_kluyveromyces_nonfermentans_170307.final.gff3,y1000p_pep_files/yHMPu5000034701_kluyveromyces_nonfermentans_170307.final.pep,y1000p_cds_files/yHMPu5000034701_kluyveromyces_nonfermentans_170307.final.cds.tar.gz,y1000p_genome_files/yHMPu5000034701_kluyveromyces_nonfermentans_170307.fas.gz,False
yHMPu5000034706_Kazachstania_psychrophila_SPADES,final,Kazachstania psychrophila SPADES,y1000p_gff3_files/yHMPu5000034706_Kazachstania_psychrophila_SPADES.final.gff3,y1000p_pep_files/yHMPu5000034706_Kazachstania_psychrophila_SPADES.final.pep,y1000p_cds_files/yHMPu5000034706_Kazachstania_psychrophila_SPADES.final.cds.tar.gz,y1000p_genome_files/yHMPu5000034706_Kazachstania_psychrophila_SPADES.fas.gz,False
yHMPu5000034708_kazachstania_yasuniensis_180604,final,Kazachstania yasuniensis,y1000p_gff3_files/yHMPu5000034708_kazachstania_yasuniensis_180604.final.gff3,y1000p_pep_files/yHMPu5000034708_kazachstania_yasuniensis_180604.final.pep,y1000p_cds_files/yHMPu5000034708_kazachstania_yasuniensis_180604.final.cds.tar.gz,y1000p_genome_files/yHMPu5000034708_kazachstania_yasuniensis_180604.fas.gz,False
yHMPu5000034709_kluyveromyces_aestuarii_160519,final,Kluyveromyces aestuarii,y1000p_gff3_files/yHMPu5000034709_kluyveromyces_aestuarii_160519.final.gff3,y1000p_pep_files/yHMPu5000034709_kluyveromyces_aestuarii_160519.final.pep,y1000p_cds_files/yHMPu5000034709_kluyveromyces_aestuarii_160519.final.cds.tar.gz,y1000p_genome_files/yHMPu5000034709_kluyveromyces_aestuarii_160519.fas.gz,False
yHMPu5000034710_kluyveromyces_dobzhanskii_160519,final,Kluyveromyces dobzhanskii,y1000p_gff3_files/yHMPu5000034710_kluyveromyces_dobzhanskii_160519.final.gff3,y1000p_pep_files/yHMPu5000034710_kluyveromyces_dobzhanskii_160519.final.pep,y1000p_cds_files/yHMPu5000034710_kluyveromyces_dobzhanskii_160519.final.cds.tar.gz,y1000p_genome_files/yHMPu5000034710_kluyveromyces_dobzhanskii_160519.fas.gz,False
yHMPu5000034711_kluyveromyces_lactis_var_drosophilarum_160519,final,Kluyveromyces lactis var drosophilarum,y1000p_gff3_files/yHMPu5000034711_kluyveromyces_lactis_var_drosophilarum_160519.final.gff3,y1000p_pep_files/yHMPu5000034711_kluyveromyces_lactis_var_drosophilarum_160519.final.pep,y1000p_cds_files/yHMPu5000034711_kluyveromyces_lactis_var_drosophilarum_160519.final.cds.tar.gz,y1000p_genome_files/yHMPu5000034711_kluyveromyces_lactis_var_drosophilarum_160519.fas.gz,False
yHMPu5000034712_kluyveromyces_lactis_var_lactis_160519,final,Kluyveromyces lactis var lactis,y1000p_gff3_files/yHMPu5000034712_kluyveromyces_lactis_var_lactis_160519.final.gff3,y1000p_pep_files/yHMPu5000034712_kluyveromyces_lactis_var_lactis_160519.final.pep,y1000p_cds_files/yHMPu5000034712_kluyveromyces_lactis_var_lactis_160519.final.cds.tar.gz,y1000p_genome_files/yHMPu5000034712_kluyveromyces_lactis_var_lactis_160519.fas.gz,False
yHMPu5000034713_kluyveromyces_marxianus_160519,final,Kluyveromyces marxianus,y1000p_gff3_files/yHMPu5000034713_kluyveromyces_marxianus_160519.haplomerger2.final.gff3,y1000p_pep_files/yHMPu5000034713_kluyveromyces_marxianus_160519.haplomerger2.final.pep,y1000p_cds_files/yHMPu5000034713_kluyveromyces_marxianus_160519.haplomerger2.final.cds.tar.gz,y1000p_genome_files/yHMPu5000034713_kluyveromyces_marxianus_160519.haplomerger2.fas.gz,False
yHMPu5000034718_candida_uthaithanina_180604,final,Candida uthaithanina,y1000p_gff3_files/yHMPu5000034718_candida_uthaithanina_180604.final.gff3,y1000p_pep_files/yHMPu5000034718_candida_uthaithanina_180604.final.pep,y1000p_cds_files/yHMPu5000034718_candida_uthaithanina_180604.final.cds.tar.gz,y1000p_genome_files/yHMPu5000034718_candida_uthaithanina_180604.fas.gz,False
yHMPu5000034719_candida_pseudohumilis_180604,final,Candida pseudohumilis,y1000p_gff3_files/yHMPu5000034719_candida_pseudohumilis_180604.haplomerger2.final.gff3,y1000p_pep_files/yHMPu5000034719_candida_pseudohumilis_180604.haplomerger2.final.pep,y1000p_cds_files/yHMPu5000034719_candida_pseudohumilis_180604.haplomerger2.final.cds.tar.gz,y1000p_genome_files/yHMPu5000034719_candida_pseudohumilis_180604.haplomerger2.fas.gz,False
yHMPu5000034720_candida_nivariensis_180604,final,Candida nivariensis,y1000p_gff3_files/yHMPu5000034720_candida_nivariensis_180604.final.gff3,y1000p_pep_files/yHMPu5000034720_candida_nivariensis_180604.final.pep,y1000p_cds_files/yHMPu5000034720_candida_nivariensis_180604.final.cds.tar.gz,y1000p_genome_files/yHMPu5000034720_candida_nivariensis_180604.fas.gz,False
yHMPu5000034721_candida_milleri_190924,final,Candida milleri,y1000p_gff3_files/yHMPu5000034721_candida_milleri_190924.haplomerger2.final.gff3,y1000p_pep_files/yHMPu5000034721_candida_milleri_190924.haplomerger2.final.pep,y1000p_cds_files/yHMPu5000034721_candida_milleri_190924.haplomerger2.final.cds.tar.gz,y1000p_genome_files/yHMPu5000034721_candida_milleri_190924.haplomerger2.fas.gz,False
yHMPu5000034722_candida_kungkrabaensis_180604,final,Candida kungkrabaensis,y1000p_gff3_files/yHMPu5000034722_candida_kungkrabaensis_180604.final.gff3,y1000p_pep_files/yHMPu5000034722_candida_kungkrabaensis_180604.final.pep,y1000p_cds_files/yHMPu5000034722_candida_kungkrabaensis_180604.final.cds.tar.gz,y1000p_genome_files/yHMPu5000034722_candida_kungkrabaensis_180604.fas.gz,False
yHMPu5000034723_candida_glabrata_180604,final,Candida glabrata,y1000p_gff3_files/yHMPu5000034723_candida_glabrata_180604.final.gff3,y1000p_pep_files/yHMPu5000034723_candida_glabrata_180604.final.pep,y1000p_cds_files/yHMPu5000034723_candida_glabrata_180604.final.cds.tar.gz,y1000p_genome_files/yHMPu5000034723_candida_glabrata_180604.fas.gz,False
yHMPu5000034724_candida_castellii_180604,final,Candida castellii,y1000p_gff3_files/yHMPu5000034724_candida_castellii_180604.final.gff3,y1000p_pep_files/yHMPu5000034724_candida_castellii_180604.final.pep,y1000p_cds_files/yHMPu5000034724_candida_castellii_180604.final.cds.tar.gz,y1000p_genome_files/yHMPu5000034724_candida_castellii_180604.fas.gz,False
yHMPu5000034725_candida_bracarensis_160928,final,Candida bracarensis,y1000p_gff3_files/yHMPu5000034725_candida_bracarensis_160928.final.gff3,y1000p_pep_files/yHMPu5000034725_candida_bracarensis_160928.final.pep,y1000p_cds_files/yHMPu5000034725_candida_bracarensis_160928.final.cds.tar.gz,y1000p_genome_files/yHMPu5000034725_candida_bracarensis_160928.fas.gz,False
yHMPu5000034727_myxozyma_kluyveri_210210,final,Myxozyma kluyveri,y1000p_gff3_files/yHMPu5000034727_myxozyma_kluyveri_210210.final.gff3,y1000p_pep_files/yHMPu5000034727_myxozyma_kluyveri_210210.final.pep,y1000p_cds_files/yHMPu5000034727_myxozyma_kluyveri_210210.final.cds.tar.gz,y1000p_genome_files/yHMPu5000034727_myxozyma_kluyveri_210210.fas.gz,False
yHMPu5000034728_myxozyma_lipomycoides_210210,final,Myxozyma lipomycoides,y1000p_gff3_files/yHMPu5000034728_myxozyma_lipomycoides_210210.final.gff3,y1000p_pep_files/yHMPu5000034728_myxozyma_lipomycoides_210210.final.pep,y1000p_cds_files/yHMPu5000034728_myxozyma_lipomycoides_210210.final.cds.tar.gz,y1000p_genome_files/yHMPu5000034728_myxozyma_lipomycoides_210210.fas.gz,False
yHMPu5000034730_myxozyma_monticola_201018,final,Myxozyma monticola,y1000p_gff3_files/yHMPu5000034730_myxozyma_monticola_201018.final.gff3,y1000p_pep_files/yHMPu5000034730_myxozyma_monticola_201018.final.pep,y1000p_cds_files/yHMPu5000034730_myxozyma_monticola_201018.final.cds.tar.gz,y1000p_genome_files/yHMPu5000034730_myxozyma_monticola_201018.fas.gz,False
yHMPu5000034733_myxozyma_neotropica_210210,final,Myxozyma neotropica,y1000p_gff3_files/yHMPu5000034733_myxozyma_neotropica_210210.final.gff3,y1000p_pep_files/yHMPu5000034733_myxozyma_neotropica_210210.final.pep,y1000p_cds_files/yHMPu5000034733_myxozyma_neotropica_210210.final.cds.tar.gz,y1000p_genome_files/yHMPu5000034733_myxozyma_neotropica_210210.fas.gz,False
yHMPu5000034735_myxozyma_sirexii_201018,final,Myxozyma sirexii,y1000p_gff3_files/yHMPu5000034735_myxozyma_sirexii_201018.final.gff3,y1000p_pep_files/yHMPu5000034735_myxozyma_sirexii_201018.final.pep,y1000p_cds_files/yHMPu5000034735_myxozyma_sirexii_201018.final.cds.tar.gz,y1000p_genome_files/yHMPu5000034735_myxozyma_sirexii_201018.fas.gz,False
yHMPu5000034736_myxozyma_udenii_200128,final,Myxozyma udenii,y1000p_gff3_files/yHMPu5000034736_myxozyma_udenii_200128.final.gff3,y1000p_pep_files/yHMPu5000034736_myxozyma_udenii_200128.final.pep,y1000p_cds_files/yHMPu5000034736_myxozyma_udenii_200128.final.cds.tar.gz,y1000p_genome_files/yHMPu5000034736_myxozyma_udenii_200128.fas.gz,False
yHMPu5000034737_Myxozyma_vanderwaltii_SPADES,final,Myxozyma vanderwaltii SPADES,y1000p_gff3_files/yHMPu5000034737_Myxozyma_vanderwaltii_SPADES.final.gff3,y1000p_pep_files/yHMPu5000034737_Myxozyma_vanderwaltii_SPADES.final.pep,y1000p_cds_files/yHMPu5000034737_Myxozyma_vanderwaltii_SPADES.final.cds.tar.gz,y1000p_genome_files/yHMPu5000034737_Myxozyma_vanderwaltii_SPADES.fas.gz,False
yHMPu5000034738_geotrichum_candidum_190924,final,Geotrichum candidum,y1000p_gff3_files/yHMPu5000034738_geotrichum_candidum_190924.haplomerger2.final.gff3,y1000p_pep_files/yHMPu5000034738_geotrichum_candidum_190924.haplomerger2.final.pep,y1000p_cds_files/yHMPu5000034738_geotrichum_candidum_190924.haplomerger2.final.cds.tar.gz,y1000p_genome_files/yHMPu5000034738_geotrichum_candidum_190924.haplomerger2.fas.gz,False
yHMPu5000034739_lipomyces_yarrowii_190924,final,Lipomyces yarrowii,y1000p_gff3_files/yHMPu5000034739_lipomyces_yarrowii_190924.final.gff3,y1000p_pep_files/yHMPu5000034739_lipomyces_yarrowii_190924.final.pep,y1000p_cds_files/yHMPu5000034739_lipomyces_yarrowii_190924.final.cds.tar.gz,y1000p_genome_files/yHMPu5000034739_lipomyces_yarrowii_190924.fas.gz,False
yHMPu5000034740_lipomyces_yamadae_SPADES,final,Lipomyces yamadae SPADES,y1000p_gff3_files/yHMPu5000034740_lipomyces_yamadae_SPADES.final.gff3,y1000p_pep_files/yHMPu5000034740_lipomyces_yamadae_SPADES.final.pep,y1000p_cds_files/yHMPu5000034740_lipomyces_yamadae_SPADES.final.cds.tar.gz,y1000p_genome_files/yHMPu5000034740_lipomyces_yamadae_SPADES.fas.gz,False
yHMPu5000034741_lipomyces_tetrasporus_170307,final,Lipomyces tetrasporus,y1000p_gff3_files/yHMPu5000034741_lipomyces_tetrasporus_170307.final.gff3,y1000p_pep_files/yHMPu5000034741_lipomyces_tetrasporus_170307.final.pep,y1000p_cds_files/yHMPu5000034741_lipomyces_tetrasporus_170307.final.cds.tar.gz,y1000p_genome_files/yHMPu5000034741_lipomyces_tetrasporus_170307.fas.gz,False
yHMPu5000034742_lipomyces_suomiensis_160519,final,Lipomyces suomiensis,y1000p_gff3_files/yHMPu5000034742_lipomyces_suomiensis_160519.final.gff3,y1000p_pep_files/yHMPu5000034742_lipomyces_suomiensis_160519.final.pep,y1000p_cds_files/yHMPu5000034742_lipomyces_suomiensis_160519.final.cds.tar.gz,y1000p_genome_files/yHMPu5000034742_lipomyces_suomiensis_160519.fas.gz,False
yHMPu5000034743_lipomyces_starkeyi_190924,final,Lipomyces starkeyi,y1000p_gff3_files/yHMPu5000034743_lipomyces_starkeyi_190924.final.gff3,y1000p_pep_files/yHMPu5000034743_lipomyces_starkeyi_190924.final.pep,y1000p_cds_files/yHMPu5000034743_lipomyces_starkeyi_190924.final.cds.tar.gz,y1000p_genome_files/yHMPu5000034743_lipomyces_starkeyi_190924.fas.gz,False
yHMPu5000034744_lipomyces_spencer-martinsiae_170307,final,Lipomyces spencer-martinsiae,y1000p_gff3_files/yHMPu5000034744_lipomyces_spencer-martinsiae_170307.final.gff3,y1000p_pep_files/yHMPu5000034744_lipomyces_spencer-martinsiae_170307.final.pep,y1000p_cds_files/yHMPu5000034744_lipomyces_spencer-martinsiae_170307.final.cds.tar.gz,y1000p_genome_files/yHMPu5000034744_lipomyces_spencer-martinsiae_170307.fas.gz,False
yHMPu5000034745_lipomyces_sp_201018,final,Lipomyces sp,y1000p_gff3_files/yHMPu5000034745_lipomyces_sp_201018.final.gff3,y1000p_pep_files/yHMPu5000034745_lipomyces_sp_201018.final.pep,y1000p_cds_files/yHMPu5000034745_lipomyces_sp_201018.final.cds.tar.gz,y1000p_genome_files/yHMPu5000034745_lipomyces_sp_201018.fas.gz,False
yHMPu5000034746_lipomyces_smithiae_170713,final,Lipomyces smithiae,y1000p_gff3_files/yHMPu5000034746_lipomyces_smithiae_170713.final.gff3,y1000p_pep_files/yHMPu5000034746_lipomyces_smithiae_170713.final.pep,y1000p_cds_files/yHMPu5000034746_lipomyces_smithiae_170713.final.cds.tar.gz,y1000p_genome_files/yHMPu5000034746_lipomyces_smithiae_170713.fas.gz,False
yHMPu5000034747_lipomyces_orientalis_170307,final,Lipomyces orientalis,y1000p_gff3_files/yHMPu5000034747_lipomyces_orientalis_170307.final.gff3,y1000p_pep_files/yHMPu5000034747_lipomyces_orientalis_170307.final.pep,y1000p_cds_files/yHMPu5000034747_lipomyces_orientalis_170307.final.cds.tar.gz,y1000p_genome_files/yHMPu5000034747_lipomyces_orientalis_170307.fas.gz,False
yHMPu5000034748_lipomyces_oligophaga_160519,final,Lipomyces oligophaga,y1000p_gff3_files/yHMPu5000034748_lipomyces_oligophaga_160519.final.gff3,y1000p_pep_files/yHMPu5000034748_lipomyces_oligophaga_160519.final.pep,y1000p_cds_files/yHMPu5000034748_lipomyces_oligophaga_160519.final.cds.tar.gz,y1000p_genome_files/yHMPu5000034748_lipomyces_oligophaga_160519.fas.gz,False
yHMPu5000034749_lipomyces_mesembrius_160519,final,Lipomyces mesembrius,y1000p_gff3_files/yHMPu5000034749_lipomyces_mesembrius_160519.final.gff3,y1000p_pep_files/yHMPu5000034749_lipomyces_mesembrius_160519.final.pep,y1000p_cds_files/yHMPu5000034749_lipomyces_mesembrius_160519.final.cds.tar.gz,y1000p_genome_files/yHMPu5000034749_lipomyces_mesembrius_160519.fas.gz,False
yHMPu5000034751_dipodascopsis_tothii_210210,final,Dipodascopsis tothii,y1000p_gff3_files/yHMPu5000034751_dipodascopsis_tothii_210210.final.gff3,y1000p_pep_files/yHMPu5000034751_dipodascopsis_tothii_210210.final.pep,y1000p_cds_files/yHMPu5000034751_dipodascopsis_tothii_210210.final.cds.tar.gz,y1000p_genome_files/yHMPu5000034751_dipodascopsis_tothii_210210.fas.gz,False
yHMPu5000034752_dipodascopsis_uninucleata_var_uninucleata_170713,final,Dipodascopsis uninucleata var uninucleata,y1000p_gff3_files/yHMPu5000034752_dipodascopsis_uninucleata_var_uninucleata_170713.final.gff3,y1000p_pep_files/yHMPu5000034752_dipodascopsis_uninucleata_var_uninucleata_170713.final.pep,y1000p_cds_files/yHMPu5000034752_dipodascopsis_uninucleata_var_uninucleata_170713.final.cds.tar.gz,y1000p_genome_files/yHMPu5000034752_dipodascopsis_uninucleata_var_uninucleata_170713.fas.gz,False
yHMPu5000034753_dipodascopsis_uninucleata_var_wickerhamii_170713,final,Dipodascopsis uninucleata var wickerhamii,y1000p_gff3_files/yHMPu5000034753_dipodascopsis_uninucleata_var_wickerhamii_170713.final.gff3,y1000p_pep_files/yHMPu5000034753_dipodascopsis_uninucleata_var_wickerhamii_170713.final.pep,y1000p_cds_files/yHMPu5000034753_dipodascopsis_uninucleata_var_wickerhamii_170713.final.cds.tar.gz,y1000p_genome_files/yHMPu5000034753_dipodascopsis_uninucleata_var_wickerhamii_170713.fas.gz,False
yHMPu5000034754_lipomyces_arxii_170713,final,Lipomyces arxii,y1000p_gff3_files/yHMPu5000034754_lipomyces_arxii_170713.final.gff3,y1000p_pep_files/yHMPu5000034754_lipomyces_arxii_170713.final.pep,y1000p_cds_files/yHMPu5000034754_lipomyces_arxii_170713.final.cds.tar.gz,y1000p_genome_files/yHMPu5000034754_lipomyces_arxii_170713.fas.gz,False
yHMPu5000034755_lipomyces_chichibuensis_170713,final,Lipomyces chichibuensis,y1000p_gff3_files/yHMPu5000034755_lipomyces_chichibuensis_170713.final.gff3,y1000p_pep_files/yHMPu5000034755_lipomyces_chichibuensis_170713.final.pep,y1000p_cds_files/yHMPu5000034755_lipomyces_chichibuensis_170713.final.cds.tar.gz,y1000p_genome_files/yHMPu5000034755_lipomyces_chichibuensis_170713.fas.gz,False
yHMPu5000034756_hemisphaericaspora_nanyangensis_170713,final,Hemisphaericaspora nanyangensis,y1000p_gff3_files/yHMPu5000034756_hemisphaericaspora_nanyangensis_170713.final.gff3,y1000p_pep_files/yHMPu5000034756_hemisphaericaspora_nanyangensis_170713.final.pep,y1000p_cds_files/yHMPu5000034756_hemisphaericaspora_nanyangensis_170713.final.cds.tar.gz,y1000p_genome_files/yHMPu5000034756_hemisphaericaspora_nanyangensis_170713.fas.gz,False
yHMPu5000034758_lipomyces_japonicus_160519,final,Lipomyces japonicus,y1000p_gff3_files/yHMPu5000034758_lipomyces_japonicus_160519.final.gff3,y1000p_pep_files/yHMPu5000034758_lipomyces_japonicus_160519.final.pep,y1000p_cds_files/yHMPu5000034758_lipomyces_japonicus_160519.final.cds.tar.gz,y1000p_genome_files/yHMPu5000034758_lipomyces_japonicus_160519.fas.gz,False
yHMPu5000034759_lipomyces_kockii_170307,final,Lipomyces kockii,y1000p_gff3_files/yHMPu5000034759_lipomyces_kockii_170307.final.gff3,y1000p_pep_files/yHMPu5000034759_lipomyces_kockii_170307.final.pep,y1000p_cds_files/yHMPu5000034759_lipomyces_kockii_170307.final.cds.tar.gz,y1000p_genome_files/yHMPu5000034759_lipomyces_kockii_170307.fas.gz,False
yHMPu5000034760_lipomyces_kononenkoae_160519,final,Lipomyces kononenkoae,y1000p_gff3_files/yHMPu5000034760_lipomyces_kononenkoae_160519.final.gff3,y1000p_pep_files/yHMPu5000034760_lipomyces_kononenkoae_160519.final.pep,y1000p_cds_files/yHMPu5000034760_lipomyces_kononenkoae_160519.final.cds.tar.gz,y1000p_genome_files/yHMPu5000034760_lipomyces_kononenkoae_160519.fas.gz,False
yHMPu5000034761_Lipomyces_lipofer_SPAdes,final,Lipomyces lipofer SPAdes,y1000p_gff3_files/yHMPu5000034761_Lipomyces_lipofer_SPAdes.final.gff3,y1000p_pep_files/yHMPu5000034761_Lipomyces_lipofer_SPAdes.final.pep,y1000p_cds_files/yHMPu5000034761_Lipomyces_lipofer_SPAdes.final.cds.tar.gz,y1000p_genome_files/yHMPu5000034761_Lipomyces_lipofer_SPAdes.fas.gz,False
yHMPu5000034860_Trichomonascus_apis_MASURCA,final,Trichomonascus apis MASURCA,y1000p_gff3_files/yHMPu5000034860_Trichomonascus_apis_MASURCA.final.gff3,y1000p_pep_files/yHMPu5000034860_Trichomonascus_apis_MASURCA.final.pep,y1000p_cds_files/yHMPu5000034860_Trichomonascus_apis_MASURCA.final.cds.tar.gz,y1000p_genome_files/yHMPu5000034860_Trichomonascus_apis_MASURCA.fas.gz,False
yHMPu5000034862_zygotorulaspora_florentina_160519,final,Zygotorulaspora florentina,y1000p_gff3_files/yHMPu5000034862_zygotorulaspora_florentina_160519.final.gff3,y1000p_pep_files/yHMPu5000034862_zygotorulaspora_florentina_160519.final.pep,y1000p_cds_files/yHMPu5000034862_zygotorulaspora_florentina_160519.final.cds.tar.gz,y1000p_genome_files/yHMPu5000034862_zygotorulaspora_florentina_160519.fas.gz,False
yHMPu5000034863_zygosaccharomyces_rouxii_180604,final,Zygosaccharomyces rouxii,y1000p_gff3_files/yHMPu5000034863_zygosaccharomyces_rouxii_180604.final.gff3,y1000p_pep_files/yHMPu5000034863_zygosaccharomyces_rouxii_180604.final.pep,y1000p_cds_files/yHMPu5000034863_zygosaccharomyces_rouxii_180604.final.cds.tar.gz,y1000p_genome_files/yHMPu5000034863_zygosaccharomyces_rouxii_180604.fas.gz,False
yHMPu5000034864_zygosaccharomyces_lentus_170307,final,Zygosaccharomyces lentus,y1000p_gff3_files/yHMPu5000034864_zygosaccharomyces_lentus_170307.final.gff3,y1000p_pep_files/yHMPu5000034864_zygosaccharomyces_lentus_170307.final.pep,y1000p_cds_files/yHMPu5000034864_zygosaccharomyces_lentus_170307.final.cds.tar.gz,y1000p_genome_files/yHMPu5000034864_zygosaccharomyces_lentus_170307.fas.gz,False
yHMPu5000034865_zygosaccharomyces_kombuchaensis_160519,final,Zygosaccharomyces kombuchaensis,y1000p_gff3_files/yHMPu5000034865_zygosaccharomyces_kombuchaensis_160519.final.gff3,y1000p_pep_files/yHMPu5000034865_zygosaccharomyces_kombuchaensis_160519.final.pep,y1000p_cds_files/yHMPu5000034865_zygosaccharomyces_kombuchaensis_160519.final.cds.tar.gz,y1000p_genome_files/yHMPu5000034865_zygosaccharomyces_kombuchaensis_160519.fas.gz,False
yHMPu5000034866_zygosaccharomyces_bisporus_160519,final,Zygosaccharomyces bisporus,y1000p_gff3_files/yHMPu5000034866_zygosaccharomyces_bisporus_160519.final.gff3,y1000p_pep_files/yHMPu5000034866_zygosaccharomyces_bisporus_160519.final.pep,y1000p_cds_files/yHMPu5000034866_zygosaccharomyces_bisporus_160519.final.cds.tar.gz,y1000p_genome_files/yHMPu5000034866_zygosaccharomyces_bisporus_160519.fas.gz,False
yHMPu5000034868_Vanderwaltozyma_yarrowii_S33_SPADES,final,Vanderwaltozyma yarrowii S33 SPADES,y1000p_gff3_files/yHMPu5000034868_Vanderwaltozyma_yarrowii_S33_SPADES.final.gff3,y1000p_pep_files/yHMPu5000034868_Vanderwaltozyma_yarrowii_S33_SPADES.final.pep,y1000p_cds_files/yHMPu5000034868_Vanderwaltozyma_yarrowii_S33_SPADES.final.cds.tar.gz,y1000p_genome_files/yHMPu5000034868_Vanderwaltozyma_yarrowii_S33_SPADES.fas.gz,False
yHMPu5000034869_vanderwaltozyma_polyspora_180604,final,Vanderwaltozyma polyspora,y1000p_gff3_files/yHMPu5000034869_vanderwaltozyma_polyspora_180604.final.gff3,y1000p_pep_files/yHMPu5000034869_vanderwaltozyma_polyspora_180604.final.pep,y1000p_cds_files/yHMPu5000034869_vanderwaltozyma_polyspora_180604.final.cds.tar.gz,y1000p_genome_files/yHMPu5000034869_vanderwaltozyma_polyspora_180604.fas.gz,False
yHMPu5000034870_candida_suzukii_160519,final,Candida suzukii,y1000p_gff3_files/yHMPu5000034870_candida_suzukii_160519.final.gff3,y1000p_pep_files/yHMPu5000034870_candida_suzukii_160519.final.pep,y1000p_cds_files/yHMPu5000034870_candida_suzukii_160519.final.cds.tar.gz,y1000p_genome_files/yHMPu5000034870_candida_suzukii_160519.fas.gz,False
yHMPu5000034871_naumovozyma_castellii_180604,final,Naumovozyma castellii,y1000p_gff3_files/yHMPu5000034871_naumovozyma_castellii_180604.final.gff3,y1000p_pep_files/yHMPu5000034871_naumovozyma_castellii_180604.final.pep,y1000p_cds_files/yHMPu5000034871_naumovozyma_castellii_180604.final.cds.tar.gz,y1000p_genome_files/yHMPu5000034871_naumovozyma_castellii_180604.fas.gz,False
yHMPu5000034872_naumovozyma_dairenensis_180604,final,Naumovozyma dairenensis,y1000p_gff3_files/yHMPu5000034872_naumovozyma_dairenensis_180604.final.gff3,y1000p_pep_files/yHMPu5000034872_naumovozyma_dairenensis_180604.final.pep,y1000p_cds_files/yHMPu5000034872_naumovozyma_dairenensis_180604.final.cds.tar.gz,y1000p_genome_files/yHMPu5000034872_naumovozyma_dairenensis_180604.fas.gz,False
yHMPu5000034873_tetrapisipora_arboricola_ABYSS,final,Tetrapisipora arboricola ABYSS,y1000p_gff3_files/yHMPu5000034873_tetrapisipora_arboricola_ABYSS.final.gff3,y1000p_pep_files/yHMPu5000034873_tetrapisipora_arboricola_ABYSS.final.pep,y1000p_cds_files/yHMPu5000034873_tetrapisipora_arboricola_ABYSS.final.cds.tar.gz,y1000p_genome_files/yHMPu5000034873_tetrapisipora_arboricola_ABYSS.fas.gz,False
yHMPu5000034874_tetrapisispora_blattae_190924,final,Tetrapisispora blattae,y1000p_gff3_files/yHMPu5000034874_tetrapisispora_blattae_190924.final.gff3,y1000p_pep_files/yHMPu5000034874_tetrapisispora_blattae_190924.final.pep,y1000p_cds_files/yHMPu5000034874_tetrapisispora_blattae_190924.final.cds.tar.gz,y1000p_genome_files/yHMPu5000034874_tetrapisispora_blattae_190924.fas.gz,False
yHMPu5000034875_tetrapisispora_fleetii_160519,final,Tetrapisispora fleetii,y1000p_gff3_files/yHMPu5000034875_tetrapisispora_fleetii_160519.final.gff3,y1000p_pep_files/yHMPu5000034875_tetrapisispora_fleetii_160519.final.pep,y1000p_cds_files/yHMPu5000034875_tetrapisispora_fleetii_160519.final.cds.tar.gz,y1000p_genome_files/yHMPu5000034875_tetrapisispora_fleetii_160519.fas.gz,False
yHMPu5000034876_Tetrapisispora_iriomotensis_SPADES,final,Tetrapisispora iriomotensis SPADES,y1000p_gff3_files/yHMPu5000034876_Tetrapisispora_iriomotensis_SPADES.final.gff3,y1000p_pep_files/yHMPu5000034876_Tetrapisispora_iriomotensis_SPADES.final.pep,y1000p_cds_files/yHMPu5000034876_Tetrapisispora_iriomotensis_SPADES.final.cds.tar.gz,y1000p_genome_files/yHMPu5000034876_Tetrapisispora_iriomotensis_SPADES.fas.gz,False
yHMPu5000034877_tetrapisispora_namnaonensis_160519,final,Tetrapisispora namnaonensis,y1000p_gff3_files/yHMPu5000034877_tetrapisispora_namnaonensis_160519.final.gff3,y1000p_pep_files/yHMPu5000034877_tetrapisispora_namnaonensis_160519.final.pep,y1000p_cds_files/yHMPu5000034877_tetrapisispora_namnaonensis_160519.final.cds.tar.gz,y1000p_genome_files/yHMPu5000034877_tetrapisispora_namnaonensis_160519.fas.gz,False
yHMPu5000034878_tetrapisispora_nanseiensis_160519,final,Tetrapisispora nanseiensis,y1000p_gff3_files/yHMPu5000034878_tetrapisispora_nanseiensis_160519.final.gff3,y1000p_pep_files/yHMPu5000034878_tetrapisispora_nanseiensis_160519.final.pep,y1000p_cds_files/yHMPu5000034878_tetrapisispora_nanseiensis_160519.final.cds.tar.gz,y1000p_genome_files/yHMPu5000034878_tetrapisispora_nanseiensis_160519.fas.gz,False
yHMPu5000034880_torulaspora_globosa_160519,final,Torulaspora globosa,y1000p_gff3_files/yHMPu5000034880_torulaspora_globosa_160519.final.gff3,y1000p_pep_files/yHMPu5000034880_torulaspora_globosa_160519.final.pep,y1000p_cds_files/yHMPu5000034880_torulaspora_globosa_160519.final.cds.tar.gz,y1000p_genome_files/yHMPu5000034880_torulaspora_globosa_160519.fas.gz,False
yHMPu5000034881_Torulaspora_pretoriensis_SPADES,final,Torulaspora pretoriensis SPADES,y1000p_gff3_files/yHMPu5000034881_Torulaspora_pretoriensis_SPADES.final.gff3,y1000p_pep_files/yHMPu5000034881_Torulaspora_pretoriensis_SPADES.final.pep,y1000p_cds_files/yHMPu5000034881_Torulaspora_pretoriensis_SPADES.final.cds.tar.gz,y1000p_genome_files/yHMPu5000034881_Torulaspora_pretoriensis_SPADES.fas.gz,False
yHMPu5000034883_peterozyma_xylosa_160519,final,Peterozyma xylosa,y1000p_gff3_files/yHMPu5000034883_peterozyma_xylosa_160519.final.gff3,y1000p_pep_files/yHMPu5000034883_peterozyma_xylosa_160519.final.pep,y1000p_cds_files/yHMPu5000034883_peterozyma_xylosa_160519.final.cds.tar.gz,y1000p_genome_files/yHMPu5000034883_peterozyma_xylosa_160519.fas.gz,False
yHMPu5000034884_peterozyma_toletana_160519,final,Peterozyma toletana,y1000p_gff3_files/yHMPu5000034884_peterozyma_toletana_160519.final.gff3,y1000p_pep_files/yHMPu5000034884_peterozyma_toletana_160519.final.pep,y1000p_cds_files/yHMPu5000034884_peterozyma_toletana_160519.final.cds.tar.gz,y1000p_genome_files/yHMPu5000034884_peterozyma_toletana_160519.fas.gz,False
yHMPu5000034885_ogataea_zsoltii_160519,final,Ogataea zsoltii,y1000p_gff3_files/yHMPu5000034885_ogataea_zsoltii_160519.final.gff3,y1000p_pep_files/yHMPu5000034885_ogataea_zsoltii_160519.final.pep,y1000p_cds_files/yHMPu5000034885_ogataea_zsoltii_160519.final.cds.tar.gz,y1000p_genome_files/yHMPu5000034885_ogataea_zsoltii_160519.fas.gz,False
yHMPu5000034886_ogataea_trehalophila_160519,final,Ogataea trehalophila,y1000p_gff3_files/yHMPu5000034886_ogataea_trehalophila_160519.final.gff3,y1000p_pep_files/yHMPu5000034886_ogataea_trehalophila_160519.final.pep,y1000p_cds_files/yHMPu5000034886_ogataea_trehalophila_160519.final.cds.tar.gz,y1000p_genome_files/yHMPu5000034886_ogataea_trehalophila_160519.fas.gz,False
yHMPu5000034887_ogataea_trehaloabstinens_160519,final,Ogataea trehaloabstinens,y1000p_gff3_files/yHMPu5000034887_ogataea_trehaloabstinens_160519.final.gff3,y1000p_pep_files/yHMPu5000034887_ogataea_trehaloabstinens_160519.final.pep,y1000p_cds_files/yHMPu5000034887_ogataea_trehaloabstinens_160519.final.cds.tar.gz,y1000p_genome_files/yHMPu5000034887_ogataea_trehaloabstinens_160519.fas.gz,False
yHMPu5000034889_Ogataea_salicorniae_SPADES,final,Ogataea salicorniae SPADES,y1000p_gff3_files/yHMPu5000034889_Ogataea_salicorniae_SPADES.final.gff3,y1000p_pep_files/yHMPu5000034889_Ogataea_salicorniae_SPADES.final.pep,y1000p_cds_files/yHMPu5000034889_Ogataea_salicorniae_SPADES.final.cds.tar.gz,y1000p_genome_files/yHMPu5000034889_Ogataea_salicorniae_SPADES.fas.gz,False
yHMPu5000034890_ogataea_ramenticola_160519,final,Ogataea ramenticola,y1000p_gff3_files/yHMPu5000034890_ogataea_ramenticola_160519.final.gff3,y1000p_pep_files/yHMPu5000034890_ogataea_ramenticola_160519.final.pep,y1000p_cds_files/yHMPu5000034890_ogataea_ramenticola_160519.final.cds.tar.gz,y1000p_genome_files/yHMPu5000034890_ogataea_ramenticola_160519.fas.gz,False
yHMPu5000034891_ogataea_pini_160519,final,Ogataea pini,y1000p_gff3_files/yHMPu5000034891_ogataea_pini_160519.final.gff3,y1000p_pep_files/yHMPu5000034891_ogataea_pini_160519.final.pep,y1000p_cds_files/yHMPu5000034891_ogataea_pini_160519.final.cds.tar.gz,y1000p_genome_files/yHMPu5000034891_ogataea_pini_160519.fas.gz,False
yHMPu5000034892_ogataea_pilisensis_160519,final,Ogataea pilisensis,y1000p_gff3_files/yHMPu5000034892_ogataea_pilisensis_160519.final.gff3,y1000p_pep_files/yHMPu5000034892_ogataea_pilisensis_160519.final.pep,y1000p_cds_files/yHMPu5000034892_ogataea_pilisensis_160519.final.cds.tar.gz,y1000p_genome_files/yHMPu5000034892_ogataea_pilisensis_160519.fas.gz,False
yHMPu5000034893_ogataea_philodendra_160519,final,Ogataea philodendra,y1000p_gff3_files/yHMPu5000034893_ogataea_philodendra_160519.final.gff3,y1000p_pep_files/yHMPu5000034893_ogataea_philodendra_160519.final.pep,y1000p_cds_files/yHMPu5000034893_ogataea_philodendra_160519.final.cds.tar.gz,y1000p_genome_files/yHMPu5000034893_ogataea_philodendra_160519.fas.gz,False
yHMPu5000034894_naumovozyma_baii_190924,final,Naumovozyma baii,y1000p_gff3_files/yHMPu5000034894_naumovozyma_baii_190924.final.gff3,y1000p_pep_files/yHMPu5000034894_naumovozyma_baii_190924.final.pep,y1000p_cds_files/yHMPu5000034894_naumovozyma_baii_190924.final.cds.tar.gz,y1000p_genome_files/yHMPu5000034894_naumovozyma_baii_190924.fas.gz,False
yHMPu5000034895_ogataea_angusta_160519,final,Ogataea angusta,y1000p_gff3_files/yHMPu5000034895_ogataea_angusta_160519.final.gff3,y1000p_pep_files/yHMPu5000034895_ogataea_angusta_160519.final.pep,y1000p_cds_files/yHMPu5000034895_ogataea_angusta_160519.final.cds.tar.gz,y1000p_genome_files/yHMPu5000034895_ogataea_angusta_160519.fas.gz,False
yHMPu5000034896_ogataea_dorogensis_160519,final,Ogataea dorogensis,y1000p_gff3_files/yHMPu5000034896_ogataea_dorogensis_160519.final.gff3,y1000p_pep_files/yHMPu5000034896_ogataea_dorogensis_160519.final.pep,y1000p_cds_files/yHMPu5000034896_ogataea_dorogensis_160519.final.cds.tar.gz,y1000p_genome_files/yHMPu5000034896_ogataea_dorogensis_160519.fas.gz,False
yHMPu5000034897_Ogataea_glucozyma_SPAdes,final,Ogataea glucozyma SPAdes,y1000p_gff3_files/yHMPu5000034897_Ogataea_glucozyma_SPAdes.final.gff3,y1000p_pep_files/yHMPu5000034897_Ogataea_glucozyma_SPAdes.final.pep,y1000p_cds_files/yHMPu5000034897_Ogataea_glucozyma_SPAdes.final.cds.tar.gz,y1000p_genome_files/yHMPu5000034897_Ogataea_glucozyma_SPAdes.fas.gz,False
yHMPu5000034899_ogataea_kodamae_160519,final,Ogataea kodamae,y1000p_gff3_files/yHMPu5000034899_ogataea_kodamae_160519.final.gff3,y1000p_pep_files/yHMPu5000034899_ogataea_kodamae_160519.final.pep,y1000p_cds_files/yHMPu5000034899_ogataea_kodamae_160519.final.cds.tar.gz,y1000p_genome_files/yHMPu5000034899_ogataea_kodamae_160519.fas.gz,False
yHMPu5000034900_ogataea_methanolica_160519,final,Ogataea methanolica,y1000p_gff3_files/yHMPu5000034900_ogataea_methanolica_160519.final.gff3,y1000p_pep_files/yHMPu5000034900_ogataea_methanolica_160519.final.pep,y1000p_cds_files/yHMPu5000034900_ogataea_methanolica_160519.final.cds.tar.gz,y1000p_genome_files/yHMPu5000034900_ogataea_methanolica_160519.fas.gz,False
yHMPu5000034901_Ogataea_methylivora_SPADES,final,Ogataea methylivora SPADES,y1000p_gff3_files/yHMPu5000034901_Ogataea_methylivora_SPADES.final.gff3,y1000p_pep_files/yHMPu5000034901_Ogataea_methylivora_SPADES.final.pep,y1000p_cds_files/yHMPu5000034901_Ogataea_methylivora_SPADES.final.cds.tar.gz,y1000p_genome_files/yHMPu5000034901_Ogataea_methylivora_SPADES.fas.gz,False
yHMPu5000034902_ogataea_minuta_160519,final,Ogataea minuta,y1000p_gff3_files/yHMPu5000034902_ogataea_minuta_160519.final.gff3,y1000p_pep_files/yHMPu5000034902_ogataea_minuta_160519.final.pep,y1000p_cds_files/yHMPu5000034902_ogataea_minuta_160519.final.cds.tar.gz,y1000p_genome_files/yHMPu5000034902_ogataea_minuta_160519.fas.gz,False
yHMPu5000034903_ogataea_naganishii_160519,final,Ogataea naganishii,y1000p_gff3_files/yHMPu5000034903_ogataea_naganishii_160519.final.gff3,y1000p_pep_files/yHMPu5000034903_ogataea_naganishii_160519.final.pep,y1000p_cds_files/yHMPu5000034903_ogataea_naganishii_160519.final.cds.tar.gz,y1000p_genome_files/yHMPu5000034903_ogataea_naganishii_160519.fas.gz,False
yHMPu5000034904_Ogataea_nonfermentans_SPADES,final,Ogataea nonfermentans SPADES,y1000p_gff3_files/yHMPu5000034904_Ogataea_nonfermentans_SPADES.final.gff3,y1000p_pep_files/yHMPu5000034904_Ogataea_nonfermentans_SPADES.final.pep,y1000p_cds_files/yHMPu5000034904_Ogataea_nonfermentans_SPADES.final.cds.tar.gz,y1000p_genome_files/yHMPu5000034904_Ogataea_nonfermentans_SPADES.fas.gz,False
yHMPu5000034906_candida_succiphila_160519,final,Candida succiphila,y1000p_gff3_files/yHMPu5000034906_candida_succiphila_160519.final.gff3,y1000p_pep_files/yHMPu5000034906_candida_succiphila_160519.final.pep,y1000p_cds_files/yHMPu5000034906_candida_succiphila_160519.final.cds.tar.gz,y1000p_genome_files/yHMPu5000034906_candida_succiphila_160519.fas.gz,False
yHMPu5000034908_candida_sp_160519,final,Candida sp,y1000p_gff3_files/yHMPu5000034908_candida_sp_160519.final.gff3,y1000p_pep_files/yHMPu5000034908_candida_sp_160519.final.pep,y1000p_cds_files/yHMPu5000034908_candida_sp_160519.final.cds.tar.gz,y1000p_genome_files/yHMPu5000034908_candida_sp_160519.fas.gz,False
yHMPu5000034909_candida_sp_160519,final,Candida sp,y1000p_gff3_files/yHMPu5000034909_candida_sp_160519.final.gff3,y1000p_pep_files/yHMPu5000034909_candida_sp_160519.final.pep,y1000p_cds_files/yHMPu5000034909_candida_sp_160519.final.cds.tar.gz,y1000p_genome_files/yHMPu5000034909_candida_sp_160519.fas.gz,False
yHMPu5000034910_candida_sp_160519,final,Candida sp,y1000p_gff3_files/yHMPu5000034910_candida_sp_160519.final.gff3,y1000p_pep_files/yHMPu5000034910_candida_sp_160519.final.pep,y1000p_cds_files/yHMPu5000034910_candida_sp_160519.final.cds.tar.gz,y1000p_genome_files/yHMPu5000034910_candida_sp_160519.fas.gz,False
yHMPu5000034912_candida_sonorensis_160519,final,Candida sonorensis,y1000p_gff3_files/yHMPu5000034912_candida_sonorensis_160519.final.gff3,y1000p_pep_files/yHMPu5000034912_candida_sonorensis_160519.final.pep,y1000p_cds_files/yHMPu5000034912_candida_sonorensis_160519.final.cds.tar.gz,y1000p_genome_files/yHMPu5000034912_candida_sonorensis_160519.fas.gz,False
yHMPu5000034913_candida_pini_160519,final,Candida pini,y1000p_gff3_files/yHMPu5000034913_candida_pini_160519.final.gff3,y1000p_pep_files/yHMPu5000034913_candida_pini_160519.final.pep,y1000p_cds_files/yHMPu5000034913_candida_pini_160519.final.cds.tar.gz,y1000p_genome_files/yHMPu5000034913_candida_pini_160519.fas.gz,False
yHMPu5000034915_candida_piceae_170307,final,Candida piceae,y1000p_gff3_files/yHMPu5000034915_candida_piceae_170307.final.gff3,y1000p_pep_files/yHMPu5000034915_candida_piceae_170307.final.pep,y1000p_cds_files/yHMPu5000034915_candida_piceae_170307.final.cds.tar.gz,y1000p_genome_files/yHMPu5000034915_candida_piceae_170307.fas.gz,False
yHMPu5000034916_candida_nitratophila_160519,final,Candida nitratophila,y1000p_gff3_files/yHMPu5000034916_candida_nitratophila_160519.final.gff3,y1000p_pep_files/yHMPu5000034916_candida_nitratophila_160519.final.pep,y1000p_cds_files/yHMPu5000034916_candida_nitratophila_160519.final.cds.tar.gz,y1000p_genome_files/yHMPu5000034916_candida_nitratophila_160519.fas.gz,False
yHMPu5000034917_candida_nemodendra_160519,final,Candida nemodendra,y1000p_gff3_files/yHMPu5000034917_candida_nemodendra_160519.final.gff3,y1000p_pep_files/yHMPu5000034917_candida_nemodendra_160519.final.pep,y1000p_cds_files/yHMPu5000034917_candida_nemodendra_160519.final.cds.tar.gz,y1000p_genome_files/yHMPu5000034917_candida_nemodendra_160519.fas.gz,False
yHMPu5000034918_nakazawaea_holstii_160519,final,Nakazawaea holstii,y1000p_gff3_files/yHMPu5000034918_nakazawaea_holstii_160519.final.gff3,y1000p_pep_files/yHMPu5000034918_nakazawaea_holstii_160519.final.pep,y1000p_cds_files/yHMPu5000034918_nakazawaea_holstii_160519.final.cds.tar.gz,y1000p_genome_files/yHMPu5000034918_nakazawaea_holstii_160519.fas.gz,False
yHMPu5000034919_nakazawaea_ishiwadae_160519,final,Nakazawaea ishiwadae,y1000p_gff3_files/yHMPu5000034919_nakazawaea_ishiwadae_160519.final.gff3,y1000p_pep_files/yHMPu5000034919_nakazawaea_ishiwadae_160519.final.pep,y1000p_cds_files/yHMPu5000034919_nakazawaea_ishiwadae_160519.final.cds.tar.gz,y1000p_genome_files/yHMPu5000034919_nakazawaea_ishiwadae_160519.fas.gz,False
yHMPu5000034920_nakazawaea_laoshanensis_170713,final,Nakazawaea laoshanensis,y1000p_gff3_files/yHMPu5000034920_nakazawaea_laoshanensis_170713.final.gff3,y1000p_pep_files/yHMPu5000034920_nakazawaea_laoshanensis_170713.final.pep,y1000p_cds_files/yHMPu5000034920_nakazawaea_laoshanensis_170713.final.cds.tar.gz,y1000p_genome_files/yHMPu5000034920_nakazawaea_laoshanensis_170713.fas.gz,False
yHMPu5000034921_nakazawaea_peltata_160519,final,Nakazawaea peltata,y1000p_gff3_files/yHMPu5000034921_nakazawaea_peltata_160519.final.gff3,y1000p_pep_files/yHMPu5000034921_nakazawaea_peltata_160519.final.pep,y1000p_cds_files/yHMPu5000034921_nakazawaea_peltata_160519.final.cds.tar.gz,y1000p_genome_files/yHMPu5000034921_nakazawaea_peltata_160519.fas.gz,False
yHMPu5000034922_nakazawaea_pomicola_160519,final,Nakazawaea pomicola,y1000p_gff3_files/yHMPu5000034922_nakazawaea_pomicola_160519.final.gff3,y1000p_pep_files/yHMPu5000034922_nakazawaea_pomicola_160519.final.pep,y1000p_cds_files/yHMPu5000034922_nakazawaea_pomicola_160519.final.cds.tar.gz,y1000p_genome_files/yHMPu5000034922_nakazawaea_pomicola_160519.fas.gz,False
yHMPu5000034923_nakazawaea_wickerhamii_160519,final,Nakazawaea wickerhamii,y1000p_gff3_files/yHMPu5000034923_nakazawaea_wickerhamii_160519.final.gff3,y1000p_pep_files/yHMPu5000034923_nakazawaea_wickerhamii_160519.final.pep,y1000p_cds_files/yHMPu5000034923_nakazawaea_wickerhamii_160519.final.cds.tar.gz,y1000p_genome_files/yHMPu5000034923_nakazawaea_wickerhamii_160519.fas.gz,False
yHMPu5000034924_nakazawaea_wyomingensis_160519,final,Nakazawaea wyomingensis,y1000p_gff3_files/yHMPu5000034924_nakazawaea_wyomingensis_160519.final.gff3,y1000p_pep_files/yHMPu5000034924_nakazawaea_wyomingensis_160519.final.pep,y1000p_cds_files/yHMPu5000034924_nakazawaea_wyomingensis_160519.final.cds.tar.gz,y1000p_genome_files/yHMPu5000034924_nakazawaea_wyomingensis_160519.fas.gz,False
yHMPu5000034925_candida_arabinofermentans_160519,final,Candida arabinofermentans,y1000p_gff3_files/yHMPu5000034925_candida_arabinofermentans_160519.final.gff3,y1000p_pep_files/yHMPu5000034925_candida_arabinofermentans_160519.final.pep,y1000p_cds_files/yHMPu5000034925_candida_arabinofermentans_160519.final.cds.tar.gz,y1000p_genome_files/yHMPu5000034925_candida_arabinofermentans_160519.fas.gz,False
yHMPu5000034926_candida_boidinii_160519,final,Candida boidinii,y1000p_gff3_files/yHMPu5000034926_candida_boidinii_160519.final.gff3,y1000p_pep_files/yHMPu5000034926_candida_boidinii_160519.final.pep,y1000p_cds_files/yHMPu5000034926_candida_boidinii_160519.final.cds.tar.gz,y1000p_genome_files/yHMPu5000034926_candida_boidinii_160519.fas.gz,False
yHMPu5000034927_candida_maris_210210,final,Candida maris,y1000p_gff3_files/yHMPu5000034927_candida_maris_210210.final.gff3,y1000p_pep_files/yHMPu5000034927_candida_maris_210210.final.pep,y1000p_cds_files/yHMPu5000034927_candida_maris_210210.final.cds.tar.gz,y1000p_genome_files/yHMPu5000034927_candida_maris_210210.fas.gz,False
yHMPu5000034929_candida_nanaspora_170307,final,Candida nanaspora,y1000p_gff3_files/yHMPu5000034929_candida_nanaspora_170307.final.gff3,y1000p_pep_files/yHMPu5000034929_candida_nanaspora_170307.final.pep,y1000p_cds_files/yHMPu5000034929_candida_nanaspora_170307.final.cds.tar.gz,y1000p_genome_files/yHMPu5000034929_candida_nanaspora_170307.fas.gz,False
yHMPu5000034930_nakazawaea_ernobii_170307,final,Nakazawaea ernobii,y1000p_gff3_files/yHMPu5000034930_nakazawaea_ernobii_170307.haplomerger2.final.gff3,y1000p_pep_files/yHMPu5000034930_nakazawaea_ernobii_170307.haplomerger2.final.pep,y1000p_cds_files/yHMPu5000034930_nakazawaea_ernobii_170307.haplomerger2.final.cds.tar.gz,y1000p_genome_files/yHMPu5000034930_nakazawaea_ernobii_170307.haplomerger2.fas.gz,False
yHMPu5000034931_kuraishia_piskuri_170307,final,Kuraishia piskuri,y1000p_gff3_files/yHMPu5000034931_kuraishia_piskuri_170307.final.gff3,y1000p_pep_files/yHMPu5000034931_kuraishia_piskuri_170307.final.pep,y1000p_cds_files/yHMPu5000034931_kuraishia_piskuri_170307.final.cds.tar.gz,y1000p_genome_files/yHMPu5000034931_kuraishia_piskuri_170307.fas.gz,False
yHMPu5000034932_kuraishia_ogatae_160519,final,Kuraishia ogatae,y1000p_gff3_files/yHMPu5000034932_kuraishia_ogatae_160519.final.gff3,y1000p_pep_files/yHMPu5000034932_kuraishia_ogatae_160519.final.pep,y1000p_cds_files/yHMPu5000034932_kuraishia_ogatae_160519.final.cds.tar.gz,y1000p_genome_files/yHMPu5000034932_kuraishia_ogatae_160519.fas.gz,False
yHMPu5000034933_kuraishia_molischiana_160519,final,Kuraishia molischiana,y1000p_gff3_files/yHMPu5000034933_kuraishia_molischiana_160519.final.gff3,y1000p_pep_files/yHMPu5000034933_kuraishia_molischiana_160519.final.pep,y1000p_cds_files/yHMPu5000034933_kuraishia_molischiana_160519.final.cds.tar.gz,y1000p_genome_files/yHMPu5000034933_kuraishia_molischiana_160519.fas.gz,False
yHMPu5000034934_kuraishia_hungarica_201018,final,Kuraishia hungarica,y1000p_gff3_files/yHMPu5000034934_kuraishia_hungarica_201018.final.gff3,y1000p_pep_files/yHMPu5000034934_kuraishia_hungarica_201018.final.pep,y1000p_cds_files/yHMPu5000034934_kuraishia_hungarica_201018.final.cds.tar.gz,y1000p_genome_files/yHMPu5000034934_kuraishia_hungarica_201018.fas.gz,False
yHMPu5000034935_kuraishia_floccosa_210210,final,Kuraishia floccosa,y1000p_gff3_files/yHMPu5000034935_kuraishia_floccosa_210210.final.gff3,y1000p_pep_files/yHMPu5000034935_kuraishia_floccosa_210210.final.pep,y1000p_cds_files/yHMPu5000034935_kuraishia_floccosa_210210.final.cds.tar.gz,y1000p_genome_files/yHMPu5000034935_kuraishia_floccosa_210210.fas.gz,False
yHMPu5000034936_kuraishia_cidri_180604,final,Kuraishia cidri,y1000p_gff3_files/yHMPu5000034936_kuraishia_cidri_180604.final.gff3,y1000p_pep_files/yHMPu5000034936_kuraishia_cidri_180604.final.pep,y1000p_cds_files/yHMPu5000034936_kuraishia_cidri_180604.final.cds.tar.gz,y1000p_genome_files/yHMPu5000034936_kuraishia_cidri_180604.fas.gz,False
yHMPu5000034937_kuraishia_capsulata_160519,final,Kuraishia capsulata,y1000p_gff3_files/yHMPu5000034937_kuraishia_capsulata_160519.final.gff3,y1000p_pep_files/yHMPu5000034937_kuraishia_capsulata_160519.final.pep,y1000p_cds_files/yHMPu5000034937_kuraishia_capsulata_160519.final.cds.tar.gz,y1000p_genome_files/yHMPu5000034937_kuraishia_capsulata_160519.fas.gz,False
yHMPu5000034938_Komagataella_ulmi_SPAdes,final,Komagataella ulmi SPAdes,y1000p_gff3_files/yHMPu5000034938_Komagataella_ulmi_SPAdes.final.gff3,y1000p_pep_files/yHMPu5000034938_Komagataella_ulmi_SPAdes.final.pep,y1000p_cds_files/yHMPu5000034938_Komagataella_ulmi_SPAdes.final.cds.tar.gz,y1000p_genome_files/yHMPu5000034938_Komagataella_ulmi_SPAdes.fas.gz,False
yHMPu5000034939_komagataella_pseudopastoris_160519,final,Komagataella pseudopastoris,y1000p_gff3_files/yHMPu5000034939_komagataella_pseudopastoris_160519.final.gff3,y1000p_pep_files/yHMPu5000034939_komagataella_pseudopastoris_160519.final.pep,y1000p_cds_files/yHMPu5000034939_komagataella_pseudopastoris_160519.final.cds.tar.gz,y1000p_genome_files/yHMPu5000034939_komagataella_pseudopastoris_160519.fas.gz,False
yHMPu5000034941_komagataella_phaffii_160519,final,Komagataella phaffii,y1000p_gff3_files/yHMPu5000034941_komagataella_phaffii_160519.final.gff3,y1000p_pep_files/yHMPu5000034941_komagataella_phaffii_160519.final.pep,y1000p_cds_files/yHMPu5000034941_komagataella_phaffii_160519.final.cds.tar.gz,y1000p_genome_files/yHMPu5000034941_komagataella_phaffii_160519.fas.gz,False
yHMPu5000034942_ambrosiozyma_angophorae_160519,final,Ambrosiozyma angophorae,y1000p_gff3_files/yHMPu5000034942_ambrosiozyma_angophorae_160519.final.gff3,y1000p_pep_files/yHMPu5000034942_ambrosiozyma_angophorae_160519.final.pep,y1000p_cds_files/yHMPu5000034942_ambrosiozyma_angophorae_160519.final.cds.tar.gz,y1000p_genome_files/yHMPu5000034942_ambrosiozyma_angophorae_160519.fas.gz,False
yHMPu5000034946_ambrosiozyma_oregonensis_160519,final,Ambrosiozyma oregonensis,y1000p_gff3_files/yHMPu5000034946_ambrosiozyma_oregonensis_160519.final.gff3,y1000p_pep_files/yHMPu5000034946_ambrosiozyma_oregonensis_160519.final.pep,y1000p_cds_files/yHMPu5000034946_ambrosiozyma_oregonensis_160519.final.cds.tar.gz,y1000p_genome_files/yHMPu5000034946_ambrosiozyma_oregonensis_160519.fas.gz,False
yHMPu5000034947_ambrosiozyma_philentoma_160519,final,Ambrosiozyma philentoma,y1000p_gff3_files/yHMPu5000034947_ambrosiozyma_philentoma_160519.final.gff3,y1000p_pep_files/yHMPu5000034947_ambrosiozyma_philentoma_160519.final.pep,y1000p_cds_files/yHMPu5000034947_ambrosiozyma_philentoma_160519.final.cds.tar.gz,y1000p_genome_files/yHMPu5000034947_ambrosiozyma_philentoma_160519.fas.gz,False
yHMPu5000034948_Ambrosiozyma_platypodis_SPADES,final,Ambrosiozyma platypodis SPADES,y1000p_gff3_files/yHMPu5000034948_Ambrosiozyma_platypodis_SPADES.final.gff3,y1000p_pep_files/yHMPu5000034948_Ambrosiozyma_platypodis_SPADES.final.pep,y1000p_cds_files/yHMPu5000034948_Ambrosiozyma_platypodis_SPADES.final.cds.tar.gz,y1000p_genome_files/yHMPu5000034948_Ambrosiozyma_platypodis_SPADES.fas.gz,False
yHMPu5000034949_ambrosiozyma_neoplatypodis_170713,final,Ambrosiozyma neoplatypodis,y1000p_gff3_files/yHMPu5000034949_ambrosiozyma_neoplatypodis_170713.haplomerger2.final.gff3,y1000p_pep_files/yHMPu5000034949_ambrosiozyma_neoplatypodis_170713.haplomerger2.final.pep,y1000p_cds_files/yHMPu5000034949_ambrosiozyma_neoplatypodis_170713.haplomerger2.final.cds.tar.gz,y1000p_genome_files/yHMPu5000034949_ambrosiozyma_neoplatypodis_170713.haplomerger2.fas.gz,False
yHMPu5000034950_citeromyces_hawaiiensis_170307,final,Citeromyces hawaiiensis,y1000p_gff3_files/yHMPu5000034950_citeromyces_hawaiiensis_170307.haplomerger2.final.gff3,y1000p_pep_files/yHMPu5000034950_citeromyces_hawaiiensis_170307.haplomerger2.final.pep,y1000p_cds_files/yHMPu5000034950_citeromyces_hawaiiensis_170307.haplomerger2.final.cds.tar.gz,y1000p_genome_files/yHMPu5000034950_citeromyces_hawaiiensis_170307.haplomerger2.fas.gz,False
yHMPu5000034953_komagataella_pastoris_160519,final,Komagataella pastoris,y1000p_gff3_files/yHMPu5000034953_komagataella_pastoris_160519.final.gff3,y1000p_pep_files/yHMPu5000034953_komagataella_pastoris_160519.final.pep,y1000p_cds_files/yHMPu5000034953_komagataella_pastoris_160519.final.cds.tar.gz,y1000p_genome_files/yHMPu5000034953_komagataella_pastoris_160519.fas.gz,False
yHMPu5000034954_candida_norvegica_201018,final,Candida norvegica,y1000p_gff3_files/yHMPu5000034954_candida_norvegica_201018.final.gff3,y1000p_pep_files/yHMPu5000034954_candida_norvegica_201018.final.pep,y1000p_cds_files/yHMPu5000034954_candida_norvegica_201018.final.cds.tar.gz,y1000p_genome_files/yHMPu5000034954_candida_norvegica_201018.fas.gz,False
yHMPu5000034955_hanseniaspora_valbyensis_201018,final,Hanseniaspora valbyensis,y1000p_gff3_files/yHMPu5000034955_hanseniaspora_valbyensis_201018.haplomerger2.final.gff3,y1000p_pep_files/yHMPu5000034955_hanseniaspora_valbyensis_201018.haplomerger2.final.pep,y1000p_cds_files/yHMPu5000034955_hanseniaspora_valbyensis_201018.haplomerger2.final.cds.tar.gz,y1000p_genome_files/yHMPu5000034955_hanseniaspora_valbyensis_201018.haplomerger2.fas.gz,False
yHMPu5000034956_hanseniaspora_uvarum_170307,final,Hanseniaspora uvarum,y1000p_gff3_files/yHMPu5000034956_hanseniaspora_uvarum_170307.final.gff3,y1000p_pep_files/yHMPu5000034956_hanseniaspora_uvarum_170307.final.pep,y1000p_cds_files/yHMPu5000034956_hanseniaspora_uvarum_170307.final.cds.tar.gz,y1000p_genome_files/yHMPu5000034956_hanseniaspora_uvarum_170307.fas.gz,False
yHMPu5000034957_Hanseniaspora_osmophila_SPADES,final,Hanseniaspora osmophila SPADES,y1000p_gff3_files/yHMPu5000034957_Hanseniaspora_osmophila_SPADES.final.gff3,y1000p_pep_files/yHMPu5000034957_Hanseniaspora_osmophila_SPADES.final.pep,y1000p_cds_files/yHMPu5000034957_Hanseniaspora_osmophila_SPADES.final.cds.tar.gz,y1000p_genome_files/yHMPu5000034957_Hanseniaspora_osmophila_SPADES.fas.gz,False
yHMPu5000034958_hanseniaspora_opuntiae_201018,final,Hanseniaspora opuntiae,y1000p_gff3_files/yHMPu5000034958_hanseniaspora_opuntiae_201018.haplomerger2.final.gff3,y1000p_pep_files/yHMPu5000034958_hanseniaspora_opuntiae_201018.haplomerger2.final.pep,y1000p_cds_files/yHMPu5000034958_hanseniaspora_opuntiae_201018.haplomerger2.final.cds.tar.gz,y1000p_genome_files/yHMPu5000034958_hanseniaspora_opuntiae_201018.haplomerger2.fas.gz,False
yHMPu5000034959_hanseniaspora_occidentalis_var_occidentalis_170307,final,Hanseniaspora occidentalis var occidentalis,y1000p_gff3_files/yHMPu5000034959_hanseniaspora_occidentalis_var_occidentalis_170307.final.gff3,y1000p_pep_files/yHMPu5000034959_hanseniaspora_occidentalis_var_occidentalis_170307.final.pep,y1000p_cds_files/yHMPu5000034959_hanseniaspora_occidentalis_var_occidentalis_170307.final.cds.tar.gz,y1000p_genome_files/yHMPu5000034959_hanseniaspora_occidentalis_var_occidentalis_170307.fas.gz,False
yHMPu5000034960_hanseniaspora_meyeri_190924,final,Hanseniaspora meyeri,y1000p_gff3_files/yHMPu5000034960_hanseniaspora_meyeri_190924.haplomerger2.final.gff3,y1000p_pep_files/yHMPu5000034960_hanseniaspora_meyeri_190924.haplomerger2.final.pep,y1000p_cds_files/yHMPu5000034960_hanseniaspora_meyeri_190924.haplomerger2.final.cds.tar.gz,y1000p_genome_files/yHMPu5000034960_hanseniaspora_meyeri_190924.haplomerger2.fas.gz,False
yHMPu5000034961_hanseniaspora_lachancei_170307,final,Hanseniaspora lachancei,y1000p_gff3_files/yHMPu5000034961_hanseniaspora_lachancei_170307.haplomerger2.final.gff3,y1000p_pep_files/yHMPu5000034961_hanseniaspora_lachancei_170307.haplomerger2.final.pep,y1000p_cds_files/yHMPu5000034961_hanseniaspora_lachancei_170307.haplomerger2.final.cds.tar.gz,y1000p_genome_files/yHMPu5000034961_hanseniaspora_lachancei_170307.haplomerger2.fas.gz,False
yHMPu5000034962_hanseniaspora_guilliermondii_170307,final,Hanseniaspora guilliermondii,y1000p_gff3_files/yHMPu5000034962_hanseniaspora_guilliermondii_170307.final.gff3,y1000p_pep_files/yHMPu5000034962_hanseniaspora_guilliermondii_170307.final.pep,y1000p_cds_files/yHMPu5000034962_hanseniaspora_guilliermondii_170307.final.cds.tar.gz,y1000p_genome_files/yHMPu5000034962_hanseniaspora_guilliermondii_170307.fas.gz,False
yHMPu5000034963_hanseniaspora_clermontiae_160519,final,Hanseniaspora clermontiae,y1000p_gff3_files/yHMPu5000034963_hanseniaspora_clermontiae_160519.haplomerger2.final.gff3,y1000p_pep_files/yHMPu5000034963_hanseniaspora_clermontiae_160519.haplomerger2.final.pep,y1000p_cds_files/yHMPu5000034963_hanseniaspora_clermontiae_160519.haplomerger2.final.cds.tar.gz,y1000p_genome_files/yHMPu5000034963_hanseniaspora_clermontiae_160519.haplomerger2.fas.gz,False
yHMPu5000034965_Brettanomyces_naardenensis_SPADES,final,Brettanomyces naardenensis SPADES,y1000p_gff3_files/yHMPu5000034965_Brettanomyces_naardenensis_SPADES.final.gff3,y1000p_pep_files/yHMPu5000034965_Brettanomyces_naardenensis_SPADES.final.pep,y1000p_cds_files/yHMPu5000034965_Brettanomyces_naardenensis_SPADES.final.cds.tar.gz,y1000p_genome_files/yHMPu5000034965_Brettanomyces_naardenensis_SPADES.fas.gz,False
yHMPu5000034966_cyberlindnera_sargentensis_160519,final,Cyberlindnera sargentensis,y1000p_gff3_files/yHMPu5000034966_cyberlindnera_sargentensis_160519.final.gff3,y1000p_pep_files/yHMPu5000034966_cyberlindnera_sargentensis_160519.final.pep,y1000p_cds_files/yHMPu5000034966_cyberlindnera_sargentensis_160519.final.cds.tar.gz,y1000p_genome_files/yHMPu5000034966_cyberlindnera_sargentensis_160519.fas.gz,False
yHMPu5000034967_candida_freyschussii_160519,final,Candida freyschussii,y1000p_gff3_files/yHMPu5000034967_candida_freyschussii_160519.final.gff3,y1000p_pep_files/yHMPu5000034967_candida_freyschussii_160519.final.pep,y1000p_cds_files/yHMPu5000034967_candida_freyschussii_160519.final.cds.tar.gz,y1000p_genome_files/yHMPu5000034967_candida_freyschussii_160519.fas.gz,False
yHMPu5000034968_candida_maritima_160519,final,Candida maritima,y1000p_gff3_files/yHMPu5000034968_candida_maritima_160519.final.gff3,y1000p_pep_files/yHMPu5000034968_candida_maritima_160519.final.pep,y1000p_cds_files/yHMPu5000034968_candida_maritima_160519.final.cds.tar.gz,y1000p_genome_files/yHMPu5000034968_candida_maritima_160519.fas.gz,False
yHMPu5000034969_candida_sp_160519,final,Candida sp,y1000p_gff3_files/yHMPu5000034969_candida_sp_160519.haplomerger2.final.gff3,y1000p_pep_files/yHMPu5000034969_candida_sp_160519.haplomerger2.final.pep,y1000p_cds_files/yHMPu5000034969_candida_sp_160519.haplomerger2.final.cds.tar.gz,y1000p_genome_files/yHMPu5000034969_candida_sp_160519.haplomerger2.fas.gz,False
yHMPu5000034970_Candida_sp._SPAdes,final,Candida sp. SPAdes,y1000p_gff3_files/yHMPu5000034970_Candida_sp._SPAdes.final.gff3,y1000p_pep_files/yHMPu5000034970_Candida_sp._SPAdes.final.pep,,,False
yHMPu5000034970_Candida_sp_SPAdes,final,Candida sp SPAdes,,,y1000p_cds_files/yHMPu5000034970_Candida_sp_SPAdes.final.cds.tar.gz,y1000p_genome_files/yHMPu5000034970_Candida_sp_SPAdes.fas.gz,False
yHMPu5000034971_candida_sp_160519,final,Candida sp,y1000p_gff3_files/yHMPu5000034971_candida_sp_160519.final.gff3,y1000p_pep_files/yHMPu5000034971_candida_sp_160519.final.pep,y1000p_cds_files/yHMPu5000034971_candida_sp_160519.final.cds.tar.gz,y1000p_genome_files/yHMPu5000034971_candida_sp_160519.fas.gz,False
yHMPu5000034973_danielozyma_ontarioensis_160519,final,Danielozyma ontarioensis,y1000p_gff3_files/yHMPu5000034973_danielozyma_ontarioensis_160519.final.gff3,y1000p_pep_files/yHMPu5000034973_danielozyma_ontarioensis_160519.final.pep,y1000p_cds_files/yHMPu5000034973_danielozyma_ontarioensis_160519.final.cds.tar.gz,y1000p_genome_files/yHMPu5000034973_danielozyma_ontarioensis_160519.fas.gz,False
yHMPu5000034974_deakozyma_indianensis_160519,final,Deakozyma indianensis,y1000p_gff3_files/yHMPu5000034974_deakozyma_indianensis_160519.final.gff3,y1000p_pep_files/yHMPu5000034974_deakozyma_indianensis_160519.final.pep,y1000p_cds_files/yHMPu5000034974_deakozyma_indianensis_160519.final.cds.tar.gz,y1000p_genome_files/yHMPu5000034974_deakozyma_indianensis_160519.fas.gz,False
yHMPu5000034975_dekkera_bruxellensis_160519,final,Dekkera bruxellensis,y1000p_gff3_files/yHMPu5000034975_dekkera_bruxellensis_160519.haplomerger2.final.gff3,y1000p_pep_files/yHMPu5000034975_dekkera_bruxellensis_160519.haplomerger2.final.pep,y1000p_cds_files/yHMPu5000034975_dekkera_bruxellensis_160519.haplomerger2.final.cds.tar.gz,y1000p_genome_files/yHMPu5000034975_dekkera_bruxellensis_160519.haplomerger2.fas.gz,False
yHMPu5000034976_dekkera_anomala_160519,final,Dekkera anomala,y1000p_gff3_files/yHMPu5000034976_dekkera_anomala_160519.haplomerger2.final.gff3,y1000p_pep_files/yHMPu5000034976_dekkera_anomala_160519.haplomerger2.final.pep,y1000p_cds_files/yHMPu5000034976_dekkera_anomala_160519.haplomerger2.final.cds.tar.gz,y1000p_genome_files/yHMPu5000034976_dekkera_anomala_160519.haplomerger2.fas.gz,False
yHMPu5000034978_cyberlindnera_mrakii_160519,final,Cyberlindnera mrakii,y1000p_gff3_files/yHMPu5000034978_cyberlindnera_mrakii_160519.final.gff3,y1000p_pep_files/yHMPu5000034978_cyberlindnera_mrakii_160519.final.pep,y1000p_cds_files/yHMPu5000034978_cyberlindnera_mrakii_160519.final.cds.tar.gz,y1000p_genome_files/yHMPu5000034978_cyberlindnera_mrakii_160519.fas.gz,False
yHMPu5000034979_cyberlindnera_misumaiensis_160519,final,Cyberlindnera misumaiensis,y1000p_gff3_files/yHMPu5000034979_cyberlindnera_misumaiensis_160519.final.gff3,y1000p_pep_files/yHMPu5000034979_cyberlindnera_misumaiensis_160519.final.pep,y1000p_cds_files/yHMPu5000034979_cyberlindnera_misumaiensis_160519.final.cds.tar.gz,y1000p_genome_files/yHMPu5000034979_cyberlindnera_misumaiensis_160519.fas.gz,False
yHMPu5000034980_cyberlindnera_lachancei_160519,final,Cyberlindnera lachancei,y1000p_gff3_files/yHMPu5000034980_cyberlindnera_lachancei_160519.haplomerger2.final.gff3,y1000p_pep_files/yHMPu5000034980_cyberlindnera_lachancei_160519.haplomerger2.final.pep,y1000p_cds_files/yHMPu5000034980_cyberlindnera_lachancei_160519.haplomerger2.final.cds.tar.gz,y1000p_genome_files/yHMPu5000034980_cyberlindnera_lachancei_160519.haplomerger2.fas.gz,False
yHMPu5000034981_cyberlindnera_euphorbiae_160519,final,Cyberlindnera euphorbiae,y1000p_gff3_files/yHMPu5000034981_cyberlindnera_euphorbiae_160519.haplomerger2.final.gff3,y1000p_pep_files/yHMPu5000034981_cyberlindnera_euphorbiae_160519.haplomerger2.final.pep,y1000p_cds_files/yHMPu5000034981_cyberlindnera_euphorbiae_160519.haplomerger2.final.cds.tar.gz,y1000p_genome_files/yHMPu5000034981_cyberlindnera_euphorbiae_160519.haplomerger2.fas.gz,False
yHMPu5000034982_candida_ubatubensis_160519,final,Candida ubatubensis,y1000p_gff3_files/yHMPu5000034982_candida_ubatubensis_160519.final.gff3,y1000p_pep_files/yHMPu5000034982_candida_ubatubensis_160519.final.pep,y1000p_cds_files/yHMPu5000034982_candida_ubatubensis_160519.final.cds.tar.gz,y1000p_genome_files/yHMPu5000034982_candida_ubatubensis_160519.fas.gz,False
yHMPu5000034983_candida_tsuchiyae_210210,final,Candida tsuchiyae,y1000p_gff3_files/yHMPu5000034983_candida_tsuchiyae_210210.final.gff3,y1000p_pep_files/yHMPu5000034983_candida_tsuchiyae_210210.final.pep,y1000p_cds_files/yHMPu5000034983_candida_tsuchiyae_210210.final.cds.tar.gz,y1000p_genome_files/yHMPu5000034983_candida_tsuchiyae_210210.fas.gz,False
yHMPu5000034984_candida_sharkiensis_160519,final,Candida sharkiensis,y1000p_gff3_files/yHMPu5000034984_candida_sharkiensis_160519.final.gff3,y1000p_pep_files/yHMPu5000034984_candida_sharkiensis_160519.final.pep,y1000p_cds_files/yHMPu5000034984_candida_sharkiensis_160519.final.cds.tar.gz,y1000p_genome_files/yHMPu5000034984_candida_sharkiensis_160519.fas.gz,False
yHMPu5000034985_candida_pseudointermedia_160613,final,Candida pseudointermedia,y1000p_gff3_files/yHMPu5000034985_candida_pseudointermedia_160613.final.gff3,y1000p_pep_files/yHMPu5000034985_candida_pseudointermedia_160613.final.pep,y1000p_cds_files/yHMPu5000034985_candida_pseudointermedia_160613.final.cds.tar.gz,y1000p_genome_files/yHMPu5000034985_candida_pseudointermedia_160613.fas.gz,False
yHMPu5000034986_candida_oregonensis_160519,final,Candida oregonensis,y1000p_gff3_files/yHMPu5000034986_candida_oregonensis_160519.final.gff3,y1000p_pep_files/yHMPu5000034986_candida_oregonensis_160519.final.pep,y1000p_cds_files/yHMPu5000034986_candida_oregonensis_160519.final.cds.tar.gz,y1000p_genome_files/yHMPu5000034986_candida_oregonensis_160519.fas.gz,False
yHMPu5000034987_candida_intermedia_160519,final,Candida intermedia,y1000p_gff3_files/yHMPu5000034987_candida_intermedia_160519.final.gff3,y1000p_pep_files/yHMPu5000034987_candida_intermedia_160519.final.pep,y1000p_cds_files/yHMPu5000034987_candida_intermedia_160519.final.cds.tar.gz,y1000p_genome_files/yHMPu5000034987_candida_intermedia_160519.fas.gz,False
yHMPu5000034988_candida_fructus_160519,final,Candida fructus,y1000p_gff3_files/yHMPu5000034988_candida_fructus_160519.final.gff3,y1000p_pep_files/yHMPu5000034988_candida_fructus_160519.final.pep,y1000p_cds_files/yHMPu5000034988_candida_fructus_160519.final.cds.tar.gz,y1000p_genome_files/yHMPu5000034988_candida_fructus_160519.fas.gz,False
yHMPu5000034989_candida_duobushaemulonii_160519,final,Candida duobushaemulonii,y1000p_gff3_files/yHMPu5000034989_candida_duobushaemulonii_160519.final.gff3,y1000p_pep_files/yHMPu5000034989_candida_duobushaemulonii_160519.final.pep,y1000p_cds_files/yHMPu5000034989_candida_duobushaemulonii_160519.final.cds.tar.gz,y1000p_genome_files/yHMPu5000034989_candida_duobushaemulonii_160519.fas.gz,False
yHMPu5000034990_Candida_corydali_SPADES,final,Candida corydali SPADES,y1000p_gff3_files/yHMPu5000034990_Candida_corydali_SPADES.final.gff3,y1000p_pep_files/yHMPu5000034990_Candida_corydali_SPADES.final.pep,y1000p_cds_files/yHMPu5000034990_Candida_corydali_SPADES.final.cds.tar.gz,y1000p_genome_files/yHMPu5000034990_Candida_corydali_SPADES.fas.gz,False
yHMPu5000034991_candida_dubliniensis_190924,final,Candida dubliniensis,y1000p_gff3_files/yHMPu5000034991_candida_dubliniensis_190924.haplomerger2.final.gff3,y1000p_pep_files/yHMPu5000034991_candida_dubliniensis_190924.haplomerger2.final.pep,y1000p_cds_files/yHMPu5000034991_candida_dubliniensis_190924.haplomerger2.final.cds.tar.gz,y1000p_genome_files/yHMPu5000034991_candida_dubliniensis_190924.haplomerger2.fas.gz,False
yHMPu5000034992_candida_maltosa_190924,final,Candida maltosa,y1000p_gff3_files/yHMPu5000034992_candida_maltosa_190924.haplomerger2.final.gff3,y1000p_pep_files/yHMPu5000034992_candida_maltosa_190924.haplomerger2.final.pep,y1000p_cds_files/yHMPu5000034992_candida_maltosa_190924.haplomerger2.final.cds.tar.gz,y1000p_genome_files/yHMPu5000034992_candida_maltosa_190924.haplomerger2.fas.gz,False
yHMPu5000034993_candida_metapsilosis_170307,final,Candida metapsilosis,y1000p_gff3_files/yHMPu5000034993_candida_metapsilosis_170307.haplomerger2.final.gff3,y1000p_pep_files/yHMPu5000034993_candida_metapsilosis_170307.haplomerger2.final.pep,y1000p_cds_files/yHMPu5000034993_candida_metapsilosis_170307.haplomerger2.final.cds.tar.gz,y1000p_genome_files/yHMPu5000034993_candida_metapsilosis_170307.haplomerger2.fas.gz,False
yHMPu5000034994_candida_neerlandica_190924,final,Candida neerlandica,y1000p_gff3_files/yHMPu5000034994_candida_neerlandica_190924.final.gff3,y1000p_pep_files/yHMPu5000034994_candida_neerlandica_190924.final.pep,y1000p_cds_files/yHMPu5000034994_candida_neerlandica_190924.final.cds.tar.gz,y1000p_genome_files/yHMPu5000034994_candida_neerlandica_190924.fas.gz,False
yHMPu5000034995_candida_parapsilosis_170307,final,Candida parapsilosis,y1000p_gff3_files/yHMPu5000034995_candida_parapsilosis_170307.final.gff3,y1000p_pep_files/yHMPu5000034995_candida_parapsilosis_170307.final.pep,y1000p_cds_files/yHMPu5000034995_candida_parapsilosis_170307.final.cds.tar.gz,y1000p_genome_files/yHMPu5000034995_candida_parapsilosis_170307.fas.gz,False
yHMPu5000034996_candida_sojae_SPADES,final,Candida sojae SPADES,y1000p_gff3_files/yHMPu5000034996_candida_sojae_SPADES.final.gff3,y1000p_pep_files/yHMPu5000034996_candida_sojae_SPADES.final.pep,y1000p_cds_files/yHMPu5000034996_candida_sojae_SPADES.final.cds.tar.gz,y1000p_genome_files/yHMPu5000034996_candida_sojae_SPADES.fas.gz,False
yHMPu5000034997_candida_tropicalis_160519,final,Candida tropicalis,y1000p_gff3_files/yHMPu5000034997_candida_tropicalis_160519.haplomerger2.final.gff3,y1000p_pep_files/yHMPu5000034997_candida_tropicalis_160519.haplomerger2.final.pep,y1000p_cds_files/yHMPu5000034997_candida_tropicalis_160519.haplomerger2.final.cds.tar.gz,y1000p_genome_files/yHMPu5000034997_candida_tropicalis_160519.haplomerger2.fas.gz,False
yHMPu5000034998_cephaloascus_albidus_160519,final,Cephaloascus albidus,y1000p_gff3_files/yHMPu5000034998_cephaloascus_albidus_160519.haplomerger2.final.gff3,y1000p_pep_files/yHMPu5000034998_cephaloascus_albidus_160519.haplomerger2.final.pep,y1000p_cds_files/yHMPu5000034998_cephaloascus_albidus_160519.haplomerger2.final.cds.tar.gz,y1000p_genome_files/yHMPu5000034998_cephaloascus_albidus_160519.haplomerger2.fas.gz,False
yHMPu5000034999_cephaloascus_fragrans_160519,final,Cephaloascus fragrans,y1000p_gff3_files/yHMPu5000034999_cephaloascus_fragrans_160519.final.gff3,y1000p_pep_files/yHMPu5000034999_cephaloascus_fragrans_160519.final.pep,y1000p_cds_files/yHMPu5000034999_cephaloascus_fragrans_160519.final.cds.tar.gz,y1000p_genome_files/yHMPu5000034999_cephaloascus_fragrans_160519.fas.gz,False
yHMPu5000035002_candida_buenavistaensis_160519,final,Candida buenavistaensis,y1000p_gff3_files/yHMPu5000035002_candida_buenavistaensis_160519.haplomerger2.final.gff3,y1000p_pep_files/yHMPu5000035002_candida_buenavistaensis_160519.haplomerger2.final.pep,y1000p_cds_files/yHMPu5000035002_candida_buenavistaensis_160519.haplomerger2.final.cds.tar.gz,y1000p_genome_files/yHMPu5000035002_candida_buenavistaensis_160519.haplomerger2.fas.gz,False
yHMPu5000035003_candida_bohiensis_160519,final,Candida bohiensis,y1000p_gff3_files/yHMPu5000035003_candida_bohiensis_160519.final.gff3,y1000p_pep_files/yHMPu5000035003_candida_bohiensis_160519.final.pep,y1000p_cds_files/yHMPu5000035003_candida_bohiensis_160519.final.cds.tar.gz,y1000p_genome_files/yHMPu5000035003_candida_bohiensis_160519.fas.gz,False
yHMPu5000035004_candida_albicans_190924,final,Candida albicans,y1000p_gff3_files/yHMPu5000035004_candida_albicans_190924.final.gff3,y1000p_pep_files/yHMPu5000035004_candida_albicans_190924.final.pep,y1000p_cds_files/yHMPu5000035004_candida_albicans_190924.final.cds.tar.gz,y1000p_genome_files/yHMPu5000035004_candida_albicans_190924.fas.gz,False
yHMPu5000035005_lodderomyces_elongisporus_160519,final,Lodderomyces elongisporus,y1000p_gff3_files/yHMPu5000035005_lodderomyces_elongisporus_160519.haplomerger2.final.gff3,y1000p_pep_files/yHMPu5000035005_lodderomyces_elongisporus_160519.haplomerger2.final.pep,y1000p_cds_files/yHMPu5000035005_lodderomyces_elongisporus_160519.haplomerger2.final.cds.tar.gz,y1000p_genome_files/yHMPu5000035005_lodderomyces_elongisporus_160519.haplomerger2.fas.gz,False
yHMPu5000035006_candida_xylopsoci_160519,final,Candida xylopsoci,y1000p_gff3_files/yHMPu5000035006_candida_xylopsoci_160519.final.gff3,y1000p_pep_files/yHMPu5000035006_candida_xylopsoci_160519.final.pep,y1000p_cds_files/yHMPu5000035006_candida_xylopsoci_160519.final.cds.tar.gz,y1000p_genome_files/yHMPu5000035006_candida_xylopsoci_160519.fas.gz,False
yHMPu5000035007_candida_wounanorum_170307,final,Candida wounanorum,y1000p_gff3_files/yHMPu5000035007_candida_wounanorum_170307.final.gff3,y1000p_pep_files/yHMPu5000035007_candida_wounanorum_170307.final.pep,y1000p_cds_files/yHMPu5000035007_candida_wounanorum_170307.final.cds.tar.gz,y1000p_genome_files/yHMPu5000035007_candida_wounanorum_170307.fas.gz,False
yHMPu5000035008_candida_vadensis_160519,final,Candida vadensis,y1000p_gff3_files/yHMPu5000035008_candida_vadensis_160519.final.gff3,y1000p_pep_files/yHMPu5000035008_candida_vadensis_160519.final.pep,y1000p_cds_files/yHMPu5000035008_candida_vadensis_160519.final.cds.tar.gz,y1000p_genome_files/yHMPu5000035008_candida_vadensis_160519.fas.gz,False
yHMPu5000035009_candida_terraborum_160519,final,Candida terraborum,y1000p_gff3_files/yHMPu5000035009_candida_terraborum_160519.final.gff3,y1000p_pep_files/yHMPu5000035009_candida_terraborum_160519.final.pep,y1000p_cds_files/yHMPu5000035009_candida_terraborum_160519.final.cds.tar.gz,y1000p_genome_files/yHMPu5000035009_candida_terraborum_160519.fas.gz,False
yHMPu5000035010_candida_tanzawaensis_190924,final,Candida tanzawaensis,y1000p_gff3_files/yHMPu5000035010_candida_tanzawaensis_190924.final.gff3,y1000p_pep_files/yHMPu5000035010_candida_tanzawaensis_190924.final.pep,y1000p_cds_files/yHMPu5000035010_candida_tanzawaensis_190924.final.cds.tar.gz,y1000p_genome_files/yHMPu5000035010_candida_tanzawaensis_190924.fas.gz,False
yHMPu5000035011_candida_pyralidae_160519,final,Candida pyralidae,y1000p_gff3_files/yHMPu5000035011_candida_pyralidae_160519.final.gff3,y1000p_pep_files/yHMPu5000035011_candida_pyralidae_160519.final.pep,y1000p_cds_files/yHMPu5000035011_candida_pyralidae_160519.final.cds.tar.gz,y1000p_genome_files/yHMPu5000035011_candida_pyralidae_160519.fas.gz,False
yHMPu5000035012_candida_prunicola_160519,final,Candida prunicola,y1000p_gff3_files/yHMPu5000035012_candida_prunicola_160519.final.gff3,y1000p_pep_files/yHMPu5000035012_candida_prunicola_160519.final.pep,y1000p_cds_files/yHMPu5000035012_candida_prunicola_160519.final.cds.tar.gz,y1000p_genome_files/yHMPu5000035012_candida_prunicola_160519.fas.gz,False
yHMPu5000035013_candida_panamericana_160519,final,Candida panamericana,y1000p_gff3_files/yHMPu5000035013_candida_panamericana_160519.final.gff3,y1000p_pep_files/yHMPu5000035013_candida_panamericana_160519.final.pep,y1000p_cds_files/yHMPu5000035013_candida_panamericana_160519.final.cds.tar.gz,y1000p_genome_files/yHMPu5000035013_candida_panamericana_160519.fas.gz,False
yHMPu5000035014_candida_atakaporum_190924,final,Candida atakaporum,y1000p_gff3_files/yHMPu5000035014_candida_atakaporum_190924.final.gff3,y1000p_pep_files/yHMPu5000035014_candida_atakaporum_190924.final.pep,y1000p_cds_files/yHMPu5000035014_candida_atakaporum_190924.final.cds.tar.gz,y1000p_genome_files/yHMPu5000035014_candida_atakaporum_190924.fas.gz,False
yHMPu5000035015_candida_bokatorum_160519,final,Candida bokatorum,y1000p_gff3_files/yHMPu5000035015_candida_bokatorum_160519.final.gff3,y1000p_pep_files/yHMPu5000035015_candida_bokatorum_160519.final.pep,y1000p_cds_files/yHMPu5000035015_candida_bokatorum_160519.final.cds.tar.gz,y1000p_genome_files/yHMPu5000035015_candida_bokatorum_160519.fas.gz,False
yHMPu5000035016_candida_bolitotheri_160519,final,Candida bolitotheri,y1000p_gff3_files/yHMPu5000035016_candida_bolitotheri_160519.final.gff3,y1000p_pep_files/yHMPu5000035016_candida_bolitotheri_160519.final.pep,y1000p_cds_files/yHMPu5000035016_candida_bolitotheri_160519.final.cds.tar.gz,y1000p_genome_files/yHMPu5000035016_candida_bolitotheri_160519.fas.gz,False
yHMPu5000035017_candida_bribrorum_160519,final,Candida bribrorum,y1000p_gff3_files/yHMPu5000035017_candida_bribrorum_160519.final.gff3,y1000p_pep_files/yHMPu5000035017_candida_bribrorum_160519.final.pep,y1000p_cds_files/yHMPu5000035017_candida_bribrorum_160519.final.cds.tar.gz,y1000p_genome_files/yHMPu5000035017_candida_bribrorum_160519.fas.gz,False
yHMPu5000035018_candida_canberraensis_160519,final,Candida canberraensis,y1000p_gff3_files/yHMPu5000035018_candida_canberraensis_160519.final.gff3,y1000p_pep_files/yHMPu5000035018_candida_canberraensis_160519.final.pep,y1000p_cds_files/yHMPu5000035018_candida_canberraensis_160519.final.cds.tar.gz,y1000p_genome_files/yHMPu5000035018_candida_canberraensis_160519.fas.gz,False
yHMPu5000035019_candida_caryicola_160519,final,Candida caryicola,y1000p_gff3_files/yHMPu5000035019_candida_caryicola_160519.final.gff3,y1000p_pep_files/yHMPu5000035019_candida_caryicola_160519.final.pep,y1000p_cds_files/yHMPu5000035019_candida_caryicola_160519.final.cds.tar.gz,y1000p_genome_files/yHMPu5000035019_candida_caryicola_160519.fas.gz,False
yHMPu5000035020_Candida_chickasaworum_SPADES,final,Candida chickasaworum SPADES,y1000p_gff3_files/yHMPu5000035020_Candida_chickasaworum_SPADES.final.gff3,y1000p_pep_files/yHMPu5000035020_Candida_chickasaworum_SPADES.final.pep,y1000p_cds_files/yHMPu5000035020_Candida_chickasaworum_SPADES.final.cds.tar.gz,y1000p_genome_files/yHMPu5000035020_Candida_chickasaworum_SPADES.fas.gz,False
yHMPu5000035021_candida_choctaworum_160519,final,Candida choctaworum,y1000p_gff3_files/yHMPu5000035021_candida_choctaworum_160519.final.gff3,y1000p_pep_files/yHMPu5000035021_candida_choctaworum_160519.final.pep,y1000p_cds_files/yHMPu5000035021_candida_choctaworum_160519.final.cds.tar.gz,y1000p_genome_files/yHMPu5000035021_candida_choctaworum_160519.fas.gz,False
yHMPu5000035022_candida_emberorum_160519,final,Candida emberorum,y1000p_gff3_files/yHMPu5000035022_candida_emberorum_160519.final.gff3,y1000p_pep_files/yHMPu5000035022_candida_emberorum_160519.final.pep,y1000p_cds_files/yHMPu5000035022_candida_emberorum_160519.final.cds.tar.gz,y1000p_genome_files/yHMPu5000035022_candida_emberorum_160519.fas.gz,False
yHMPu5000035023_candida_guaymorum_160519,final,Candida guaymorum,y1000p_gff3_files/yHMPu5000035023_candida_guaymorum_160519.final.gff3,y1000p_pep_files/yHMPu5000035023_candida_guaymorum_160519.final.pep,y1000p_cds_files/yHMPu5000035023_candida_guaymorum_160519.final.cds.tar.gz,y1000p_genome_files/yHMPu5000035023_candida_guaymorum_160519.fas.gz,False
yHMPu5000035024_Candida_kunorum_SPADES,final,Candida kunorum SPADES,y1000p_gff3_files/yHMPu5000035024_Candida_kunorum_SPADES.final.gff3,y1000p_pep_files/yHMPu5000035024_Candida_kunorum_SPADES.final.pep,y1000p_cds_files/yHMPu5000035024_Candida_kunorum_SPADES.final.cds.tar.gz,y1000p_genome_files/yHMPu5000035024_Candida_kunorum_SPADES.fas.gz,False
yHMPu5000035025_candida_maxii_160519,final,Candida maxii,y1000p_gff3_files/yHMPu5000035025_candida_maxii_160519.final.gff3,y1000p_pep_files/yHMPu5000035025_candida_maxii_160519.final.pep,y1000p_cds_files/yHMPu5000035025_candida_maxii_160519.final.cds.tar.gz,y1000p_genome_files/yHMPu5000035025_candida_maxii_160519.fas.gz,False
yHMPu5000035026_Candida_anneliseae_SPADES,final,Candida anneliseae SPADES,y1000p_gff3_files/yHMPu5000035026_Candida_anneliseae_SPADES.final.gff3,y1000p_pep_files/yHMPu5000035026_Candida_anneliseae_SPADES.final.pep,y1000p_cds_files/yHMPu5000035026_Candida_anneliseae_SPADES.final.cds.tar.gz,y1000p_genome_files/yHMPu5000035026_Candida_anneliseae_SPADES.fas.gz,False
yHMPu5000035027_candida_ambrosiae_160519,final,Candida ambrosiae,y1000p_gff3_files/yHMPu5000035027_candida_ambrosiae_160519.final.gff3,y1000p_pep_files/yHMPu5000035027_candida_ambrosiae_160519.final.pep,y1000p_cds_files/yHMPu5000035027_candida_ambrosiae_160519.final.cds.tar.gz,y1000p_genome_files/yHMPu5000035027_candida_ambrosiae_160519.fas.gz,False
yHMPu5000035028_candida_tritomae_160519,final,Candida tritomae,y1000p_gff3_files/yHMPu5000035028_candida_tritomae_160519.final.gff3,y1000p_pep_files/yHMPu5000035028_candida_tritomae_160519.final.pep,y1000p_cds_files/yHMPu5000035028_candida_tritomae_160519.final.cds.tar.gz,y1000p_genome_files/yHMPu5000035028_candida_tritomae_160519.fas.gz,False
yHMPu5000035030_Candida_lycoperdinae__SPADES,final,Candida lycoperdinae SPADES,y1000p_gff3_files/yHMPu5000035030_Candida_lycoperdinae__SPADES.final.gff3,y1000p_pep_files/yHMPu5000035030_Candida_lycoperdinae__SPADES.final.pep,y1000p_cds_files/yHMPu5000035030_Candida_lycoperdinae__SPADES.final.cds.tar.gz,y1000p_genome_files/yHMPu5000035030_Candida_lycoperdinae__SPADES.fas.gz,False
yHMPu5000035031_Candida_kruisii_SPADES,final,Candida kruisii SPADES,y1000p_gff3_files/yHMPu5000035031_Candida_kruisii_SPADES.final.gff3,y1000p_pep_files/yHMPu5000035031_Candida_kruisii_SPADES.final.pep,y1000p_cds_files/yHMPu5000035031_Candida_kruisii_SPADES.final.cds.tar.gz,y1000p_genome_files/yHMPu5000035031_Candida_kruisii_SPADES.fas.gz,False
yHMPu5000035032_candida_gatunensis_160519,final,Candida gatunensis,y1000p_gff3_files/yHMPu5000035032_candida_gatunensis_160519.final.gff3,y1000p_pep_files/yHMPu5000035032_candida_gatunensis_160519.final.pep,y1000p_cds_files/yHMPu5000035032_candida_gatunensis_160519.final.cds.tar.gz,y1000p_genome_files/yHMPu5000035032_candida_gatunensis_160519.fas.gz,False
yHMPu5000035033_candida_cretensis_160519,final,Candida cretensis,y1000p_gff3_files/yHMPu5000035033_candida_cretensis_160519.final.gff3,y1000p_pep_files/yHMPu5000035033_candida_cretensis_160519.final.pep,y1000p_cds_files/yHMPu5000035033_candida_cretensis_160519.final.cds.tar.gz,y1000p_genome_files/yHMPu5000035033_candida_cretensis_160519.fas.gz,False
yHMPu5000035034_candida_barrocoloradensis_160519,final,Candida barrocoloradensis,y1000p_gff3_files/yHMPu5000035034_candida_barrocoloradensis_160519.final.gff3,y1000p_pep_files/yHMPu5000035034_candida_barrocoloradensis_160519.final.pep,y1000p_cds_files/yHMPu5000035034_candida_barrocoloradensis_160519.final.cds.tar.gz,y1000p_genome_files/yHMPu5000035034_candida_barrocoloradensis_160519.fas.gz,False
yHMPu5000035035_candida_atbi_160519,final,Candida atbi,y1000p_gff3_files/yHMPu5000035035_candida_atbi_160519.final.gff3,y1000p_pep_files/yHMPu5000035035_candida_atbi_160519.final.pep,y1000p_cds_files/yHMPu5000035035_candida_atbi_160519.final.cds.tar.gz,y1000p_genome_files/yHMPu5000035035_candida_atbi_160519.fas.gz,False
yHMPu5000035037_candida_montana_160519,final,Candida montana,y1000p_gff3_files/yHMPu5000035037_candida_montana_160519.final.gff3,y1000p_pep_files/yHMPu5000035037_candida_montana_160519.final.pep,y1000p_cds_files/yHMPu5000035037_candida_montana_160519.final.cds.tar.gz,y1000p_genome_files/yHMPu5000035037_candida_montana_160519.fas.gz,False
yHMPu5000035038_ambrosiozyma_kashinagacola_160519,final,Ambrosiozyma kashinagacola,y1000p_gff3_files/yHMPu5000035038_ambrosiozyma_kashinagacola_160519.final.gff3,y1000p_pep_files/yHMPu5000035038_ambrosiozyma_kashinagacola_160519.final.pep,y1000p_cds_files/yHMPu5000035038_ambrosiozyma_kashinagacola_160519.final.cds.tar.gz,y1000p_genome_files/yHMPu5000035038_ambrosiozyma_kashinagacola_160519.fas.gz,False
yHMPu5000035039_ambrosiozyma_llanquihuensis_160519,final,Ambrosiozyma llanquihuensis,y1000p_gff3_files/yHMPu5000035039_ambrosiozyma_llanquihuensis_160519.haplomerger2.final.gff3,y1000p_pep_files/yHMPu5000035039_ambrosiozyma_llanquihuensis_160519.haplomerger2.final.pep,y1000p_cds_files/yHMPu5000035039_ambrosiozyma_llanquihuensis_160519.haplomerger2.final.cds.tar.gz,y1000p_genome_files/yHMPu5000035039_ambrosiozyma_llanquihuensis_160519.haplomerger2.fas.gz,False
yHMPu5000035040_ambrosiozyma_maleeae_160519,final,Ambrosiozyma maleeae,y1000p_gff3_files/yHMPu5000035040_ambrosiozyma_maleeae_160519.final.gff3,y1000p_pep_files/yHMPu5000035040_ambrosiozyma_maleeae_160519.final.pep,y1000p_cds_files/yHMPu5000035040_ambrosiozyma_maleeae_160519.final.cds.tar.gz,y1000p_genome_files/yHMPu5000035040_ambrosiozyma_maleeae_160519.fas.gz,False
yHMPu5000035041_ambrosiozyma_pseudovanderkliftii_160519,final,Ambrosiozyma pseudovanderkliftii,y1000p_gff3_files/yHMPu5000035041_ambrosiozyma_pseudovanderkliftii_160519.final.gff3,y1000p_pep_files/yHMPu5000035041_ambrosiozyma_pseudovanderkliftii_160519.final.pep,y1000p_cds_files/yHMPu5000035041_ambrosiozyma_pseudovanderkliftii_160519.final.cds.tar.gz,y1000p_genome_files/yHMPu5000035041_ambrosiozyma_pseudovanderkliftii_160519.fas.gz,False
yHMPu5000035043_babjeviella_inositovora_180604,final,Babjeviella inositovora,y1000p_gff3_files/yHMPu5000035043_babjeviella_inositovora_180604.final.gff3,y1000p_pep_files/yHMPu5000035043_babjeviella_inositovora_180604.final.pep,y1000p_cds_files/yHMPu5000035043_babjeviella_inositovora_180604.final.cds.tar.gz,y1000p_genome_files/yHMPu5000035043_babjeviella_inositovora_180604.fas.gz,False
yHMPu5000035044_barnettozyma_californica_160519,final,Barnettozyma californica,y1000p_gff3_files/yHMPu5000035044_barnettozyma_californica_160519.final.gff3,y1000p_pep_files/yHMPu5000035044_barnettozyma_californica_160519.final.pep,y1000p_cds_files/yHMPu5000035044_barnettozyma_californica_160519.final.cds.tar.gz,y1000p_genome_files/yHMPu5000035044_barnettozyma_californica_160519.fas.gz,False
yHMPu5000035045_barnettozyma_hawaiiensis_160613,final,Barnettozyma hawaiiensis,y1000p_gff3_files/yHMPu5000035045_barnettozyma_hawaiiensis_160613.final.gff3,y1000p_pep_files/yHMPu5000035045_barnettozyma_hawaiiensis_160613.final.pep,y1000p_cds_files/yHMPu5000035045_barnettozyma_hawaiiensis_160613.final.cds.tar.gz,y1000p_genome_files/yHMPu5000035045_barnettozyma_hawaiiensis_160613.fas.gz,False
yHMPu5000035046_barnettozyma_populi_160613,final,Barnettozyma populi,y1000p_gff3_files/yHMPu5000035046_barnettozyma_populi_160613.final.gff3,y1000p_pep_files/yHMPu5000035046_barnettozyma_populi_160613.final.pep,y1000p_cds_files/yHMPu5000035046_barnettozyma_populi_160613.final.cds.tar.gz,y1000p_genome_files/yHMPu5000035046_barnettozyma_populi_160613.fas.gz,False
yHMPu5000035047_barnettozyma_pratensis_160519,final,Barnettozyma pratensis,y1000p_gff3_files/yHMPu5000035047_barnettozyma_pratensis_160519.final.gff3,y1000p_pep_files/yHMPu5000035047_barnettozyma_pratensis_160519.final.pep,y1000p_cds_files/yHMPu5000035047_barnettozyma_pratensis_160519.final.cds.tar.gz,y1000p_genome_files/yHMPu5000035047_barnettozyma_pratensis_160519.fas.gz,False
yHMPu5000035048_Barnettozyma_salicaria_SPADES,final,Barnettozyma salicaria SPADES,y1000p_gff3_files/yHMPu5000035048_Barnettozyma_salicaria_SPADES.final.gff3,y1000p_pep_files/yHMPu5000035048_Barnettozyma_salicaria_SPADES.final.pep,y1000p_cds_files/yHMPu5000035048_Barnettozyma_salicaria_SPADES.final.cds.tar.gz,y1000p_genome_files/yHMPu5000035048_Barnettozyma_salicaria_SPADES.fas.gz,False
yHMPu5000035049_Barnettozyma_wickerhamii_SPAdes,final,Barnettozyma wickerhamii SPAdes,y1000p_gff3_files/yHMPu5000035049_Barnettozyma_wickerhamii_SPAdes.haplomerger2.final.gff3,y1000p_pep_files/yHMPu5000035049_Barnettozyma_wickerhamii_SPAdes.haplomerger2.final.pep,y1000p_cds_files/yHMPu5000035049_Barnettozyma_wickerhamii_SPAdes.haplomerger2.final.cds.tar.gz,y1000p_genome_files/yHMPu5000035049_Barnettozyma_wickerhamii_SPAdes.haplomerger2.fas.gz,False
yHMPu5000035242_zygoascus_ofunaensis_160928,final,Zygoascus ofunaensis,y1000p_gff3_files/yHMPu5000035242_zygoascus_ofunaensis_160928.final.gff3,y1000p_pep_files/yHMPu5000035242_zygoascus_ofunaensis_160928.final.pep,y1000p_cds_files/yHMPu5000035242_zygoascus_ofunaensis_160928.final.cds.tar.gz,y1000p_genome_files/yHMPu5000035242_zygoascus_ofunaensis_160928.fas.gz,False
yHMPu5000035243_zygoascus_meyerae_170307,final,Zygoascus meyerae,y1000p_gff3_files/yHMPu5000035243_zygoascus_meyerae_170307.final.gff3,y1000p_pep_files/yHMPu5000035243_zygoascus_meyerae_170307.final.pep,y1000p_cds_files/yHMPu5000035243_zygoascus_meyerae_170307.final.cds.tar.gz,y1000p_genome_files/yHMPu5000035243_zygoascus_meyerae_170307.fas.gz,False
yHMPu5000035244_candida_incommunis_160928,final,Candida incommunis,y1000p_gff3_files/yHMPu5000035244_candida_incommunis_160928.final.gff3,y1000p_pep_files/yHMPu5000035244_candida_incommunis_160928.final.pep,y1000p_cds_files/yHMPu5000035244_candida_incommunis_160928.final.cds.tar.gz,y1000p_genome_files/yHMPu5000035244_candida_incommunis_160928.fas.gz,False
yHMPu5000035245_candida_spencermartinsiae_170307,final,Candida spencermartinsiae,y1000p_gff3_files/yHMPu5000035245_candida_spencermartinsiae_170307.final.gff3,y1000p_pep_files/yHMPu5000035245_candida_spencermartinsiae_170307.final.pep,y1000p_cds_files/yHMPu5000035245_candida_spencermartinsiae_170307.final.cds.tar.gz,y1000p_genome_files/yHMPu5000035245_candida_spencermartinsiae_170307.fas.gz,False
yHMPu5000035246_candida_insectorum_160928,final,Candida insectorum,y1000p_gff3_files/yHMPu5000035246_candida_insectorum_160928.final.gff3,y1000p_pep_files/yHMPu5000035246_candida_insectorum_160928.final.pep,y1000p_cds_files/yHMPu5000035246_candida_insectorum_160928.final.cds.tar.gz,y1000p_genome_files/yHMPu5000035246_candida_insectorum_160928.fas.gz,False
yHMPu5000035247_candida_germanica_170912,final,Candida germanica,y1000p_gff3_files/yHMPu5000035247_candida_germanica_170912.final.gff3,y1000p_pep_files/yHMPu5000035247_candida_germanica_170912.final.pep,y1000p_cds_files/yHMPu5000035247_candida_germanica_170912.final.cds.tar.gz,y1000p_genome_files/yHMPu5000035247_candida_germanica_170912.fas.gz,False
yHMPu5000035248_candida_cerambycidarum_160928,final,Candida cerambycidarum,y1000p_gff3_files/yHMPu5000035248_candida_cerambycidarum_160928.final.gff3,y1000p_pep_files/yHMPu5000035248_candida_cerambycidarum_160928.final.pep,y1000p_cds_files/yHMPu5000035248_candida_cerambycidarum_160928.final.cds.tar.gz,y1000p_genome_files/yHMPu5000035248_candida_cerambycidarum_160928.fas.gz,False
yHMPu5000035249_candida_atmosphaerica_170307,final,Candida atmosphaerica,y1000p_gff3_files/yHMPu5000035249_candida_atmosphaerica_170307.final.gff3,y1000p_pep_files/yHMPu5000035249_candida_atmosphaerica_170307.final.pep,y1000p_cds_files/yHMPu5000035249_candida_atmosphaerica_170307.final.cds.tar.gz,y1000p_genome_files/yHMPu5000035249_candida_atmosphaerica_170307.fas.gz,False
yHMPu5000035250_candida_atlantica_170307,final,Candida atlantica,y1000p_gff3_files/yHMPu5000035250_candida_atlantica_170307.final.gff3,y1000p_pep_files/yHMPu5000035250_candida_atlantica_170307.final.pep,y1000p_cds_files/yHMPu5000035250_candida_atlantica_170307.final.cds.tar.gz,y1000p_genome_files/yHMPu5000035250_candida_atlantica_170307.fas.gz,False
yHMPu5000035251_candida_aaseri_170307,final,Candida aaseri,y1000p_gff3_files/yHMPu5000035251_candida_aaseri_170307.final.gff3,y1000p_pep_files/yHMPu5000035251_candida_aaseri_170307.final.pep,y1000p_cds_files/yHMPu5000035251_candida_aaseri_170307.final.cds.tar.gz,y1000p_genome_files/yHMPu5000035251_candida_aaseri_170307.fas.gz,False
yHMPu5000035252_yamadazyma_nakazawae_170307,final,Yamadazyma nakazawae,y1000p_gff3_files/yHMPu5000035252_yamadazyma_nakazawae_170307.final.gff3,y1000p_pep_files/yHMPu5000035252_yamadazyma_nakazawae_170307.final.pep,y1000p_cds_files/yHMPu5000035252_yamadazyma_nakazawae_170307.final.cds.tar.gz,y1000p_genome_files/yHMPu5000035252_yamadazyma_nakazawae_170307.fas.gz,False
yHMPu5000035254_wickerhamomyces_pijperi_160928,final,Wickerhamomyces pijperi,y1000p_gff3_files/yHMPu5000035254_wickerhamomyces_pijperi_160928.haplomerger2.final.gff3,y1000p_pep_files/yHMPu5000035254_wickerhamomyces_pijperi_160928.haplomerger2.final.pep,y1000p_cds_files/yHMPu5000035254_wickerhamomyces_pijperi_160928.haplomerger2.final.cds.tar.gz,y1000p_genome_files/yHMPu5000035254_wickerhamomyces_pijperi_160928.haplomerger2.fas.gz,False
yHMPu5000035255_wickerhamomyces_rabaulensis_170307,final,Wickerhamomyces rabaulensis,y1000p_gff3_files/yHMPu5000035255_wickerhamomyces_rabaulensis_170307.haplomerger2.final.gff3,y1000p_pep_files/yHMPu5000035255_wickerhamomyces_rabaulensis_170307.haplomerger2.final.pep,y1000p_cds_files/yHMPu5000035255_wickerhamomyces_rabaulensis_170307.haplomerger2.final.cds.tar.gz,y1000p_genome_files/yHMPu5000035255_wickerhamomyces_rabaulensis_170307.haplomerger2.fas.gz,False
yHMPu5000035257_wickerhamomyces_strasburgensis_170307,final,Wickerhamomyces strasburgensis,y1000p_gff3_files/yHMPu5000035257_wickerhamomyces_strasburgensis_170307.haplomerger2.final.gff3,y1000p_pep_files/yHMPu5000035257_wickerhamomyces_strasburgensis_170307.haplomerger2.final.pep,y1000p_cds_files/yHMPu5000035257_wickerhamomyces_strasburgensis_170307.haplomerger2.final.cds.tar.gz,y1000p_genome_files/yHMPu5000035257_wickerhamomyces_strasburgensis_170307.haplomerger2.fas.gz,False
yHMPu5000035258_wickerhamomyces_subpelliculosus_160928,final,Wickerhamomyces subpelliculosus,y1000p_gff3_files/yHMPu5000035258_wickerhamomyces_subpelliculosus_160928.haplomerger2.final.gff3,y1000p_pep_files/yHMPu5000035258_wickerhamomyces_subpelliculosus_160928.haplomerger2.final.pep,y1000p_cds_files/yHMPu5000035258_wickerhamomyces_subpelliculosus_160928.haplomerger2.final.cds.tar.gz,y1000p_genome_files/yHMPu5000035258_wickerhamomyces_subpelliculosus_160928.haplomerger2.fas.gz,False
yHMPu5000035259_wickerhamomyces_sydowiorum_170307,final,Wickerhamomyces sydowiorum,y1000p_gff3_files/yHMPu5000035259_wickerhamomyces_sydowiorum_170307.haplomerger2.final.gff3,y1000p_pep_files/yHMPu5000035259_wickerhamomyces_sydowiorum_170307.haplomerger2.final.pep,y1000p_cds_files/yHMPu5000035259_wickerhamomyces_sydowiorum_170307.haplomerger2.final.cds.tar.gz,y1000p_genome_files/yHMPu5000035259_wickerhamomyces_sydowiorum_170307.haplomerger2.fas.gz,False
yHMPu5000035260_candida_peoriensis_170713,final,Candida peoriensis,y1000p_gff3_files/yHMPu5000035260_candida_peoriensis_170713.final.gff3,y1000p_pep_files/yHMPu5000035260_candida_peoriensis_170713.final.pep,y1000p_cds_files/yHMPu5000035260_candida_peoriensis_170713.final.cds.tar.gz,y1000p_genome_files/yHMPu5000035260_candida_peoriensis_170713.fas.gz,False
yHMPu5000035261_candida_ponderosae_170307,final,Candida ponderosae,y1000p_gff3_files/yHMPu5000035261_candida_ponderosae_170307.final.gff3,y1000p_pep_files/yHMPu5000035261_candida_ponderosae_170307.final.pep,y1000p_cds_files/yHMPu5000035261_candida_ponderosae_170307.final.cds.tar.gz,y1000p_genome_files/yHMPu5000035261_candida_ponderosae_170307.fas.gz,False
yHMPu5000035262_candida_silvicultrix_170307,final,Candida silvicultrix,y1000p_gff3_files/yHMPu5000035262_candida_silvicultrix_170307.final.gff3,y1000p_pep_files/yHMPu5000035262_candida_silvicultrix_170307.final.pep,y1000p_cds_files/yHMPu5000035262_candida_silvicultrix_170307.final.cds.tar.gz,y1000p_genome_files/yHMPu5000035262_candida_silvicultrix_170307.fas.gz,False
yHMPu5000035263_Candida_solani_SPADES,final,Candida solani SPADES,y1000p_gff3_files/yHMPu5000035263_Candida_solani_SPADES.final.gff3,y1000p_pep_files/yHMPu5000035263_Candida_solani_SPADES.final.pep,y1000p_cds_files/yHMPu5000035263_Candida_solani_SPADES.final.cds.tar.gz,y1000p_genome_files/yHMPu5000035263_Candida_solani_SPADES.fas.gz,False
yHMPu5000035265_Candida_sp_SPADES,final,Candida sp SPADES,y1000p_gff3_files/yHMPu5000035265_Candida_sp_SPADES.final.gff3,y1000p_pep_files/yHMPu5000035265_Candida_sp_SPADES.final.pep,y1000p_cds_files/yHMPu5000035265_Candida_sp_SPADES.final.cds.tar.gz,y1000p_genome_files/yHMPu5000035265_Candida_sp_SPADES.fas.gz,False
yHMPu5000035266_wickerhamomyces_onychis_170307,final,Wickerhamomyces onychis,y1000p_gff3_files/yHMPu5000035266_wickerhamomyces_onychis_170307.haplomerger2.final.gff3,y1000p_pep_files/yHMPu5000035266_wickerhamomyces_onychis_170307.haplomerger2.final.pep,y1000p_cds_files/yHMPu5000035266_wickerhamomyces_onychis_170307.haplomerger2.final.cds.tar.gz,y1000p_genome_files/yHMPu5000035266_wickerhamomyces_onychis_170307.haplomerger2.fas.gz,False
yHMPu5000035267_wickerhamomyces_lynferdii_170307,final,Wickerhamomyces lynferdii,y1000p_gff3_files/yHMPu5000035267_wickerhamomyces_lynferdii_170307.final.gff3,y1000p_pep_files/yHMPu5000035267_wickerhamomyces_lynferdii_170307.final.pep,y1000p_cds_files/yHMPu5000035267_wickerhamomyces_lynferdii_170307.final.cds.tar.gz,y1000p_genome_files/yHMPu5000035267_wickerhamomyces_lynferdii_170307.fas.gz,False
yHMPu5000035268_wickerhamomyces_hampshirensis_160928,final,Wickerhamomyces hampshirensis,y1000p_gff3_files/yHMPu5000035268_wickerhamomyces_hampshirensis_160928.final.gff3,y1000p_pep_files/yHMPu5000035268_wickerhamomyces_hampshirensis_160928.final.pep,y1000p_cds_files/yHMPu5000035268_wickerhamomyces_hampshirensis_160928.final.cds.tar.gz,y1000p_genome_files/yHMPu5000035268_wickerhamomyces_hampshirensis_160928.fas.gz,False
yHMPu5000035269_wickerhamomyces_ciferrii_170307,final,Wickerhamomyces ciferrii,y1000p_gff3_files/yHMPu5000035269_wickerhamomyces_ciferrii_170307.final.gff3,y1000p_pep_files/yHMPu5000035269_wickerhamomyces_ciferrii_170307.final.pep,y1000p_cds_files/yHMPu5000035269_wickerhamomyces_ciferrii_170307.final.cds.tar.gz,y1000p_genome_files/yHMPu5000035269_wickerhamomyces_ciferrii_170307.fas.gz,False
yHMPu5000035270_wickerhamomyces_chambardii_180604,final,Wickerhamomyces chambardii,y1000p_gff3_files/yHMPu5000035270_wickerhamomyces_chambardii_180604.haplomerger2.final.gff3,y1000p_pep_files/yHMPu5000035270_wickerhamomyces_chambardii_180604.haplomerger2.final.pep,y1000p_cds_files/yHMPu5000035270_wickerhamomyces_chambardii_180604.haplomerger2.final.cds.tar.gz,y1000p_genome_files/yHMPu5000035270_wickerhamomyces_chambardii_180604.haplomerger2.fas.gz,False
yHMPu5000035271_wickerhamomyces_bovis_160928,final,Wickerhamomyces bovis,y1000p_gff3_files/yHMPu5000035271_wickerhamomyces_bovis_160928.final.gff3,y1000p_pep_files/yHMPu5000035271_wickerhamomyces_bovis_160928.final.pep,y1000p_cds_files/yHMPu5000035271_wickerhamomyces_bovis_160928.final.cds.tar.gz,y1000p_genome_files/yHMPu5000035271_wickerhamomyces_bovis_160928.fas.gz,False
yHMPu5000035272_wickerhamomyces_bisporus_170307,final,Wickerhamomyces bisporus,y1000p_gff3_files/yHMPu5000035272_wickerhamomyces_bisporus_170307.final.gff3,y1000p_pep_files/yHMPu5000035272_wickerhamomyces_bisporus_170307.final.pep,y1000p_cds_files/yHMPu5000035272_wickerhamomyces_bisporus_170307.final.cds.tar.gz,y1000p_genome_files/yHMPu5000035272_wickerhamomyces_bisporus_170307.fas.gz,False
yHMPu5000035273_wickerhamomyces_anomalus_180604,final,Wickerhamomyces anomalus,y1000p_gff3_files/yHMPu5000035273_wickerhamomyces_anomalus_180604.haplomerger2.final.gff3,y1000p_pep_files/yHMPu5000035273_wickerhamomyces_anomalus_180604.haplomerger2.final.pep,y1000p_cds_files/yHMPu5000035273_wickerhamomyces_anomalus_180604.haplomerger2.final.cds.tar.gz,y1000p_genome_files/yHMPu5000035273_wickerhamomyces_anomalus_180604.haplomerger2.fas.gz,False
yHMPu5000035274_wickerhamomyces_alni_170307,final,Wickerhamomyces alni,y1000p_gff3_files/yHMPu5000035274_wickerhamomyces_alni_170307.final.gff3,y1000p_pep_files/yHMPu5000035274_wickerhamomyces_alni_170307.final.pep,y1000p_cds_files/yHMPu5000035274_wickerhamomyces_alni_170307.final.cds.tar.gz,y1000p_genome_files/yHMPu5000035274_wickerhamomyces_alni_170307.fas.gz,False
yHMPu5000035275_candida_vanderwaltii_170307,final,Candida vanderwaltii,y1000p_gff3_files/yHMPu5000035275_candida_vanderwaltii_170307.final.gff3,y1000p_pep_files/yHMPu5000035275_candida_vanderwaltii_170307.final.pep,y1000p_cds_files/yHMPu5000035275_candida_vanderwaltii_170307.final.cds.tar.gz,y1000p_genome_files/yHMPu5000035275_candida_vanderwaltii_170307.fas.gz,False
yHMPu5000035276_Candida_spandovensis_SPADES,final,Candida spandovensis SPADES,y1000p_gff3_files/yHMPu5000035276_Candida_spandovensis_SPADES.final.gff3,y1000p_pep_files/yHMPu5000035276_Candida_spandovensis_SPADES.final.pep,y1000p_cds_files/yHMPu5000035276_Candida_spandovensis_SPADES.final.cds.tar.gz,y1000p_genome_files/yHMPu5000035276_Candida_spandovensis_SPADES.fas.gz,False
yHMPu5000035277_candida_pararugosa_201018,final,Candida pararugosa,y1000p_gff3_files/yHMPu5000035277_candida_pararugosa_201018.final.gff3,y1000p_pep_files/yHMPu5000035277_candida_pararugosa_201018.final.pep,y1000p_cds_files/yHMPu5000035277_candida_pararugosa_201018.final.cds.tar.gz,y1000p_genome_files/yHMPu5000035277_candida_pararugosa_201018.fas.gz,False
yHMPu5000035278_tortispora_phaffii_170713,final,Tortispora phaffii,y1000p_gff3_files/yHMPu5000035278_tortispora_phaffii_170713.final.gff3,y1000p_pep_files/yHMPu5000035278_tortispora_phaffii_170713.final.pep,y1000p_cds_files/yHMPu5000035278_tortispora_phaffii_170713.final.cds.tar.gz,y1000p_genome_files/yHMPu5000035278_tortispora_phaffii_170713.fas.gz,False
yHMPu5000035279_tortispora_starmeri_170307,final,Tortispora starmeri,y1000p_gff3_files/yHMPu5000035279_tortispora_starmeri_170307.final.gff3,y1000p_pep_files/yHMPu5000035279_tortispora_starmeri_170307.final.pep,y1000p_cds_files/yHMPu5000035279_tortispora_starmeri_170307.final.cds.tar.gz,y1000p_genome_files/yHMPu5000035279_tortispora_starmeri_170307.fas.gz,False
yHMPu5000035280_trigonopsis_californica_190924,final,Trigonopsis californica,y1000p_gff3_files/yHMPu5000035280_trigonopsis_californica_190924.final.gff3,y1000p_pep_files/yHMPu5000035280_trigonopsis_californica_190924.final.pep,y1000p_cds_files/yHMPu5000035280_trigonopsis_californica_190924.final.cds.tar.gz,y1000p_genome_files/yHMPu5000035280_trigonopsis_californica_190924.fas.gz,False
yHMPu5000035281_trigonopsis_cantarellii_170307,final,Trigonopsis cantarellii,y1000p_gff3_files/yHMPu5000035281_trigonopsis_cantarellii_170307.final.gff3,y1000p_pep_files/yHMPu5000035281_trigonopsis_cantarellii_170307.final.pep,y1000p_cds_files/yHMPu5000035281_trigonopsis_cantarellii_170307.final.cds.tar.gz,y1000p_genome_files/yHMPu5000035281_trigonopsis_cantarellii_170307.fas.gz,False
yHMPu5000035282_trigonopsis_vinaria_170307,final,Trigonopsis vinaria,y1000p_gff3_files/yHMPu5000035282_trigonopsis_vinaria_170307.final.gff3,y1000p_pep_files/yHMPu5000035282_trigonopsis_vinaria_170307.final.pep,y1000p_cds_files/yHMPu5000035282_trigonopsis_vinaria_170307.final.cds.tar.gz,y1000p_genome_files/yHMPu5000035282_trigonopsis_vinaria_170307.fas.gz,False
yHMPu5000035283_wickerhamiella_lipophila_170713,final,Wickerhamiella lipophila,y1000p_gff3_files/yHMPu5000035283_wickerhamiella_lipophila_170713.final.gff3,y1000p_pep_files/yHMPu5000035283_wickerhamiella_lipophila_170713.final.pep,y1000p_cds_files/yHMPu5000035283_wickerhamiella_lipophila_170713.final.cds.tar.gz,y1000p_genome_files/yHMPu5000035283_wickerhamiella_lipophila_170713.fas.gz,False
yHMPu5000035284_wickerhamiella_occidentalis_170713,final,Wickerhamiella occidentalis,y1000p_gff3_files/yHMPu5000035284_wickerhamiella_occidentalis_170713.final.gff3,y1000p_pep_files/yHMPu5000035284_wickerhamiella_occidentalis_170713.final.pep,y1000p_cds_files/yHMPu5000035284_wickerhamiella_occidentalis_170713.final.cds.tar.gz,y1000p_genome_files/yHMPu5000035284_wickerhamiella_occidentalis_170713.fas.gz,False
yHMPu5000035285_Candida_alocasiicola_SPADES,final,Candida alocasiicola SPADES,y1000p_gff3_files/yHMPu5000035285_Candida_alocasiicola_SPADES.final.gff3,y1000p_pep_files/yHMPu5000035285_Candida_alocasiicola_SPADES.final.pep,y1000p_cds_files/yHMPu5000035285_Candida_alocasiicola_SPADES.final.cds.tar.gz,y1000p_genome_files/yHMPu5000035285_Candida_alocasiicola_SPADES.fas.gz,False
yHMPu5000035286_candida_azyma_170307,final,Candida azyma,y1000p_gff3_files/yHMPu5000035286_candida_azyma_170307.final.gff3,y1000p_pep_files/yHMPu5000035286_candida_azyma_170307.final.pep,y1000p_cds_files/yHMPu5000035286_candida_azyma_170307.final.cds.tar.gz,y1000p_genome_files/yHMPu5000035286_candida_azyma_170307.fas.gz,False
yHMPu5000035287_candida_bombiphila_160928,final,Candida bombiphila,y1000p_gff3_files/yHMPu5000035287_candida_bombiphila_160928.final.gff3,y1000p_pep_files/yHMPu5000035287_candida_bombiphila_160928.final.pep,y1000p_cds_files/yHMPu5000035287_candida_bombiphila_160928.final.cds.tar.gz,y1000p_genome_files/yHMPu5000035287_candida_bombiphila_160928.fas.gz,False
yHMPu5000035289_candida_infanticola_170713,final,Candida infanticola,y1000p_gff3_files/yHMPu5000035289_candida_infanticola_170713.final.gff3,y1000p_pep_files/yHMPu5000035289_candida_infanticola_170713.final.pep,y1000p_cds_files/yHMPu5000035289_candida_infanticola_170713.final.cds.tar.gz,y1000p_genome_files/yHMPu5000035289_candida_infanticola_170713.fas.gz,False
yHMPu5000035290_candida_vaccinii_170307,final,Candida vaccinii,y1000p_gff3_files/yHMPu5000035290_candida_vaccinii_170307.final.gff3,y1000p_pep_files/yHMPu5000035290_candida_vaccinii_170307.final.pep,y1000p_cds_files/yHMPu5000035290_candida_vaccinii_170307.final.cds.tar.gz,y1000p_genome_files/yHMPu5000035290_candida_vaccinii_170307.fas.gz,False
yHMPu5000035291_candida_riodocensis_170307,final,Candida riodocensis,y1000p_gff3_files/yHMPu5000035291_candida_riodocensis_170307.final.gff3,y1000p_pep_files/yHMPu5000035291_candida_riodocensis_170307.final.pep,y1000p_cds_files/yHMPu5000035291_candida_riodocensis_170307.final.cds.tar.gz,y1000p_genome_files/yHMPu5000035291_candida_riodocensis_170307.fas.gz,False
yHMPu5000035292_sporopachydermia_cereana_201018,final,Sporopachydermia cereana,y1000p_gff3_files/yHMPu5000035292_sporopachydermia_cereana_201018.haplomerger2.final.gff3,y1000p_pep_files/yHMPu5000035292_sporopachydermia_cereana_201018.haplomerger2.final.pep,y1000p_cds_files/yHMPu5000035292_sporopachydermia_cereana_201018.haplomerger2.final.cds.tar.gz,y1000p_genome_files/yHMPu5000035292_sporopachydermia_cereana_201018.haplomerger2.fas.gz,False
yHMPu5000035293_saturnispora_diversa_170307,final,Saturnispora diversa,y1000p_gff3_files/yHMPu5000035293_saturnispora_diversa_170307.final.gff3,y1000p_pep_files/yHMPu5000035293_saturnispora_diversa_170307.final.pep,y1000p_cds_files/yHMPu5000035293_saturnispora_diversa_170307.final.cds.tar.gz,y1000p_genome_files/yHMPu5000035293_saturnispora_diversa_170307.fas.gz,False
yHMPu5000035294_candida_fermenticarens_170307,final,Candida fermenticarens,y1000p_gff3_files/yHMPu5000035294_candida_fermenticarens_170307.final.gff3,y1000p_pep_files/yHMPu5000035294_candida_fermenticarens_170307.final.pep,y1000p_cds_files/yHMPu5000035294_candida_fermenticarens_170307.final.cds.tar.gz,y1000p_genome_files/yHMPu5000035294_candida_fermenticarens_170307.fas.gz,False
yHMPu5000035295_priceomyces_melissophilus_201018,final,Priceomyces melissophilus,y1000p_gff3_files/yHMPu5000035295_priceomyces_melissophilus_201018.final.gff3,y1000p_pep_files/yHMPu5000035295_priceomyces_melissophilus_201018.final.pep,y1000p_cds_files/yHMPu5000035295_priceomyces_melissophilus_201018.final.cds.tar.gz,y1000p_genome_files/yHMPu5000035295_priceomyces_melissophilus_201018.fas.gz,False
yHMPu5000035296_priceomyces_carsonii_160928,final,Priceomyces carsonii,y1000p_gff3_files/yHMPu5000035296_priceomyces_carsonii_160928.final.gff3,y1000p_pep_files/yHMPu5000035296_priceomyces_carsonii_160928.final.pep,y1000p_cds_files/yHMPu5000035296_priceomyces_carsonii_160928.final.cds.tar.gz,y1000p_genome_files/yHMPu5000035296_priceomyces_carsonii_160928.fas.gz,False
yHMPu5000035297_priceomyces_castillae_170307,final,Priceomyces castillae,y1000p_gff3_files/yHMPu5000035297_priceomyces_castillae_170307.final.gff3,y1000p_pep_files/yHMPu5000035297_priceomyces_castillae_170307.final.pep,y1000p_cds_files/yHMPu5000035297_priceomyces_castillae_170307.final.cds.tar.gz,y1000p_genome_files/yHMPu5000035297_priceomyces_castillae_170307.fas.gz,False
yHMPu5000035298_candida_californica_170307,final,Candida californica,y1000p_gff3_files/yHMPu5000035298_candida_californica_170307.haplomerger2.final.gff3,y1000p_pep_files/yHMPu5000035298_candida_californica_170307.haplomerger2.final.pep,y1000p_cds_files/yHMPu5000035298_candida_californica_170307.haplomerger2.final.cds.tar.gz,y1000p_genome_files/yHMPu5000035298_candida_californica_170307.haplomerger2.fas.gz,False
yHMPu5000035299_pichia_sp_170307,final,Pichia sp,y1000p_gff3_files/yHMPu5000035299_pichia_sp_170307.final.gff3,y1000p_pep_files/yHMPu5000035299_pichia_sp_170307.final.pep,y1000p_cds_files/yHMPu5000035299_pichia_sp_170307.final.cds.tar.gz,y1000p_genome_files/yHMPu5000035299_pichia_sp_170307.fas.gz,False
yHMPu5000035300_pichia_sp_170307,final,Pichia sp,y1000p_gff3_files/yHMPu5000035300_pichia_sp_170307.final.gff3,y1000p_pep_files/yHMPu5000035300_pichia_sp_170307.final.pep,y1000p_cds_files/yHMPu5000035300_pichia_sp_170307.final.cds.tar.gz,y1000p_genome_files/yHMPu5000035300_pichia_sp_170307.fas.gz,False
yHMPu5000035301_pichia_terricola_170307,final,Pichia terricola,y1000p_gff3_files/yHMPu5000035301_pichia_terricola_170307.final.gff3,y1000p_pep_files/yHMPu5000035301_pichia_terricola_170307.final.pep,y1000p_cds_files/yHMPu5000035301_pichia_terricola_170307.final.cds.tar.gz,y1000p_genome_files/yHMPu5000035301_pichia_terricola_170307.fas.gz,False
yHMPu5000035302_candida_fragi_180604,final,Candida fragi,y1000p_gff3_files/yHMPu5000035302_candida_fragi_180604.final.gff3,y1000p_pep_files/yHMPu5000035302_candida_fragi_180604.final.pep,y1000p_cds_files/yHMPu5000035302_candida_fragi_180604.final.cds.tar.gz,y1000p_genome_files/yHMPu5000035302_candida_fragi_180604.fas.gz,False
yHMPu5000035303_candida_natalensis_201018,final,Candida natalensis,y1000p_gff3_files/yHMPu5000035303_candida_natalensis_201018.final.gff3,y1000p_pep_files/yHMPu5000035303_candida_natalensis_201018.final.pep,y1000p_cds_files/yHMPu5000035303_candida_natalensis_201018.final.cds.tar.gz,y1000p_genome_files/yHMPu5000035303_candida_natalensis_201018.fas.gz,False
yHMPu5000035304_candida_santamariae_180604,final,Candida santamariae,y1000p_gff3_files/yHMPu5000035304_candida_santamariae_180604.final.gff3,y1000p_pep_files/yHMPu5000035304_candida_santamariae_180604.final.pep,y1000p_cds_files/yHMPu5000035304_candida_santamariae_180604.final.cds.tar.gz,y1000p_genome_files/yHMPu5000035304_candida_santamariae_180604.fas.gz,False
yHMPu5000035305_metschnikowia_corniflorae_180604,final,Metschnikowia corniflorae,y1000p_gff3_files/yHMPu5000035305_metschnikowia_corniflorae_180604.haplomerger2.final.gff3,y1000p_pep_files/yHMPu5000035305_metschnikowia_corniflorae_180604.haplomerger2.final.pep,y1000p_cds_files/yHMPu5000035305_metschnikowia_corniflorae_180604.haplomerger2.final.cds.tar.gz,y1000p_genome_files/yHMPu5000035305_metschnikowia_corniflorae_180604.haplomerger2.fas.gz,False
yHMPu5000035306_candida_elateridarum_180604,final,Candida elateridarum,y1000p_gff3_files/yHMPu5000035306_candida_elateridarum_180604.final.gff3,y1000p_pep_files/yHMPu5000035306_candida_elateridarum_180604.final.pep,y1000p_cds_files/yHMPu5000035306_candida_elateridarum_180604.final.cds.tar.gz,y1000p_genome_files/yHMPu5000035306_candida_elateridarum_180604.fas.gz,False
yHMPu5000035307_millerozyma_farinosa_180604,final,Millerozyma farinosa,y1000p_gff3_files/yHMPu5000035307_millerozyma_farinosa_180604.final.gff3,y1000p_pep_files/yHMPu5000035307_millerozyma_farinosa_180604.final.pep,y1000p_cds_files/yHMPu5000035307_millerozyma_farinosa_180604.final.cds.tar.gz,y1000p_genome_files/yHMPu5000035307_millerozyma_farinosa_180604.fas.gz,False
yHMPu5000035308_nadsonia_starkeyi-henricii_180604,final,Nadsonia starkeyi-henricii,y1000p_gff3_files/yHMPu5000035308_nadsonia_starkeyi-henricii_180604.final.gff3,y1000p_pep_files/yHMPu5000035308_nadsonia_starkeyi-henricii_180604.final.pep,y1000p_cds_files/yHMPu5000035308_nadsonia_starkeyi-henricii_180604.final.cds.tar.gz,y1000p_genome_files/yHMPu5000035308_nadsonia_starkeyi-henricii_180604.fas.gz,False
yHMPu5000035309_pichia_scutulata_180604,final,Pichia scutulata,y1000p_gff3_files/yHMPu5000035309_pichia_scutulata_180604.haplomerger2.final.gff3,y1000p_pep_files/yHMPu5000035309_pichia_scutulata_180604.haplomerger2.final.pep,y1000p_cds_files/yHMPu5000035309_pichia_scutulata_180604.haplomerger2.final.cds.tar.gz,y1000p_genome_files/yHMPu5000035309_pichia_scutulata_180604.haplomerger2.fas.gz,False
yHMPu5000035310_ogataea_siamensis_201018,final,Ogataea siamensis,y1000p_gff3_files/yHMPu5000035310_ogataea_siamensis_201018.final.gff3,y1000p_pep_files/yHMPu5000035310_ogataea_siamensis_201018.final.pep,y1000p_cds_files/yHMPu5000035310_ogataea_siamensis_201018.final.cds.tar.gz,y1000p_genome_files/yHMPu5000035310_ogataea_siamensis_201018.fas.gz,False
yHMPu5000035313_pichia_sporocuriosa_170307,final,Pichia sporocuriosa,y1000p_gff3_files/yHMPu5000035313_pichia_sporocuriosa_170307.haplomerger2.final.gff3,y1000p_pep_files/yHMPu5000035313_pichia_sporocuriosa_170307.haplomerger2.final.pep,y1000p_cds_files/yHMPu5000035313_pichia_sporocuriosa_170307.haplomerger2.final.cds.tar.gz,y1000p_genome_files/yHMPu5000035313_pichia_sporocuriosa_170307.haplomerger2.fas.gz,False
yHMPu5000035314_candida_anglica_160928,final,Candida anglica,y1000p_gff3_files/yHMPu5000035314_candida_anglica_160928.final.gff3,y1000p_pep_files/yHMPu5000035314_candida_anglica_160928.final.pep,y1000p_cds_files/yHMPu5000035314_candida_anglica_160928.final.cds.tar.gz,y1000p_genome_files/yHMPu5000035314_candida_anglica_160928.fas.gz,False
yHMPu5000035315_candida_arcana_180604,final,Candida arcana,y1000p_gff3_files/yHMPu5000035315_candida_arcana_180604.final.gff3,y1000p_pep_files/yHMPu5000035315_candida_arcana_180604.final.pep,y1000p_cds_files/yHMPu5000035315_candida_arcana_180604.final.cds.tar.gz,y1000p_genome_files/yHMPu5000035315_candida_arcana_180604.fas.gz,False
yHMPu5000035316_candida_homilentoma_180604,final,Candida homilentoma,y1000p_gff3_files/yHMPu5000035316_candida_homilentoma_180604.final.gff3,y1000p_pep_files/yHMPu5000035316_candida_homilentoma_180604.final.pep,y1000p_cds_files/yHMPu5000035316_candida_homilentoma_180604.final.cds.tar.gz,y1000p_genome_files/yHMPu5000035316_candida_homilentoma_180604.fas.gz,False
yHMPu5000035317_candida_fennica_180604,final,Candida fennica,y1000p_gff3_files/yHMPu5000035317_candida_fennica_180604.final.gff3,y1000p_pep_files/yHMPu5000035317_candida_fennica_180604.final.pep,y1000p_cds_files/yHMPu5000035317_candida_fennica_180604.final.cds.tar.gz,y1000p_genome_files/yHMPu5000035317_candida_fennica_180604.fas.gz,False
yHMPu5000035318_hyphopichia_heimii_180604,final,Hyphopichia heimii,y1000p_gff3_files/yHMPu5000035318_hyphopichia_heimii_180604.final.gff3,y1000p_pep_files/yHMPu5000035318_hyphopichia_heimii_180604.final.pep,y1000p_cds_files/yHMPu5000035318_hyphopichia_heimii_180604.final.cds.tar.gz,y1000p_genome_files/yHMPu5000035318_hyphopichia_heimii_180604.fas.gz,False
yHMPu5000035319_Candida_tartarivorans_S177_SPADES,final,Candida tartarivorans S177 SPADES,y1000p_gff3_files/yHMPu5000035319_Candida_tartarivorans_S177_SPADES.final.gff3,y1000p_pep_files/yHMPu5000035319_Candida_tartarivorans_S177_SPADES.final.pep,y1000p_cds_files/yHMPu5000035319_Candida_tartarivorans_S177_SPADES.final.cds.tar.gz,y1000p_genome_files/yHMPu5000035319_Candida_tartarivorans_S177_SPADES.fas.gz,False
yHMPu5000035320_candida_auringiensis_190924,final,Candida auringiensis,y1000p_gff3_files/yHMPu5000035320_candida_auringiensis_190924.final.gff3,y1000p_pep_files/yHMPu5000035320_candida_auringiensis_190924.final.pep,y1000p_cds_files/yHMPu5000035320_candida_auringiensis_190924.final.cds.tar.gz,y1000p_genome_files/yHMPu5000035320_candida_auringiensis_190924.fas.gz,False
yHMPu5000035322_Diddensiella_transvaalensis_SPADES,final,Diddensiella transvaalensis SPADES,y1000p_gff3_files/yHMPu5000035322_Diddensiella_transvaalensis_SPADES.final.gff3,y1000p_pep_files/yHMPu5000035322_Diddensiella_transvaalensis_SPADES.final.pep,y1000p_cds_files/yHMPu5000035322_Diddensiella_transvaalensis_SPADES.final.cds.tar.gz,y1000p_genome_files/yHMPu5000035322_Diddensiella_transvaalensis_SPADES.fas.gz,False
yHMPu5000035323_diddensiella_santjacobensis_190924,final,Diddensiella santjacobensis,y1000p_gff3_files/yHMPu5000035323_diddensiella_santjacobensis_190924.final.gff3,y1000p_pep_files/yHMPu5000035323_diddensiella_santjacobensis_190924.final.pep,y1000p_cds_files/yHMPu5000035323_diddensiella_santjacobensis_190924.final.cds.tar.gz,y1000p_genome_files/yHMPu5000035323_diddensiella_santjacobensis_190924.fas.gz,False
yHMPu5000035324_cyberlindnera_subsufficiens_A3_201018,final,Cyberlindnera subsufficiens A3,y1000p_gff3_files/yHMPu5000035324_cyberlindnera_subsufficiens_A3_201018.final.gff3,y1000p_pep_files/yHMPu5000035324_cyberlindnera_subsufficiens_A3_201018.final.pep,y1000p_cds_files/yHMPu5000035324_cyberlindnera_subsufficiens_A3_201018.final.cds.tar.gz,y1000p_genome_files/yHMPu5000035324_cyberlindnera_subsufficiens_A3_201018.fas.gz,False
yHMPu5000035325_cyberlindnera_petersonii_180604,final,Cyberlindnera petersonii,y1000p_gff3_files/yHMPu5000035325_cyberlindnera_petersonii_180604.final.gff3,y1000p_pep_files/yHMPu5000035325_cyberlindnera_petersonii_180604.final.pep,y1000p_cds_files/yHMPu5000035325_cyberlindnera_petersonii_180604.final.cds.tar.gz,y1000p_genome_files/yHMPu5000035325_cyberlindnera_petersonii_180604.fas.gz,False
yHMPu5000035327_candida_fluviatilis_190924,final,Candida fluviatilis,y1000p_gff3_files/yHMPu5000035327_candida_fluviatilis_190924.final.gff3,y1000p_pep_files/yHMPu5000035327_candida_fluviatilis_190924.final.pep,y1000p_cds_files/yHMPu5000035327_candida_fluviatilis_190924.final.cds.tar.gz,y1000p_genome_files/yHMPu5000035327_candida_fluviatilis_190924.fas.gz,False
yHMPu5000035328_candida_palmioleophila_180604,final,Candida palmioleophila,y1000p_gff3_files/yHMPu5000035328_candida_palmioleophila_180604.final.gff3,y1000p_pep_files/yHMPu5000035328_candida_palmioleophila_180604.final.pep,y1000p_cds_files/yHMPu5000035328_candida_palmioleophila_180604.final.cds.tar.gz,y1000p_genome_files/yHMPu5000035328_candida_palmioleophila_180604.fas.gz,False
yHMPu5000035329_candida_saitoana_180604,final,Candida saitoana,y1000p_gff3_files/yHMPu5000035329_candida_saitoana_180604.haplomerger2.final.gff3,y1000p_pep_files/yHMPu5000035329_candida_saitoana_180604.haplomerger2.final.pep,y1000p_cds_files/yHMPu5000035329_candida_saitoana_180604.haplomerger2.final.cds.tar.gz,y1000p_genome_files/yHMPu5000035329_candida_saitoana_180604.haplomerger2.fas.gz,False
yHMPu5000035330_candida_entomophila_190924,final,Candida entomophila,y1000p_gff3_files/yHMPu5000035330_candida_entomophila_190924.final.gff3,y1000p_pep_files/yHMPu5000035330_candida_entomophila_190924.final.pep,y1000p_cds_files/yHMPu5000035330_candida_entomophila_190924.final.cds.tar.gz,y1000p_genome_files/yHMPu5000035330_candida_entomophila_190924.fas.gz,False
yHMPu5000035331_candida_ghanaensis_201018,final,Candida ghanaensis,y1000p_gff3_files/yHMPu5000035331_candida_ghanaensis_201018.final.gff3,y1000p_pep_files/yHMPu5000035331_candida_ghanaensis_201018.final.pep,y1000p_cds_files/yHMPu5000035331_candida_ghanaensis_201018.final.cds.tar.gz,y1000p_genome_files/yHMPu5000035331_candida_ghanaensis_201018.fas.gz,False
yHMPu5000035332_candida_insectalens_201018,final,Candida insectalens,y1000p_gff3_files/yHMPu5000035332_candida_insectalens_201018.final.gff3,y1000p_pep_files/yHMPu5000035332_candida_insectalens_201018.final.pep,y1000p_cds_files/yHMPu5000035332_candida_insectalens_201018.final.cds.tar.gz,y1000p_genome_files/yHMPu5000035332_candida_insectalens_201018.fas.gz,False
yHMPu5000035333_candida_silvanorum_170713,final,Candida silvanorum,y1000p_gff3_files/yHMPu5000035333_candida_silvanorum_170713.final.gff3,y1000p_pep_files/yHMPu5000035333_candida_silvanorum_170713.final.pep,y1000p_cds_files/yHMPu5000035333_candida_silvanorum_170713.final.cds.tar.gz,y1000p_genome_files/yHMPu5000035333_candida_silvanorum_170713.fas.gz,False
yHMPu5000035334_clavispora_opuntiae_190924,final,Clavispora opuntiae,y1000p_gff3_files/yHMPu5000035334_clavispora_opuntiae_190924.final.gff3,y1000p_pep_files/yHMPu5000035334_clavispora_opuntiae_190924.final.pep,y1000p_cds_files/yHMPu5000035334_clavispora_opuntiae_190924.final.cds.tar.gz,y1000p_genome_files/yHMPu5000035334_clavispora_opuntiae_190924.fas.gz,False
yHMPu5000035335_candida_blattae_160928,final,Candida blattae,y1000p_gff3_files/yHMPu5000035335_candida_blattae_160928.final.gff3,y1000p_pep_files/yHMPu5000035335_candida_blattae_160928.final.pep,y1000p_cds_files/yHMPu5000035335_candida_blattae_160928.final.cds.tar.gz,y1000p_genome_files/yHMPu5000035335_candida_blattae_160928.fas.gz,False
yHMPu5000035336_cyberlindnera_jadinii_180604,final,Cyberlindnera jadinii,y1000p_gff3_files/yHMPu5000035336_cyberlindnera_jadinii_180604.haplomerger2.final.gff3,y1000p_pep_files/yHMPu5000035336_cyberlindnera_jadinii_180604.haplomerger2.final.pep,y1000p_cds_files/yHMPu5000035336_cyberlindnera_jadinii_180604.haplomerger2.final.cds.tar.gz,y1000p_genome_files/yHMPu5000035336_cyberlindnera_jadinii_180604.haplomerger2.fas.gz,False
yHMPu5000035337_cyberlindnera_mississippiensis_190924,final,Cyberlindnera mississippiensis,y1000p_gff3_files/yHMPu5000035337_cyberlindnera_mississippiensis_190924.final.gff3,y1000p_pep_files/yHMPu5000035337_cyberlindnera_mississippiensis_190924.final.pep,y1000p_cds_files/yHMPu5000035337_cyberlindnera_mississippiensis_190924.final.cds.tar.gz,y1000p_genome_files/yHMPu5000035337_cyberlindnera_mississippiensis_190924.fas.gz,False
yHMPu5000035626_zygosaccharomyces_siamensis_190924,final,Zygosaccharomyces siamensis,y1000p_gff3_files/yHMPu5000035626_zygosaccharomyces_siamensis_190924.final.gff3,y1000p_pep_files/yHMPu5000035626_zygosaccharomyces_siamensis_190924.final.pep,y1000p_cds_files/yHMPu5000035626_zygosaccharomyces_siamensis_190924.final.cds.tar.gz,y1000p_genome_files/yHMPu5000035626_zygosaccharomyces_siamensis_190924.fas.gz,False
yHMPu5000035627_zygosaccharomyces_pseudobailii_201018,final,Zygosaccharomyces pseudobailii,y1000p_gff3_files/yHMPu5000035627_zygosaccharomyces_pseudobailii_201018.haplomerger2.final.gff3,y1000p_pep_files/yHMPu5000035627_zygosaccharomyces_pseudobailii_201018.haplomerger2.final.pep,y1000p_cds_files/yHMPu5000035627_zygosaccharomyces_pseudobailii_201018.haplomerger2.final.cds.tar.gz,y1000p_genome_files/yHMPu5000035627_zygosaccharomyces_pseudobailii_201018.haplomerger2.fas.gz,False
yHMPu5000035629_yueomyces_sinensis_180604,final,Yueomyces sinensis,y1000p_gff3_files/yHMPu5000035629_yueomyces_sinensis_180604.final.gff3,y1000p_pep_files/yHMPu5000035629_yueomyces_sinensis_180604.final.pep,y1000p_cds_files/yHMPu5000035629_yueomyces_sinensis_180604.final.cds.tar.gz,y1000p_genome_files/yHMPu5000035629_yueomyces_sinensis_180604.fas.gz,False
yHMPu5000035630_candida_phangngaensis_170307,final,Candida phangngaensis,y1000p_gff3_files/yHMPu5000035630_candida_phangngaensis_170307.final.gff3,y1000p_pep_files/yHMPu5000035630_candida_phangngaensis_170307.final.pep,y1000p_cds_files/yHMPu5000035630_candida_phangngaensis_170307.final.cds.tar.gz,y1000p_genome_files/yHMPu5000035630_candida_phangngaensis_170307.fas.gz,False
yHMPu5000035631_candida_oslonensis_190924,final,Candida oslonensis,y1000p_gff3_files/yHMPu5000035631_candida_oslonensis_190924.final.gff3,y1000p_pep_files/yHMPu5000035631_candida_oslonensis_190924.final.pep,y1000p_cds_files/yHMPu5000035631_candida_oslonensis_190924.final.cds.tar.gz,y1000p_genome_files/yHMPu5000035631_candida_oslonensis_190924.fas.gz,False
yHMPu5000035632_candida_hollandica_170307,final,Candida hollandica,y1000p_gff3_files/yHMPu5000035632_candida_hollandica_170307.final.gff3,y1000p_pep_files/yHMPu5000035632_candida_hollandica_170307.final.pep,y1000p_cds_files/yHMPu5000035632_candida_hollandica_170307.final.cds.tar.gz,y1000p_genome_files/yHMPu5000035632_candida_hollandica_170307.fas.gz,False
yHMPu5000035633_candida_hispaniensis_180604,final,Candida hispaniensis,y1000p_gff3_files/yHMPu5000035633_candida_hispaniensis_180604.final.gff3,y1000p_pep_files/yHMPu5000035633_candida_hispaniensis_180604.final.pep,y1000p_cds_files/yHMPu5000035633_candida_hispaniensis_180604.final.cds.tar.gz,y1000p_genome_files/yHMPu5000035633_candida_hispaniensis_180604.fas.gz,False
yHMPu5000035635_candida_galli_170307,final,Candida galli,y1000p_gff3_files/yHMPu5000035635_candida_galli_170307.final.gff3,y1000p_pep_files/yHMPu5000035635_candida_galli_170307.final.pep,y1000p_cds_files/yHMPu5000035635_candida_galli_170307.final.cds.tar.gz,y1000p_genome_files/yHMPu5000035635_candida_galli_170307.fas.gz,False
yHMPu5000035636_candida_alimentaria_201018,final,Candida alimentaria,y1000p_gff3_files/yHMPu5000035636_candida_alimentaria_201018.final.gff3,y1000p_pep_files/yHMPu5000035636_candida_alimentaria_201018.final.pep,y1000p_cds_files/yHMPu5000035636_candida_alimentaria_201018.final.cds.tar.gz,y1000p_genome_files/yHMPu5000035636_candida_alimentaria_201018.fas.gz,False
yHMPu5000035638_wickerhamiella_domercqiae_160519,final,Wickerhamiella domercqiae,y1000p_gff3_files/yHMPu5000035638_wickerhamiella_domercqiae_160519.final.gff3,y1000p_pep_files/yHMPu5000035638_wickerhamiella_domercqiae_160519.final.pep,y1000p_cds_files/yHMPu5000035638_wickerhamiella_domercqiae_160519.final.cds.tar.gz,y1000p_genome_files/yHMPu5000035638_wickerhamiella_domercqiae_160519.fas.gz,False
yHMPu5000035639_wickerhamomyces_canadensis_160613,final,Wickerhamomyces canadensis,y1000p_gff3_files/yHMPu5000035639_wickerhamomyces_canadensis_160613.final.gff3,y1000p_pep_files/yHMPu5000035639_wickerhamomyces_canadensis_160613.final.pep,y1000p_cds_files/yHMPu5000035639_wickerhamomyces_canadensis_160613.final.cds.tar.gz,y1000p_genome_files/yHMPu5000035639_wickerhamomyces_canadensis_160613.fas.gz,False
yHMPu5000035640_yamadazyma_philogaea_160519,final,Yamadazyma philogaea,y1000p_gff3_files/yHMPu5000035640_yamadazyma_philogaea_160519.final.gff3,y1000p_pep_files/yHMPu5000035640_yamadazyma_philogaea_160519.final.pep,y1000p_cds_files/yHMPu5000035640_yamadazyma_philogaea_160519.final.cds.tar.gz,y1000p_genome_files/yHMPu5000035640_yamadazyma_philogaea_160519.fas.gz,False
yHMPu5000035641_yamadazyma_scolyti_160613,final,Yamadazyma scolyti,y1000p_gff3_files/yHMPu5000035641_yamadazyma_scolyti_160613.final.gff3,y1000p_pep_files/yHMPu5000035641_yamadazyma_scolyti_160613.final.pep,y1000p_cds_files/yHMPu5000035641_yamadazyma_scolyti_160613.final.cds.tar.gz,y1000p_genome_files/yHMPu5000035641_yamadazyma_scolyti_160613.fas.gz,False
yHMPu5000035642_yamadazyma_triangularis_170307,final,Yamadazyma triangularis,y1000p_gff3_files/yHMPu5000035642_yamadazyma_triangularis_170307.final.gff3,y1000p_pep_files/yHMPu5000035642_yamadazyma_triangularis_170307.final.pep,y1000p_cds_files/yHMPu5000035642_yamadazyma_triangularis_170307.final.cds.tar.gz,y1000p_genome_files/yHMPu5000035642_yamadazyma_triangularis_170307.fas.gz,False
yHMPu5000035643_yarrowia_bubula_180604,final,Yarrowia bubula,y1000p_gff3_files/yHMPu5000035643_yarrowia_bubula_180604.final.gff3,y1000p_pep_files/yHMPu5000035643_yarrowia_bubula_180604.final.pep,y1000p_cds_files/yHMPu5000035643_yarrowia_bubula_180604.final.cds.tar.gz,y1000p_genome_files/yHMPu5000035643_yarrowia_bubula_180604.fas.gz,False
yHMPu5000035644_yarrowia_deformans_180604,final,Yarrowia deformans,y1000p_gff3_files/yHMPu5000035644_yarrowia_deformans_180604.final.gff3,y1000p_pep_files/yHMPu5000035644_yarrowia_deformans_180604.final.pep,y1000p_cds_files/yHMPu5000035644_yarrowia_deformans_180604.final.cds.tar.gz,y1000p_genome_files/yHMPu5000035644_yarrowia_deformans_180604.fas.gz,False
yHMPu5000035646_yarrowia_keelungensis_170307,final,Yarrowia keelungensis,y1000p_gff3_files/yHMPu5000035646_yarrowia_keelungensis_170307.final.gff3,y1000p_pep_files/yHMPu5000035646_yarrowia_keelungensis_170307.final.pep,y1000p_cds_files/yHMPu5000035646_yarrowia_keelungensis_170307.final.cds.tar.gz,y1000p_genome_files/yHMPu5000035646_yarrowia_keelungensis_170307.fas.gz,False
yHMPu5000035647_yarrowia_lipolytica_160519,final,Yarrowia lipolytica,y1000p_gff3_files/yHMPu5000035647_yarrowia_lipolytica_160519.haplomerger2.final.gff3,y1000p_pep_files/yHMPu5000035647_yarrowia_lipolytica_160519.haplomerger2.final.pep,y1000p_cds_files/yHMPu5000035647_yarrowia_lipolytica_160519.haplomerger2.final.cds.tar.gz,y1000p_genome_files/yHMPu5000035647_yarrowia_lipolytica_160519.haplomerger2.fas.gz,False
yHMPu5000035648_yarrowia_porcina_170307,final,Yarrowia porcina,y1000p_gff3_files/yHMPu5000035648_yarrowia_porcina_170307.final.gff3,y1000p_pep_files/yHMPu5000035648_yarrowia_porcina_170307.final.pep,y1000p_cds_files/yHMPu5000035648_yarrowia_porcina_170307.final.cds.tar.gz,y1000p_genome_files/yHMPu5000035648_yarrowia_porcina_170307.fas.gz,False
yHMPu5000035649_yarrowia_yakushimensis_170307,final,Yarrowia yakushimensis,y1000p_gff3_files/yHMPu5000035649_yarrowia_yakushimensis_170307.final.gff3,y1000p_pep_files/yHMPu5000035649_yarrowia_yakushimensis_170307.final.pep,y1000p_cds_files/yHMPu5000035649_yarrowia_yakushimensis_170307.final.cds.tar.gz,y1000p_genome_files/yHMPu5000035649_yarrowia_yakushimensis_170307.fas.gz,False
yHMPu5000035650_trigonopsis_variabilis_160613,final,Trigonopsis variabilis,y1000p_gff3_files/yHMPu5000035650_trigonopsis_variabilis_160613.final.gff3,y1000p_pep_files/yHMPu5000035650_trigonopsis_variabilis_160613.final.pep,y1000p_cds_files/yHMPu5000035650_trigonopsis_variabilis_160613.final.cds.tar.gz,y1000p_genome_files/yHMPu5000035650_trigonopsis_variabilis_160613.fas.gz,False
yHMPu5000035651_Torulaspora_microellipsoides_SPADES,final,Torulaspora microellipsoides SPADES,y1000p_gff3_files/yHMPu5000035651_Torulaspora_microellipsoides_SPADES.final.gff3,y1000p_pep_files/yHMPu5000035651_Torulaspora_microellipsoides_SPADES.final.pep,y1000p_cds_files/yHMPu5000035651_Torulaspora_microellipsoides_SPADES.final.cds.tar.gz,y1000p_genome_files/yHMPu5000035651_Torulaspora_microellipsoides_SPADES.fas.gz,False
yHMPu5000035652_torulaspora_maleeae_160613,final,Torulaspora maleeae,y1000p_gff3_files/yHMPu5000035652_torulaspora_maleeae_160613.final.gff3,y1000p_pep_files/yHMPu5000035652_torulaspora_maleeae_160613.final.pep,y1000p_cds_files/yHMPu5000035652_torulaspora_maleeae_160613.final.cds.tar.gz,y1000p_genome_files/yHMPu5000035652_torulaspora_maleeae_160613.fas.gz,False
yHMPu5000035653_torulaspora_delbrueckii_160613,final,Torulaspora delbrueckii,y1000p_gff3_files/yHMPu5000035653_torulaspora_delbrueckii_160613.final.gff3,y1000p_pep_files/yHMPu5000035653_torulaspora_delbrueckii_160613.final.pep,y1000p_cds_files/yHMPu5000035653_torulaspora_delbrueckii_160613.final.cds.tar.gz,y1000p_genome_files/yHMPu5000035653_torulaspora_delbrueckii_160613.fas.gz,False
yHMPu5000035654_tortispora_ganteri_160519,final,Tortispora ganteri,y1000p_gff3_files/yHMPu5000035654_tortispora_ganteri_160519.haplomerger2.final.gff3,y1000p_pep_files/yHMPu5000035654_tortispora_ganteri_160519.haplomerger2.final.pep,y1000p_cds_files/yHMPu5000035654_tortispora_ganteri_160519.haplomerger2.final.cds.tar.gz,y1000p_genome_files/yHMPu5000035654_tortispora_ganteri_160519.haplomerger2.fas.gz,False
yHMPu5000035655_tetrapisispora_taiwanensis_160613,final,Tetrapisispora taiwanensis,y1000p_gff3_files/yHMPu5000035655_tetrapisispora_taiwanensis_160613.final.gff3,y1000p_pep_files/yHMPu5000035655_tetrapisispora_taiwanensis_160613.final.pep,y1000p_cds_files/yHMPu5000035655_tetrapisispora_taiwanensis_160613.final.cds.tar.gz,y1000p_genome_files/yHMPu5000035655_tetrapisispora_taiwanensis_160613.fas.gz,False
yHMPu5000035656_Tetrapisispora_pingtungensis_SPADES,final,Tetrapisispora pingtungensis SPADES,y1000p_gff3_files/yHMPu5000035656_Tetrapisispora_pingtungensis_SPADES.final.gff3,y1000p_pep_files/yHMPu5000035656_Tetrapisispora_pingtungensis_SPADES.final.pep,y1000p_cds_files/yHMPu5000035656_Tetrapisispora_pingtungensis_SPADES.final.cds.tar.gz,y1000p_genome_files/yHMPu5000035656_Tetrapisispora_pingtungensis_SPADES.fas.gz,False
yHMPu5000035657_starmerella_bombicola_160613,final,Starmerella bombicola,y1000p_gff3_files/yHMPu5000035657_starmerella_bombicola_160613.final.gff3,y1000p_pep_files/yHMPu5000035657_starmerella_bombicola_160613.final.pep,y1000p_cds_files/yHMPu5000035657_starmerella_bombicola_160613.final.cds.tar.gz,y1000p_genome_files/yHMPu5000035657_starmerella_bombicola_160613.fas.gz,False
yHMPu5000035658_starmera_amethionina_160613,final,Starmera amethionina,y1000p_gff3_files/yHMPu5000035658_starmera_amethionina_160613.haplomerger2.final.gff3,y1000p_pep_files/yHMPu5000035658_starmera_amethionina_160613.haplomerger2.final.pep,y1000p_cds_files/yHMPu5000035658_starmera_amethionina_160613.haplomerger2.final.cds.tar.gz,y1000p_genome_files/yHMPu5000035658_starmera_amethionina_160613.haplomerger2.fas.gz,False
yHMPu5000035659_saturnispora_dispora_160519,final,Saturnispora dispora,y1000p_gff3_files/yHMPu5000035659_saturnispora_dispora_160519.final.gff3,y1000p_pep_files/yHMPu5000035659_saturnispora_dispora_160519.final.pep,y1000p_cds_files/yHMPu5000035659_saturnispora_dispora_160519.final.cds.tar.gz,y1000p_genome_files/yHMPu5000035659_saturnispora_dispora_160519.fas.gz,False
yHMPu5000035660_priceomyces_haplophilus_160613,final,Priceomyces haplophilus,y1000p_gff3_files/yHMPu5000035660_priceomyces_haplophilus_160613.final.gff3,y1000p_pep_files/yHMPu5000035660_priceomyces_haplophilus_160613.final.pep,y1000p_cds_files/yHMPu5000035660_priceomyces_haplophilus_160613.final.cds.tar.gz,y1000p_genome_files/yHMPu5000035660_priceomyces_haplophilus_160613.fas.gz,False
yHMPu5000035661_pichia_membranifaciens_160519,final,Pichia membranifaciens,y1000p_gff3_files/yHMPu5000035661_pichia_membranifaciens_160519.final.gff3,y1000p_pep_files/yHMPu5000035661_pichia_membranifaciens_160519.final.pep,y1000p_cds_files/yHMPu5000035661_pichia_membranifaciens_160519.final.cds.tar.gz,y1000p_genome_files/yHMPu5000035661_pichia_membranifaciens_160519.fas.gz,False
yHMPu5000035662_meyerozyma_caribbica_160613,final,Meyerozyma caribbica,y1000p_gff3_files/yHMPu5000035662_meyerozyma_caribbica_160613.final.gff3,y1000p_pep_files/yHMPu5000035662_meyerozyma_caribbica_160613.final.pep,y1000p_cds_files/yHMPu5000035662_meyerozyma_caribbica_160613.final.cds.tar.gz,y1000p_genome_files/yHMPu5000035662_meyerozyma_caribbica_160613.fas.gz,False
yHMPu5000035663_Meyerozyma_guilliermondii_MASURCA,final,Meyerozyma guilliermondii MASURCA,y1000p_gff3_files/yHMPu5000035663_Meyerozyma_guilliermondii_MASURCA.final.gff3,y1000p_pep_files/yHMPu5000035663_Meyerozyma_guilliermondii_MASURCA.final.pep,y1000p_cds_files/yHMPu5000035663_Meyerozyma_guilliermondii_MASURCA.final.cds.tar.gz,y1000p_genome_files/yHMPu5000035663_Meyerozyma_guilliermondii_MASURCA.fas.gz,False
yHMPu5000035664_candida_carpophila_160613,final,Candida carpophila,y1000p_gff3_files/yHMPu5000035664_candida_carpophila_160613.final.gff3,y1000p_pep_files/yHMPu5000035664_candida_carpophila_160613.final.pep,y1000p_cds_files/yHMPu5000035664_candida_carpophila_160613.final.cds.tar.gz,y1000p_genome_files/yHMPu5000035664_candida_carpophila_160613.fas.gz,False
yHMPu5000035665_middelhovenomyces_tepae_160613,final,Middelhovenomyces tepae,y1000p_gff3_files/yHMPu5000035665_middelhovenomyces_tepae_160613.final.gff3,y1000p_pep_files/yHMPu5000035665_middelhovenomyces_tepae_160613.final.pep,y1000p_cds_files/yHMPu5000035665_middelhovenomyces_tepae_160613.final.cds.tar.gz,y1000p_genome_files/yHMPu5000035665_middelhovenomyces_tepae_160613.fas.gz,False
yHMPu5000035666_nakaseomyces_bacillisporus_160613,final,Nakaseomyces bacillisporus,y1000p_gff3_files/yHMPu5000035666_nakaseomyces_bacillisporus_160613.final.gff3,y1000p_pep_files/yHMPu5000035666_nakaseomyces_bacillisporus_160613.final.pep,y1000p_cds_files/yHMPu5000035666_nakaseomyces_bacillisporus_160613.final.cds.tar.gz,y1000p_genome_files/yHMPu5000035666_nakaseomyces_bacillisporus_160613.fas.gz,False
yHMPu5000035667_kurtzmaniella_cleridarum_180604,final,Kurtzmaniella cleridarum,y1000p_gff3_files/yHMPu5000035667_kurtzmaniella_cleridarum_180604.final.gff3,y1000p_pep_files/yHMPu5000035667_kurtzmaniella_cleridarum_180604.final.pep,y1000p_cds_files/yHMPu5000035667_kurtzmaniella_cleridarum_180604.final.cds.tar.gz,y1000p_genome_files/yHMPu5000035667_kurtzmaniella_cleridarum_180604.fas.gz,False
yHMPu5000035668_nakazawaea_populi_160613,final,Nakazawaea populi,y1000p_gff3_files/yHMPu5000035668_nakazawaea_populi_160613.final.gff3,y1000p_pep_files/yHMPu5000035668_nakazawaea_populi_160613.final.pep,y1000p_cds_files/yHMPu5000035668_nakazawaea_populi_160613.final.cds.tar.gz,y1000p_genome_files/yHMPu5000035668_nakazawaea_populi_160613.fas.gz,False
yHMPu5000035669_pachysolen_tannophilus_160613,final,Pachysolen tannophilus,y1000p_gff3_files/yHMPu5000035669_pachysolen_tannophilus_160613.final.gff3,y1000p_pep_files/yHMPu5000035669_pachysolen_tannophilus_160613.final.pep,y1000p_cds_files/yHMPu5000035669_pachysolen_tannophilus_160613.final.cds.tar.gz,y1000p_genome_files/yHMPu5000035669_pachysolen_tannophilus_160613.fas.gz,False
yHMPu5000035670_phaffomyces_opuntiae_160613,final,Phaffomyces opuntiae,y1000p_gff3_files/yHMPu5000035670_phaffomyces_opuntiae_160613.final.gff3,y1000p_pep_files/yHMPu5000035670_phaffomyces_opuntiae_160613.final.pep,y1000p_cds_files/yHMPu5000035670_phaffomyces_opuntiae_160613.final.cds.tar.gz,y1000p_genome_files/yHMPu5000035670_phaffomyces_opuntiae_160613.fas.gz,False
yHMPu5000035671_phaffomyces_antillensis_160613,final,Phaffomyces antillensis,y1000p_gff3_files/yHMPu5000035671_phaffomyces_antillensis_160613.final.gff3,y1000p_pep_files/yHMPu5000035671_phaffomyces_antillensis_160613.final.pep,y1000p_cds_files/yHMPu5000035671_phaffomyces_antillensis_160613.final.cds.tar.gz,y1000p_genome_files/yHMPu5000035671_phaffomyces_antillensis_160613.fas.gz,False
yHMPu5000035672_phaffomyces_thermotolerans_160613,final,Phaffomyces thermotolerans,y1000p_gff3_files/yHMPu5000035672_phaffomyces_thermotolerans_160613.final.gff3,y1000p_pep_files/yHMPu5000035672_phaffomyces_thermotolerans_160613.final.pep,y1000p_cds_files/yHMPu5000035672_phaffomyces_thermotolerans_160613.final.cds.tar.gz,y1000p_genome_files/yHMPu5000035672_phaffomyces_thermotolerans_160613.fas.gz,False
yHMPu5000035673_candida_orba_160613,final,Candida orba,y1000p_gff3_files/yHMPu5000035673_candida_orba_160613.final.gff3,y1000p_pep_files/yHMPu5000035673_candida_orba_160613.final.pep,y1000p_cds_files/yHMPu5000035673_candida_orba_160613.final.cds.tar.gz,y1000p_genome_files/yHMPu5000035673_candida_orba_160613.fas.gz,False
yHMPu5000035674_kregervanrija_delftensis_160613,final,Kregervanrija delftensis,y1000p_gff3_files/yHMPu5000035674_kregervanrija_delftensis_160613.final.gff3,y1000p_pep_files/yHMPu5000035674_kregervanrija_delftensis_160613.final.pep,y1000p_cds_files/yHMPu5000035674_kregervanrija_delftensis_160613.final.cds.tar.gz,y1000p_genome_files/yHMPu5000035674_kregervanrija_delftensis_160613.fas.gz,False
yHMPu5000035675_kregervanrija_fluxuum_160613,final,Kregervanrija fluxuum,y1000p_gff3_files/yHMPu5000035675_kregervanrija_fluxuum_160613.final.gff3,y1000p_pep_files/yHMPu5000035675_kregervanrija_fluxuum_160613.final.pep,y1000p_cds_files/yHMPu5000035675_kregervanrija_fluxuum_160613.final.cds.tar.gz,y1000p_genome_files/yHMPu5000035675_kregervanrija_fluxuum_160613.fas.gz,False
yHMPu5000035676_komagataella_kurtzmanii_160613,final,Komagataella kurtzmanii,y1000p_gff3_files/yHMPu5000035676_komagataella_kurtzmanii_160613.final.gff3,y1000p_pep_files/yHMPu5000035676_komagataella_kurtzmanii_160613.final.pep,y1000p_cds_files/yHMPu5000035676_komagataella_kurtzmanii_160613.final.cds.tar.gz,y1000p_genome_files/yHMPu5000035676_komagataella_kurtzmanii_160613.fas.gz,False
yHMPu5000035677_kodamaea_ohmeri_160519,final,Kodamaea ohmeri,y1000p_gff3_files/yHMPu5000035677_kodamaea_ohmeri_160519.final.gff3,y1000p_pep_files/yHMPu5000035677_kodamaea_ohmeri_160519.final.pep,y1000p_cds_files/yHMPu5000035677_kodamaea_ohmeri_160519.final.cds.tar.gz,y1000p_genome_files/yHMPu5000035677_kodamaea_ohmeri_160519.fas.gz,False
yHMPu5000035678_trichomonascus_ciferrii_160519,final,Trichomonascus ciferrii,y1000p_gff3_files/yHMPu5000035678_trichomonascus_ciferrii_160519.final.gff3,y1000p_pep_files/yHMPu5000035678_trichomonascus_ciferrii_160519.final.pep,y1000p_cds_files/yHMPu5000035678_trichomonascus_ciferrii_160519.final.cds.tar.gz,y1000p_genome_files/yHMPu5000035678_trichomonascus_ciferrii_160519.fas.gz,False
yHMPu5000035679_candida_rhagii_160613,final,Candida rhagii,y1000p_gff3_files/yHMPu5000035679_candida_rhagii_160613.final.gff3,y1000p_pep_files/yHMPu5000035679_candida_rhagii_160613.final.pep,y1000p_cds_files/yHMPu5000035679_candida_rhagii_160613.final.cds.tar.gz,y1000p_genome_files/yHMPu5000035679_candida_rhagii_160613.fas.gz,False
yHMPu5000035680_candida_pseudorhagii_160519,final,Candida pseudorhagii,y1000p_gff3_files/yHMPu5000035680_candida_pseudorhagii_160519.final.gff3,y1000p_pep_files/yHMPu5000035680_candida_pseudorhagii_160519.final.pep,y1000p_cds_files/yHMPu5000035680_candida_pseudorhagii_160519.final.cds.tar.gz,y1000p_genome_files/yHMPu5000035680_candida_pseudorhagii_160519.fas.gz,False
yHMPu5000035681_candida_gotoi_160519,final,Candida gotoi,y1000p_gff3_files/yHMPu5000035681_candida_gotoi_160519.final.gff3,y1000p_pep_files/yHMPu5000035681_candida_gotoi_160519.final.pep,y1000p_cds_files/yHMPu5000035681_candida_gotoi_160519.final.cds.tar.gz,y1000p_genome_files/yHMPu5000035681_candida_gotoi_160519.fas.gz,False
yHMPu5000035682_hyphopichia_burtonii_160613,final,Hyphopichia burtonii,y1000p_gff3_files/yHMPu5000035682_hyphopichia_burtonii_160613.final.gff3,y1000p_pep_files/yHMPu5000035682_hyphopichia_burtonii_160613.final.pep,y1000p_cds_files/yHMPu5000035682_hyphopichia_burtonii_160613.final.cds.tar.gz,y1000p_genome_files/yHMPu5000035682_hyphopichia_burtonii_160613.fas.gz,False
yHMPu5000035684_kloeckera_hatyaiensis_160519,final,Kloeckera hatyaiensis,y1000p_gff3_files/yHMPu5000035684_kloeckera_hatyaiensis_160519.haplomerger2.final.gff3,y1000p_pep_files/yHMPu5000035684_kloeckera_hatyaiensis_160519.haplomerger2.final.pep,y1000p_cds_files/yHMPu5000035684_kloeckera_hatyaiensis_160519.haplomerger2.final.cds.tar.gz,y1000p_genome_files/yHMPu5000035684_kloeckera_hatyaiensis_160519.haplomerger2.fas.gz,False
yHMPu5000035685_hanseniaspora_1_sp_nov._diego_libkind_160519,final,Hanseniaspora 1 sp nov. diego libkind,y1000p_gff3_files/yHMPu5000035685_hanseniaspora_1_sp_nov._diego_libkind_160519.final.gff3,y1000p_pep_files/yHMPu5000035685_hanseniaspora_1_sp_nov._diego_libkind_160519.final.pep,,y1000p_genome_files/yHMPu5000035685_hanseniaspora_1_sp_nov._diego_libkind_160519.fas.gz,False
yHMPu5000035685_hanseniaspora_1_sp_nov_diego_libkind_160519,final,Hanseniaspora 1 sp nov diego libkind,,,y1000p_cds_files/yHMPu5000035685_hanseniaspora_1_sp_nov_diego_libkind_160519.final.cds.tar.gz,,False
yHMPu5000035686_Cyberlindnera_saturnus_SPADES,final,Cyberlindnera saturnus SPADES,y1000p_gff3_files/yHMPu5000035686_Cyberlindnera_saturnus_SPADES.final.gff3,y1000p_pep_files/yHMPu5000035686_Cyberlindnera_saturnus_SPADES.final.pep,y1000p_cds_files/yHMPu5000035686_Cyberlindnera_saturnus_SPADES.final.cds.tar.gz,y1000p_genome_files/yHMPu5000035686_Cyberlindnera_saturnus_SPADES.fas.gz,False
yHMPu5000035687_cyberlindnera_suaveolens_160613,final,Cyberlindnera suaveolens,y1000p_gff3_files/yHMPu5000035687_cyberlindnera_suaveolens_160613.final.gff3,y1000p_pep_files/yHMPu5000035687_cyberlindnera_suaveolens_160613.final.pep,y1000p_cds_files/yHMPu5000035687_cyberlindnera_suaveolens_160613.final.cds.tar.gz,y1000p_genome_files/yHMPu5000035687_cyberlindnera_suaveolens_160613.fas.gz,False
yHMPu5000035688_Cyberlindnera_xylosilytica_SPADES,final,Cyberlindnera xylosilytica SPADES,y1000p_gff3_files/yHMPu5000035688_Cyberlindnera_xylosilytica_SPADES.final.gff3,y1000p_pep_files/yHMPu5000035688_Cyberlindnera_xylosilytica_SPADES.final.pep,y1000p_cds_files/yHMPu5000035688_Cyberlindnera_xylosilytica_SPADES.final.cds.tar.gz,y1000p_genome_files/yHMPu5000035688_Cyberlindnera_xylosilytica_SPADES.fas.gz,False
yHMPu5000035689_candida_mycetangii_160613,final,Candida mycetangii,y1000p_gff3_files/yHMPu5000035689_candida_mycetangii_160613.final.gff3,y1000p_pep_files/yHMPu5000035689_candida_mycetangii_160613.final.pep,y1000p_cds_files/yHMPu5000035689_candida_mycetangii_160613.final.cds.tar.gz,y1000p_genome_files/yHMPu5000035689_candida_mycetangii_160613.fas.gz,False
yHMPu5000035690_candida_vartiovaarae_160613,final,Candida vartiovaarae,y1000p_gff3_files/yHMPu5000035690_candida_vartiovaarae_160613.final.gff3,y1000p_pep_files/yHMPu5000035690_candida_vartiovaarae_160613.final.pep,y1000p_cds_files/yHMPu5000035690_candida_vartiovaarae_160613.final.cds.tar.gz,y1000p_genome_files/yHMPu5000035690_candida_vartiovaarae_160613.fas.gz,False
yHMPu5000035691_candida_salmanticensis_160519,final,Candida salmanticensis,y1000p_gff3_files/yHMPu5000035691_candida_salmanticensis_160519.final.gff3,y1000p_pep_files/yHMPu5000035691_candida_salmanticensis_160519.final.pep,y1000p_cds_files/yHMPu5000035691_candida_salmanticensis_160519.final.cds.tar.gz,y1000p_genome_files/yHMPu5000035691_candida_salmanticensis_160519.fas.gz,False
yHMPu5000035692_hanseniaspora_jakobsenii_160519,final,Hanseniaspora jakobsenii,y1000p_gff3_files/yHMPu5000035692_hanseniaspora_jakobsenii_160519.haplomerger2.final.gff3,y1000p_pep_files/yHMPu5000035692_hanseniaspora_jakobsenii_160519.haplomerger2.final.pep,y1000p_cds_files/yHMPu5000035692_hanseniaspora_jakobsenii_160519.haplomerger2.final.cds.tar.gz,y1000p_genome_files/yHMPu5000035692_hanseniaspora_jakobsenii_160519.haplomerger2.fas.gz,False
yHMPu5000035693_hanseniaspora_nectarophila_160613,final,Hanseniaspora nectarophila,y1000p_gff3_files/yHMPu5000035693_hanseniaspora_nectarophila_160613.haplomerger2.final.gff3,y1000p_pep_files/yHMPu5000035693_hanseniaspora_nectarophila_160613.haplomerger2.final.pep,y1000p_cds_files/yHMPu5000035693_hanseniaspora_nectarophila_160613.haplomerger2.final.cds.tar.gz,y1000p_genome_files/yHMPu5000035693_hanseniaspora_nectarophila_160613.haplomerger2.fas.gz,False
yHMPu5000035694_hanseniaspora_occidentalis_var_citrica_160519,final,Hanseniaspora occidentalis var citrica,y1000p_gff3_files/yHMPu5000035694_hanseniaspora_occidentalis_var_citrica_160519.haplomerger2.final.gff3,y1000p_pep_files/yHMPu5000035694_hanseniaspora_occidentalis_var_citrica_160519.haplomerger2.final.pep,y1000p_cds_files/yHMPu5000035694_hanseniaspora_occidentalis_var_citrica_160519.haplomerger2.final.cds.tar.gz,y1000p_genome_files/yHMPu5000035694_hanseniaspora_occidentalis_var_citrica_160519.haplomerger2.fas.gz,False
yHMPu5000035695_hanseniaspora_pseudoguilliermondii_160519,final,Hanseniaspora pseudoguilliermondii,y1000p_gff3_files/yHMPu5000035695_hanseniaspora_pseudoguilliermondii_160519.haplomerger2.final.gff3,y1000p_pep_files/yHMPu5000035695_hanseniaspora_pseudoguilliermondii_160519.haplomerger2.final.pep,y1000p_cds_files/yHMPu5000035695_hanseniaspora_pseudoguilliermondii_160519.haplomerger2.final.cds.tar.gz,y1000p_genome_files/yHMPu5000035695_hanseniaspora_pseudoguilliermondii_160519.haplomerger2.fas.gz,False
yHMPu5000035696_hanseniaspora_singularis_160519,final,Hanseniaspora singularis,y1000p_gff3_files/yHMPu5000035696_hanseniaspora_singularis_160519.haplomerger2.final.gff3,y1000p_pep_files/yHMPu5000035696_hanseniaspora_singularis_160519.haplomerger2.final.pep,y1000p_cds_files/yHMPu5000035696_hanseniaspora_singularis_160519.haplomerger2.final.cds.tar.gz,y1000p_genome_files/yHMPu5000035696_hanseniaspora_singularis_160519.haplomerger2.fas.gz,False
yHMPu5000035697_hanseniaspora_thailandica_160519,final,Hanseniaspora thailandica,y1000p_gff3_files/yHMPu5000035697_hanseniaspora_thailandica_160519.haplomerger2.final.gff3,y1000p_pep_files/yHMPu5000035697_hanseniaspora_thailandica_160519.haplomerger2.final.pep,y1000p_cds_files/yHMPu5000035697_hanseniaspora_thailandica_160519.haplomerger2.final.cds.tar.gz,y1000p_genome_files/yHMPu5000035697_hanseniaspora_thailandica_160519.haplomerger2.fas.gz,False
yHMPu5000035698_cyberlindnera_meyerae_160519,final,Cyberlindnera meyerae,y1000p_gff3_files/yHMPu5000035698_cyberlindnera_meyerae_160519.haplomerger2.final.gff3,y1000p_pep_files/yHMPu5000035698_cyberlindnera_meyerae_160519.haplomerger2.final.pep,y1000p_cds_files/yHMPu5000035698_cyberlindnera_meyerae_160519.haplomerger2.final.cds.tar.gz,y1000p_genome_files/yHMPu5000035698_cyberlindnera_meyerae_160519.haplomerger2.fas.gz,False
yHMPu5000035699_cyberlindnera_maclurae_160613,final,Cyberlindnera maclurae,y1000p_gff3_files/yHMPu5000035699_cyberlindnera_maclurae_160613.final.gff3,y1000p_pep_files/yHMPu5000035699_cyberlindnera_maclurae_160613.final.pep,y1000p_cds_files/yHMPu5000035699_cyberlindnera_maclurae_160613.final.cds.tar.gz,y1000p_genome_files/yHMPu5000035699_cyberlindnera_maclurae_160613.fas.gz,False
yHMPu5000035700_cyberlindnera_japonica_160519,final,Cyberlindnera japonica,y1000p_gff3_files/yHMPu5000035700_cyberlindnera_japonica_160519.final.gff3,y1000p_pep_files/yHMPu5000035700_cyberlindnera_japonica_160519.final.pep,y1000p_cds_files/yHMPu5000035700_cyberlindnera_japonica_160519.final.cds.tar.gz,y1000p_genome_files/yHMPu5000035700_cyberlindnera_japonica_160519.fas.gz,False
yHMPu5000035701_cyberlindnera_fabianii_160519,final,Cyberlindnera fabianii,y1000p_gff3_files/yHMPu5000035701_cyberlindnera_fabianii_160519.final.gff3,y1000p_pep_files/yHMPu5000035701_cyberlindnera_fabianii_160519.final.pep,y1000p_cds_files/yHMPu5000035701_cyberlindnera_fabianii_160519.final.cds.tar.gz,y1000p_genome_files/yHMPu5000035701_cyberlindnera_fabianii_160519.fas.gz,False
yHMPu5000035702_cyberlindnera_amylophila_160613,final,Cyberlindnera amylophila,y1000p_gff3_files/yHMPu5000035702_cyberlindnera_amylophila_160613.haplomerger2.final.gff3,y1000p_pep_files/yHMPu5000035702_cyberlindnera_amylophila_160613.haplomerger2.final.pep,y1000p_cds_files/yHMPu5000035702_cyberlindnera_amylophila_160613.haplomerger2.final.cds.tar.gz,y1000p_genome_files/yHMPu5000035702_cyberlindnera_amylophila_160613.haplomerger2.fas.gz,False
yHMPu5000035703_cyberlindnera_americana_160613,final,Cyberlindnera americana,y1000p_gff3_files/yHMPu5000035703_cyberlindnera_americana_160613.final.gff3,y1000p_pep_files/yHMPu5000035703_cyberlindnera_americana_160613.final.pep,y1000p_cds_files/yHMPu5000035703_cyberlindnera_americana_160613.final.cds.tar.gz,y1000p_genome_files/yHMPu5000035703_cyberlindnera_americana_160613.fas.gz,False
yHMPu5000035704_candida_rhizophorensis_160519,final,Candida rhizophorensis,y1000p_gff3_files/yHMPu5000035704_candida_rhizophorensis_160519.final.gff3,y1000p_pep_files/yHMPu5000035704_candida_rhizophorensis_160519.final.pep,y1000p_cds_files/yHMPu5000035704_candida_rhizophorensis_160519.final.cds.tar.gz,y1000p_genome_files/yHMPu5000035704_candida_rhizophorensis_160519.fas.gz,False
yHMPu5000035705_candida_pseudohaemulonii_160613,final,Candida pseudohaemulonii,y1000p_gff3_files/yHMPu5000035705_candida_pseudohaemulonii_160613.final.gff3,y1000p_pep_files/yHMPu5000035705_candida_pseudohaemulonii_160613.final.pep,y1000p_cds_files/yHMPu5000035705_candida_pseudohaemulonii_160613.final.cds.tar.gz,y1000p_genome_files/yHMPu5000035705_candida_pseudohaemulonii_160613.fas.gz,False
yHMPu5000035706_candida_mogii_160613,final,Candida mogii,y1000p_gff3_files/yHMPu5000035706_candida_mogii_160613.final.gff3,y1000p_pep_files/yHMPu5000035706_candida_mogii_160613.final.pep,y1000p_cds_files/yHMPu5000035706_candida_mogii_160613.final.cds.tar.gz,y1000p_genome_files/yHMPu5000035706_candida_mogii_160613.fas.gz,False
yHMPu5000035707_candida_heveicola_160519,final,Candida heveicola,y1000p_gff3_files/yHMPu5000035707_candida_heveicola_160519.final.gff3,y1000p_pep_files/yHMPu5000035707_candida_heveicola_160519.final.pep,y1000p_cds_files/yHMPu5000035707_candida_heveicola_160519.final.cds.tar.gz,y1000p_genome_files/yHMPu5000035707_candida_heveicola_160519.fas.gz,False
yHMPu5000035708_candida_flosculorum_160613,final,Candida flosculorum,y1000p_gff3_files/yHMPu5000035708_candida_flosculorum_160613.haplomerger2.final.gff3,y1000p_pep_files/yHMPu5000035708_candida_flosculorum_160613.haplomerger2.final.pep,y1000p_cds_files/yHMPu5000035708_candida_flosculorum_160613.haplomerger2.final.cds.tar.gz,y1000p_genome_files/yHMPu5000035708_candida_flosculorum_160613.haplomerger2.fas.gz,False
yHMPu5000035709_candida_dosseyi_160519,final,Candida dosseyi,y1000p_gff3_files/yHMPu5000035709_candida_dosseyi_160519.final.gff3,y1000p_pep_files/yHMPu5000035709_candida_dosseyi_160519.final.pep,y1000p_cds_files/yHMPu5000035709_candida_dosseyi_160519.final.cds.tar.gz,y1000p_genome_files/yHMPu5000035709_candida_dosseyi_160519.fas.gz,False
yHMPu5000035710_botryozyma_americana_190924,final,Botryozyma americana,y1000p_gff3_files/yHMPu5000035710_botryozyma_americana_190924.final.gff3,y1000p_pep_files/yHMPu5000035710_botryozyma_americana_190924.final.pep,y1000p_cds_files/yHMPu5000035710_botryozyma_americana_190924.final.cds.tar.gz,y1000p_genome_files/yHMPu5000035710_botryozyma_americana_190924.fas.gz,False
yHMPu5000035711_botryozyma_cognata_160613,final,Botryozyma cognata,y1000p_gff3_files/yHMPu5000035711_botryozyma_cognata_160613.final.gff3,y1000p_pep_files/yHMPu5000035711_botryozyma_cognata_160613.final.pep,y1000p_cds_files/yHMPu5000035711_botryozyma_cognata_160613.final.cds.tar.gz,y1000p_genome_files/yHMPu5000035711_botryozyma_cognata_160613.fas.gz,False
yHMPu5000035713_candida_chauliodes_160613,final,Candida chauliodes,y1000p_gff3_files/yHMPu5000035713_candida_chauliodes_160613.final.gff3,y1000p_pep_files/yHMPu5000035713_candida_chauliodes_160613.final.pep,y1000p_cds_files/yHMPu5000035713_candida_chauliodes_160613.final.cds.tar.gz,y1000p_genome_files/yHMPu5000035713_candida_chauliodes_160613.fas.gz,False
yHMPu5000035714_candida_frijolesensis_160519,final,Candida frijolesensis,y1000p_gff3_files/yHMPu5000035714_candida_frijolesensis_160519.haplomerger2.final.gff3,y1000p_pep_files/yHMPu5000035714_candida_frijolesensis_160519.haplomerger2.final.pep,y1000p_cds_files/yHMPu5000035714_candida_frijolesensis_160519.haplomerger2.final.cds.tar.gz,y1000p_genome_files/yHMPu5000035714_candida_frijolesensis_160519.haplomerger2.fas.gz,False
yHMPu5000035715_candida_gigantensis_160519,final,Candida gigantensis,y1000p_gff3_files/yHMPu5000035715_candida_gigantensis_160519.haplomerger2.final.gff3,y1000p_pep_files/yHMPu5000035715_candida_gigantensis_160519.haplomerger2.final.pep,y1000p_cds_files/yHMPu5000035715_candida_gigantensis_160519.haplomerger2.final.cds.tar.gz,y1000p_genome_files/yHMPu5000035715_candida_gigantensis_160519.haplomerger2.fas.gz,False
yHMPu5000035717_candida_orthopsilosis_180604,final,Candida orthopsilosis,y1000p_gff3_files/yHMPu5000035717_candida_orthopsilosis_180604.haplomerger2.final.gff3,y1000p_pep_files/yHMPu5000035717_candida_orthopsilosis_180604.haplomerger2.final.pep,y1000p_cds_files/yHMPu5000035717_candida_orthopsilosis_180604.haplomerger2.final.cds.tar.gz,y1000p_genome_files/yHMPu5000035717_candida_orthopsilosis_180604.haplomerger2.fas.gz,False
yHMPu5000035718_Candida_tetrigidarum_SPADES,final,Candida tetrigidarum SPADES,y1000p_gff3_files/yHMPu5000035718_Candida_tetrigidarum_SPADES.haplomerger2.final.gff3,y1000p_pep_files/yHMPu5000035718_Candida_tetrigidarum_SPADES.haplomerger2.final.pep,y1000p_cds_files/yHMPu5000035718_Candida_tetrigidarum_SPADES.haplomerger2.final.cds.tar.gz,y1000p_genome_files/yHMPu5000035718_Candida_tetrigidarum_SPADES.haplomerger2.fas.gz,False
yHMPu5000035719_candida_blankii_190924,final,Candida blankii,y1000p_gff3_files/yHMPu5000035719_candida_blankii_190924.final.gff3,y1000p_pep_files/yHMPu5000035719_candida_blankii_190924.final.pep,y1000p_cds_files/yHMPu5000035719_candida_blankii_190924.final.cds.tar.gz,y1000p_genome_files/yHMPu5000035719_candida_blankii_190924.fas.gz,False
yHMPu5000035720_candida_chilensis_160613,final,Candida chilensis,y1000p_gff3_files/yHMPu5000035720_candida_chilensis_160613.final.gff3,y1000p_pep_files/yHMPu5000035720_candida_chilensis_160613.final.pep,y1000p_cds_files/yHMPu5000035720_candida_chilensis_160613.final.cds.tar.gz,y1000p_genome_files/yHMPu5000035720_candida_chilensis_160613.fas.gz,False
yHMPu5000035721_candida_asparagi_160519,final,Candida asparagi,y1000p_gff3_files/yHMPu5000035721_candida_asparagi_160519.final.gff3,y1000p_pep_files/yHMPu5000035721_candida_asparagi_160519.final.pep,y1000p_cds_files/yHMPu5000035721_candida_asparagi_160519.final.cds.tar.gz,y1000p_genome_files/yHMPu5000035721_candida_asparagi_160519.fas.gz,False
yHMPu5000036545_candida_zemplinina_180604,final,Candida zemplinina,y1000p_gff3_files/yHMPu5000036545_candida_zemplinina_180604.final.gff3,y1000p_pep_files/yHMPu5000036545_candida_zemplinina_180604.final.pep,y1000p_cds_files/yHMPu5000036545_candida_zemplinina_180604.final.cds.tar.gz,y1000p_genome_files/yHMPu5000036545_candida_zemplinina_180604.fas.gz,False
yHMPu5000036579_candida_xyloterini_170912,final,Candida xyloterini,y1000p_gff3_files/yHMPu5000036579_candida_xyloterini_170912.final.gff3,y1000p_pep_files/yHMPu5000036579_candida_xyloterini_170912.final.pep,y1000p_cds_files/yHMPu5000036579_candida_xyloterini_170912.final.cds.tar.gz,y1000p_genome_files/yHMPu5000036579_candida_xyloterini_170912.fas.gz,False
yHMPu5000037198_Pichia_paraexigua_SPADES,final,Pichia paraexigua SPADES,y1000p_gff3_files/yHMPu5000037198_Pichia_paraexigua_SPADES.final.gff3,y1000p_pep_files/yHMPu5000037198_Pichia_paraexigua_SPADES.final.pep,y1000p_cds_files/yHMPu5000037198_Pichia_paraexigua_SPADES.final.cds.tar.gz,y1000p_genome_files/yHMPu5000037198_Pichia_paraexigua_SPADES.fas.gz,False
yHMPu5000037199_metschnikowia_leonuri_210210._SPADES,final,Metschnikowia leonuri 210210. SPADES,y1000p_gff3_files/yHMPu5000037199_metschnikowia_leonuri_210210._SPADES.haplomerger2.final.gff3,y1000p_pep_files/yHMPu5000037199_metschnikowia_leonuri_210210._SPADES.haplomerger2.final.pep,,y1000p_genome_files/yHMPu5000037199_metschnikowia_leonuri_210210._SPADES.haplomerger2.fas.gz,False
yHMPu5000037199_metschnikowia_leonuri_210210_SPADES,final,Metschnikowia leonuri 210210 SPADES,,,y1000p_cds_files/yHMPu5000037199_metschnikowia_leonuri_210210_SPADES.haplomerger2.final.cds.tar.gz,,False
yHMPu5000037200_metschnikowia_anglica_210210,final,Metschnikowia anglica,y1000p_gff3_files/yHMPu5000037200_metschnikowia_anglica_210210.final.gff3,y1000p_pep_files/yHMPu5000037200_metschnikowia_anglica_210210.final.pep,y1000p_cds_files/yHMPu5000037200_metschnikowia_anglica_210210.final.cds.tar.gz,y1000p_genome_files/yHMPu5000037200_metschnikowia_anglica_210210.fas.gz,False
yHMPu5000037201_metschnikowia_rubicola_210210,final,Metschnikowia rubicola,y1000p_gff3_files/yHMPu5000037201_metschnikowia_rubicola_210210.final.gff3,y1000p_pep_files/yHMPu5000037201_metschnikowia_rubicola_210210.final.pep,y1000p_cds_files/yHMPu5000037201_metschnikowia_rubicola_210210.final.cds.tar.gz,y1000p_genome_files/yHMPu5000037201_metschnikowia_rubicola_210210.fas.gz,False
yHMPu5000037202_metschnikowia_peoriensis_210210,final,Metschnikowia peoriensis,y1000p_gff3_files/yHMPu5000037202_metschnikowia_peoriensis_210210.final.gff3,y1000p_pep_files/yHMPu5000037202_metschnikowia_peoriensis_210210.final.pep,y1000p_cds_files/yHMPu5000037202_metschnikowia_peoriensis_210210.final.cds.tar.gz,y1000p_genome_files/yHMPu5000037202_metschnikowia_peoriensis_210210.fas.gz,False
yHMPu5000037203_Pichia_nanzhaoensis_SPADES,final,Pichia nanzhaoensis SPADES,y1000p_gff3_files/yHMPu5000037203_Pichia_nanzhaoensis_SPADES.final.gff3,y1000p_pep_files/yHMPu5000037203_Pichia_nanzhaoensis_SPADES.final.pep,y1000p_cds_files/yHMPu5000037203_Pichia_nanzhaoensis_SPADES.final.cds.tar.gz,y1000p_genome_files/yHMPu5000037203_Pichia_nanzhaoensis_SPADES.fas.gz,False
yHMPu5000037204_zygotorulaspora_chibaensis_210210,final,Zygotorulaspora chibaensis,y1000p_gff3_files/yHMPu5000037204_zygotorulaspora_chibaensis_210210.final.gff3,y1000p_pep_files/yHMPu5000037204_zygotorulaspora_chibaensis_210210.final.pep,y1000p_cds_files/yHMPu5000037204_zygotorulaspora_chibaensis_210210.final.cds.tar.gz,y1000p_genome_files/yHMPu5000037204_zygotorulaspora_chibaensis_210210.fas.gz,False
yHMPu5000037205_zygotorulaspora_danielsina_210210,final,Zygotorulaspora danielsina,y1000p_gff3_files/yHMPu5000037205_zygotorulaspora_danielsina_210210.final.gff3,y1000p_pep_files/yHMPu5000037205_zygotorulaspora_danielsina_210210.final.pep,y1000p_cds_files/yHMPu5000037205_zygotorulaspora_danielsina_210210.final.cds.tar.gz,y1000p_genome_files/yHMPu5000037205_zygotorulaspora_danielsina_210210.fas.gz,False
yHMPu5000037206_wickerhamiella_kurtzmanii_210210,final,Wickerhamiella kurtzmanii,y1000p_gff3_files/yHMPu5000037206_wickerhamiella_kurtzmanii_210210.final.gff3,y1000p_pep_files/yHMPu5000037206_wickerhamiella_kurtzmanii_210210.final.pep,y1000p_cds_files/yHMPu5000037206_wickerhamiella_kurtzmanii_210210.final.cds.tar.gz,y1000p_genome_files/yHMPu5000037206_wickerhamiella_kurtzmanii_210210.fas.gz,False
yHMPu5000037207_Wickerhamomyces_kurtzmanii_SPADES,final,Wickerhamomyces kurtzmanii SPADES,y1000p_gff3_files/yHMPu5000037207_Wickerhamomyces_kurtzmanii_SPADES.final.gff3,y1000p_pep_files/yHMPu5000037207_Wickerhamomyces_kurtzmanii_SPADES.final.pep,y1000p_cds_files/yHMPu5000037207_Wickerhamomyces_kurtzmanii_SPADES.final.cds.tar.gz,y1000p_genome_files/yHMPu5000037207_Wickerhamomyces_kurtzmanii_SPADES.fas.gz,False
yHMPu5000037208_metschnikowia_baotianmanensis_210210,final,Metschnikowia baotianmanensis,y1000p_gff3_files/yHMPu5000037208_metschnikowia_baotianmanensis_210210.final.gff3,y1000p_pep_files/yHMPu5000037208_metschnikowia_baotianmanensis_210210.final.pep,y1000p_cds_files/yHMPu5000037208_metschnikowia_baotianmanensis_210210.final.cds.tar.gz,y1000p_genome_files/yHMPu5000037208_metschnikowia_baotianmanensis_210210.fas.gz,False
yHMPu5000037209_wickerhamiella_shivajii_210210,final,Wickerhamiella shivajii,y1000p_gff3_files/yHMPu5000037209_wickerhamiella_shivajii_210210.final.gff3,y1000p_pep_files/yHMPu5000037209_wickerhamiella_shivajii_210210.final.pep,y1000p_cds_files/yHMPu5000037209_wickerhamiella_shivajii_210210.final.cds.tar.gz,y1000p_genome_files/yHMPu5000037209_wickerhamiella_shivajii_210210.fas.gz,False
yHMPu5000037210_Kazachstania_jinghongensis_SPADES,final,Kazachstania jinghongensis SPADES,y1000p_gff3_files/yHMPu5000037210_Kazachstania_jinghongensis_SPADES.final.gff3,y1000p_pep_files/yHMPu5000037210_Kazachstania_jinghongensis_SPADES.final.pep,y1000p_cds_files/yHMPu5000037210_Kazachstania_jinghongensis_SPADES.final.cds.tar.gz,y1000p_genome_files/yHMPu5000037210_Kazachstania_jinghongensis_SPADES.fas.gz,False
yHMPu5000037211_candida_parablackwelliae_210210,final,Candida parablackwelliae,y1000p_gff3_files/yHMPu5000037211_candida_parablackwelliae_210210.final.gff3,y1000p_pep_files/yHMPu5000037211_candida_parablackwelliae_210210.final.pep,y1000p_cds_files/yHMPu5000037211_candida_parablackwelliae_210210.final.cds.tar.gz,y1000p_genome_files/yHMPu5000037211_candida_parablackwelliae_210210.fas.gz,False
yHMPu5000037212_Yarrowia_brassicae_SPADES,final,Yarrowia brassicae SPADES,y1000p_gff3_files/yHMPu5000037212_Yarrowia_brassicae_SPADES.final.gff3,y1000p_pep_files/yHMPu5000037212_Yarrowia_brassicae_SPADES.final.pep,y1000p_cds_files/yHMPu5000037212_Yarrowia_brassicae_SPADES.final.cds.tar.gz,y1000p_genome_files/yHMPu5000037212_Yarrowia_brassicae_SPADES.fas.gz,False
yHMPu5000037213_saturnispora_galanensis_210210,final,Saturnispora galanensis,y1000p_gff3_files/yHMPu5000037213_saturnispora_galanensis_210210.final.gff3,y1000p_pep_files/yHMPu5000037213_saturnispora_galanensis_210210.final.pep,y1000p_cds_files/yHMPu5000037213_saturnispora_galanensis_210210.final.cds.tar.gz,y1000p_genome_files/yHMPu5000037213_saturnispora_galanensis_210210.fas.gz,False
yHMPu5000037214_saturnispora_kantuleensis_210210,final,Saturnispora kantuleensis,y1000p_gff3_files/yHMPu5000037214_saturnispora_kantuleensis_210210.final.gff3,y1000p_pep_files/yHMPu5000037214_saturnispora_kantuleensis_210210.final.pep,y1000p_cds_files/yHMPu5000037214_saturnispora_kantuleensis_210210.final.cds.tar.gz,y1000p_genome_files/yHMPu5000037214_saturnispora_kantuleensis_210210.fas.gz,False
yHMPu5000037215_starmerella_roubikii_210210,final,Starmerella roubikii,y1000p_gff3_files/yHMPu5000037215_starmerella_roubikii_210210.final.gff3,y1000p_pep_files/yHMPu5000037215_starmerella_roubikii_210210.final.pep,y1000p_cds_files/yHMPu5000037215_starmerella_roubikii_210210.final.cds.tar.gz,y1000p_genome_files/yHMPu5000037215_starmerella_roubikii_210210.fas.gz,False
yHMPu5000037216_Starmerella_vitae_SPADES,final,Starmerella vitae SPADES,y1000p_gff3_files/yHMPu5000037216_Starmerella_vitae_SPADES.final.gff3,y1000p_pep_files/yHMPu5000037216_Starmerella_vitae_SPADES.final.pep,y1000p_cds_files/yHMPu5000037216_Starmerella_vitae_SPADES.final.cds.tar.gz,y1000p_genome_files/yHMPu5000037216_Starmerella_vitae_SPADES.fas.gz,False
yHMPu5000037217_hanseniaspora_mollemarum_210210,final,Hanseniaspora mollemarum,y1000p_gff3_files/yHMPu5000037217_hanseniaspora_mollemarum_210210.final.gff3,y1000p_pep_files/yHMPu5000037217_hanseniaspora_mollemarum_210210.final.pep,y1000p_cds_files/yHMPu5000037217_hanseniaspora_mollemarum_210210.final.cds.tar.gz,y1000p_genome_files/yHMPu5000037217_hanseniaspora_mollemarum_210210.fas.gz,False
yHMPu5000037218_Ogataea_degrootiae_SPADES,final,Ogataea degrootiae SPADES,y1000p_gff3_files/yHMPu5000037218_Ogataea_degrootiae_SPADES.final.gff3,y1000p_pep_files/yHMPu5000037218_Ogataea_degrootiae_SPADES.final.pep,y1000p_cds_files/yHMPu5000037218_Ogataea_degrootiae_SPADES.final.cds.tar.gz,y1000p_genome_files/yHMPu5000037218_Ogataea_degrootiae_SPADES.fas.gz,False
yHMPu5000037219_Pichia_gijzenarium_SPADES,final,Pichia gijzenarium SPADES,y1000p_gff3_files/yHMPu5000037219_Pichia_gijzenarium_SPADES.final.gff3,y1000p_pep_files/yHMPu5000037219_Pichia_gijzenarium_SPADES.final.pep,y1000p_cds_files/yHMPu5000037219_Pichia_gijzenarium_SPADES.final.cds.tar.gz,y1000p_genome_files/yHMPu5000037219_Pichia_gijzenarium_SPADES.fas.gz,False
yHMPu5000037220_komagataella_mondaviorum_210210,final,Komagataella mondaviorum,y1000p_gff3_files/yHMPu5000037220_komagataella_mondaviorum_210210.final.gff3,y1000p_pep_files/yHMPu5000037220_komagataella_mondaviorum_210210.final.pep,y1000p_cds_files/yHMPu5000037220_komagataella_mondaviorum_210210.final.cds.tar.gz,y1000p_genome_files/yHMPu5000037220_komagataella_mondaviorum_210210.fas.gz,False
yHMPu5000037221_saccharomycopsis_oosterbeekiorum_210210,final,Saccharomycopsis oosterbeekiorum,y1000p_gff3_files/yHMPu5000037221_saccharomycopsis_oosterbeekiorum_210210.final.gff3,y1000p_pep_files/yHMPu5000037221_saccharomycopsis_oosterbeekiorum_210210.final.pep,y1000p_cds_files/yHMPu5000037221_saccharomycopsis_oosterbeekiorum_210210.final.cds.tar.gz,y1000p_genome_files/yHMPu5000037221_saccharomycopsis_oosterbeekiorum_210210.fas.gz,False
yHMPu5000037222_suhomyces_faveliae_210210,final,Suhomyces faveliae,y1000p_gff3_files/yHMPu5000037222_suhomyces_faveliae_210210.final.gff3,y1000p_pep_files/yHMPu5000037222_suhomyces_faveliae_210210.final.pep,y1000p_cds_files/yHMPu5000037222_suhomyces_faveliae_210210.final.cds.tar.gz,y1000p_genome_files/yHMPu5000037222_suhomyces_faveliae_210210.fas.gz,False
yHMPu5000037223_hyphopichia_buzzinii_210210,final,Hyphopichia buzzinii,y1000p_gff3_files/yHMPu5000037223_hyphopichia_buzzinii_210210.final.gff3,y1000p_pep_files/yHMPu5000037223_hyphopichia_buzzinii_210210.final.pep,y1000p_cds_files/yHMPu5000037223_hyphopichia_buzzinii_210210.final.cds.tar.gz,y1000p_genome_files/yHMPu5000037223_hyphopichia_buzzinii_210210.fas.gz,False
yHMPu5000037224_candida_vulturna_210210,final,Candida vulturna,y1000p_gff3_files/yHMPu5000037224_candida_vulturna_210210.final.gff3,y1000p_pep_files/yHMPu5000037224_candida_vulturna_210210.final.pep,y1000p_cds_files/yHMPu5000037224_candida_vulturna_210210.final.cds.tar.gz,y1000p_genome_files/yHMPu5000037224_candida_vulturna_210210.fas.gz,False
yHMPu5000037225_kazachstania_saulgeensis_210210,final,Kazachstania saulgeensis,y1000p_gff3_files/yHMPu5000037225_kazachstania_saulgeensis_210210.final.gff3,y1000p_pep_files/yHMPu5000037225_kazachstania_saulgeensis_210210.final.pep,y1000p_cds_files/yHMPu5000037225_kazachstania_saulgeensis_210210.final.cds.tar.gz,y1000p_genome_files/yHMPu5000037225_kazachstania_saulgeensis_210210.fas.gz,False
yHMPu5000037226_ogataea_haglerorum_210305,final,Ogataea haglerorum,y1000p_gff3_files/yHMPu5000037226_ogataea_haglerorum_210305.final.gff3,y1000p_pep_files/yHMPu5000037226_ogataea_haglerorum_210305.final.pep,y1000p_cds_files/yHMPu5000037226_ogataea_haglerorum_210305.final.cds.tar.gz,y1000p_genome_files/yHMPu5000037226_ogataea_haglerorum_210305.fas.gz,False
yHMPu5000037227_cyberlindnera_xishuangbannaensis_210210,final,Cyberlindnera xishuangbannaensis,y1000p_gff3_files/yHMPu5000037227_cyberlindnera_xishuangbannaensis_210210.final.gff3,y1000p_pep_files/yHMPu5000037227_cyberlindnera_xishuangbannaensis_210210.final.pep,y1000p_cds_files/yHMPu5000037227_cyberlindnera_xishuangbannaensis_210210.final.cds.tar.gz,y1000p_genome_files/yHMPu5000037227_cyberlindnera_xishuangbannaensis_210210.fas.gz,False
yHMPu5000037228_Ogataea_paraovalis_SPADES,final,Ogataea paraovalis SPADES,y1000p_gff3_files/yHMPu5000037228_Ogataea_paraovalis_SPADES.final.gff3,y1000p_pep_files/yHMPu5000037228_Ogataea_paraovalis_SPADES.final.pep,y1000p_cds_files/yHMPu5000037228_Ogataea_paraovalis_SPADES.final.cds.tar.gz,y1000p_genome_files/yHMPu5000037228_Ogataea_paraovalis_SPADES.fas.gz,False
yHMPu5000037229_kodamaea_neixiangensis_210210,final,Kodamaea neixiangensis,y1000p_gff3_files/yHMPu5000037229_kodamaea_neixiangensis_210210.final.gff3,y1000p_pep_files/yHMPu5000037229_kodamaea_neixiangensis_210210.final.pep,y1000p_cds_files/yHMPu5000037229_kodamaea_neixiangensis_210210.final.cds.tar.gz,y1000p_genome_files/yHMPu5000037229_kodamaea_neixiangensis_210210.fas.gz,False
yHMPu5000037230_kodamaea_jinghongensis_210210,final,Kodamaea jinghongensis,y1000p_gff3_files/yHMPu5000037230_kodamaea_jinghongensis_210210.final.gff3,y1000p_pep_files/yHMPu5000037230_kodamaea_jinghongensis_210210.final.pep,y1000p_cds_files/yHMPu5000037230_kodamaea_jinghongensis_210210.final.cds.tar.gz,y1000p_genome_files/yHMPu5000037230_kodamaea_jinghongensis_210210.fas.gz,False
yHMPu5000037231_lipomyces_yamanashiensis_210210,final,Lipomyces yamanashiensis,y1000p_gff3_files/yHMPu5000037231_lipomyces_yamanashiensis_210210.final.gff3,y1000p_pep_files/yHMPu5000037231_lipomyces_yamanashiensis_210210.final.pep,y1000p_cds_files/yHMPu5000037231_lipomyces_yamanashiensis_210210.final.cds.tar.gz,y1000p_genome_files/yHMPu5000037231_lipomyces_yamanashiensis_210210.fas.gz,False
yHMPu5000037232_zygoascus_flipseniorum_210210,final,Zygoascus flipseniorum,y1000p_gff3_files/yHMPu5000037232_zygoascus_flipseniorum_210210.final.gff3,y1000p_pep_files/yHMPu5000037232_zygoascus_flipseniorum_210210.final.pep,y1000p_cds_files/yHMPu5000037232_zygoascus_flipseniorum_210210.final.cds.tar.gz,y1000p_genome_files/yHMPu5000037232_zygoascus_flipseniorum_210210.fas.gz,False
yHMPu5000037233_trichomonascus_vanleenenianus_210210,final,Trichomonascus vanleenenianus,y1000p_gff3_files/yHMPu5000037233_trichomonascus_vanleenenianus_210210.final.gff3,y1000p_pep_files/yHMPu5000037233_trichomonascus_vanleenenianus_210210.final.pep,y1000p_cds_files/yHMPu5000037233_trichomonascus_vanleenenianus_210210.final.cds.tar.gz,y1000p_genome_files/yHMPu5000037233_trichomonascus_vanleenenianus_210210.fas.gz,False
yHMPu5000037234_suhomyces_coccinellae_210210,final,Suhomyces coccinellae,y1000p_gff3_files/yHMPu5000037234_suhomyces_coccinellae_210210.final.gff3,y1000p_pep_files/yHMPu5000037234_suhomyces_coccinellae_210210.final.pep,y1000p_cds_files/yHMPu5000037234_suhomyces_coccinellae_210210.final.cds.tar.gz,y1000p_genome_files/yHMPu5000037234_suhomyces_coccinellae_210210.fas.gz,False
yHMPu5000037236_blastobotrys_persicus_210305,final,Blastobotrys persicus,y1000p_gff3_files/yHMPu5000037236_blastobotrys_persicus_210305.final.gff3,y1000p_pep_files/yHMPu5000037236_blastobotrys_persicus_210305.final.pep,y1000p_cds_files/yHMPu5000037236_blastobotrys_persicus_210305.final.cds.tar.gz,y1000p_genome_files/yHMPu5000037236_blastobotrys_persicus_210305.fas.gz,False
yHMPu5000037237_sugiyamaella_mastotermitis_210305,final,Sugiyamaella mastotermitis,y1000p_gff3_files/yHMPu5000037237_sugiyamaella_mastotermitis_210305.final.gff3,y1000p_pep_files/yHMPu5000037237_sugiyamaella_mastotermitis_210305.final.pep,y1000p_cds_files/yHMPu5000037237_sugiyamaella_mastotermitis_210305.final.cds.tar.gz,y1000p_genome_files/yHMPu5000037237_sugiyamaella_mastotermitis_210305.fas.gz,False
yHMPu5000037238_candida_coleopterorum_210210,final,Candida coleopterorum,y1000p_gff3_files/yHMPu5000037238_candida_coleopterorum_210210.final.gff3,y1000p_pep_files/yHMPu5000037238_candida_coleopterorum_210210.final.pep,y1000p_cds_files/yHMPu5000037238_candida_coleopterorum_210210.final.cds.tar.gz,y1000p_genome_files/yHMPu5000037238_candida_coleopterorum_210210.fas.gz,False
yHMPu5000037239_wickerhamiella_brachini_210210,final,Wickerhamiella brachini,y1000p_gff3_files/yHMPu5000037239_wickerhamiella_brachini_210210.final.gff3,y1000p_pep_files/yHMPu5000037239_wickerhamiella_brachini_210210.final.pep,y1000p_cds_files/yHMPu5000037239_wickerhamiella_brachini_210210.final.cds.tar.gz,y1000p_genome_files/yHMPu5000037239_wickerhamiella_brachini_210210.fas.gz,False
yHMPu5000037240_candida_sp_210210,final,Candida sp,y1000p_gff3_files/yHMPu5000037240_candida_sp_210210.final.gff3,y1000p_pep_files/yHMPu5000037240_candida_sp_210210.final.pep,y1000p_cds_files/yHMPu5000037240_candida_sp_210210.final.cds.tar.gz,y1000p_genome_files/yHMPu5000037240_candida_sp_210210.fas.gz,False
yHMPu5000037241_starmerella_scarabaei_210210,final,Starmerella scarabaei,y1000p_gff3_files/yHMPu5000037241_starmerella_scarabaei_210210.final.gff3,y1000p_pep_files/yHMPu5000037241_starmerella_scarabaei_210210.final.pep,y1000p_cds_files/yHMPu5000037241_starmerella_scarabaei_210210.final.cds.tar.gz,y1000p_genome_files/yHMPu5000037241_starmerella_scarabaei_210210.fas.gz,False
yHMPu5000037242_Starmerella_asiatica_SPADES,final,Starmerella asiatica SPADES,y1000p_gff3_files/yHMPu5000037242_Starmerella_asiatica_SPADES.final.gff3,y1000p_pep_files/yHMPu5000037242_Starmerella_asiatica_SPADES.final.pep,y1000p_cds_files/yHMPu5000037242_Starmerella_asiatica_SPADES.final.cds.tar.gz,y1000p_genome_files/yHMPu5000037242_Starmerella_asiatica_SPADES.fas.gz,False
yHMPu5000037243_lodderomyces_sp_210210,final,Lodderomyces sp,y1000p_gff3_files/yHMPu5000037243_lodderomyces_sp_210210.final.gff3,y1000p_pep_files/yHMPu5000037243_lodderomyces_sp_210210.final.pep,y1000p_cds_files/yHMPu5000037243_lodderomyces_sp_210210.final.cds.tar.gz,y1000p_genome_files/yHMPu5000037243_lodderomyces_sp_210210.fas.gz,False
yHMPu5000037244_Allodekkera_sacchari_SPADES,final,Allodekkera sacchari SPADES,y1000p_gff3_files/yHMPu5000037244_Allodekkera_sacchari_SPADES.final.gff3,y1000p_pep_files/yHMPu5000037244_Allodekkera_sacchari_SPADES.final.pep,y1000p_cds_files/yHMPu5000037244_Allodekkera_sacchari_SPADES.final.cds.tar.gz,y1000p_genome_files/yHMPu5000037244_Allodekkera_sacchari_SPADES.fas.gz,False
yHMPu5000037248_nematodospora_valgi_210210,final,Nematodospora valgi,y1000p_gff3_files/yHMPu5000037248_nematodospora_valgi_210210.final.gff3,y1000p_pep_files/yHMPu5000037248_nematodospora_valgi_210210.final.pep,y1000p_cds_files/yHMPu5000037248_nematodospora_valgi_210210.final.cds.tar.gz,y1000p_genome_files/yHMPu5000037248_nematodospora_valgi_210210.fas.gz,False
yHMPu5000037250_candida_pseudoviswanathii_210210,final,Candida pseudoviswanathii,y1000p_gff3_files/yHMPu5000037250_candida_pseudoviswanathii_210210.final.gff3,y1000p_pep_files/yHMPu5000037250_candida_pseudoviswanathii_210210.final.pep,y1000p_cds_files/yHMPu5000037250_candida_pseudoviswanathii_210210.final.cds.tar.gz,y1000p_genome_files/yHMPu5000037250_candida_pseudoviswanathii_210210.fas.gz,False
yHMPu5000037251_candida_xiaguanesis_210210,final,Candida xiaguanesis,y1000p_gff3_files/yHMPu5000037251_candida_xiaguanesis_210210.final.gff3,y1000p_pep_files/yHMPu5000037251_candida_xiaguanesis_210210.final.pep,y1000p_cds_files/yHMPu5000037251_candida_xiaguanesis_210210.final.cds.tar.gz,y1000p_genome_files/yHMPu5000037251_candida_xiaguanesis_210210.fas.gz,False
yHMPu5000037252_Scheffersomyces_titanus_SPADES,final,Scheffersomyces titanus SPADES,y1000p_gff3_files/yHMPu5000037252_Scheffersomyces_titanus_SPADES.final.gff3,y1000p_pep_files/yHMPu5000037252_Scheffersomyces_titanus_SPADES.final.pep,y1000p_cds_files/yHMPu5000037252_Scheffersomyces_titanus_SPADES.final.cds.tar.gz,y1000p_genome_files/yHMPu5000037252_Scheffersomyces_titanus_SPADES.fas.gz,False
yHMPu5000037253_nematodospora_anomalae_210210,final,Nematodospora anomalae,y1000p_gff3_files/yHMPu5000037253_nematodospora_anomalae_210210.final.gff3,y1000p_pep_files/yHMPu5000037253_nematodospora_anomalae_210210.final.pep,y1000p_cds_files/yHMPu5000037253_nematodospora_anomalae_210210.final.cds.tar.gz,y1000p_genome_files/yHMPu5000037253_nematodospora_anomalae_210210.fas.gz,False
yHMPu5000037254_candida_parachauliodis_210210,final,Candida parachauliodis,y1000p_gff3_files/yHMPu5000037254_candida_parachauliodis_210210.final.gff3,y1000p_pep_files/yHMPu5000037254_candida_parachauliodis_210210.final.pep,y1000p_cds_files/yHMPu5000037254_candida_parachauliodis_210210.final.cds.tar.gz,y1000p_genome_files/yHMPu5000037254_candida_parachauliodis_210210.fas.gz,False
yHMPu5000037255_wickerhamiella_qilinesis_210210,final,Wickerhamiella qilinesis,y1000p_gff3_files/yHMPu5000037255_wickerhamiella_qilinesis_210210.final.gff3,y1000p_pep_files/yHMPu5000037255_wickerhamiella_qilinesis_210210.final.pep,y1000p_cds_files/yHMPu5000037255_wickerhamiella_qilinesis_210210.final.cds.tar.gz,y1000p_genome_files/yHMPu5000037255_wickerhamiella_qilinesis_210210.fas.gz,False
yHMPu5000037256_cyberlindnera_galapagoensis_210210,final,Cyberlindnera galapagoensis,y1000p_gff3_files/yHMPu5000037256_cyberlindnera_galapagoensis_210210.final.gff3,y1000p_pep_files/yHMPu5000037256_cyberlindnera_galapagoensis_210210.final.pep,y1000p_cds_files/yHMPu5000037256_cyberlindnera_galapagoensis_210210.final.cds.tar.gz,y1000p_genome_files/yHMPu5000037256_cyberlindnera_galapagoensis_210210.fas.gz,False
yHMPu5000037257_zygoascus_biomembranicola_210210,final,Zygoascus biomembranicola,y1000p_gff3_files/yHMPu5000037257_zygoascus_biomembranicola_210210.final.gff3,y1000p_pep_files/yHMPu5000037257_zygoascus_biomembranicola_210210.final.pep,y1000p_cds_files/yHMPu5000037257_zygoascus_biomembranicola_210210.final.cds.tar.gz,y1000p_genome_files/yHMPu5000037257_zygoascus_biomembranicola_210210.fas.gz,False
yHMPu5000037834_zygosaccharomyces_parabailii_190924,final,Zygosaccharomyces parabailii,y1000p_gff3_files/yHMPu5000037834_zygosaccharomyces_parabailii_190924.haplomerger2.final.gff3,y1000p_pep_files/yHMPu5000037834_zygosaccharomyces_parabailii_190924.haplomerger2.final.pep,y1000p_cds_files/yHMPu5000037834_zygosaccharomyces_parabailii_190924.haplomerger2.final.cds.tar.gz,y1000p_genome_files/yHMPu5000037834_zygosaccharomyces_parabailii_190924.haplomerger2.fas.gz,False
yHMPu5000037836_zygosaccharomyces_pseudorouxii_201018,final,Zygosaccharomyces pseudorouxii,y1000p_gff3_files/yHMPu5000037836_zygosaccharomyces_pseudorouxii_201018.haplomerger2.final.gff3,y1000p_pep_files/yHMPu5000037836_zygosaccharomyces_pseudorouxii_201018.haplomerger2.final.pep,y1000p_cds_files/yHMPu5000037836_zygosaccharomyces_pseudorouxii_201018.haplomerger2.final.cds.tar.gz,y1000p_genome_files/yHMPu5000037836_zygosaccharomyces_pseudorouxii_201018.haplomerger2.fas.gz,False
yHMPu5000037837_Vanderwaltozyma_verrucispora_S176_SPADES,final,Vanderwaltozyma verrucispora S176 SPADES,y1000p_gff3_files/yHMPu5000037837_Vanderwaltozyma_verrucispora_S176_SPADES.final.gff3,y1000p_pep_files/yHMPu5000037837_Vanderwaltozyma_verrucispora_S176_SPADES.final.pep,y1000p_cds_files/yHMPu5000037837_Vanderwaltozyma_verrucispora_S176_SPADES.final.cds.tar.gz,y1000p_genome_files/yHMPu5000037837_Vanderwaltozyma_verrucispora_S176_SPADES.fas.gz,False
yHMPu5000037838_sugiyamaella_pinicola_190924,final,Sugiyamaella pinicola,y1000p_gff3_files/yHMPu5000037838_sugiyamaella_pinicola_190924.final.gff3,y1000p_pep_files/yHMPu5000037838_sugiyamaella_pinicola_190924.final.pep,y1000p_cds_files/yHMPu5000037838_sugiyamaella_pinicola_190924.final.cds.tar.gz,y1000p_genome_files/yHMPu5000037838_sugiyamaella_pinicola_190924.fas.gz,False
yHMPu5000037839_Sugiyamaella_marionensis_S116_SPADES,final,Sugiyamaella marionensis S116 SPADES,y1000p_gff3_files/yHMPu5000037839_Sugiyamaella_marionensis_S116_SPADES.final.gff3,y1000p_pep_files/yHMPu5000037839_Sugiyamaella_marionensis_S116_SPADES.final.pep,y1000p_cds_files/yHMPu5000037839_Sugiyamaella_marionensis_S116_SPADES.final.cds.tar.gz,y1000p_genome_files/yHMPu5000037839_Sugiyamaella_marionensis_S116_SPADES.fas.gz,False
yHMPu5000037840_sugiyamaella_lignohabitans_180604,final,Sugiyamaella lignohabitans,y1000p_gff3_files/yHMPu5000037840_sugiyamaella_lignohabitans_180604.final.gff3,y1000p_pep_files/yHMPu5000037840_sugiyamaella_lignohabitans_180604.final.pep,y1000p_cds_files/yHMPu5000037840_sugiyamaella_lignohabitans_180604.final.cds.tar.gz,y1000p_genome_files/yHMPu5000037840_sugiyamaella_lignohabitans_180604.fas.gz,False
yHMPu5000037841_sugiyamaella_floridensis_201018,final,Sugiyamaella floridensis,y1000p_gff3_files/yHMPu5000037841_sugiyamaella_floridensis_201018.final.gff3,y1000p_pep_files/yHMPu5000037841_sugiyamaella_floridensis_201018.final.pep,y1000p_cds_files/yHMPu5000037841_sugiyamaella_floridensis_201018.final.cds.tar.gz,y1000p_genome_files/yHMPu5000037841_sugiyamaella_floridensis_201018.fas.gz,False
yHMPu5000037842_starmera_caribaea_210210,final,Starmera caribaea,y1000p_gff3_files/yHMPu5000037842_starmera_caribaea_210210.final.gff3,y1000p_pep_files/yHMPu5000037842_starmera_caribaea_210210.final.pep,y1000p_cds_files/yHMPu5000037842_starmera_caribaea_210210.final.cds.tar.gz,y1000p_genome_files/yHMPu5000037842_starmera_caribaea_210210.fas.gz,False
yHMPu5000037843_schwanniomyces_yamadae_170912,final,Schwanniomyces yamadae,y1000p_gff3_files/yHMPu5000037843_schwanniomyces_yamadae_170912.final.gff3,y1000p_pep_files/yHMPu5000037843_schwanniomyces_yamadae_170912.final.pep,y1000p_cds_files/yHMPu5000037843_schwanniomyces_yamadae_170912.final.cds.tar.gz,y1000p_genome_files/yHMPu5000037843_schwanniomyces_yamadae_170912.fas.gz,False
yHMPu5000037844_schwanniomyces_vanrijiae_var_vanrijiae_180604,final,Schwanniomyces vanrijiae var vanrijiae,y1000p_gff3_files/yHMPu5000037844_schwanniomyces_vanrijiae_var_vanrijiae_180604.final.gff3,y1000p_pep_files/yHMPu5000037844_schwanniomyces_vanrijiae_var_vanrijiae_180604.final.pep,y1000p_cds_files/yHMPu5000037844_schwanniomyces_vanrijiae_var_vanrijiae_180604.final.cds.tar.gz,y1000p_genome_files/yHMPu5000037844_schwanniomyces_vanrijiae_var_vanrijiae_180604.fas.gz,False
yHMPu5000037845_scheffersomyces_virginianus_170912,final,Scheffersomyces virginianus,y1000p_gff3_files/yHMPu5000037845_scheffersomyces_virginianus_170912.final.gff3,y1000p_pep_files/yHMPu5000037845_scheffersomyces_virginianus_170912.final.pep,y1000p_cds_files/yHMPu5000037845_scheffersomyces_virginianus_170912.final.cds.tar.gz,y1000p_genome_files/yHMPu5000037845_scheffersomyces_virginianus_170912.fas.gz,False
yHMPu5000037847_pichia_cephalocereana_201018,final,Pichia cephalocereana,y1000p_gff3_files/yHMPu5000037847_pichia_cephalocereana_201018.final.gff3,y1000p_pep_files/yHMPu5000037847_pichia_cephalocereana_201018.final.pep,y1000p_cds_files/yHMPu5000037847_pichia_cephalocereana_201018.final.cds.tar.gz,y1000p_genome_files/yHMPu5000037847_pichia_cephalocereana_201018.fas.gz,False
yHMPu5000037848_saccharomycopsis_babjevae_170912,final,Saccharomycopsis babjevae,y1000p_gff3_files/yHMPu5000037848_saccharomycopsis_babjevae_170912.final.gff3,y1000p_pep_files/yHMPu5000037848_saccharomycopsis_babjevae_170912.final.pep,y1000p_cds_files/yHMPu5000037848_saccharomycopsis_babjevae_170912.final.cds.tar.gz,y1000p_genome_files/yHMPu5000037848_saccharomycopsis_babjevae_170912.fas.gz,False
yHMPu5000037849_saccharomycopsis_fodiens_170912,final,Saccharomycopsis fodiens,y1000p_gff3_files/yHMPu5000037849_saccharomycopsis_fodiens_170912.final.gff3,y1000p_pep_files/yHMPu5000037849_saccharomycopsis_fodiens_170912.final.pep,y1000p_cds_files/yHMPu5000037849_saccharomycopsis_fodiens_170912.final.cds.tar.gz,y1000p_genome_files/yHMPu5000037849_saccharomycopsis_fodiens_170912.fas.gz,False
yHMPu5000037851_saturnispora_ahearnii_170912,final,Saturnispora ahearnii,y1000p_gff3_files/yHMPu5000037851_saturnispora_ahearnii_170912.final.gff3,y1000p_pep_files/yHMPu5000037851_saturnispora_ahearnii_170912.final.pep,y1000p_cds_files/yHMPu5000037851_saturnispora_ahearnii_170912.final.cds.tar.gz,y1000p_genome_files/yHMPu5000037851_saturnispora_ahearnii_170912.fas.gz,False
yHMPu5000037852_scheffersomyces_cryptocercus_180604,final,Scheffersomyces cryptocercus,y1000p_gff3_files/yHMPu5000037852_scheffersomyces_cryptocercus_180604.final.gff3,y1000p_pep_files/yHMPu5000037852_scheffersomyces_cryptocercus_180604.final.pep,y1000p_cds_files/yHMPu5000037852_scheffersomyces_cryptocercus_180604.final.cds.tar.gz,y1000p_genome_files/yHMPu5000037852_scheffersomyces_cryptocercus_180604.fas.gz,False
yHMPu5000037853_scheffersomyces_illinoinensis_170912,final,Scheffersomyces illinoinensis,y1000p_gff3_files/yHMPu5000037853_scheffersomyces_illinoinensis_170912.final.gff3,y1000p_pep_files/yHMPu5000037853_scheffersomyces_illinoinensis_170912.final.pep,y1000p_cds_files/yHMPu5000037853_scheffersomyces_illinoinensis_170912.final.cds.tar.gz,y1000p_genome_files/yHMPu5000037853_scheffersomyces_illinoinensis_170912.fas.gz,False
yHMPu5000037854_scheffersomyces_insectosa_170912,final,Scheffersomyces insectosa,y1000p_gff3_files/yHMPu5000037854_scheffersomyces_insectosa_170912.final.gff3,y1000p_pep_files/yHMPu5000037854_scheffersomyces_insectosa_170912.final.pep,y1000p_cds_files/yHMPu5000037854_scheffersomyces_insectosa_170912.final.cds.tar.gz,y1000p_genome_files/yHMPu5000037854_scheffersomyces_insectosa_170912.fas.gz,False
yHMPu5000037856_scheffersomyces_quercinus_180604,final,Scheffersomyces quercinus,y1000p_gff3_files/yHMPu5000037856_scheffersomyces_quercinus_180604.final.gff3,y1000p_pep_files/yHMPu5000037856_scheffersomyces_quercinus_180604.final.pep,y1000p_cds_files/yHMPu5000037856_scheffersomyces_quercinus_180604.final.cds.tar.gz,y1000p_genome_files/yHMPu5000037856_scheffersomyces_quercinus_180604.fas.gz,False
yHMPu5000037857_scheffersomyces_spartiniae_170210,final,Scheffersomyces spartiniae,y1000p_gff3_files/yHMPu5000037857_scheffersomyces_spartiniae_170210.final.gff3,y1000p_pep_files/yHMPu5000037857_scheffersomyces_spartiniae_170210.final.pep,y1000p_cds_files/yHMPu5000037857_scheffersomyces_spartiniae_170210.final.cds.tar.gz,y1000p_genome_files/yHMPu5000037857_scheffersomyces_spartiniae_170210.fas.gz,False
yHMPu5000037858_ogataea_paradorogensis_180604,final,Ogataea paradorogensis,y1000p_gff3_files/yHMPu5000037858_ogataea_paradorogensis_180604.final.gff3,y1000p_pep_files/yHMPu5000037858_ogataea_paradorogensis_180604.final.pep,y1000p_cds_files/yHMPu5000037858_ogataea_paradorogensis_180604.final.cds.tar.gz,y1000p_genome_files/yHMPu5000037858_ogataea_paradorogensis_180604.fas.gz,False
yHMPu5000037859_ogataea_nakhonphanomensis_170210,final,Ogataea nakhonphanomensis,y1000p_gff3_files/yHMPu5000037859_ogataea_nakhonphanomensis_170210.final.gff3,y1000p_pep_files/yHMPu5000037859_ogataea_nakhonphanomensis_170210.final.pep,y1000p_cds_files/yHMPu5000037859_ogataea_nakhonphanomensis_170210.final.cds.tar.gz,y1000p_genome_files/yHMPu5000037859_ogataea_nakhonphanomensis_170210.fas.gz,False
yHMPu5000037860_ogataea_corticis_190924,final,Ogataea corticis,y1000p_gff3_files/yHMPu5000037860_ogataea_corticis_190924.final.gff3,y1000p_pep_files/yHMPu5000037860_ogataea_corticis_190924.final.pep,y1000p_cds_files/yHMPu5000037860_ogataea_corticis_190924.final.cds.tar.gz,y1000p_genome_files/yHMPu5000037860_ogataea_corticis_190924.fas.gz,False
yHMPu5000037861_Ogataea_allantospora_SPADES,final,Ogataea allantospora SPADES,y1000p_gff3_files/yHMPu5000037861_Ogataea_allantospora_SPADES.final.gff3,y1000p_pep_files/yHMPu5000037861_Ogataea_allantospora_SPADES.final.pep,y1000p_cds_files/yHMPu5000037861_Ogataea_allantospora_SPADES.final.cds.tar.gz,y1000p_genome_files/yHMPu5000037861_Ogataea_allantospora_SPADES.fas.gz,False
yHMPu5000037862_nakazawaea_anatomiae_170912,final,Nakazawaea anatomiae,y1000p_gff3_files/yHMPu5000037862_nakazawaea_anatomiae_170912.final.gff3,y1000p_pep_files/yHMPu5000037862_nakazawaea_anatomiae_170912.final.pep,y1000p_cds_files/yHMPu5000037862_nakazawaea_anatomiae_170912.final.cds.tar.gz,y1000p_genome_files/yHMPu5000037862_nakazawaea_anatomiae_170912.fas.gz,False
yHMPu5000037863_metschnikowia_zobellii_190924,final,Metschnikowia zobellii,y1000p_gff3_files/yHMPu5000037863_metschnikowia_zobellii_190924.final.gff3,y1000p_pep_files/yHMPu5000037863_metschnikowia_zobellii_190924.final.pep,y1000p_cds_files/yHMPu5000037863_metschnikowia_zobellii_190924.final.cds.tar.gz,y1000p_genome_files/yHMPu5000037863_metschnikowia_zobellii_190924.fas.gz,False
yHMPu5000037864_metschnikowia_viticola_201018,final,Metschnikowia viticola,y1000p_gff3_files/yHMPu5000037864_metschnikowia_viticola_201018.final.gff3,y1000p_pep_files/yHMPu5000037864_metschnikowia_viticola_201018.final.pep,y1000p_cds_files/yHMPu5000037864_metschnikowia_viticola_201018.final.cds.tar.gz,y1000p_genome_files/yHMPu5000037864_metschnikowia_viticola_201018.fas.gz,False
yHMPu5000037865_metschnikowia_reukaufii_180604,final,Metschnikowia reukaufii,y1000p_gff3_files/yHMPu5000037865_metschnikowia_reukaufii_180604.haplomerger2.final.gff3,y1000p_pep_files/yHMPu5000037865_metschnikowia_reukaufii_180604.haplomerger2.final.pep,y1000p_cds_files/yHMPu5000037865_metschnikowia_reukaufii_180604.haplomerger2.final.cds.tar.gz,y1000p_genome_files/yHMPu5000037865_metschnikowia_reukaufii_180604.haplomerger2.fas.gz,False
yHMPu5000037866_metschnikowia_lachancei_180604,final,Metschnikowia lachancei,y1000p_gff3_files/yHMPu5000037866_metschnikowia_lachancei_180604.final.gff3,y1000p_pep_files/yHMPu5000037866_metschnikowia_lachancei_180604.final.pep,y1000p_cds_files/yHMPu5000037866_metschnikowia_lachancei_180604.final.cds.tar.gz,y1000p_genome_files/yHMPu5000037866_metschnikowia_lachancei_180604.fas.gz,False
yHMPu5000037867_metschnikowia_fructicola_190924,final,Metschnikowia fructicola,y1000p_gff3_files/yHMPu5000037867_metschnikowia_fructicola_190924.haplomerger2.final.gff3,y1000p_pep_files/yHMPu5000037867_metschnikowia_fructicola_190924.haplomerger2.final.pep,y1000p_cds_files/yHMPu5000037867_metschnikowia_fructicola_190924.haplomerger2.final.cds.tar.gz,y1000p_genome_files/yHMPu5000037867_metschnikowia_fructicola_190924.haplomerger2.fas.gz,False
yHMPu5000037868_metschnikowia_bicuspidata_var_californica_180604,final,Metschnikowia bicuspidata var californica,y1000p_gff3_files/yHMPu5000037868_metschnikowia_bicuspidata_var_californica_180604.haplomerger2.final.gff3,y1000p_pep_files/yHMPu5000037868_metschnikowia_bicuspidata_var_californica_180604.haplomerger2.final.pep,y1000p_cds_files/yHMPu5000037868_metschnikowia_bicuspidata_var_californica_180604.haplomerger2.final.cds.tar.gz,y1000p_genome_files/yHMPu5000037868_metschnikowia_bicuspidata_var_californica_180604.haplomerger2.fas.gz,False
yHMPu5000037869_metschnikowia_australis_190924,final,Metschnikowia australis,y1000p_gff3_files/yHMPu5000037869_metschnikowia_australis_190924.final.gff3,y1000p_pep_files/yHMPu5000037869_metschnikowia_australis_190924.final.pep,y1000p_cds_files/yHMPu5000037869_metschnikowia_australis_190924.final.cds.tar.gz,y1000p_genome_files/yHMPu5000037869_metschnikowia_australis_190924.fas.gz,False
yHMPu5000037870_candida_sp_170912,final,Candida sp,y1000p_gff3_files/yHMPu5000037870_candida_sp_170912.final.gff3,y1000p_pep_files/yHMPu5000037870_candida_sp_170912.final.pep,y1000p_cds_files/yHMPu5000037870_candida_sp_170912.final.cds.tar.gz,y1000p_genome_files/yHMPu5000037870_candida_sp_170912.fas.gz,False
yHMPu5000037871_Candida_trypodendroni_SPADES,final,Candida trypodendroni SPADES,y1000p_gff3_files/yHMPu5000037871_Candida_trypodendroni_SPADES.final.gff3,y1000p_pep_files/yHMPu5000037871_Candida_trypodendroni_SPADES.final.pep,y1000p_cds_files/yHMPu5000037871_Candida_trypodendroni_SPADES.final.cds.tar.gz,y1000p_genome_files/yHMPu5000037871_Candida_trypodendroni_SPADES.fas.gz,False
yHMPu5000037872_cyberlindnera_euphorbiiphila_180604,final,Cyberlindnera euphorbiiphila,y1000p_gff3_files/yHMPu5000037872_cyberlindnera_euphorbiiphila_180604.final.gff3,y1000p_pep_files/yHMPu5000037872_cyberlindnera_euphorbiiphila_180604.final.pep,y1000p_cds_files/yHMPu5000037872_cyberlindnera_euphorbiiphila_180604.final.cds.tar.gz,y1000p_genome_files/yHMPu5000037872_cyberlindnera_euphorbiiphila_180604.fas.gz,False
yHMPu5000037873_debaryomyces_udenii_180604,final,Debaryomyces udenii,y1000p_gff3_files/yHMPu5000037873_debaryomyces_udenii_180604.final.gff3,y1000p_pep_files/yHMPu5000037873_debaryomyces_udenii_180604.final.pep,y1000p_cds_files/yHMPu5000037873_debaryomyces_udenii_180604.final.cds.tar.gz,y1000p_genome_files/yHMPu5000037873_debaryomyces_udenii_180604.fas.gz,False
yHMPu5000037874_dipodascus_aggregatus_190924,final,Dipodascus aggregatus,y1000p_gff3_files/yHMPu5000037874_dipodascus_aggregatus_190924.final.gff3,y1000p_pep_files/yHMPu5000037874_dipodascus_aggregatus_190924.final.pep,y1000p_cds_files/yHMPu5000037874_dipodascus_aggregatus_190924.final.cds.tar.gz,y1000p_genome_files/yHMPu5000037874_dipodascus_aggregatus_190924.fas.gz,False
yHMPu5000037875_geotrichum_carabidarum_190924,final,Geotrichum carabidarum,y1000p_gff3_files/yHMPu5000037875_geotrichum_carabidarum_190924.final.gff3,y1000p_pep_files/yHMPu5000037875_geotrichum_carabidarum_190924.final.pep,y1000p_cds_files/yHMPu5000037875_geotrichum_carabidarum_190924.final.cds.tar.gz,y1000p_genome_files/yHMPu5000037875_geotrichum_carabidarum_190924.fas.gz,False
yHMPu5000037876_geotrichum_fermentans_190924,final,Geotrichum fermentans,y1000p_gff3_files/yHMPu5000037876_geotrichum_fermentans_190924.final.gff3,y1000p_pep_files/yHMPu5000037876_geotrichum_fermentans_190924.final.pep,y1000p_cds_files/yHMPu5000037876_geotrichum_fermentans_190924.final.cds.tar.gz,y1000p_genome_files/yHMPu5000037876_geotrichum_fermentans_190924.fas.gz,False
yHMPu5000037878_Lipomyces_kononenkoae_SPADES,final,Lipomyces kononenkoae SPADES,y1000p_gff3_files/yHMPu5000037878_Lipomyces_kononenkoae_SPADES.final.gff3,y1000p_pep_files/yHMPu5000037878_Lipomyces_kononenkoae_SPADES.final.pep,y1000p_cds_files/yHMPu5000037878_Lipomyces_kononenkoae_SPADES.final.cds.tar.gz,y1000p_genome_files/yHMPu5000037878_Lipomyces_kononenkoae_SPADES.fas.gz,False
yHMPu5000037879_Lipomyces_spencer-martinsiae_S172_SPADES,final,Lipomyces spencer-martinsiae S172 SPADES,y1000p_gff3_files/yHMPu5000037879_Lipomyces_spencer-martinsiae_S172_SPADES.final.gff3,y1000p_pep_files/yHMPu5000037879_Lipomyces_spencer-martinsiae_S172_SPADES.final.pep,y1000p_cds_files/yHMPu5000037879_Lipomyces_spencer-martinsiae_S172_SPADES.final.cds.tar.gz,y1000p_genome_files/yHMPu5000037879_Lipomyces_spencer-martinsiae_S172_SPADES.fas.gz,False
yHMPu5000037881_martiniozyma_asiatica_190924,final,Martiniozyma asiatica,y1000p_gff3_files/yHMPu5000037881_martiniozyma_asiatica_190924.final.gff3,y1000p_pep_files/yHMPu5000037881_martiniozyma_asiatica_190924.final.pep,y1000p_cds_files/yHMPu5000037881_martiniozyma_asiatica_190924.final.cds.tar.gz,y1000p_genome_files/yHMPu5000037881_martiniozyma_asiatica_190924.fas.gz,False
yHMPu5000037882_candida_sorboxylosa_180604,final,Candida sorboxylosa,y1000p_gff3_files/yHMPu5000037882_candida_sorboxylosa_180604.haplomerger2.final.gff3,y1000p_pep_files/yHMPu5000037882_candida_sorboxylosa_180604.haplomerger2.final.pep,y1000p_cds_files/yHMPu5000037882_candida_sorboxylosa_180604.haplomerger2.final.cds.tar.gz,y1000p_genome_files/yHMPu5000037882_candida_sorboxylosa_180604.haplomerger2.fas.gz,False
yHMPu5000037883_candida_sorbosivorans_180604,final,Candida sorbosivorans,y1000p_gff3_files/yHMPu5000037883_candida_sorbosivorans_180604.final.gff3,y1000p_pep_files/yHMPu5000037883_candida_sorbosivorans_180604.final.pep,y1000p_cds_files/yHMPu5000037883_candida_sorbosivorans_180604.final.cds.tar.gz,y1000p_genome_files/yHMPu5000037883_candida_sorbosivorans_180604.fas.gz,False
yHMPu5000037884_candida_sithepensis_170912,final,Candida sithepensis,y1000p_gff3_files/yHMPu5000037884_candida_sithepensis_170912.final.gff3,y1000p_pep_files/yHMPu5000037884_candida_sithepensis_170912.final.pep,y1000p_cds_files/yHMPu5000037884_candida_sithepensis_170912.final.cds.tar.gz,y1000p_genome_files/yHMPu5000037884_candida_sithepensis_170912.fas.gz,False
yHMPu5000037885_candida_sake_170912,final,Candida sake,y1000p_gff3_files/yHMPu5000037885_candida_sake_170912.final.gff3,y1000p_pep_files/yHMPu5000037885_candida_sake_170912.final.pep,y1000p_cds_files/yHMPu5000037885_candida_sake_170912.final.cds.tar.gz,y1000p_genome_files/yHMPu5000037885_candida_sake_170912.fas.gz,False
yHMPu5000037886_candida_sagamina_180604,final,Candida sagamina,y1000p_gff3_files/yHMPu5000037886_candida_sagamina_180604.final.gff3,y1000p_pep_files/yHMPu5000037886_candida_sagamina_180604.final.pep,y1000p_cds_files/yHMPu5000037886_candida_sagamina_180604.final.cds.tar.gz,y1000p_genome_files/yHMPu5000037886_candida_sagamina_180604.fas.gz,False
yHMPu5000037887_candida_rugosa_170713,final,Candida rugosa,y1000p_gff3_files/yHMPu5000037887_candida_rugosa_170713.final.gff3,y1000p_pep_files/yHMPu5000037887_candida_rugosa_170713.final.pep,y1000p_cds_files/yHMPu5000037887_candida_rugosa_170713.final.cds.tar.gz,y1000p_genome_files/yHMPu5000037887_candida_rugosa_170713.fas.gz,False
yHMPu5000037888_candida_quercuum_170210,final,Candida quercuum,y1000p_gff3_files/yHMPu5000037888_candida_quercuum_170210.final.gff3,y1000p_pep_files/yHMPu5000037888_candida_quercuum_170210.final.pep,y1000p_cds_files/yHMPu5000037888_candida_quercuum_170210.final.cds.tar.gz,y1000p_genome_files/yHMPu5000037888_candida_quercuum_170210.fas.gz,False
yHMPu5000037889_candida_pseudofarinosa_180604,final,Candida pseudofarinosa,y1000p_gff3_files/yHMPu5000037889_candida_pseudofarinosa_180604.final.gff3,y1000p_pep_files/yHMPu5000037889_candida_pseudofarinosa_180604.final.pep,y1000p_cds_files/yHMPu5000037889_candida_pseudofarinosa_180604.final.cds.tar.gz,y1000p_genome_files/yHMPu5000037889_candida_pseudofarinosa_180604.fas.gz,False
yHMPu5000037890_candida_pimensis_180604,final,Candida pimensis,y1000p_gff3_files/yHMPu5000037890_candida_pimensis_180604.haplomerger2.final.gff3,y1000p_pep_files/yHMPu5000037890_candida_pimensis_180604.haplomerger2.final.pep,y1000p_cds_files/yHMPu5000037890_candida_pimensis_180604.haplomerger2.final.cds.tar.gz,y1000p_genome_files/yHMPu5000037890_candida_pimensis_180604.haplomerger2.fas.gz,False
yHMPu5000037891_candida_picachoensis_170210,final,Candida picachoensis,y1000p_gff3_files/yHMPu5000037891_candida_picachoensis_170210.haplomerger2.final.gff3,y1000p_pep_files/yHMPu5000037891_candida_picachoensis_170210.haplomerger2.final.pep,y1000p_cds_files/yHMPu5000037891_candida_picachoensis_170210.haplomerger2.final.cds.tar.gz,y1000p_genome_files/yHMPu5000037891_candida_picachoensis_170210.haplomerger2.fas.gz,False
yHMPu5000037892_candida_pallodes_170210,final,Candida pallodes,y1000p_gff3_files/yHMPu5000037892_candida_pallodes_170210.final.gff3,y1000p_pep_files/yHMPu5000037892_candida_pallodes_170210.final.pep,y1000p_cds_files/yHMPu5000037892_candida_pallodes_170210.final.cds.tar.gz,y1000p_genome_files/yHMPu5000037892_candida_pallodes_170210.fas.gz,False
yHMPu5000037893_candida_ovalis_170912,final,Candida ovalis,y1000p_gff3_files/yHMPu5000037893_candida_ovalis_170912.final.gff3,y1000p_pep_files/yHMPu5000037893_candida_ovalis_170912.final.pep,y1000p_cds_files/yHMPu5000037893_candida_ovalis_170912.final.cds.tar.gz,y1000p_genome_files/yHMPu5000037893_candida_ovalis_170912.fas.gz,False
yHMPu5000037894_candida_hasegawae_180604,final,Candida hasegawae,y1000p_gff3_files/yHMPu5000037894_candida_hasegawae_180604.final.gff3,y1000p_pep_files/yHMPu5000037894_candida_hasegawae_180604.final.pep,y1000p_cds_files/yHMPu5000037894_candida_hasegawae_180604.final.cds.tar.gz,y1000p_genome_files/yHMPu5000037894_candida_hasegawae_180604.fas.gz,False
yHMPu5000037895_candida_jaroonii_180604,final,Candida jaroonii,y1000p_gff3_files/yHMPu5000037895_candida_jaroonii_180604.final.gff3,y1000p_pep_files/yHMPu5000037895_candida_jaroonii_180604.final.pep,y1000p_cds_files/yHMPu5000037895_candida_jaroonii_180604.final.cds.tar.gz,y1000p_genome_files/yHMPu5000037895_candida_jaroonii_180604.fas.gz,False
yHMPu5000037896_candida_kanchanaburiensis_180604,final,Candida kanchanaburiensis,y1000p_gff3_files/yHMPu5000037896_candida_kanchanaburiensis_180604.final.gff3,y1000p_pep_files/yHMPu5000037896_candida_kanchanaburiensis_180604.final.pep,y1000p_cds_files/yHMPu5000037896_candida_kanchanaburiensis_180604.final.cds.tar.gz,y1000p_genome_files/yHMPu5000037896_candida_kanchanaburiensis_180604.fas.gz,False
yHMPu5000037897_Candida_kazuoi_SPADES,final,Candida kazuoi SPADES,y1000p_gff3_files/yHMPu5000037897_Candida_kazuoi_SPADES.final.gff3,y1000p_pep_files/yHMPu5000037897_Candida_kazuoi_SPADES.final.pep,y1000p_cds_files/yHMPu5000037897_Candida_kazuoi_SPADES.final.cds.tar.gz,y1000p_genome_files/yHMPu5000037897_Candida_kazuoi_SPADES.fas.gz,False
yHMPu5000037898_candida_kofuensis_190924,final,Candida kofuensis,y1000p_gff3_files/yHMPu5000037898_candida_kofuensis_190924.final.gff3,y1000p_pep_files/yHMPu5000037898_candida_kofuensis_190924.final.pep,y1000p_cds_files/yHMPu5000037898_candida_kofuensis_190924.final.cds.tar.gz,y1000p_genome_files/yHMPu5000037898_candida_kofuensis_190924.fas.gz,False
yHMPu5000037899_candida_koratica_180604,final,Candida koratica,y1000p_gff3_files/yHMPu5000037899_candida_koratica_180604.final.gff3,y1000p_pep_files/yHMPu5000037899_candida_koratica_180604.final.pep,y1000p_cds_files/yHMPu5000037899_candida_koratica_180604.final.cds.tar.gz,y1000p_genome_files/yHMPu5000037899_candida_koratica_180604.fas.gz,False
yHMPu5000037900_candida_labiduridarum_190924,final,Candida labiduridarum,y1000p_gff3_files/yHMPu5000037900_candida_labiduridarum_190924.final.gff3,y1000p_pep_files/yHMPu5000037900_candida_labiduridarum_190924.final.pep,y1000p_cds_files/yHMPu5000037900_candida_labiduridarum_190924.final.cds.tar.gz,y1000p_genome_files/yHMPu5000037900_candida_labiduridarum_190924.fas.gz,False
yHMPu5000037901_candida_membranifaciens_180604,final,Candida membranifaciens,y1000p_gff3_files/yHMPu5000037901_candida_membranifaciens_180604.final.gff3,y1000p_pep_files/yHMPu5000037901_candida_membranifaciens_180604.final.pep,y1000p_cds_files/yHMPu5000037901_candida_membranifaciens_180604.final.cds.tar.gz,y1000p_genome_files/yHMPu5000037901_candida_membranifaciens_180604.fas.gz,False
yHMPu5000037902_candida_michaelii_180604,final,Candida michaelii,y1000p_gff3_files/yHMPu5000037902_candida_michaelii_180604.final.gff3,y1000p_pep_files/yHMPu5000037902_candida_michaelii_180604.final.pep,y1000p_cds_files/yHMPu5000037902_candida_michaelii_180604.final.cds.tar.gz,y1000p_genome_files/yHMPu5000037902_candida_michaelii_180604.fas.gz,False
yHMPu5000037903_candida_multigemmis_180604,final,Candida multigemmis,y1000p_gff3_files/yHMPu5000037903_candida_multigemmis_180604.final.gff3,y1000p_pep_files/yHMPu5000037903_candida_multigemmis_180604.final.pep,y1000p_cds_files/yHMPu5000037903_candida_multigemmis_180604.final.cds.tar.gz,y1000p_genome_files/yHMPu5000037903_candida_multigemmis_180604.fas.gz,False
yHMPu5000037904_candida_nakhonratchasimensis_170912,final,Candida nakhonratchasimensis,y1000p_gff3_files/yHMPu5000037904_candida_nakhonratchasimensis_170912.final.gff3,y1000p_pep_files/yHMPu5000037904_candida_nakhonratchasimensis_170912.final.pep,y1000p_cds_files/yHMPu5000037904_candida_nakhonratchasimensis_170912.final.cds.tar.gz,y1000p_genome_files/yHMPu5000037904_candida_nakhonratchasimensis_170912.fas.gz,False
yHMPu5000037905_candida_odintsovae_180604,final,Candida odintsovae,y1000p_gff3_files/yHMPu5000037905_candida_odintsovae_180604.final.gff3,y1000p_pep_files/yHMPu5000037905_candida_odintsovae_180604.final.pep,y1000p_cds_files/yHMPu5000037905_candida_odintsovae_180604.final.cds.tar.gz,y1000p_genome_files/yHMPu5000037905_candida_odintsovae_180604.fas.gz,False
yHMPu5000037906_candida_glucosophila_180604,final,Candida glucosophila,y1000p_gff3_files/yHMPu5000037906_candida_glucosophila_180604.final.gff3,y1000p_pep_files/yHMPu5000037906_candida_glucosophila_180604.final.pep,y1000p_cds_files/yHMPu5000037906_candida_glucosophila_180604.final.cds.tar.gz,y1000p_genome_files/yHMPu5000037906_candida_glucosophila_180604.fas.gz,False
yHMPu5000037907_candida_fungicola_180604,final,Candida fungicola,y1000p_gff3_files/yHMPu5000037907_candida_fungicola_180604.final.gff3,y1000p_pep_files/yHMPu5000037907_candida_fungicola_180604.final.pep,y1000p_cds_files/yHMPu5000037907_candida_fungicola_180604.final.cds.tar.gz,y1000p_genome_files/yHMPu5000037907_candida_fungicola_180604.fas.gz,False
yHMPu5000037908_candida_fukazawae_180604,final,Candida fukazawae,y1000p_gff3_files/yHMPu5000037908_candida_fukazawae_180604.final.gff3,y1000p_pep_files/yHMPu5000037908_candida_fukazawae_180604.final.pep,y1000p_cds_files/yHMPu5000037908_candida_fukazawae_180604.final.cds.tar.gz,y1000p_genome_files/yHMPu5000037908_candida_fukazawae_180604.fas.gz,False
yHMPu5000037912_candida_dendronema_170912,final,Candida dendronema,y1000p_gff3_files/yHMPu5000037912_candida_dendronema_170912.final.gff3,y1000p_pep_files/yHMPu5000037912_candida_dendronema_170912.final.pep,y1000p_cds_files/yHMPu5000037912_candida_dendronema_170912.final.cds.tar.gz,y1000p_genome_files/yHMPu5000037912_candida_dendronema_170912.fas.gz,False
yHMPu5000037913_candida_cylindracea_180604,final,Candida cylindracea,y1000p_gff3_files/yHMPu5000037913_candida_cylindracea_180604.haplomerger2.final.gff3,y1000p_pep_files/yHMPu5000037913_candida_cylindracea_180604.haplomerger2.final.pep,y1000p_cds_files/yHMPu5000037913_candida_cylindracea_180604.haplomerger2.final.cds.tar.gz,y1000p_genome_files/yHMPu5000037913_candida_cylindracea_180604.haplomerger2.fas.gz,False
yHMPu5000037914_candida_conglobata_180604,final,Candida conglobata,y1000p_gff3_files/yHMPu5000037914_candida_conglobata_180604.final.gff3,y1000p_pep_files/yHMPu5000037914_candida_conglobata_180604.final.pep,y1000p_cds_files/yHMPu5000037914_candida_conglobata_180604.final.cds.tar.gz,y1000p_genome_files/yHMPu5000037914_candida_conglobata_180604.fas.gz,False
yHMPu5000037915_candida_catenulata_190924,final,Candida catenulata,y1000p_gff3_files/yHMPu5000037915_candida_catenulata_190924.final.gff3,y1000p_pep_files/yHMPu5000037915_candida_catenulata_190924.final.pep,y1000p_cds_files/yHMPu5000037915_candida_catenulata_190924.final.cds.tar.gz,y1000p_genome_files/yHMPu5000037915_candida_catenulata_190924.fas.gz,False
yHMPu5000037916_candida_carvajalis_180604,final,Candida carvajalis,y1000p_gff3_files/yHMPu5000037916_candida_carvajalis_180604.final.gff3,y1000p_pep_files/yHMPu5000037916_candida_carvajalis_180604.final.pep,y1000p_cds_files/yHMPu5000037916_candida_carvajalis_180604.final.cds.tar.gz,y1000p_genome_files/yHMPu5000037916_candida_carvajalis_180604.fas.gz,False
yHMPu5000037917_candida_blattariae_170210,final,Candida blattariae,y1000p_gff3_files/yHMPu5000037917_candida_blattariae_170210.final.gff3,y1000p_pep_files/yHMPu5000037917_candida_blattariae_170210.final.pep,y1000p_cds_files/yHMPu5000037917_candida_blattariae_170210.final.cds.tar.gz,y1000p_genome_files/yHMPu5000037917_candida_blattariae_170210.fas.gz,False
yHMPu5000037918_alloascoidea_africana_180604,final,Alloascoidea africana,y1000p_gff3_files/yHMPu5000037918_alloascoidea_africana_180604.final.gff3,y1000p_pep_files/yHMPu5000037918_alloascoidea_africana_180604.final.pep,y1000p_cds_files/yHMPu5000037918_alloascoidea_africana_180604.final.cds.tar.gz,y1000p_genome_files/yHMPu5000037918_alloascoidea_africana_180604.fas.gz,False
yHMPu5000037920_ambrosiozyma_kamigamensis_190924,final,Ambrosiozyma kamigamensis,y1000p_gff3_files/yHMPu5000037920_ambrosiozyma_kamigamensis_190924.haplomerger2.final.gff3,y1000p_pep_files/yHMPu5000037920_ambrosiozyma_kamigamensis_190924.haplomerger2.final.pep,y1000p_cds_files/yHMPu5000037920_ambrosiozyma_kamigamensis_190924.haplomerger2.final.cds.tar.gz,y1000p_genome_files/yHMPu5000037920_ambrosiozyma_kamigamensis_190924.haplomerger2.fas.gz,False
yHMPu5000037921_ascoidea_asiatica_201018,final,Ascoidea asiatica,y1000p_gff3_files/yHMPu5000037921_ascoidea_asiatica_201018.final.gff3,y1000p_pep_files/yHMPu5000037921_ascoidea_asiatica_201018.final.pep,y1000p_cds_files/yHMPu5000037921_ascoidea_asiatica_201018.final.cds.tar.gz,y1000p_genome_files/yHMPu5000037921_ascoidea_asiatica_201018.fas.gz,False
yHMPu5000037922_ascoidea_rubescens_170210,final,Ascoidea rubescens,y1000p_gff3_files/yHMPu5000037922_ascoidea_rubescens_170210.final.gff3,y1000p_pep_files/yHMPu5000037922_ascoidea_rubescens_170210.final.pep,y1000p_cds_files/yHMPu5000037922_ascoidea_rubescens_170210.final.cds.tar.gz,y1000p_genome_files/yHMPu5000037922_ascoidea_rubescens_170210.fas.gz,False
yHMPu5000037923_ascoidea_tarda_180604,final,Ascoidea tarda,y1000p_gff3_files/yHMPu5000037923_ascoidea_tarda_180604.final.gff3,y1000p_pep_files/yHMPu5000037923_ascoidea_tarda_180604.final.pep,y1000p_cds_files/yHMPu5000037923_ascoidea_tarda_180604.final.cds.tar.gz,y1000p_genome_files/yHMPu5000037923_ascoidea_tarda_180604.fas.gz,False
yHMPu5000037924_candida_taliae_201018,final,Candida taliae,y1000p_gff3_files/yHMPu5000037924_candida_taliae_201018.final.gff3,y1000p_pep_files/yHMPu5000037924_candida_taliae_201018.final.pep,y1000p_cds_files/yHMPu5000037924_candida_taliae_201018.final.cds.tar.gz,y1000p_genome_files/yHMPu5000037924_candida_taliae_201018.fas.gz,False
yHMPu5000037925_candida_aglyptinia_170210,final,Candida aglyptinia,y1000p_gff3_files/yHMPu5000037925_candida_aglyptinia_170210.final.gff3,y1000p_pep_files/yHMPu5000037925_candida_aglyptinia_170210.final.pep,y1000p_cds_files/yHMPu5000037925_candida_aglyptinia_170210.final.cds.tar.gz,y1000p_genome_files/yHMPu5000037925_candida_aglyptinia_170210.fas.gz,False
yHMPu5000037926_candida_alai_190924,final,Candida alai,y1000p_gff3_files/yHMPu5000037926_candida_alai_190924.final.gff3,y1000p_pep_files/yHMPu5000037926_candida_alai_190924.final.pep,y1000p_cds_files/yHMPu5000037926_candida_alai_190924.final.cds.tar.gz,y1000p_genome_files/yHMPu5000037926_candida_alai_190924.fas.gz,False
yHMPu5000037927_candida_apicola_180604,final,Candida apicola,y1000p_gff3_files/yHMPu5000037927_candida_apicola_180604.final.gff3,y1000p_pep_files/yHMPu5000037927_candida_apicola_180604.final.pep,y1000p_cds_files/yHMPu5000037927_candida_apicola_180604.final.cds.tar.gz,y1000p_genome_files/yHMPu5000037927_candida_apicola_180604.fas.gz,False
yHMPu5000037928_candida_argentea_180604,final,Candida argentea,y1000p_gff3_files/yHMPu5000037928_candida_argentea_180604.haplomerger2.final.gff3,y1000p_pep_files/yHMPu5000037928_candida_argentea_180604.haplomerger2.final.pep,y1000p_cds_files/yHMPu5000037928_candida_argentea_180604.haplomerger2.final.cds.tar.gz,y1000p_genome_files/yHMPu5000037928_candida_argentea_180604.haplomerger2.fas.gz,False
yHMPu5000037929_candida_auris_170210,final,Candida auris,y1000p_gff3_files/yHMPu5000037929_candida_auris_170210.final.gff3,y1000p_pep_files/yHMPu5000037929_candida_auris_170210.final.pep,y1000p_cds_files/yHMPu5000037929_candida_auris_170210.final.cds.tar.gz,y1000p_genome_files/yHMPu5000037929_candida_auris_170210.fas.gz,False
yHMPu5000038026_yamadazyma_ubonensis_170912,final,Yamadazyma ubonensis,y1000p_gff3_files/yHMPu5000038026_yamadazyma_ubonensis_170912.final.gff3,y1000p_pep_files/yHMPu5000038026_yamadazyma_ubonensis_170912.final.pep,y1000p_cds_files/yHMPu5000038026_yamadazyma_ubonensis_170912.final.cds.tar.gz,y1000p_genome_files/yHMPu5000038026_yamadazyma_ubonensis_170912.fas.gz,False
yHMPu5000038028_yamadazyma_takamatsuzukensis_170912,final,Yamadazyma takamatsuzukensis,y1000p_gff3_files/yHMPu5000038028_yamadazyma_takamatsuzukensis_170912.final.gff3,y1000p_pep_files/yHMPu5000038028_yamadazyma_takamatsuzukensis_170912.final.pep,y1000p_cds_files/yHMPu5000038028_yamadazyma_takamatsuzukensis_170912.final.cds.tar.gz,y1000p_genome_files/yHMPu5000038028_yamadazyma_takamatsuzukensis_170912.fas.gz,False
yHMPu5000038029_Yamadazyma_siamensis_SPADES,final,Yamadazyma siamensis SPADES,y1000p_gff3_files/yHMPu5000038029_Yamadazyma_siamensis_SPADES.final.gff3,y1000p_pep_files/yHMPu5000038029_Yamadazyma_siamensis_SPADES.final.pep,y1000p_cds_files/yHMPu5000038029_Yamadazyma_siamensis_SPADES.final.cds.tar.gz,y1000p_genome_files/yHMPu5000038029_Yamadazyma_siamensis_SPADES.fas.gz,False
yHMPu5000038030_yamadazyma_phyllophila_170912,final,Yamadazyma phyllophila,y1000p_gff3_files/yHMPu5000038030_yamadazyma_phyllophila_170912.final.gff3,y1000p_pep_files/yHMPu5000038030_yamadazyma_phyllophila_170912.final.pep,y1000p_cds_files/yHMPu5000038030_yamadazyma_phyllophila_170912.final.cds.tar.gz,y1000p_genome_files/yHMPu5000038030_yamadazyma_phyllophila_170912.fas.gz,False
yHMPu5000038031_Yamadazyma_olivae_SPADES,final,Yamadazyma olivae SPADES,y1000p_gff3_files/yHMPu5000038031_Yamadazyma_olivae_SPADES.final.gff3,y1000p_pep_files/yHMPu5000038031_Yamadazyma_olivae_SPADES.final.pep,y1000p_cds_files/yHMPu5000038031_Yamadazyma_olivae_SPADES.final.cds.tar.gz,y1000p_genome_files/yHMPu5000038031_Yamadazyma_olivae_SPADES.fas.gz,False
yHMPu5000038032_yamadazyma_kitorensis_170912,final,Yamadazyma kitorensis,y1000p_gff3_files/yHMPu5000038032_yamadazyma_kitorensis_170912.final.gff3,y1000p_pep_files/yHMPu5000038032_yamadazyma_kitorensis_170912.final.pep,y1000p_cds_files/yHMPu5000038032_yamadazyma_kitorensis_170912.final.cds.tar.gz,y1000p_genome_files/yHMPu5000038032_yamadazyma_kitorensis_170912.fas.gz,False
yHMPu5000038033_yamadazyma_insecticola_170912,final,Yamadazyma insecticola,y1000p_gff3_files/yHMPu5000038033_yamadazyma_insecticola_170912.final.gff3,y1000p_pep_files/yHMPu5000038033_yamadazyma_insecticola_170912.final.pep,y1000p_cds_files/yHMPu5000038033_yamadazyma_insecticola_170912.final.cds.tar.gz,y1000p_genome_files/yHMPu5000038033_yamadazyma_insecticola_170912.fas.gz,False
yHMPu5000038034_yamadazyma_epiphylla_170912,final,Yamadazyma epiphylla,y1000p_gff3_files/yHMPu5000038034_yamadazyma_epiphylla_170912.final.gff3,y1000p_pep_files/yHMPu5000038034_yamadazyma_epiphylla_170912.final.pep,y1000p_cds_files/yHMPu5000038034_yamadazyma_epiphylla_170912.final.cds.tar.gz,y1000p_genome_files/yHMPu5000038034_yamadazyma_epiphylla_170912.fas.gz,False
yHMPu5000038036_yamadazyma_dushanensis_170912,final,Yamadazyma dushanensis,y1000p_gff3_files/yHMPu5000038036_yamadazyma_dushanensis_170912.final.gff3,y1000p_pep_files/yHMPu5000038036_yamadazyma_dushanensis_170912.final.pep,y1000p_cds_files/yHMPu5000038036_yamadazyma_dushanensis_170912.final.cds.tar.gz,y1000p_genome_files/yHMPu5000038036_yamadazyma_dushanensis_170912.fas.gz,False
yHMPu5000038037_yamadazyma_akitaensis_170912,final,Yamadazyma akitaensis,y1000p_gff3_files/yHMPu5000038037_yamadazyma_akitaensis_170912.final.gff3,y1000p_pep_files/yHMPu5000038037_yamadazyma_akitaensis_170912.final.pep,y1000p_cds_files/yHMPu5000038037_yamadazyma_akitaensis_170912.final.cds.tar.gz,y1000p_genome_files/yHMPu5000038037_yamadazyma_akitaensis_170912.fas.gz,False
yHMPu5000038038_saturnispora_quitensis_170912,final,Saturnispora quitensis,y1000p_gff3_files/yHMPu5000038038_saturnispora_quitensis_170912.final.gff3,y1000p_pep_files/yHMPu5000038038_saturnispora_quitensis_170912.final.pep,y1000p_cds_files/yHMPu5000038038_saturnispora_quitensis_170912.final.cds.tar.gz,y1000p_genome_files/yHMPu5000038038_saturnispora_quitensis_170912.fas.gz,False
yHMPu5000038039_scheffersomyces_parashehatae_170912,final,Scheffersomyces parashehatae,y1000p_gff3_files/yHMPu5000038039_scheffersomyces_parashehatae_170912.final.gff3,y1000p_pep_files/yHMPu5000038039_scheffersomyces_parashehatae_170912.final.pep,y1000p_cds_files/yHMPu5000038039_scheffersomyces_parashehatae_170912.final.cds.tar.gz,y1000p_genome_files/yHMPu5000038039_scheffersomyces_parashehatae_170912.fas.gz,False
yHMPu5000038040_scheffersomyces_xylosifermentans_170912,final,Scheffersomyces xylosifermentans,y1000p_gff3_files/yHMPu5000038040_scheffersomyces_xylosifermentans_170912.final.gff3,y1000p_pep_files/yHMPu5000038040_scheffersomyces_xylosifermentans_170912.final.pep,y1000p_cds_files/yHMPu5000038040_scheffersomyces_xylosifermentans_170912.final.cds.tar.gz,y1000p_genome_files/yHMPu5000038040_scheffersomyces_xylosifermentans_170912.fas.gz,False
yHMPu5000038041_suhomyces_yuchorum_170912,final,Suhomyces yuchorum,y1000p_gff3_files/yHMPu5000038041_suhomyces_yuchorum_170912.final.gff3,y1000p_pep_files/yHMPu5000038041_suhomyces_yuchorum_170912.final.pep,y1000p_cds_files/yHMPu5000038041_suhomyces_yuchorum_170912.final.cds.tar.gz,y1000p_genome_files/yHMPu5000038041_suhomyces_yuchorum_170912.fas.gz,False
yHMPu5000038042_wickerhamiella_allomyrinae_170912,final,Wickerhamiella allomyrinae,y1000p_gff3_files/yHMPu5000038042_wickerhamiella_allomyrinae_170912.final.gff3,y1000p_pep_files/yHMPu5000038042_wickerhamiella_allomyrinae_170912.final.pep,y1000p_cds_files/yHMPu5000038042_wickerhamiella_allomyrinae_170912.final.cds.tar.gz,y1000p_genome_files/yHMPu5000038042_wickerhamiella_allomyrinae_170912.fas.gz,False
yHMPu5000038046_wickerhamiella_siamensis_170912,final,Wickerhamiella siamensis,y1000p_gff3_files/yHMPu5000038046_wickerhamiella_siamensis_170912.final.gff3,y1000p_pep_files/yHMPu5000038046_wickerhamiella_siamensis_170912.final.pep,y1000p_cds_files/yHMPu5000038046_wickerhamiella_siamensis_170912.final.cds.tar.gz,y1000p_genome_files/yHMPu5000038046_wickerhamiella_siamensis_170912.fas.gz,False
yHMPu5000038047_wickerhamiella_slavikovae_170912,final,Wickerhamiella slavikovae,y1000p_gff3_files/yHMPu5000038047_wickerhamiella_slavikovae_170912.final.gff3,y1000p_pep_files/yHMPu5000038047_wickerhamiella_slavikovae_170912.final.pep,y1000p_cds_files/yHMPu5000038047_wickerhamiella_slavikovae_170912.final.cds.tar.gz,y1000p_genome_files/yHMPu5000038047_wickerhamiella_slavikovae_170912.fas.gz,False
yHMPu5000038048_wickerhamomyces_mucosus_170912,final,Wickerhamomyces mucosus,y1000p_gff3_files/yHMPu5000038048_wickerhamomyces_mucosus_170912.haplomerger2.final.gff3,y1000p_pep_files/yHMPu5000038048_wickerhamomyces_mucosus_170912.haplomerger2.final.pep,y1000p_cds_files/yHMPu5000038048_wickerhamomyces_mucosus_170912.haplomerger2.final.cds.tar.gz,y1000p_genome_files/yHMPu5000038048_wickerhamomyces_mucosus_170912.haplomerger2.fas.gz,False
yHMPu5000038049_wickerhamomyces_xylosica_180604,final,Wickerhamomyces xylosica,y1000p_gff3_files/yHMPu5000038049_wickerhamomyces_xylosica_180604.final.gff3,y1000p_pep_files/yHMPu5000038049_wickerhamomyces_xylosica_180604.final.pep,y1000p_cds_files/yHMPu5000038049_wickerhamomyces_xylosica_180604.final.cds.tar.gz,y1000p_genome_files/yHMPu5000038049_wickerhamomyces_xylosica_180604.fas.gz,False
yHMPu5000038050_saccharomycopsis_olivae_170912,final,Saccharomycopsis olivae,y1000p_gff3_files/yHMPu5000038050_saccharomycopsis_olivae_170912.final.gff3,y1000p_pep_files/yHMPu5000038050_saccharomycopsis_olivae_170912.final.pep,y1000p_cds_files/yHMPu5000038050_saccharomycopsis_olivae_170912.final.cds.tar.gz,y1000p_genome_files/yHMPu5000038050_saccharomycopsis_olivae_170912.fas.gz,False
yHMPu5000038051_saccharomycopsis_malanga_170912,final,Saccharomycopsis malanga,y1000p_gff3_files/yHMPu5000038051_saccharomycopsis_malanga_170912.final.gff3,y1000p_pep_files/yHMPu5000038051_saccharomycopsis_malanga_170912.final.pep,y1000p_cds_files/yHMPu5000038051_saccharomycopsis_malanga_170912.final.cds.tar.gz,y1000p_genome_files/yHMPu5000038051_saccharomycopsis_malanga_170912.fas.gz,False
yHMPu5000038052_saccharomycopsis_guyanensis_170912,final,Saccharomycopsis guyanensis,y1000p_gff3_files/yHMPu5000038052_saccharomycopsis_guyanensis_170912.final.gff3,y1000p_pep_files/yHMPu5000038052_saccharomycopsis_guyanensis_170912.final.pep,y1000p_cds_files/yHMPu5000038052_saccharomycopsis_guyanensis_170912.final.cds.tar.gz,y1000p_genome_files/yHMPu5000038052_saccharomycopsis_guyanensis_170912.fas.gz,False
yHMPu5000038053_pichia_sp_180604,final,Pichia sp,y1000p_gff3_files/yHMPu5000038053_pichia_sp_180604.final.gff3,y1000p_pep_files/yHMPu5000038053_pichia_sp_180604.final.pep,y1000p_cds_files/yHMPu5000038053_pichia_sp_180604.final.cds.tar.gz,y1000p_genome_files/yHMPu5000038053_pichia_sp_180604.fas.gz,False
yHMPu5000038055_pichia_insulana_190924,final,Pichia insulana,y1000p_gff3_files/yHMPu5000038055_pichia_insulana_190924.haplomerger2.final.gff3,y1000p_pep_files/yHMPu5000038055_pichia_insulana_190924.haplomerger2.final.pep,y1000p_cds_files/yHMPu5000038055_pichia_insulana_190924.haplomerger2.final.cds.tar.gz,y1000p_genome_files/yHMPu5000038055_pichia_insulana_190924.haplomerger2.fas.gz,False
yHMPu5000038056_ogataea_neopini_170912,final,Ogataea neopini,y1000p_gff3_files/yHMPu5000038056_ogataea_neopini_170912.final.gff3,y1000p_pep_files/yHMPu5000038056_ogataea_neopini_170912.final.pep,y1000p_cds_files/yHMPu5000038056_ogataea_neopini_170912.final.cds.tar.gz,y1000p_genome_files/yHMPu5000038056_ogataea_neopini_170912.fas.gz,False
yHMPu5000038058_nakazawaea_siamensis_170912,final,Nakazawaea siamensis,y1000p_gff3_files/yHMPu5000038058_nakazawaea_siamensis_170912.final.gff3,y1000p_pep_files/yHMPu5000038058_nakazawaea_siamensis_170912.final.pep,y1000p_cds_files/yHMPu5000038058_nakazawaea_siamensis_170912.final.cds.tar.gz,y1000p_genome_files/yHMPu5000038058_nakazawaea_siamensis_170912.fas.gz,False
yHMPu5000038059_Nadsonia_commutata_S169_SPADES,final,Nadsonia commutata S169 SPADES,y1000p_gff3_files/yHMPu5000038059_Nadsonia_commutata_S169_SPADES.final.gff3,y1000p_pep_files/yHMPu5000038059_Nadsonia_commutata_S169_SPADES.final.pep,y1000p_cds_files/yHMPu5000038059_Nadsonia_commutata_S169_SPADES.final.cds.tar.gz,y1000p_genome_files/yHMPu5000038059_Nadsonia_commutata_S169_SPADES.fas.gz,False
yHMPu5000038060_kodamaea_kakaduensis_170912,final,Kodamaea kakaduensis,y1000p_gff3_files/yHMPu5000038060_kodamaea_kakaduensis_170912.final.gff3,y1000p_pep_files/yHMPu5000038060_kodamaea_kakaduensis_170912.final.pep,y1000p_cds_files/yHMPu5000038060_kodamaea_kakaduensis_170912.final.cds.tar.gz,y1000p_genome_files/yHMPu5000038060_kodamaea_kakaduensis_170912.fas.gz,False
yHMPu5000038061_hyphopichia_pseudoburtonii_170912,final,Hyphopichia pseudoburtonii,y1000p_gff3_files/yHMPu5000038061_hyphopichia_pseudoburtonii_170912.final.gff3,y1000p_pep_files/yHMPu5000038061_hyphopichia_pseudoburtonii_170912.final.pep,y1000p_cds_files/yHMPu5000038061_hyphopichia_pseudoburtonii_170912.final.cds.tar.gz,y1000p_genome_files/yHMPu5000038061_hyphopichia_pseudoburtonii_170912.fas.gz,False
yHMPu5000038062_candida_wangnamkhiaoensis_170912,final,Candida wangnamkhiaoensis,y1000p_gff3_files/yHMPu5000038062_candida_wangnamkhiaoensis_170912.final.gff3,y1000p_pep_files/yHMPu5000038062_candida_wangnamkhiaoensis_170912.final.pep,y1000p_cds_files/yHMPu5000038062_candida_wangnamkhiaoensis_170912.final.cds.tar.gz,y1000p_genome_files/yHMPu5000038062_candida_wangnamkhiaoensis_170912.fas.gz,False
yHMPu5000038063_candida_xylanilytica_180604,final,Candida xylanilytica,y1000p_gff3_files/yHMPu5000038063_candida_xylanilytica_180604.haplomerger2.final.gff3,y1000p_pep_files/yHMPu5000038063_candida_xylanilytica_180604.haplomerger2.final.pep,y1000p_cds_files/yHMPu5000038063_candida_xylanilytica_180604.haplomerger2.final.cds.tar.gz,y1000p_genome_files/yHMPu5000038063_candida_xylanilytica_180604.haplomerger2.fas.gz,False
yHMPu5000038066_clavispora_reshetovae_170912,final,Clavispora reshetovae,y1000p_gff3_files/yHMPu5000038066_clavispora_reshetovae_170912.final.gff3,y1000p_pep_files/yHMPu5000038066_clavispora_reshetovae_170912.final.pep,y1000p_cds_files/yHMPu5000038066_clavispora_reshetovae_170912.final.cds.tar.gz,y1000p_genome_files/yHMPu5000038066_clavispora_reshetovae_170912.fas.gz,False
yHMPu5000038067_cyberlindnera_bimundalis_190924,final,Cyberlindnera bimundalis,y1000p_gff3_files/yHMPu5000038067_cyberlindnera_bimundalis_190924.final.gff3,y1000p_pep_files/yHMPu5000038067_cyberlindnera_bimundalis_190924.final.pep,y1000p_cds_files/yHMPu5000038067_cyberlindnera_bimundalis_190924.final.cds.tar.gz,y1000p_genome_files/yHMPu5000038067_cyberlindnera_bimundalis_190924.fas.gz,False
yHMPu5000038068_cyberlindnera_samutprakarnensis_170912,final,Cyberlindnera samutprakarnensis,y1000p_gff3_files/yHMPu5000038068_cyberlindnera_samutprakarnensis_170912.haplomerger2.final.gff3,y1000p_pep_files/yHMPu5000038068_cyberlindnera_samutprakarnensis_170912.haplomerger2.final.pep,y1000p_cds_files/yHMPu5000038068_cyberlindnera_samutprakarnensis_170912.haplomerger2.final.cds.tar.gz,y1000p_genome_files/yHMPu5000038068_cyberlindnera_samutprakarnensis_170912.haplomerger2.fas.gz,False
yHMPu5000038069_diutina_neorugosa_170912,final,Diutina neorugosa,y1000p_gff3_files/yHMPu5000038069_diutina_neorugosa_170912.final.gff3,y1000p_pep_files/yHMPu5000038069_diutina_neorugosa_170912.final.pep,y1000p_cds_files/yHMPu5000038069_diutina_neorugosa_170912.final.cds.tar.gz,y1000p_genome_files/yHMPu5000038069_diutina_neorugosa_170912.fas.gz,False
yHMPu5000038070_diutina_ranongensis_170912,final,Diutina ranongensis,y1000p_gff3_files/yHMPu5000038070_diutina_ranongensis_170912.final.gff3,y1000p_pep_files/yHMPu5000038070_diutina_ranongensis_170912.final.pep,y1000p_cds_files/yHMPu5000038070_diutina_ranongensis_170912.final.cds.tar.gz,y1000p_genome_files/yHMPu5000038070_diutina_ranongensis_170912.fas.gz,False
yHMPu5000038071_diutina_scorzettiae_170912,final,Diutina scorzettiae,y1000p_gff3_files/yHMPu5000038071_diutina_scorzettiae_170912.final.gff3,y1000p_pep_files/yHMPu5000038071_diutina_scorzettiae_170912.final.pep,y1000p_cds_files/yHMPu5000038071_diutina_scorzettiae_170912.final.cds.tar.gz,y1000p_genome_files/yHMPu5000038071_diutina_scorzettiae_170912.fas.gz,False
yHMPu5000038073_geotrichum_europaeum_170912,final,Geotrichum europaeum,y1000p_gff3_files/yHMPu5000038073_geotrichum_europaeum_170912.final.gff3,y1000p_pep_files/yHMPu5000038073_geotrichum_europaeum_170912.final.pep,y1000p_cds_files/yHMPu5000038073_geotrichum_europaeum_170912.final.cds.tar.gz,y1000p_genome_files/yHMPu5000038073_geotrichum_europaeum_170912.fas.gz,False
yHMPu5000038074_candida_vaughaniae_170912,final,Candida vaughaniae,y1000p_gff3_files/yHMPu5000038074_candida_vaughaniae_170912.final.gff3,y1000p_pep_files/yHMPu5000038074_candida_vaughaniae_170912.final.pep,y1000p_cds_files/yHMPu5000038074_candida_vaughaniae_170912.final.cds.tar.gz,y1000p_genome_files/yHMPu5000038074_candida_vaughaniae_170912.fas.gz,False
yHMPu5000038075_candida_ulmi_170912,final,Candida ulmi,y1000p_gff3_files/yHMPu5000038075_candida_ulmi_170912.final.gff3,y1000p_pep_files/yHMPu5000038075_candida_ulmi_170912.final.pep,y1000p_cds_files/yHMPu5000038075_candida_ulmi_170912.final.cds.tar.gz,y1000p_genome_files/yHMPu5000038075_candida_ulmi_170912.fas.gz,False
yHMPu5000038076_Candida_tumulicola_SPADES,final,Candida tumulicola SPADES,y1000p_gff3_files/yHMPu5000038076_Candida_tumulicola_SPADES.final.gff3,y1000p_pep_files/yHMPu5000038076_Candida_tumulicola_SPADES.final.pep,y1000p_cds_files/yHMPu5000038076_Candida_tumulicola_SPADES.final.cds.tar.gz,y1000p_genome_files/yHMPu5000038076_Candida_tumulicola_SPADES.fas.gz,False
yHMPu5000038077_candida_thaimueangensis_170912,final,Candida thaimueangensis,y1000p_gff3_files/yHMPu5000038077_candida_thaimueangensis_170912.haplomerger2.final.gff3,y1000p_pep_files/yHMPu5000038077_candida_thaimueangensis_170912.haplomerger2.final.pep,y1000p_cds_files/yHMPu5000038077_candida_thaimueangensis_170912.haplomerger2.final.cds.tar.gz,y1000p_genome_files/yHMPu5000038077_candida_thaimueangensis_170912.haplomerger2.fas.gz,False
yHMPu5000038078_candida_taoyuanica_170912,final,Candida taoyuanica,y1000p_gff3_files/yHMPu5000038078_candida_taoyuanica_170912.final.gff3,y1000p_pep_files/yHMPu5000038078_candida_taoyuanica_170912.final.pep,y1000p_cds_files/yHMPu5000038078_candida_taoyuanica_170912.final.cds.tar.gz,y1000p_genome_files/yHMPu5000038078_candida_taoyuanica_170912.fas.gz,False
yHMPu5000038079_Candida_tanticharoeniae_SPADES,final,Candida tanticharoeniae SPADES,y1000p_gff3_files/yHMPu5000038079_Candida_tanticharoeniae_SPADES.final.gff3,y1000p_pep_files/yHMPu5000038079_Candida_tanticharoeniae_SPADES.final.pep,y1000p_cds_files/yHMPu5000038079_Candida_tanticharoeniae_SPADES.final.cds.tar.gz,y1000p_genome_files/yHMPu5000038079_Candida_tanticharoeniae_SPADES.fas.gz,False
yHMPu5000038080_candida_tallmaniae_201018,final,Candida tallmaniae,y1000p_gff3_files/yHMPu5000038080_candida_tallmaniae_201018.final.gff3,y1000p_pep_files/yHMPu5000038080_candida_tallmaniae_201018.final.pep,y1000p_cds_files/yHMPu5000038080_candida_tallmaniae_201018.final.cds.tar.gz,y1000p_genome_files/yHMPu5000038080_candida_tallmaniae_201018.fas.gz,False
yHMPu5000038081_candida_takata_180604,final,Candida takata,y1000p_gff3_files/yHMPu5000038081_candida_takata_180604.final.gff3,y1000p_pep_files/yHMPu5000038081_candida_takata_180604.final.pep,y1000p_cds_files/yHMPu5000038081_candida_takata_180604.final.cds.tar.gz,y1000p_genome_files/yHMPu5000038081_candida_takata_180604.fas.gz,False
yHMPu5000038082_candida_suecica_180604,final,Candida suecica,y1000p_gff3_files/yHMPu5000038082_candida_suecica_180604.final.gff3,y1000p_pep_files/yHMPu5000038082_candida_suecica_180604.final.pep,y1000p_cds_files/yHMPu5000038082_candida_suecica_180604.final.cds.tar.gz,y1000p_genome_files/yHMPu5000038082_candida_suecica_180604.fas.gz,False
yHMPu5000038083_candida_subhashii_180604,final,Candida subhashii,y1000p_gff3_files/yHMPu5000038083_candida_subhashii_180604.haplomerger2.final.gff3,y1000p_pep_files/yHMPu5000038083_candida_subhashii_180604.haplomerger2.final.pep,y1000p_cds_files/yHMPu5000038083_candida_subhashii_180604.haplomerger2.final.cds.tar.gz,y1000p_genome_files/yHMPu5000038083_candida_subhashii_180604.haplomerger2.fas.gz,False
yHMPu5000038084_candida_stauntonica_170912,final,Candida stauntonica,y1000p_gff3_files/yHMPu5000038084_candida_stauntonica_170912.final.gff3,y1000p_pep_files/yHMPu5000038084_candida_stauntonica_170912.final.pep,y1000p_cds_files/yHMPu5000038084_candida_stauntonica_170912.final.cds.tar.gz,y1000p_genome_files/yHMPu5000038084_candida_stauntonica_170912.fas.gz,False
yHMPu5000038085_candida_sp_170912,final,Candida sp,y1000p_gff3_files/yHMPu5000038085_candida_sp_170912.final.gff3,y1000p_pep_files/yHMPu5000038085_candida_sp_170912.final.pep,y1000p_cds_files/yHMPu5000038085_candida_sp_170912.final.cds.tar.gz,y1000p_genome_files/yHMPu5000038085_candida_sp_170912.fas.gz,False
yHMPu5000038086_Candida_palmyrensis_SPADES,final,Candida palmyrensis SPADES,y1000p_gff3_files/yHMPu5000038086_Candida_palmyrensis_SPADES.final.gff3,y1000p_pep_files/yHMPu5000038086_Candida_palmyrensis_SPADES.final.pep,y1000p_cds_files/yHMPu5000038086_Candida_palmyrensis_SPADES.final.cds.tar.gz,y1000p_genome_files/yHMPu5000038086_Candida_palmyrensis_SPADES.fas.gz,False
yHMPu5000038087_candida_phayaonensis_170912,final,Candida phayaonensis,y1000p_gff3_files/yHMPu5000038087_candida_phayaonensis_170912.final.gff3,y1000p_pep_files/yHMPu5000038087_candida_phayaonensis_170912.final.pep,y1000p_cds_files/yHMPu5000038087_candida_phayaonensis_170912.final.cds.tar.gz,y1000p_genome_files/yHMPu5000038087_candida_phayaonensis_170912.fas.gz,False
yHMPu5000038088_candida_potachaoreniae_180604,final,Candida potachaoreniae,y1000p_gff3_files/yHMPu5000038088_candida_potachaoreniae_180604.final.gff3,y1000p_pep_files/yHMPu5000038088_candida_potachaoreniae_180604.final.pep,y1000p_cds_files/yHMPu5000038088_candida_potachaoreniae_180604.final.cds.tar.gz,y1000p_genome_files/yHMPu5000038088_candida_potachaoreniae_180604.fas.gz,False
yHMPu5000038089_candida_pseudoaaseri_170912,final,Candida pseudoaaseri,y1000p_gff3_files/yHMPu5000038089_candida_pseudoaaseri_170912.final.gff3,y1000p_pep_files/yHMPu5000038089_candida_pseudoaaseri_170912.final.pep,y1000p_cds_files/yHMPu5000038089_candida_pseudoaaseri_170912.final.cds.tar.gz,y1000p_genome_files/yHMPu5000038089_candida_pseudoaaseri_170912.fas.gz,False
yHMPu5000038090_candida_pseudocylindracea_210210,final,Candida pseudocylindracea,y1000p_gff3_files/yHMPu5000038090_candida_pseudocylindracea_210210.final.gff3,y1000p_pep_files/yHMPu5000038090_candida_pseudocylindracea_210210.final.pep,y1000p_cds_files/yHMPu5000038090_candida_pseudocylindracea_210210.final.cds.tar.gz,y1000p_genome_files/yHMPu5000038090_candida_pseudocylindracea_210210.fas.gz,False
yHMPu5000038091_candida_pseudolambica_201018,final,Candida pseudolambica,y1000p_gff3_files/yHMPu5000038091_candida_pseudolambica_201018.final.gff3,y1000p_pep_files/yHMPu5000038091_candida_pseudolambica_201018.final.pep,y1000p_cds_files/yHMPu5000038091_candida_pseudolambica_201018.final.cds.tar.gz,y1000p_genome_files/yHMPu5000038091_candida_pseudolambica_201018.fas.gz,False
yHMPu5000038093_candida_rishiriensis_170912,final,Candida rishiriensis,y1000p_gff3_files/yHMPu5000038093_candida_rishiriensis_170912.final.gff3,y1000p_pep_files/yHMPu5000038093_candida_rishiriensis_170912.final.pep,y1000p_cds_files/yHMPu5000038093_candida_rishiriensis_170912.final.cds.tar.gz,y1000p_genome_files/yHMPu5000038093_candida_rishiriensis_170912.fas.gz,False
yHMPu5000038094_candida_sirachaensis_170912,final,Candida sirachaensis,y1000p_gff3_files/yHMPu5000038094_candida_sirachaensis_170912.final.gff3,y1000p_pep_files/yHMPu5000038094_candida_sirachaensis_170912.final.pep,y1000p_cds_files/yHMPu5000038094_candida_sirachaensis_170912.final.cds.tar.gz,y1000p_genome_files/yHMPu5000038094_candida_sirachaensis_170912.fas.gz,False
yHMPu5000038096_candida_sorbophila_170912,final,Candida sorbophila,y1000p_gff3_files/yHMPu5000038096_candida_sorbophila_170912.final.gff3,y1000p_pep_files/yHMPu5000038096_candida_sorbophila_170912.final.pep,y1000p_cds_files/yHMPu5000038096_candida_sorbophila_170912.final.cds.tar.gz,y1000p_genome_files/yHMPu5000038096_candida_sorbophila_170912.fas.gz,False
yHMPu5000038097_candida_sp_201018,final,Candida sp,y1000p_gff3_files/yHMPu5000038097_candida_sp_201018.final.gff3,y1000p_pep_files/yHMPu5000038097_candida_sp_201018.final.pep,y1000p_cds_files/yHMPu5000038097_candida_sp_201018.final.cds.tar.gz,y1000p_genome_files/yHMPu5000038097_candida_sp_201018.fas.gz,False
yHMPu5000038098_candida_oceani_170912,final,Candida oceani,y1000p_gff3_files/yHMPu5000038098_candida_oceani_170912.final.gff3,y1000p_pep_files/yHMPu5000038098_candida_oceani_170912.final.pep,y1000p_cds_files/yHMPu5000038098_candida_oceani_170912.final.cds.tar.gz,y1000p_genome_files/yHMPu5000038098_candida_oceani_170912.fas.gz,False
yHMPu5000038099_candida_nonsorbophila_201018,final,Candida nonsorbophila,y1000p_gff3_files/yHMPu5000038099_candida_nonsorbophila_201018.final.gff3,y1000p_pep_files/yHMPu5000038099_candida_nonsorbophila_201018.final.pep,y1000p_cds_files/yHMPu5000038099_candida_nonsorbophila_201018.final.cds.tar.gz,y1000p_genome_files/yHMPu5000038099_candida_nonsorbophila_201018.fas.gz,False
yHMPu5000038100_candida_musiphila_170912,final,Candida musiphila,y1000p_gff3_files/yHMPu5000038100_candida_musiphila_170912.final.gff3,y1000p_pep_files/yHMPu5000038100_candida_musiphila_170912.final.pep,y1000p_cds_files/yHMPu5000038100_candida_musiphila_170912.final.cds.tar.gz,y1000p_genome_files/yHMPu5000038100_candida_musiphila_170912.fas.gz,False
yHMPu5000038103_candida_melibiosica_170912,final,Candida melibiosica,y1000p_gff3_files/yHMPu5000038103_candida_melibiosica_170912.final.gff3,y1000p_pep_files/yHMPu5000038103_candida_melibiosica_170912.final.pep,y1000p_cds_files/yHMPu5000038103_candida_melibiosica_170912.final.cds.tar.gz,y1000p_genome_files/yHMPu5000038103_candida_melibiosica_170912.fas.gz,False
yHMPu5000038104_candida_mattranensis_170912,final,Candida mattranensis,y1000p_gff3_files/yHMPu5000038104_candida_mattranensis_170912.final.gff3,y1000p_pep_files/yHMPu5000038104_candida_mattranensis_170912.final.pep,y1000p_cds_files/yHMPu5000038104_candida_mattranensis_170912.final.cds.tar.gz,y1000p_genome_files/yHMPu5000038104_candida_mattranensis_170912.fas.gz,False
yHMPu5000038105_candida_maesa_201018,final,Candida maesa,y1000p_gff3_files/yHMPu5000038105_candida_maesa_201018.final.gff3,y1000p_pep_files/yHMPu5000038105_candida_maesa_201018.final.pep,y1000p_cds_files/yHMPu5000038105_candida_maesa_201018.final.cds.tar.gz,y1000p_genome_files/yHMPu5000038105_candida_maesa_201018.fas.gz,False
yHMPu5000038106_candida_lignosa_170912,final,Candida lignosa,y1000p_gff3_files/yHMPu5000038106_candida_lignosa_170912.final.gff3,y1000p_pep_files/yHMPu5000038106_candida_lignosa_170912.final.pep,y1000p_cds_files/yHMPu5000038106_candida_lignosa_170912.final.cds.tar.gz,y1000p_genome_files/yHMPu5000038106_candida_lignosa_170912.fas.gz,False
yHMPu5000038107_candida_khaoyaiensis_170912,final,Candida khaoyaiensis,y1000p_gff3_files/yHMPu5000038107_candida_khaoyaiensis_170912.final.gff3,y1000p_pep_files/yHMPu5000038107_candida_khaoyaiensis_170912.final.pep,y1000p_cds_files/yHMPu5000038107_candida_khaoyaiensis_170912.final.cds.tar.gz,y1000p_genome_files/yHMPu5000038107_candida_khaoyaiensis_170912.fas.gz,False
yHMPu5000038108_Candida_khao-thaluensis_SPADES,final,Candida khao-thaluensis SPADES,y1000p_gff3_files/yHMPu5000038108_Candida_khao-thaluensis_SPADES.final.gff3,y1000p_pep_files/yHMPu5000038108_Candida_khao-thaluensis_SPADES.final.pep,y1000p_cds_files/yHMPu5000038108_Candida_khao-thaluensis_SPADES.final.cds.tar.gz,y1000p_genome_files/yHMPu5000038108_Candida_khao-thaluensis_SPADES.fas.gz,False
yHMPu5000038109_candida_kaohsiungensis_170912,final,Candida kaohsiungensis,y1000p_gff3_files/yHMPu5000038109_candida_kaohsiungensis_170912.final.gff3,y1000p_pep_files/yHMPu5000038109_candida_kaohsiungensis_170912.final.pep,y1000p_cds_files/yHMPu5000038109_candida_kaohsiungensis_170912.final.cds.tar.gz,y1000p_genome_files/yHMPu5000038109_candida_kaohsiungensis_170912.fas.gz,False
yHMPu5000038111_barnettozyma_sucrosica_170912,final,Barnettozyma sucrosica,y1000p_gff3_files/yHMPu5000038111_barnettozyma_sucrosica_170912.final.gff3,y1000p_pep_files/yHMPu5000038111_barnettozyma_sucrosica_170912.final.pep,y1000p_cds_files/yHMPu5000038111_barnettozyma_sucrosica_170912.final.cds.tar.gz,y1000p_genome_files/yHMPu5000038111_barnettozyma_sucrosica_170912.fas.gz,False
yHMPu5000038112_barnettozyma_vustinii_170912,final,Barnettozyma vustinii,y1000p_gff3_files/yHMPu5000038112_barnettozyma_vustinii_170912.final.gff3,y1000p_pep_files/yHMPu5000038112_barnettozyma_vustinii_170912.final.pep,y1000p_cds_files/yHMPu5000038112_barnettozyma_vustinii_170912.final.cds.tar.gz,y1000p_genome_files/yHMPu5000038112_barnettozyma_vustinii_170912.fas.gz,False
yHMPu5000038113_candida_adriatica_170912,final,Candida adriatica,y1000p_gff3_files/yHMPu5000038113_candida_adriatica_170912.final.gff3,y1000p_pep_files/yHMPu5000038113_candida_adriatica_170912.final.pep,y1000p_cds_files/yHMPu5000038113_candida_adriatica_170912.final.cds.tar.gz,y1000p_genome_files/yHMPu5000038113_candida_adriatica_170912.fas.gz,False
yHMPu5000038114_candida_anutae_170912,final,Candida anutae,y1000p_gff3_files/yHMPu5000038114_candida_anutae_170912.final.gff3,y1000p_pep_files/yHMPu5000038114_candida_anutae_170912.final.pep,y1000p_cds_files/yHMPu5000038114_candida_anutae_170912.final.cds.tar.gz,y1000p_genome_files/yHMPu5000038114_candida_anutae_170912.fas.gz,False
yHMPu5000038115_candida_aurita_170912,final,Candida aurita,y1000p_gff3_files/yHMPu5000038115_candida_aurita_170912.final.gff3,y1000p_pep_files/yHMPu5000038115_candida_aurita_170912.final.pep,y1000p_cds_files/yHMPu5000038115_candida_aurita_170912.final.cds.tar.gz,y1000p_genome_files/yHMPu5000038115_candida_aurita_170912.fas.gz,False
yHMPu5000038116_candida_azymoides_201018,final,Candida azymoides,y1000p_gff3_files/yHMPu5000038116_candida_azymoides_201018.final.gff3,y1000p_pep_files/yHMPu5000038116_candida_azymoides_201018.final.pep,y1000p_cds_files/yHMPu5000038116_candida_azymoides_201018.final.cds.tar.gz,y1000p_genome_files/yHMPu5000038116_candida_azymoides_201018.fas.gz,False
yHMPu5000038118_candida_cabralensis_170912,final,Candida cabralensis,y1000p_gff3_files/yHMPu5000038118_candida_cabralensis_170912.haplomerger2.final.gff3,y1000p_pep_files/yHMPu5000038118_candida_cabralensis_170912.haplomerger2.final.pep,y1000p_cds_files/yHMPu5000038118_candida_cabralensis_170912.haplomerger2.final.cds.tar.gz,y1000p_genome_files/yHMPu5000038118_candida_cabralensis_170912.haplomerger2.fas.gz,False
yHMPu5000038119_candida_coquimbonensis_170912,final,Candida coquimbonensis,y1000p_gff3_files/yHMPu5000038119_candida_coquimbonensis_170912.final.gff3,y1000p_pep_files/yHMPu5000038119_candida_coquimbonensis_170912.final.pep,y1000p_cds_files/yHMPu5000038119_candida_coquimbonensis_170912.final.cds.tar.gz,y1000p_genome_files/yHMPu5000038119_candida_coquimbonensis_170912.fas.gz,False
yHMPu5000038120_candida_haemulonii_170912,final,Candida haemulonii,y1000p_gff3_files/yHMPu5000038120_candida_haemulonii_170912.final.gff3,y1000p_pep_files/yHMPu5000038120_candida_haemulonii_170912.final.pep,y1000p_cds_files/yHMPu5000038120_candida_haemulonii_170912.final.cds.tar.gz,y1000p_genome_files/yHMPu5000038120_candida_haemulonii_170912.fas.gz,False
yHMPu5000038121_candida_hungchunana_170912,final,Candida hungchunana,y1000p_gff3_files/yHMPu5000038121_candida_hungchunana_170912.final.gff3,y1000p_pep_files/yHMPu5000038121_candida_hungchunana_170912.final.pep,y1000p_cds_files/yHMPu5000038121_candida_hungchunana_170912.final.cds.tar.gz,y1000p_genome_files/yHMPu5000038121_candida_hungchunana_170912.fas.gz,False
yHMPu5000038314_yamadazyma_mexicana_170713,final,Yamadazyma mexicana,y1000p_gff3_files/yHMPu5000038314_yamadazyma_mexicana_170713.final.gff3,y1000p_pep_files/yHMPu5000038314_yamadazyma_mexicana_170713.final.pep,y1000p_cds_files/yHMPu5000038314_yamadazyma_mexicana_170713.final.cds.tar.gz,y1000p_genome_files/yHMPu5000038314_yamadazyma_mexicana_170713.fas.gz,False
yHMPu5000038315_wickerhamomyces_tratensis_190924,final,Wickerhamomyces tratensis,y1000p_gff3_files/yHMPu5000038315_wickerhamomyces_tratensis_190924.haplomerger2.final.gff3,y1000p_pep_files/yHMPu5000038315_wickerhamomyces_tratensis_190924.haplomerger2.final.pep,y1000p_cds_files/yHMPu5000038315_wickerhamomyces_tratensis_190924.haplomerger2.final.cds.tar.gz,y1000p_genome_files/yHMPu5000038315_wickerhamomyces_tratensis_190924.haplomerger2.fas.gz,False
yHMPu5000038316_wickerhamomyces_chaumierensis_170713,final,Wickerhamomyces chaumierensis,y1000p_gff3_files/yHMPu5000038316_wickerhamomyces_chaumierensis_170713.haplomerger2.final.gff3,y1000p_pep_files/yHMPu5000038316_wickerhamomyces_chaumierensis_170713.haplomerger2.final.pep,y1000p_cds_files/yHMPu5000038316_wickerhamomyces_chaumierensis_170713.haplomerger2.final.cds.tar.gz,y1000p_genome_files/yHMPu5000038316_wickerhamomyces_chaumierensis_170713.haplomerger2.fas.gz,False
yHMPu5000038317_tortispora_sangerardonensis_170713,final,Tortispora sangerardonensis,y1000p_gff3_files/yHMPu5000038317_tortispora_sangerardonensis_170713.final.gff3,y1000p_pep_files/yHMPu5000038317_tortispora_sangerardonensis_170713.final.pep,y1000p_cds_files/yHMPu5000038317_tortispora_sangerardonensis_170713.final.cds.tar.gz,y1000p_genome_files/yHMPu5000038317_tortispora_sangerardonensis_170713.fas.gz,False
yHMPu5000038318_teunomyces_stri_170713,final,Teunomyces stri,y1000p_gff3_files/yHMPu5000038318_teunomyces_stri_170713.final.gff3,y1000p_pep_files/yHMPu5000038318_teunomyces_stri_170713.final.pep,y1000p_cds_files/yHMPu5000038318_teunomyces_stri_170713.final.cds.tar.gz,y1000p_genome_files/yHMPu5000038318_teunomyces_stri_170713.fas.gz,False
yHMPu5000038319_teunomyces_panamensis_170912,final,Teunomyces panamensis,y1000p_gff3_files/yHMPu5000038319_teunomyces_panamensis_170912.final.gff3,y1000p_pep_files/yHMPu5000038319_teunomyces_panamensis_170912.final.pep,y1000p_cds_files/yHMPu5000038319_teunomyces_panamensis_170912.final.cds.tar.gz,y1000p_genome_files/yHMPu5000038319_teunomyces_panamensis_170912.fas.gz,False
yHMPu5000038320_teunomyces_funiuensis_170713,final,Teunomyces funiuensis,y1000p_gff3_files/yHMPu5000038320_teunomyces_funiuensis_170713.final.gff3,y1000p_pep_files/yHMPu5000038320_teunomyces_funiuensis_170713.final.pep,y1000p_cds_files/yHMPu5000038320_teunomyces_funiuensis_170713.final.cds.tar.gz,y1000p_genome_files/yHMPu5000038320_teunomyces_funiuensis_170713.fas.gz,False
yHMPu5000038321_sugiyamaella_marilandica_170713,final,Sugiyamaella marilandica,y1000p_gff3_files/yHMPu5000038321_sugiyamaella_marilandica_170713.final.gff3,y1000p_pep_files/yHMPu5000038321_sugiyamaella_marilandica_170713.final.pep,y1000p_cds_files/yHMPu5000038321_sugiyamaella_marilandica_170713.final.cds.tar.gz,y1000p_genome_files/yHMPu5000038321_sugiyamaella_marilandica_170713.fas.gz,False
yHMPu5000038322_schwanniomyces_polymorphus_var_africanus_170713,final,Schwanniomyces polymorphus var africanus,y1000p_gff3_files/yHMPu5000038322_schwanniomyces_polymorphus_var_africanus_170713.final.gff3,y1000p_pep_files/yHMPu5000038322_schwanniomyces_polymorphus_var_africanus_170713.final.pep,y1000p_cds_files/yHMPu5000038322_schwanniomyces_polymorphus_var_africanus_170713.final.cds.tar.gz,y1000p_genome_files/yHMPu5000038322_schwanniomyces_polymorphus_var_africanus_170713.fas.gz,False
yHMPu5000038323_scheffersomyces_lignicola_170713,final,Scheffersomyces lignicola,y1000p_gff3_files/yHMPu5000038323_scheffersomyces_lignicola_170713.final.gff3,y1000p_pep_files/yHMPu5000038323_scheffersomyces_lignicola_170713.final.pep,y1000p_cds_files/yHMPu5000038323_scheffersomyces_lignicola_170713.final.cds.tar.gz,y1000p_genome_files/yHMPu5000038323_scheffersomyces_lignicola_170713.fas.gz,False
yHMPu5000038324_scheffersomyces_gosingicus_180604,final,Scheffersomyces gosingicus,y1000p_gff3_files/yHMPu5000038324_scheffersomyces_gosingicus_180604.final.gff3,y1000p_pep_files/yHMPu5000038324_scheffersomyces_gosingicus_180604.final.pep,y1000p_cds_files/yHMPu5000038324_scheffersomyces_gosingicus_180604.final.cds.tar.gz,y1000p_genome_files/yHMPu5000038324_scheffersomyces_gosingicus_180604.fas.gz,False
yHMPu5000038325_saturnispora_sanitii_170713,final,Saturnispora sanitii,y1000p_gff3_files/yHMPu5000038325_saturnispora_sanitii_170713.final.gff3,y1000p_pep_files/yHMPu5000038325_saturnispora_sanitii_170713.final.pep,y1000p_cds_files/yHMPu5000038325_saturnispora_sanitii_170713.final.cds.tar.gz,y1000p_genome_files/yHMPu5000038325_saturnispora_sanitii_170713.fas.gz,False
yHMPu5000038328_Metschnikowia_henanensis_SPADES,final,Metschnikowia henanensis SPADES,y1000p_gff3_files/yHMPu5000038328_Metschnikowia_henanensis_SPADES.haplomerger2.final.gff3,y1000p_pep_files/yHMPu5000038328_Metschnikowia_henanensis_SPADES.haplomerger2.final.pep,y1000p_cds_files/yHMPu5000038328_Metschnikowia_henanensis_SPADES.haplomerger2.final.cds.tar.gz,y1000p_genome_files/yHMPu5000038328_Metschnikowia_henanensis_SPADES.haplomerger2.fas.gz,False
yHMPu5000038329_metschnikowia_koreensis_180604,final,Metschnikowia koreensis,y1000p_gff3_files/yHMPu5000038329_metschnikowia_koreensis_180604.haplomerger2.final.gff3,y1000p_pep_files/yHMPu5000038329_metschnikowia_koreensis_180604.haplomerger2.final.pep,y1000p_cds_files/yHMPu5000038329_metschnikowia_koreensis_180604.haplomerger2.final.cds.tar.gz,y1000p_genome_files/yHMPu5000038329_metschnikowia_koreensis_180604.haplomerger2.fas.gz,False
yHMPu5000038330_metschnikowia_laotica_170713,final,Metschnikowia laotica,y1000p_gff3_files/yHMPu5000038330_metschnikowia_laotica_170713.final.gff3,y1000p_pep_files/yHMPu5000038330_metschnikowia_laotica_170713.final.pep,y1000p_cds_files/yHMPu5000038330_metschnikowia_laotica_170713.final.cds.tar.gz,y1000p_genome_files/yHMPu5000038330_metschnikowia_laotica_170713.fas.gz,False
yHMPu5000038331_metschnikowia_lopburiensis_170713,final,Metschnikowia lopburiensis,y1000p_gff3_files/yHMPu5000038331_metschnikowia_lopburiensis_170713.final.gff3,y1000p_pep_files/yHMPu5000038331_metschnikowia_lopburiensis_170713.final.pep,y1000p_cds_files/yHMPu5000038331_metschnikowia_lopburiensis_170713.final.cds.tar.gz,y1000p_genome_files/yHMPu5000038331_metschnikowia_lopburiensis_170713.fas.gz,False
yHMPu5000038332_metschnikowia_saccharicola_201018,final,Metschnikowia saccharicola,y1000p_gff3_files/yHMPu5000038332_metschnikowia_saccharicola_201018.final.gff3,y1000p_pep_files/yHMPu5000038332_metschnikowia_saccharicola_201018.final.pep,y1000p_cds_files/yHMPu5000038332_metschnikowia_saccharicola_201018.final.cds.tar.gz,y1000p_genome_files/yHMPu5000038332_metschnikowia_saccharicola_201018.fas.gz,False
yHMPu5000038333_ogataea_chonburiensis_170713,final,Ogataea chonburiensis,y1000p_gff3_files/yHMPu5000038333_ogataea_chonburiensis_170713.final.gff3,y1000p_pep_files/yHMPu5000038333_ogataea_chonburiensis_170713.final.pep,y1000p_cds_files/yHMPu5000038333_ogataea_chonburiensis_170713.final.cds.tar.gz,y1000p_genome_files/yHMPu5000038333_ogataea_chonburiensis_170713.fas.gz,False
yHMPu5000038334_ogataea_ganodermae_170713,final,Ogataea ganodermae,y1000p_gff3_files/yHMPu5000038334_ogataea_ganodermae_170713.final.gff3,y1000p_pep_files/yHMPu5000038334_ogataea_ganodermae_170713.final.pep,y1000p_cds_files/yHMPu5000038334_ogataea_ganodermae_170713.final.cds.tar.gz,y1000p_genome_files/yHMPu5000038334_ogataea_ganodermae_170713.fas.gz,False
yHMPu5000038335_pichia_cactophila_170713,final,Pichia cactophila,y1000p_gff3_files/yHMPu5000038335_pichia_cactophila_170713.haplomerger2.final.gff3,y1000p_pep_files/yHMPu5000038335_pichia_cactophila_170713.haplomerger2.final.pep,y1000p_cds_files/yHMPu5000038335_pichia_cactophila_170713.haplomerger2.final.cds.tar.gz,y1000p_genome_files/yHMPu5000038335_pichia_cactophila_170713.haplomerger2.fas.gz,False
yHMPu5000038336_pichia_sp_170713,final,Pichia sp,y1000p_gff3_files/yHMPu5000038336_pichia_sp_170713.final.gff3,y1000p_pep_files/yHMPu5000038336_pichia_sp_170713.final.pep,y1000p_cds_files/yHMPu5000038336_pichia_sp_170713.final.cds.tar.gz,y1000p_genome_files/yHMPu5000038336_pichia_sp_170713.fas.gz,False
yHMPu5000038338_geotrichum_restrictum_190924,final,Geotrichum restrictum,y1000p_gff3_files/yHMPu5000038338_geotrichum_restrictum_190924.final.gff3,y1000p_pep_files/yHMPu5000038338_geotrichum_restrictum_190924.final.pep,y1000p_cds_files/yHMPu5000038338_geotrichum_restrictum_190924.final.cds.tar.gz,y1000p_genome_files/yHMPu5000038338_geotrichum_restrictum_190924.fas.gz,False
yHMPu5000038339_geotrichum_phurueaensis_190924,final,Geotrichum phurueaensis,y1000p_gff3_files/yHMPu5000038339_geotrichum_phurueaensis_190924.final.gff3,y1000p_pep_files/yHMPu5000038339_geotrichum_phurueaensis_190924.final.pep,y1000p_cds_files/yHMPu5000038339_geotrichum_phurueaensis_190924.final.cds.tar.gz,y1000p_genome_files/yHMPu5000038339_geotrichum_phurueaensis_190924.fas.gz,False
yHMPu5000038340_geotrichum_ghanensis_190924,final,Geotrichum ghanensis,y1000p_gff3_files/yHMPu5000038340_geotrichum_ghanensis_190924.final.gff3,y1000p_pep_files/yHMPu5000038340_geotrichum_ghanensis_190924.final.pep,y1000p_cds_files/yHMPu5000038340_geotrichum_ghanensis_190924.final.cds.tar.gz,y1000p_genome_files/yHMPu5000038340_geotrichum_ghanensis_190924.fas.gz,False
yHMPu5000038342_dipodascus_macrosporus_180604,final,Dipodascus macrosporus,y1000p_gff3_files/yHMPu5000038342_dipodascus_macrosporus_180604.final.gff3,y1000p_pep_files/yHMPu5000038342_dipodascus_macrosporus_180604.final.pep,y1000p_cds_files/yHMPu5000038342_dipodascus_macrosporus_180604.final.cds.tar.gz,y1000p_genome_files/yHMPu5000038342_dipodascus_macrosporus_180604.fas.gz,False
yHMPu5000038343_dipodascus_australiensis_170713,final,Dipodascus australiensis,y1000p_gff3_files/yHMPu5000038343_dipodascus_australiensis_170713.final.gff3,y1000p_pep_files/yHMPu5000038343_dipodascus_australiensis_170713.final.pep,y1000p_cds_files/yHMPu5000038343_dipodascus_australiensis_170713.final.cds.tar.gz,y1000p_genome_files/yHMPu5000038343_dipodascus_australiensis_170713.fas.gz,False
yHMPu5000038344_debaryomyces_singareniensis_170713,final,Debaryomyces singareniensis,y1000p_gff3_files/yHMPu5000038344_debaryomyces_singareniensis_170713.final.gff3,y1000p_pep_files/yHMPu5000038344_debaryomyces_singareniensis_170713.final.pep,y1000p_cds_files/yHMPu5000038344_debaryomyces_singareniensis_170713.final.cds.tar.gz,y1000p_genome_files/yHMPu5000038344_debaryomyces_singareniensis_170713.fas.gz,False
yHMPu5000038345_cyberlindnera_veronae_170713,final,Cyberlindnera veronae,y1000p_gff3_files/yHMPu5000038345_cyberlindnera_veronae_170713.final.gff3,y1000p_pep_files/yHMPu5000038345_cyberlindnera_veronae_170713.final.pep,y1000p_cds_files/yHMPu5000038345_cyberlindnera_veronae_170713.final.cds.tar.gz,y1000p_genome_files/yHMPu5000038345_cyberlindnera_veronae_170713.fas.gz,False
yHMPu5000038346_cyberlindnera_rhodanensis_170713,final,Cyberlindnera rhodanensis,y1000p_gff3_files/yHMPu5000038346_cyberlindnera_rhodanensis_170713.haplomerger2.final.gff3,y1000p_pep_files/yHMPu5000038346_cyberlindnera_rhodanensis_170713.haplomerger2.final.pep,y1000p_cds_files/yHMPu5000038346_cyberlindnera_rhodanensis_170713.haplomerger2.final.cds.tar.gz,y1000p_genome_files/yHMPu5000038346_cyberlindnera_rhodanensis_170713.haplomerger2.fas.gz,False
yHMPu5000038347_candida_yuanshanica_170713,final,Candida yuanshanica,y1000p_gff3_files/yHMPu5000038347_candida_yuanshanica_170713.final.gff3,y1000p_pep_files/yHMPu5000038347_candida_yuanshanica_170713.final.pep,y1000p_cds_files/yHMPu5000038347_candida_yuanshanica_170713.final.cds.tar.gz,y1000p_genome_files/yHMPu5000038347_candida_yuanshanica_170713.fas.gz,False
yHMPu5000038348_candida_vitiphila_170713,final,Candida vitiphila,y1000p_gff3_files/yHMPu5000038348_candida_vitiphila_170713.final.gff3,y1000p_pep_files/yHMPu5000038348_candida_vitiphila_170713.final.pep,y1000p_cds_files/yHMPu5000038348_candida_vitiphila_170713.final.cds.tar.gz,y1000p_genome_files/yHMPu5000038348_candida_vitiphila_170713.fas.gz,False
yHMPu5000038349_candida_viswanathii_170713,final,Candida viswanathii,y1000p_gff3_files/yHMPu5000038349_candida_viswanathii_170713.haplomerger2.final.gff3,y1000p_pep_files/yHMPu5000038349_candida_viswanathii_170713.haplomerger2.final.pep,y1000p_cds_files/yHMPu5000038349_candida_viswanathii_170713.haplomerger2.final.cds.tar.gz,y1000p_genome_files/yHMPu5000038349_candida_viswanathii_170713.haplomerger2.fas.gz,False
yHMPu5000038350_candida_sanyaensis_180604,final,Candida sanyaensis,y1000p_gff3_files/yHMPu5000038350_candida_sanyaensis_180604.haplomerger2.final.gff3,y1000p_pep_files/yHMPu5000038350_candida_sanyaensis_180604.haplomerger2.final.pep,y1000p_cds_files/yHMPu5000038350_candida_sanyaensis_180604.haplomerger2.final.cds.tar.gz,y1000p_genome_files/yHMPu5000038350_candida_sanyaensis_180604.haplomerger2.fas.gz,False
yHMPu5000038351_candida_sanyiensis_170713,final,Candida sanyiensis,y1000p_gff3_files/yHMPu5000038351_candida_sanyiensis_170713.final.gff3,y1000p_pep_files/yHMPu5000038351_candida_sanyiensis_170713.final.pep,y1000p_cds_files/yHMPu5000038351_candida_sanyiensis_170713.final.cds.tar.gz,y1000p_genome_files/yHMPu5000038351_candida_sanyiensis_170713.fas.gz,False
yHMPu5000038352_candida_sergipensis_180604,final,Candida sergipensis,y1000p_gff3_files/yHMPu5000038352_candida_sergipensis_180604.final.gff3,y1000p_pep_files/yHMPu5000038352_candida_sergipensis_180604.final.pep,y1000p_cds_files/yHMPu5000038352_candida_sergipensis_180604.final.cds.tar.gz,y1000p_genome_files/yHMPu5000038352_candida_sergipensis_180604.fas.gz,False
yHMPu5000038353_candida_smagusa_170713,final,Candida smagusa,y1000p_gff3_files/yHMPu5000038353_candida_smagusa_170713.final.gff3,y1000p_pep_files/yHMPu5000038353_candida_smagusa_170713.final.pep,y1000p_cds_files/yHMPu5000038353_candida_smagusa_170713.final.cds.tar.gz,y1000p_genome_files/yHMPu5000038353_candida_smagusa_170713.fas.gz,False
yHMPu5000038354_candida_succicola_170912,final,Candida succicola,y1000p_gff3_files/yHMPu5000038354_candida_succicola_170912.final.gff3,y1000p_pep_files/yHMPu5000038354_candida_succicola_170912.final.pep,y1000p_cds_files/yHMPu5000038354_candida_succicola_170912.final.cds.tar.gz,y1000p_genome_files/yHMPu5000038354_candida_succicola_170912.fas.gz,False
yHMPu5000038355_candida_suratensis_170713,final,Candida suratensis,y1000p_gff3_files/yHMPu5000038355_candida_suratensis_170713.final.gff3,y1000p_pep_files/yHMPu5000038355_candida_suratensis_170713.final.pep,y1000p_cds_files/yHMPu5000038355_candida_suratensis_170713.final.cds.tar.gz,y1000p_genome_files/yHMPu5000038355_candida_suratensis_170713.fas.gz,False
yHMPu5000038356_candida_thailandica_170912,final,Candida thailandica,y1000p_gff3_files/yHMPu5000038356_candida_thailandica_170912.final.gff3,y1000p_pep_files/yHMPu5000038356_candida_thailandica_170912.final.pep,y1000p_cds_files/yHMPu5000038356_candida_thailandica_170912.final.cds.tar.gz,y1000p_genome_files/yHMPu5000038356_candida_thailandica_170912.fas.gz,False
yHMPu5000038357_candida_theae_180604,final,Candida theae,y1000p_gff3_files/yHMPu5000038357_candida_theae_180604.haplomerger2.final.gff3,y1000p_pep_files/yHMPu5000038357_candida_theae_180604.haplomerger2.final.pep,y1000p_cds_files/yHMPu5000038357_candida_theae_180604.haplomerger2.final.cds.tar.gz,y1000p_genome_files/yHMPu5000038357_candida_theae_180604.haplomerger2.fas.gz,False
yHMPu5000038358_candida_tilneyi_170713,final,Candida tilneyi,y1000p_gff3_files/yHMPu5000038358_candida_tilneyi_170713.final.gff3,y1000p_pep_files/yHMPu5000038358_candida_tilneyi_170713.final.pep,y1000p_cds_files/yHMPu5000038358_candida_tilneyi_170713.final.cds.tar.gz,y1000p_genome_files/yHMPu5000038358_candida_tilneyi_170713.fas.gz,False
yHMPu5000038359_candida_touchengensis_170713,final,Candida touchengensis,y1000p_gff3_files/yHMPu5000038359_candida_touchengensis_170713.final.gff3,y1000p_pep_files/yHMPu5000038359_candida_touchengensis_170713.final.pep,y1000p_cds_files/yHMPu5000038359_candida_touchengensis_170713.final.cds.tar.gz,y1000p_genome_files/yHMPu5000038359_candida_touchengensis_170713.fas.gz,False
yHMPu5000038360_candida_verbasci_170713,final,Candida verbasci,y1000p_gff3_files/yHMPu5000038360_candida_verbasci_170713.final.gff3,y1000p_pep_files/yHMPu5000038360_candida_verbasci_170713.final.pep,y1000p_cds_files/yHMPu5000038360_candida_verbasci_170713.final.cds.tar.gz,y1000p_genome_files/yHMPu5000038360_candida_verbasci_170713.fas.gz,False
yHMPu5000038361_candida_versatilis_170713,final,Candida versatilis,y1000p_gff3_files/yHMPu5000038361_candida_versatilis_170713.final.gff3,y1000p_pep_files/yHMPu5000038361_candida_versatilis_170713.final.pep,y1000p_cds_files/yHMPu5000038361_candida_versatilis_170713.final.cds.tar.gz,y1000p_genome_files/yHMPu5000038361_candida_versatilis_170713.fas.gz,False
yHMPu5000038362_candida_sakaeoensis_170713,final,Candida sakaeoensis,y1000p_gff3_files/yHMPu5000038362_candida_sakaeoensis_170713.final.gff3,y1000p_pep_files/yHMPu5000038362_candida_sakaeoensis_170713.final.pep,y1000p_cds_files/yHMPu5000038362_candida_sakaeoensis_170713.final.cds.tar.gz,y1000p_genome_files/yHMPu5000038362_candida_sakaeoensis_170713.fas.gz,False
yHMPu5000038363_candida_ratchasimensis_170713,final,Candida ratchasimensis,y1000p_gff3_files/yHMPu5000038363_candida_ratchasimensis_170713.final.gff3,y1000p_pep_files/yHMPu5000038363_candida_ratchasimensis_170713.final.pep,y1000p_cds_files/yHMPu5000038363_candida_ratchasimensis_170713.final.cds.tar.gz,y1000p_genome_files/yHMPu5000038363_candida_ratchasimensis_170713.fas.gz,False
yHMPu5000038364_Candida_qinlingensis_SPADES,final,Candida qinlingensis SPADES,y1000p_gff3_files/yHMPu5000038364_Candida_qinlingensis_SPADES.final.gff3,y1000p_pep_files/yHMPu5000038364_Candida_qinlingensis_SPADES.final.pep,y1000p_cds_files/yHMPu5000038364_Candida_qinlingensis_SPADES.final.cds.tar.gz,y1000p_genome_files/yHMPu5000038364_Candida_qinlingensis_SPADES.fas.gz,False
yHMPu5000038365_candida_qingdaonensis_170713,final,Candida qingdaonensis,y1000p_gff3_files/yHMPu5000038365_candida_qingdaonensis_170713.final.gff3,y1000p_pep_files/yHMPu5000038365_candida_qingdaonensis_170713.final.pep,y1000p_cds_files/yHMPu5000038365_candida_qingdaonensis_170713.final.cds.tar.gz,y1000p_genome_files/yHMPu5000038365_candida_qingdaonensis_170713.fas.gz,False
yHMPu5000038367_candida_pseudojiufengensis_170713,final,Candida pseudojiufengensis,y1000p_gff3_files/yHMPu5000038367_candida_pseudojiufengensis_170713.final.gff3,y1000p_pep_files/yHMPu5000038367_candida_pseudojiufengensis_170713.final.pep,y1000p_cds_files/yHMPu5000038367_candida_pseudojiufengensis_170713.final.cds.tar.gz,y1000p_genome_files/yHMPu5000038367_candida_pseudojiufengensis_170713.fas.gz,False
yHMPu5000038368_candida_pseudoflosculorum_170713,final,Candida pseudoflosculorum,y1000p_gff3_files/yHMPu5000038368_candida_pseudoflosculorum_170713.final.gff3,y1000p_pep_files/yHMPu5000038368_candida_pseudoflosculorum_170713.final.pep,y1000p_cds_files/yHMPu5000038368_candida_pseudoflosculorum_170713.final.cds.tar.gz,y1000p_genome_files/yHMPu5000038368_candida_pseudoflosculorum_170713.fas.gz,False
yHMPu5000038370_candida_phyllophila_180604,final,Candida phyllophila,y1000p_gff3_files/yHMPu5000038370_candida_phyllophila_180604.final.gff3,y1000p_pep_files/yHMPu5000038370_candida_phyllophila_180604.final.pep,y1000p_cds_files/yHMPu5000038370_candida_phyllophila_180604.final.cds.tar.gz,y1000p_genome_files/yHMPu5000038370_candida_phyllophila_180604.fas.gz,False
yHMPu5000038371_candida_oxycetoniae_170713,final,Candida oxycetoniae,y1000p_gff3_files/yHMPu5000038371_candida_oxycetoniae_170713.final.gff3,y1000p_pep_files/yHMPu5000038371_candida_oxycetoniae_170713.final.pep,y1000p_cds_files/yHMPu5000038371_candida_oxycetoniae_170713.final.cds.tar.gz,y1000p_genome_files/yHMPu5000038371_candida_oxycetoniae_170713.fas.gz,False
yHMPu5000038372_candida_oleophila_170713,final,Candida oleophila,y1000p_gff3_files/yHMPu5000038372_candida_oleophila_170713.final.gff3,y1000p_pep_files/yHMPu5000038372_candida_oleophila_170713.final.pep,y1000p_cds_files/yHMPu5000038372_candida_oleophila_170713.final.cds.tar.gz,y1000p_genome_files/yHMPu5000038372_candida_oleophila_170713.fas.gz,False
yHMPu5000038373_candida_nongkhaiensis_170713,final,Candida nongkhaiensis,y1000p_gff3_files/yHMPu5000038373_candida_nongkhaiensis_170713.final.gff3,y1000p_pep_files/yHMPu5000038373_candida_nongkhaiensis_170713.final.pep,y1000p_cds_files/yHMPu5000038373_candida_nongkhaiensis_170713.final.cds.tar.gz,y1000p_genome_files/yHMPu5000038373_candida_nongkhaiensis_170713.fas.gz,False
yHMPu5000038374_candida_jiufengensis_170713,final,Candida jiufengensis,y1000p_gff3_files/yHMPu5000038374_candida_jiufengensis_170713.final.gff3,y1000p_pep_files/yHMPu5000038374_candida_jiufengensis_170713.final.pep,y1000p_cds_files/yHMPu5000038374_candida_jiufengensis_170713.final.cds.tar.gz,y1000p_genome_files/yHMPu5000038374_candida_jiufengensis_170713.fas.gz,False
yHMPu5000038375_candida_khmerensis_170713,final,Candida khmerensis,y1000p_gff3_files/yHMPu5000038375_candida_khmerensis_170713.final.gff3,y1000p_pep_files/yHMPu5000038375_candida_khmerensis_170713.final.pep,y1000p_cds_files/yHMPu5000038375_candida_khmerensis_170713.final.cds.tar.gz,y1000p_genome_files/yHMPu5000038375_candida_khmerensis_170713.fas.gz,False
yHMPu5000038377_candida_kutaonensis_170713,final,Candida kutaonensis,y1000p_gff3_files/yHMPu5000038377_candida_kutaonensis_170713.final.gff3,y1000p_pep_files/yHMPu5000038377_candida_kutaonensis_170713.final.pep,y1000p_cds_files/yHMPu5000038377_candida_kutaonensis_170713.final.cds.tar.gz,y1000p_genome_files/yHMPu5000038377_candida_kutaonensis_170713.fas.gz,False
yHMPu5000038379_candida_lidongshanica_180604,final,Candida lidongshanica,y1000p_gff3_files/yHMPu5000038379_candida_lidongshanica_180604.final.gff3,y1000p_pep_files/yHMPu5000038379_candida_lidongshanica_180604.final.pep,y1000p_cds_files/yHMPu5000038379_candida_lidongshanica_180604.final.cds.tar.gz,y1000p_genome_files/yHMPu5000038379_candida_lidongshanica_180604.fas.gz,False
yHMPu5000038380_candida_loeiensis_170713,final,Candida loeiensis,y1000p_gff3_files/yHMPu5000038380_candida_loeiensis_170713.final.gff3,y1000p_pep_files/yHMPu5000038380_candida_loeiensis_170713.final.pep,y1000p_cds_files/yHMPu5000038380_candida_loeiensis_170713.final.cds.tar.gz,y1000p_genome_files/yHMPu5000038380_candida_loeiensis_170713.fas.gz,False
yHMPu5000038381_candida_manassasensis_170713,final,Candida manassasensis,y1000p_gff3_files/yHMPu5000038381_candida_manassasensis_170713.final.gff3,y1000p_pep_files/yHMPu5000038381_candida_manassasensis_170713.final.pep,y1000p_cds_files/yHMPu5000038381_candida_manassasensis_170713.final.cds.tar.gz,y1000p_genome_files/yHMPu5000038381_candida_manassasensis_170713.fas.gz,False
yHMPu5000038382_candida_mesorugosa_170713,final,Candida mesorugosa,y1000p_gff3_files/yHMPu5000038382_candida_mesorugosa_170713.final.gff3,y1000p_pep_files/yHMPu5000038382_candida_mesorugosa_170713.final.pep,y1000p_cds_files/yHMPu5000038382_candida_mesorugosa_170713.final.cds.tar.gz,y1000p_genome_files/yHMPu5000038382_candida_mesorugosa_170713.fas.gz,False
yHMPu5000038383_candida_middelhoveniana_170713,final,Candida middelhoveniana,y1000p_gff3_files/yHMPu5000038383_candida_middelhoveniana_170713.final.gff3,y1000p_pep_files/yHMPu5000038383_candida_middelhoveniana_170713.final.pep,y1000p_cds_files/yHMPu5000038383_candida_middelhoveniana_170713.final.cds.tar.gz,y1000p_genome_files/yHMPu5000038383_candida_middelhoveniana_170713.fas.gz,False
yHMPu5000038384_candida_molendinolei_170713,final,Candida molendinolei,y1000p_gff3_files/yHMPu5000038384_candida_molendinolei_170713.final.gff3,y1000p_pep_files/yHMPu5000038384_candida_molendinolei_170713.final.pep,y1000p_cds_files/yHMPu5000038384_candida_molendinolei_170713.final.cds.tar.gz,y1000p_genome_files/yHMPu5000038384_candida_molendinolei_170713.fas.gz,False
yHMPu5000038385_candida_namnaoensis_170713,final,Candida namnaoensis,y1000p_gff3_files/yHMPu5000038385_candida_namnaoensis_170713.final.gff3,y1000p_pep_files/yHMPu5000038385_candida_namnaoensis_170713.final.pep,y1000p_cds_files/yHMPu5000038385_candida_namnaoensis_170713.final.cds.tar.gz,y1000p_genome_files/yHMPu5000038385_candida_namnaoensis_170713.fas.gz,False
yHMPu5000038386_candida_jianshihensis_170713,final,Candida jianshihensis,y1000p_gff3_files/yHMPu5000038386_candida_jianshihensis_170713.haplomerger2.final.gff3,y1000p_pep_files/yHMPu5000038386_candida_jianshihensis_170713.haplomerger2.final.pep,y1000p_cds_files/yHMPu5000038386_candida_jianshihensis_170713.haplomerger2.final.cds.tar.gz,y1000p_genome_files/yHMPu5000038386_candida_jianshihensis_170713.haplomerger2.fas.gz,False
yHMPu5000038387_candida_inulinophila_170713,final,Candida inulinophila,y1000p_gff3_files/yHMPu5000038387_candida_inulinophila_170713.final.gff3,y1000p_pep_files/yHMPu5000038387_candida_inulinophila_170713.final.pep,y1000p_cds_files/yHMPu5000038387_candida_inulinophila_170713.final.cds.tar.gz,y1000p_genome_files/yHMPu5000038387_candida_inulinophila_170713.fas.gz,False
yHMPu5000038388_candida_inconspicua_170713,final,Candida inconspicua,y1000p_gff3_files/yHMPu5000038388_candida_inconspicua_170713.final.gff3,y1000p_pep_files/yHMPu5000038388_candida_inconspicua_170713.final.pep,y1000p_cds_files/yHMPu5000038388_candida_inconspicua_170713.final.cds.tar.gz,y1000p_genome_files/yHMPu5000038388_candida_inconspicua_170713.fas.gz,False
yHMPu5000038389_candida_ficus_170713,final,Candida ficus,y1000p_gff3_files/yHMPu5000038389_candida_ficus_170713.final.gff3,y1000p_pep_files/yHMPu5000038389_candida_ficus_170713.final.pep,y1000p_cds_files/yHMPu5000038389_candida_ficus_170713.final.cds.tar.gz,y1000p_genome_files/yHMPu5000038389_candida_ficus_170713.fas.gz,False
yHMPu5000038390_candida_ezoensis_170713,final,Candida ezoensis,y1000p_gff3_files/yHMPu5000038390_candida_ezoensis_170713.final.gff3,y1000p_pep_files/yHMPu5000038390_candida_ezoensis_170713.final.pep,y1000p_cds_files/yHMPu5000038390_candida_ezoensis_170713.final.cds.tar.gz,y1000p_genome_files/yHMPu5000038390_candida_ezoensis_170713.fas.gz,False
yHMPu5000038392_candida_ecuadorensis_170713,final,Candida ecuadorensis,y1000p_gff3_files/yHMPu5000038392_candida_ecuadorensis_170713.final.gff3,y1000p_pep_files/yHMPu5000038392_candida_ecuadorensis_170713.final.pep,y1000p_cds_files/yHMPu5000038392_candida_ecuadorensis_170713.final.cds.tar.gz,y1000p_genome_files/yHMPu5000038392_candida_ecuadorensis_170713.fas.gz,False
yHMPu5000038393_candida_diospyri_180604,final,Candida diospyri,y1000p_gff3_files/yHMPu5000038393_candida_diospyri_180604.final.gff3,y1000p_pep_files/yHMPu5000038393_candida_diospyri_180604.final.pep,y1000p_cds_files/yHMPu5000038393_candida_diospyri_180604.final.cds.tar.gz,y1000p_genome_files/yHMPu5000038393_candida_diospyri_180604.fas.gz,False
yHMPu5000038394_candida_davenportii_170713,final,Candida davenportii,y1000p_gff3_files/yHMPu5000038394_candida_davenportii_170713.final.gff3,y1000p_pep_files/yHMPu5000038394_candida_davenportii_170713.final.pep,y1000p_cds_files/yHMPu5000038394_candida_davenportii_170713.final.cds.tar.gz,y1000p_genome_files/yHMPu5000038394_candida_davenportii_170713.fas.gz,False
yHMPu5000038395_candida_danieliae_170713,final,Candida danieliae,y1000p_gff3_files/yHMPu5000038395_candida_danieliae_170713.final.gff3,y1000p_pep_files/yHMPu5000038395_candida_danieliae_170713.final.pep,y1000p_cds_files/yHMPu5000038395_candida_danieliae_170713.final.cds.tar.gz,y1000p_genome_files/yHMPu5000038395_candida_danieliae_170713.fas.gz,False
yHMPu5000038396_candida_dajiaensis_170713,final,Candida dajiaensis,y1000p_gff3_files/yHMPu5000038396_candida_dajiaensis_170713.final.gff3,y1000p_pep_files/yHMPu5000038396_candida_dajiaensis_170713.final.pep,y1000p_cds_files/yHMPu5000038396_candida_dajiaensis_170713.final.cds.tar.gz,y1000p_genome_files/yHMPu5000038396_candida_dajiaensis_170713.fas.gz,False
yHMPu5000038397_candida_chanthaburiensis_170713,final,Candida chanthaburiensis,y1000p_gff3_files/yHMPu5000038397_candida_chanthaburiensis_170713.final.gff3,y1000p_pep_files/yHMPu5000038397_candida_chanthaburiensis_170713.final.pep,y1000p_cds_files/yHMPu5000038397_candida_chanthaburiensis_170713.final.cds.tar.gz,y1000p_genome_files/yHMPu5000038397_candida_chanthaburiensis_170713.fas.gz,False
yHMPu5000038398_barnettozyma_siamensis_170713,final,Barnettozyma siamensis,y1000p_gff3_files/yHMPu5000038398_barnettozyma_siamensis_170713.final.gff3,y1000p_pep_files/yHMPu5000038398_barnettozyma_siamensis_170713.final.pep,y1000p_cds_files/yHMPu5000038398_barnettozyma_siamensis_170713.final.cds.tar.gz,y1000p_genome_files/yHMPu5000038398_barnettozyma_siamensis_170713.fas.gz,False
yHMPu5000038399_brettanomyces_nanus_180604,final,Brettanomyces nanus,y1000p_gff3_files/yHMPu5000038399_brettanomyces_nanus_180604.final.gff3,y1000p_pep_files/yHMPu5000038399_brettanomyces_nanus_180604.final.pep,y1000p_cds_files/yHMPu5000038399_brettanomyces_nanus_180604.final.cds.tar.gz,y1000p_genome_files/yHMPu5000038399_brettanomyces_nanus_180604.fas.gz,False
yHMPu5000038400_candida_alishanica_190924,final,Candida alishanica,y1000p_gff3_files/yHMPu5000038400_candida_alishanica_190924.final.gff3,y1000p_pep_files/yHMPu5000038400_candida_alishanica_190924.final.pep,y1000p_cds_files/yHMPu5000038400_candida_alishanica_190924.final.cds.tar.gz,y1000p_genome_files/yHMPu5000038400_candida_alishanica_190924.fas.gz,False
yHMPu5000038402_candida_andamanensis_170713,final,Candida andamanensis,y1000p_gff3_files/yHMPu5000038402_candida_andamanensis_170713.final.gff3,y1000p_pep_files/yHMPu5000038402_candida_andamanensis_170713.final.pep,y1000p_cds_files/yHMPu5000038402_candida_andamanensis_170713.final.cds.tar.gz,y1000p_genome_files/yHMPu5000038402_candida_andamanensis_170713.fas.gz,False
yHMPu5000038403_candida_awuaii_170713,final,Candida awuaii,y1000p_gff3_files/yHMPu5000038403_candida_awuaii_170713.final.gff3,y1000p_pep_files/yHMPu5000038403_candida_awuaii_170713.final.pep,y1000p_cds_files/yHMPu5000038403_candida_awuaii_170713.final.cds.tar.gz,y1000p_genome_files/yHMPu5000038403_candida_awuaii_170713.fas.gz,False
yHMPu5000038404_candida_bambusicola_190924,final,Candida bambusicola,y1000p_gff3_files/yHMPu5000038404_candida_bambusicola_190924.final.gff3,y1000p_pep_files/yHMPu5000038404_candida_bambusicola_190924.final.pep,y1000p_cds_files/yHMPu5000038404_candida_bambusicola_190924.final.cds.tar.gz,y1000p_genome_files/yHMPu5000038404_candida_bambusicola_190924.fas.gz,False
yHMPu5000038405_candida_baotianensis_190924,final,Candida baotianensis,y1000p_gff3_files/yHMPu5000038405_candida_baotianensis_190924.final.gff3,y1000p_pep_files/yHMPu5000038405_candida_baotianensis_190924.final.pep,y1000p_cds_files/yHMPu5000038405_candida_baotianensis_190924.final.cds.tar.gz,y1000p_genome_files/yHMPu5000038405_candida_baotianensis_190924.fas.gz,False
yHMPu5000038406_candida_berkhoutiae_180604,final,Candida berkhoutiae,y1000p_gff3_files/yHMPu5000038406_candida_berkhoutiae_180604.final.gff3,y1000p_pep_files/yHMPu5000038406_candida_berkhoutiae_180604.final.pep,y1000p_cds_files/yHMPu5000038406_candida_berkhoutiae_180604.final.cds.tar.gz,y1000p_genome_files/yHMPu5000038406_candida_berkhoutiae_180604.fas.gz,False
yHMPu5000038407_candida_blackwelliae_190924,final,Candida blackwelliae,y1000p_gff3_files/yHMPu5000038407_candida_blackwelliae_190924.haplomerger2.final.gff3,y1000p_pep_files/yHMPu5000038407_candida_blackwelliae_190924.haplomerger2.final.pep,y1000p_cds_files/yHMPu5000038407_candida_blackwelliae_190924.haplomerger2.final.cds.tar.gz,y1000p_genome_files/yHMPu5000038407_candida_blackwelliae_190924.haplomerger2.fas.gz,False
yHMPu5000038408_candida_borneonana_170713,final,Candida borneonana,y1000p_gff3_files/yHMPu5000038408_candida_borneonana_170713.final.gff3,y1000p_pep_files/yHMPu5000038408_candida_borneonana_170713.final.pep,y1000p_cds_files/yHMPu5000038408_candida_borneonana_170713.final.cds.tar.gz,y1000p_genome_files/yHMPu5000038408_candida_borneonana_170713.fas.gz,False
yHMPu5000038409_candida_broadrunensis_180604,final,Candida broadrunensis,y1000p_gff3_files/yHMPu5000038409_candida_broadrunensis_180604.final.gff3,y1000p_pep_files/yHMPu5000038409_candida_broadrunensis_180604.final.pep,y1000p_cds_files/yHMPu5000038409_candida_broadrunensis_180604.final.cds.tar.gz,y1000p_genome_files/yHMPu5000038409_candida_broadrunensis_180604.fas.gz,False
yHMPu5000040776_candida_sphagnicola_201018,final,Candida sphagnicola,y1000p_gff3_files/yHMPu5000040776_candida_sphagnicola_201018.final.gff3,y1000p_pep_files/yHMPu5000040776_candida_sphagnicola_201018.final.pep,y1000p_cds_files/yHMPu5000040776_candida_sphagnicola_201018.final.cds.tar.gz,y1000p_genome_files/yHMPu5000040776_candida_sphagnicola_201018.fas.gz,False
yHMPu5000040795_metschnikowia_matae_201018,final,Metschnikowia matae,y1000p_gff3_files/yHMPu5000040795_metschnikowia_matae_201018.final.gff3,y1000p_pep_files/yHMPu5000040795_metschnikowia_matae_201018.final.pep,y1000p_cds_files/yHMPu5000040795_metschnikowia_matae_201018.final.cds.tar.gz,y1000p_genome_files/yHMPu5000040795_metschnikowia_matae_201018.fas.gz,False
yHMPu5000040906_zygoascus_tannicolus_201018,final,Zygoascus tannicolus,y1000p_gff3_files/yHMPu5000040906_zygoascus_tannicolus_201018.final.gff3,y1000p_pep_files/yHMPu5000040906_zygoascus_tannicolus_201018.final.pep,y1000p_cds_files/yHMPu5000040906_zygoascus_tannicolus_201018.final.cds.tar.gz,y1000p_genome_files/yHMPu5000040906_zygoascus_tannicolus_201018.fas.gz,False
yHMPu5000040907_zygoascus_polysorbophila_201018,final,Zygoascus polysorbophila,y1000p_gff3_files/yHMPu5000040907_zygoascus_polysorbophila_201018.final.gff3,y1000p_pep_files/yHMPu5000040907_zygoascus_polysorbophila_201018.final.pep,y1000p_cds_files/yHMPu5000040907_zygoascus_polysorbophila_201018.final.cds.tar.gz,y1000p_genome_files/yHMPu5000040907_zygoascus_polysorbophila_201018.fas.gz,False
yHMPu5000040908_yamadazyma_paraphyllophila_201018,final,Yamadazyma paraphyllophila,y1000p_gff3_files/yHMPu5000040908_yamadazyma_paraphyllophila_201018.final.gff3,y1000p_pep_files/yHMPu5000040908_yamadazyma_paraphyllophila_201018.final.pep,y1000p_cds_files/yHMPu5000040908_yamadazyma_paraphyllophila_201018.final.cds.tar.gz,y1000p_genome_files/yHMPu5000040908_yamadazyma_paraphyllophila_201018.fas.gz,False
yHMPu5000040909_suhomyces_sequanensis_200128,final,Suhomyces sequanensis,y1000p_gff3_files/yHMPu5000040909_suhomyces_sequanensis_200128.final.gff3,y1000p_pep_files/yHMPu5000040909_suhomyces_sequanensis_200128.final.pep,y1000p_cds_files/yHMPu5000040909_suhomyces_sequanensis_200128.final.cds.tar.gz,y1000p_genome_files/yHMPu5000040909_suhomyces_sequanensis_200128.fas.gz,False
yHMPu5000040910_suhomyces_kilbournensis_201018,final,Suhomyces kilbournensis,y1000p_gff3_files/yHMPu5000040910_suhomyces_kilbournensis_201018.final.gff3,y1000p_pep_files/yHMPu5000040910_suhomyces_kilbournensis_201018.final.pep,y1000p_cds_files/yHMPu5000040910_suhomyces_kilbournensis_201018.final.cds.tar.gz,y1000p_genome_files/yHMPu5000040910_suhomyces_kilbournensis_201018.fas.gz,False
yHMPu5000040911_saturnispora_sekii_201018,final,Saturnispora sekii,y1000p_gff3_files/yHMPu5000040911_saturnispora_sekii_201018.final.gff3,y1000p_pep_files/yHMPu5000040911_saturnispora_sekii_201018.final.pep,y1000p_cds_files/yHMPu5000040911_saturnispora_sekii_201018.final.cds.tar.gz,y1000p_genome_files/yHMPu5000040911_saturnispora_sekii_201018.fas.gz,False
yHMPu5000040912_saturnispora_halmiae_201018,final,Saturnispora halmiae,y1000p_gff3_files/yHMPu5000040912_saturnispora_halmiae_201018.final.gff3,y1000p_pep_files/yHMPu5000040912_saturnispora_halmiae_201018.final.pep,y1000p_cds_files/yHMPu5000040912_saturnispora_halmiae_201018.final.cds.tar.gz,y1000p_genome_files/yHMPu5000040912_saturnispora_halmiae_201018.fas.gz,False
yHMPu5000040913_pichia_manshurica_201018,final,Pichia manshurica,y1000p_gff3_files/yHMPu5000040913_pichia_manshurica_201018.final.gff3,y1000p_pep_files/yHMPu5000040913_pichia_manshurica_201018.final.pep,y1000p_cds_files/yHMPu5000040913_pichia_manshurica_201018.final.cds.tar.gz,y1000p_genome_files/yHMPu5000040913_pichia_manshurica_201018.fas.gz,False
yHMPu5000040914_millerozyma_miso_201018,final,Millerozyma miso,y1000p_gff3_files/yHMPu5000040914_millerozyma_miso_201018.final.gff3,y1000p_pep_files/yHMPu5000040914_millerozyma_miso_201018.final.pep,y1000p_cds_files/yHMPu5000040914_millerozyma_miso_201018.final.cds.tar.gz,y1000p_genome_files/yHMPu5000040914_millerozyma_miso_201018.fas.gz,False
yHMPu5000040915_geotrichum_siamensis_201018,final,Geotrichum siamensis,y1000p_gff3_files/yHMPu5000040915_geotrichum_siamensis_201018.final.gff3,y1000p_pep_files/yHMPu5000040915_geotrichum_siamensis_201018.final.pep,y1000p_cds_files/yHMPu5000040915_geotrichum_siamensis_201018.final.cds.tar.gz,y1000p_genome_files/yHMPu5000040915_geotrichum_siamensis_201018.fas.gz,False
yHMPu5000040917_geotrichum_citri-aurantii_201018,final,Geotrichum citri-aurantii,y1000p_gff3_files/yHMPu5000040917_geotrichum_citri-aurantii_201018.final.gff3,y1000p_pep_files/yHMPu5000040917_geotrichum_citri-aurantii_201018.final.pep,y1000p_cds_files/yHMPu5000040917_geotrichum_citri-aurantii_201018.final.cds.tar.gz,y1000p_genome_files/yHMPu5000040917_geotrichum_citri-aurantii_201018.fas.gz,False
yHMPu5000040918_candida_insectamans_201018,final,Candida insectamans,y1000p_gff3_files/yHMPu5000040918_candida_insectamans_201018.final.gff3,y1000p_pep_files/yHMPu5000040918_candida_insectamans_201018.final.pep,y1000p_cds_files/yHMPu5000040918_candida_insectamans_201018.final.cds.tar.gz,y1000p_genome_files/yHMPu5000040918_candida_insectamans_201018.fas.gz,False
yHMPu5000040919_candida_konsanensis_201018,final,Candida konsanensis,y1000p_gff3_files/yHMPu5000040919_candida_konsanensis_201018.final.gff3,y1000p_pep_files/yHMPu5000040919_candida_konsanensis_201018.final.pep,y1000p_cds_files/yHMPu5000040919_candida_konsanensis_201018.final.cds.tar.gz,y1000p_genome_files/yHMPu5000040919_candida_konsanensis_201018.fas.gz,False
yHMPu5000040920_candida_lactis-condensi_201018,final,Candida lactis-condensi,y1000p_gff3_files/yHMPu5000040920_candida_lactis-condensi_201018.final.gff3,y1000p_pep_files/yHMPu5000040920_candida_lactis-condensi_201018.final.pep,y1000p_cds_files/yHMPu5000040920_candida_lactis-condensi_201018.final.cds.tar.gz,y1000p_genome_files/yHMPu5000040920_candida_lactis-condensi_201018.fas.gz,False
yHMPu5000040921_candida_lessepsii_201018,final,Candida lessepsii,y1000p_gff3_files/yHMPu5000040921_candida_lessepsii_201018.final.gff3,y1000p_pep_files/yHMPu5000040921_candida_lessepsii_201018.final.pep,y1000p_cds_files/yHMPu5000040921_candida_lessepsii_201018.final.cds.tar.gz,y1000p_genome_files/yHMPu5000040921_candida_lessepsii_201018.fas.gz,False
yHMPu5000040922_candida_lundiana_201018,final,Candida lundiana,y1000p_gff3_files/yHMPu5000040922_candida_lundiana_201018.final.gff3,y1000p_pep_files/yHMPu5000040922_candida_lundiana_201018.final.pep,y1000p_cds_files/yHMPu5000040922_candida_lundiana_201018.final.cds.tar.gz,y1000p_genome_files/yHMPu5000040922_candida_lundiana_201018.fas.gz,False
yHMPu5000040923_candida_parazyma_201018,final,Candida parazyma,y1000p_gff3_files/yHMPu5000040923_candida_parazyma_201018.final.gff3,y1000p_pep_files/yHMPu5000040923_candida_parazyma_201018.final.pep,y1000p_cds_files/yHMPu5000040923_candida_parazyma_201018.final.cds.tar.gz,y1000p_genome_files/yHMPu5000040923_candida_parazyma_201018.fas.gz,False
yHMPu5000040924_candida_powellii_201018,final,Candida powellii,y1000p_gff3_files/yHMPu5000040924_candida_powellii_201018.final.gff3,y1000p_pep_files/yHMPu5000040924_candida_powellii_201018.final.pep,y1000p_cds_files/yHMPu5000040924_candida_powellii_201018.final.cds.tar.gz,y1000p_genome_files/yHMPu5000040924_candida_powellii_201018.fas.gz,False
yHMPu5000040925_candida_robnettiae_201018,final,Candida robnettiae,y1000p_gff3_files/yHMPu5000040925_candida_robnettiae_201018.final.gff3,y1000p_pep_files/yHMPu5000040925_candida_robnettiae_201018.final.pep,y1000p_cds_files/yHMPu5000040925_candida_robnettiae_201018.final.cds.tar.gz,y1000p_genome_files/yHMPu5000040925_candida_robnettiae_201018.fas.gz,False
yHMPu5000040927_candida_stigmatis_201018,final,Candida stigmatis,y1000p_gff3_files/yHMPu5000040927_candida_stigmatis_201018.final.gff3,y1000p_pep_files/yHMPu5000040927_candida_stigmatis_201018.final.pep,y1000p_cds_files/yHMPu5000040927_candida_stigmatis_201018.final.cds.tar.gz,y1000p_genome_files/yHMPu5000040927_candida_stigmatis_201018.fas.gz,False
yHMPu5000040928_candida_suthepensis_201018,final,Candida suthepensis,y1000p_gff3_files/yHMPu5000040928_candida_suthepensis_201018.final.gff3,y1000p_pep_files/yHMPu5000040928_candida_suthepensis_201018.final.pep,y1000p_cds_files/yHMPu5000040928_candida_suthepensis_201018.final.cds.tar.gz,y1000p_genome_files/yHMPu5000040928_candida_suthepensis_201018.fas.gz,False
yHMPu5000040930_candida_hsintzibuensis_201018,final,Candida hsintzibuensis,y1000p_gff3_files/yHMPu5000040930_candida_hsintzibuensis_201018.final.gff3,y1000p_pep_files/yHMPu5000040930_candida_hsintzibuensis_201018.final.pep,y1000p_cds_files/yHMPu5000040930_candida_hsintzibuensis_201018.final.cds.tar.gz,y1000p_genome_files/yHMPu5000040930_candida_hsintzibuensis_201018.fas.gz,False
yHMPu5000040931_candida_galis_201018,final,Candida galis,y1000p_gff3_files/yHMPu5000040931_candida_galis_201018.final.gff3,y1000p_pep_files/yHMPu5000040931_candida_galis_201018.final.pep,y1000p_cds_files/yHMPu5000040931_candida_galis_201018.final.cds.tar.gz,y1000p_genome_files/yHMPu5000040931_candida_galis_201018.fas.gz,False
yHMPu5000040932_candida_flosculorum_201018,final,Candida flosculorum,y1000p_gff3_files/yHMPu5000040932_candida_flosculorum_201018.final.gff3,y1000p_pep_files/yHMPu5000040932_candida_flosculorum_201018.final.pep,y1000p_cds_files/yHMPu5000040932_candida_flosculorum_201018.final.cds.tar.gz,y1000p_genome_files/yHMPu5000040932_candida_flosculorum_201018.fas.gz,False
yHMPu5000040933_candida_diddensiae_201018,final,Candida diddensiae,y1000p_gff3_files/yHMPu5000040933_candida_diddensiae_201018.final.gff3,y1000p_pep_files/yHMPu5000040933_candida_diddensiae_201018.final.pep,y1000p_cds_files/yHMPu5000040933_candida_diddensiae_201018.final.cds.tar.gz,y1000p_genome_files/yHMPu5000040933_candida_diddensiae_201018.fas.gz,False
yHMPu5000040934_metschnikowia_similis_201018,final,Metschnikowia similis,y1000p_gff3_files/yHMPu5000040934_metschnikowia_similis_201018.final.gff3,y1000p_pep_files/yHMPu5000040934_metschnikowia_similis_201018.final.pep,y1000p_cds_files/yHMPu5000040934_metschnikowia_similis_201018.final.cds.tar.gz,y1000p_genome_files/yHMPu5000040934_metschnikowia_similis_201018.fas.gz,False
yHMPu5000040935_metschnikowia_shivogae_201018,final,Metschnikowia shivogae,y1000p_gff3_files/yHMPu5000040935_metschnikowia_shivogae_201018.final.gff3,y1000p_pep_files/yHMPu5000040935_metschnikowia_shivogae_201018.final.pep,y1000p_cds_files/yHMPu5000040935_metschnikowia_shivogae_201018.final.cds.tar.gz,y1000p_genome_files/yHMPu5000040935_metschnikowia_shivogae_201018.fas.gz,False
yHMPu5000040937_metschnikowia_proteae_201018,final,Metschnikowia proteae,y1000p_gff3_files/yHMPu5000040937_metschnikowia_proteae_201018.final.gff3,y1000p_pep_files/yHMPu5000040937_metschnikowia_proteae_201018.final.pep,y1000p_cds_files/yHMPu5000040937_metschnikowia_proteae_201018.final.cds.tar.gz,y1000p_genome_files/yHMPu5000040937_metschnikowia_proteae_201018.fas.gz,False
yHMPu5000040940_metschnikowia_matae_201018,final,Metschnikowia matae,y1000p_gff3_files/yHMPu5000040940_metschnikowia_matae_201018.final.gff3,y1000p_pep_files/yHMPu5000040940_metschnikowia_matae_201018.final.pep,y1000p_cds_files/yHMPu5000040940_metschnikowia_matae_201018.final.cds.tar.gz,y1000p_genome_files/yHMPu5000040940_metschnikowia_matae_201018.fas.gz,False
yHMPu5000040941_metschnikowia_lochheadii_201018,final,Metschnikowia lochheadii,y1000p_gff3_files/yHMPu5000040941_metschnikowia_lochheadii_201018.final.gff3,y1000p_pep_files/yHMPu5000040941_metschnikowia_lochheadii_201018.final.pep,y1000p_cds_files/yHMPu5000040941_metschnikowia_lochheadii_201018.final.cds.tar.gz,y1000p_genome_files/yHMPu5000040941_metschnikowia_lochheadii_201018.fas.gz,False
yHMPu5000040942_Metschnikowia_colocasiae_SPADES,final,Metschnikowia colocasiae SPADES,y1000p_gff3_files/yHMPu5000040942_Metschnikowia_colocasiae_SPADES.final.gff3,y1000p_pep_files/yHMPu5000040942_Metschnikowia_colocasiae_SPADES.final.pep,y1000p_cds_files/yHMPu5000040942_Metschnikowia_colocasiae_SPADES.final.cds.tar.gz,y1000p_genome_files/yHMPu5000040942_Metschnikowia_colocasiae_SPADES.fas.gz,False
yHMPu5000040943_metschnikowia_continentalis_201018,final,Metschnikowia continentalis,y1000p_gff3_files/yHMPu5000040943_metschnikowia_continentalis_201018.final.gff3,y1000p_pep_files/yHMPu5000040943_metschnikowia_continentalis_201018.final.pep,y1000p_cds_files/yHMPu5000040943_metschnikowia_continentalis_201018.final.cds.tar.gz,y1000p_genome_files/yHMPu5000040943_metschnikowia_continentalis_201018.fas.gz,False
yHMPu5000040945_metschnikowia_dekortorum_201018,final,Metschnikowia dekortorum,y1000p_gff3_files/yHMPu5000040945_metschnikowia_dekortorum_201018.final.gff3,y1000p_pep_files/yHMPu5000040945_metschnikowia_dekortorum_201018.final.pep,y1000p_cds_files/yHMPu5000040945_metschnikowia_dekortorum_201018.final.cds.tar.gz,y1000p_genome_files/yHMPu5000040945_metschnikowia_dekortorum_201018.fas.gz,False
yHMPu5000040947_metschnikowia_gruessii_201018,final,Metschnikowia gruessii,y1000p_gff3_files/yHMPu5000040947_metschnikowia_gruessii_201018.final.gff3,y1000p_pep_files/yHMPu5000040947_metschnikowia_gruessii_201018.final.pep,y1000p_cds_files/yHMPu5000040947_metschnikowia_gruessii_201018.final.cds.tar.gz,y1000p_genome_files/yHMPu5000040947_metschnikowia_gruessii_201018.fas.gz,False
yHMPu5000040948_metschnikowia_hamakuensis_201018,final,Metschnikowia hamakuensis,y1000p_gff3_files/yHMPu5000040948_metschnikowia_hamakuensis_201018.final.gff3,y1000p_pep_files/yHMPu5000040948_metschnikowia_hamakuensis_201018.final.pep,y1000p_cds_files/yHMPu5000040948_metschnikowia_hamakuensis_201018.final.cds.tar.gz,y1000p_genome_files/yHMPu5000040948_metschnikowia_hamakuensis_201018.fas.gz,False
yHMPu5000040949_metschnikowia_hawaiiensis_201018,final,Metschnikowia hawaiiensis,y1000p_gff3_files/yHMPu5000040949_metschnikowia_hawaiiensis_201018.final.gff3,y1000p_pep_files/yHMPu5000040949_metschnikowia_hawaiiensis_201018.final.pep,y1000p_cds_files/yHMPu5000040949_metschnikowia_hawaiiensis_201018.final.cds.tar.gz,y1000p_genome_files/yHMPu5000040949_metschnikowia_hawaiiensis_201018.fas.gz,False
yHMPu5000040950_metschnikowia_hibisci_200128,final,Metschnikowia hibisci,y1000p_gff3_files/yHMPu5000040950_metschnikowia_hibisci_200128.final.gff3,y1000p_pep_files/yHMPu5000040950_metschnikowia_hibisci_200128.final.pep,y1000p_cds_files/yHMPu5000040950_metschnikowia_hibisci_200128.final.cds.tar.gz,y1000p_genome_files/yHMPu5000040950_metschnikowia_hibisci_200128.fas.gz,False
yHMPu5000040951_metschnikowia_ipomoeae_201018,final,Metschnikowia ipomoeae,y1000p_gff3_files/yHMPu5000040951_metschnikowia_ipomoeae_201018.final.gff3,y1000p_pep_files/yHMPu5000040951_metschnikowia_ipomoeae_201018.final.pep,y1000p_cds_files/yHMPu5000040951_metschnikowia_ipomoeae_201018.final.cds.tar.gz,y1000p_genome_files/yHMPu5000040951_metschnikowia_ipomoeae_201018.fas.gz,False
yHMPu5000040953_metschnikowia_kipukae_201018,final,Metschnikowia kipukae,y1000p_gff3_files/yHMPu5000040953_metschnikowia_kipukae_201018.final.gff3,y1000p_pep_files/yHMPu5000040953_metschnikowia_kipukae_201018.final.pep,y1000p_cds_files/yHMPu5000040953_metschnikowia_kipukae_201018.final.cds.tar.gz,y1000p_genome_files/yHMPu5000040953_metschnikowia_kipukae_201018.fas.gz,False
yHMPu5000040954_metschnikowia_cerradonensis_201018,final,Metschnikowia cerradonensis,y1000p_gff3_files/yHMPu5000040954_metschnikowia_cerradonensis_201018.final.gff3,y1000p_pep_files/yHMPu5000040954_metschnikowia_cerradonensis_201018.final.pep,y1000p_cds_files/yHMPu5000040954_metschnikowia_cerradonensis_201018.final.cds.tar.gz,y1000p_genome_files/yHMPu5000040954_metschnikowia_cerradonensis_201018.fas.gz,False
yHMPu5000040955_metschnikowia_bowlesiae_201018,final,Metschnikowia bowlesiae,y1000p_gff3_files/yHMPu5000040955_metschnikowia_bowlesiae_201018.final.gff3,y1000p_pep_files/yHMPu5000040955_metschnikowia_bowlesiae_201018.final.pep,y1000p_cds_files/yHMPu5000040955_metschnikowia_bowlesiae_201018.final.cds.tar.gz,y1000p_genome_files/yHMPu5000040955_metschnikowia_bowlesiae_201018.fas.gz,False
yHMPu5000040956_metschnikowia_borealis_201018,final,Metschnikowia borealis,y1000p_gff3_files/yHMPu5000040956_metschnikowia_borealis_201018.final.gff3,y1000p_pep_files/yHMPu5000040956_metschnikowia_borealis_201018.final.pep,y1000p_cds_files/yHMPu5000040956_metschnikowia_borealis_201018.final.cds.tar.gz,y1000p_genome_files/yHMPu5000040956_metschnikowia_borealis_201018.fas.gz,False
yHMPu5000040958_metschnikowia_andauensis_201018,final,Metschnikowia andauensis,y1000p_gff3_files/yHMPu5000040958_metschnikowia_andauensis_201018.final.gff3,y1000p_pep_files/yHMPu5000040958_metschnikowia_andauensis_201018.final.pep,y1000p_cds_files/yHMPu5000040958_metschnikowia_andauensis_201018.final.cds.tar.gz,y1000p_genome_files/yHMPu5000040958_metschnikowia_andauensis_201018.fas.gz,False
yHMPu5000040959_metschnikowia_aberdeeniae_201018,final,Metschnikowia aberdeeniae,y1000p_gff3_files/yHMPu5000040959_metschnikowia_aberdeeniae_201018.final.gff3,y1000p_pep_files/yHMPu5000040959_metschnikowia_aberdeeniae_201018.final.pep,y1000p_cds_files/yHMPu5000040959_metschnikowia_aberdeeniae_201018.final.cds.tar.gz,y1000p_genome_files/yHMPu5000040959_metschnikowia_aberdeeniae_201018.fas.gz,False
yHMPu5000040961_kazachstania_turicensis_201018,final,Kazachstania turicensis,y1000p_gff3_files/yHMPu5000040961_kazachstania_turicensis_201018.final.gff3,y1000p_pep_files/yHMPu5000040961_kazachstania_turicensis_201018.final.pep,y1000p_cds_files/yHMPu5000040961_kazachstania_turicensis_201018.final.cds.tar.gz,y1000p_genome_files/yHMPu5000040961_kazachstania_turicensis_201018.fas.gz,False
yHMPu5000040963_lachancea_quebecuensis_200128,final,Lachancea quebecuensis,y1000p_gff3_files/yHMPu5000040963_lachancea_quebecuensis_200128.final.gff3,y1000p_pep_files/yHMPu5000040963_lachancea_quebecuensis_200128.final.pep,y1000p_cds_files/yHMPu5000040963_lachancea_quebecuensis_200128.final.cds.tar.gz,y1000p_genome_files/yHMPu5000040963_lachancea_quebecuensis_200128.fas.gz,False
yHMPu5000041678_debaryomyces_prosopidis_170307,final,Debaryomyces prosopidis,y1000p_gff3_files/yHMPu5000041678_debaryomyces_prosopidis_170307.final.gff3,y1000p_pep_files/yHMPu5000041678_debaryomyces_prosopidis_170307.final.pep,y1000p_cds_files/yHMPu5000041678_debaryomyces_prosopidis_170307.final.cds.tar.gz,y1000p_genome_files/yHMPu5000041678_debaryomyces_prosopidis_170307.fas.gz,False
yHMPu5000041691_saccharomycopsis_crataegensis_180604,final,Saccharomycopsis crataegensis,y1000p_gff3_files/yHMPu5000041691_saccharomycopsis_crataegensis_180604.final.gff3,y1000p_pep_files/yHMPu5000041691_saccharomycopsis_crataegensis_180604.final.pep,y1000p_cds_files/yHMPu5000041691_saccharomycopsis_crataegensis_180604.final.cds.tar.gz,y1000p_genome_files/yHMPu5000041691_saccharomycopsis_crataegensis_180604.fas.gz,False
yHMPu5000041693_debaryomyces_nepalensis_170307,final,Debaryomyces nepalensis,y1000p_gff3_files/yHMPu5000041693_debaryomyces_nepalensis_170307.final.gff3,y1000p_pep_files/yHMPu5000041693_debaryomyces_nepalensis_170307.final.pep,y1000p_cds_files/yHMPu5000041693_debaryomyces_nepalensis_170307.final.cds.tar.gz,y1000p_genome_files/yHMPu5000041693_debaryomyces_nepalensis_170307.fas.gz,False
yHMPu5000041701_Candida_jeffriesii_SPADES,final,Candida jeffriesii SPADES,y1000p_gff3_files/yHMPu5000041701_Candida_jeffriesii_SPADES.haplomerger2.final.gff3,y1000p_pep_files/yHMPu5000041701_Candida_jeffriesii_SPADES.haplomerger2.final.pep,y1000p_cds_files/yHMPu5000041701_Candida_jeffriesii_SPADES.haplomerger2.final.cds.tar.gz,y1000p_genome_files/yHMPu5000041701_Candida_jeffriesii_SPADES.haplomerger2.fas.gz,False
yHMPu5000041713_debaryomyces_maramus_170307,final,Debaryomyces maramus,y1000p_gff3_files/yHMPu5000041713_debaryomyces_maramus_170307.final.gff3,y1000p_pep_files/yHMPu5000041713_debaryomyces_maramus_170307.final.pep,y1000p_cds_files/yHMPu5000041713_debaryomyces_maramus_170307.final.cds.tar.gz,y1000p_genome_files/yHMPu5000041713_debaryomyces_maramus_170307.fas.gz,False
yHMPu5000041719_saccharomycopsis_microspora_170912,final,Saccharomycopsis microspora,y1000p_gff3_files/yHMPu5000041719_saccharomycopsis_microspora_170912.final.gff3,y1000p_pep_files/yHMPu5000041719_saccharomycopsis_microspora_170912.final.pep,y1000p_cds_files/yHMPu5000041719_saccharomycopsis_microspora_170912.final.cds.tar.gz,y1000p_genome_files/yHMPu5000041719_saccharomycopsis_microspora_170912.fas.gz,False
yHMPu5000041732_metschnikowia_pulcherrima_190924,final,Metschnikowia pulcherrima,y1000p_gff3_files/yHMPu5000041732_metschnikowia_pulcherrima_190924.haplomerger2.final.gff3,y1000p_pep_files/yHMPu5000041732_metschnikowia_pulcherrima_190924.haplomerger2.final.pep,y1000p_cds_files/yHMPu5000041732_metschnikowia_pulcherrima_190924.haplomerger2.final.cds.tar.gz,y1000p_genome_files/yHMPu5000041732_metschnikowia_pulcherrima_190924.haplomerger2.fas.gz,False
yHMPu5000041733_saccharomycopsis_javanensis_170912,final,Saccharomycopsis javanensis,y1000p_gff3_files/yHMPu5000041733_saccharomycopsis_javanensis_170912.final.gff3,y1000p_pep_files/yHMPu5000041733_saccharomycopsis_javanensis_170912.final.pep,y1000p_cds_files/yHMPu5000041733_saccharomycopsis_javanensis_170912.final.cds.tar.gz,y1000p_genome_files/yHMPu5000041733_saccharomycopsis_javanensis_170912.fas.gz,False
yHMPu5000041743_candida_hawaiiana_170307,final,Candida hawaiiana,y1000p_gff3_files/yHMPu5000041743_candida_hawaiiana_170307.final.gff3,y1000p_pep_files/yHMPu5000041743_candida_hawaiiana_170307.final.pep,y1000p_cds_files/yHMPu5000041743_candida_hawaiiana_170307.final.cds.tar.gz,y1000p_genome_files/yHMPu5000041743_candida_hawaiiana_170307.fas.gz,False
yHMPu5000041770_sugiyamaella_novakii_190924,final,Sugiyamaella novakii,y1000p_gff3_files/yHMPu5000041770_sugiyamaella_novakii_190924.final.gff3,y1000p_pep_files/yHMPu5000041770_sugiyamaella_novakii_190924.final.pep,y1000p_cds_files/yHMPu5000041770_sugiyamaella_novakii_190924.final.cds.tar.gz,y1000p_genome_files/yHMPu5000041770_sugiyamaella_novakii_190924.fas.gz,False
yHMPu5000041771_sugiyamaella_japonica_190924,final,Sugiyamaella japonica,y1000p_gff3_files/yHMPu5000041771_sugiyamaella_japonica_190924.final.gff3,y1000p_pep_files/yHMPu5000041771_sugiyamaella_japonica_190924.final.pep,y1000p_cds_files/yHMPu5000041771_sugiyamaella_japonica_190924.final.cds.tar.gz,y1000p_genome_files/yHMPu5000041771_sugiyamaella_japonica_190924.fas.gz,False
yHMPu5000041772_sugiyamaella_chiloensis_170912,final,Sugiyamaella chiloensis,y1000p_gff3_files/yHMPu5000041772_sugiyamaella_chiloensis_170912.final.gff3,y1000p_pep_files/yHMPu5000041772_sugiyamaella_chiloensis_170912.final.pep,y1000p_cds_files/yHMPu5000041772_sugiyamaella_chiloensis_170912.final.cds.tar.gz,y1000p_genome_files/yHMPu5000041772_sugiyamaella_chiloensis_170912.fas.gz,False
yHMPu5000041773_sugiyamaella_castrensis_190924,final,Sugiyamaella castrensis,y1000p_gff3_files/yHMPu5000041773_sugiyamaella_castrensis_190924.final.gff3,y1000p_pep_files/yHMPu5000041773_sugiyamaella_castrensis_190924.final.pep,y1000p_cds_files/yHMPu5000041773_sugiyamaella_castrensis_190924.final.cds.tar.gz,y1000p_genome_files/yHMPu5000041773_sugiyamaella_castrensis_190924.fas.gz,False
yHMPu5000041774_sugiyamaella_boreocaroliniensis_180604,final,Sugiyamaella boreocaroliniensis,y1000p_gff3_files/yHMPu5000041774_sugiyamaella_boreocaroliniensis_180604.final.gff3,y1000p_pep_files/yHMPu5000041774_sugiyamaella_boreocaroliniensis_180604.final.pep,y1000p_cds_files/yHMPu5000041774_sugiyamaella_boreocaroliniensis_180604.final.cds.tar.gz,y1000p_genome_files/yHMPu5000041774_sugiyamaella_boreocaroliniensis_180604.fas.gz,False
yHMPu5000041775_sugiyamaella_americana_190924,final,Sugiyamaella americana,y1000p_gff3_files/yHMPu5000041775_sugiyamaella_americana_190924.final.gff3,y1000p_pep_files/yHMPu5000041775_sugiyamaella_americana_190924.final.pep,y1000p_cds_files/yHMPu5000041775_sugiyamaella_americana_190924.final.cds.tar.gz,y1000p_genome_files/yHMPu5000041775_sugiyamaella_americana_190924.fas.gz,False
yHMPu5000041776_spencermartinsiella_ligniputridi_170912,final,Spencermartinsiella ligniputridi,y1000p_gff3_files/yHMPu5000041776_spencermartinsiella_ligniputridi_170912.final.gff3,y1000p_pep_files/yHMPu5000041776_spencermartinsiella_ligniputridi_170912.final.pep,y1000p_cds_files/yHMPu5000041776_spencermartinsiella_ligniputridi_170912.final.cds.tar.gz,y1000p_genome_files/yHMPu5000041776_spencermartinsiella_ligniputridi_170912.fas.gz,False
yHMPu5000041778_schwanniomyces_vanrijiae_var_yarrowii_170912,final,Schwanniomyces vanrijiae var yarrowii,y1000p_gff3_files/yHMPu5000041778_schwanniomyces_vanrijiae_var_yarrowii_170912.final.gff3,y1000p_pep_files/yHMPu5000041778_schwanniomyces_vanrijiae_var_yarrowii_170912.final.pep,y1000p_cds_files/yHMPu5000041778_schwanniomyces_vanrijiae_var_yarrowii_170912.final.cds.tar.gz,y1000p_genome_files/yHMPu5000041778_schwanniomyces_vanrijiae_var_yarrowii_170912.fas.gz,False
yHMPu5000041779_schwanniomyces_pseudopolymorphus_190924,final,Schwanniomyces pseudopolymorphus,y1000p_gff3_files/yHMPu5000041779_schwanniomyces_pseudopolymorphus_190924.final.gff3,y1000p_pep_files/yHMPu5000041779_schwanniomyces_pseudopolymorphus_190924.final.pep,y1000p_cds_files/yHMPu5000041779_schwanniomyces_pseudopolymorphus_190924.final.cds.tar.gz,y1000p_genome_files/yHMPu5000041779_schwanniomyces_pseudopolymorphus_190924.fas.gz,False
yHMPu5000041780_Schwanniomyces_polymorphus_var_polymorphus_SPADES,final,Schwanniomyces polymorphus var polymorphus SPADES,y1000p_gff3_files/yHMPu5000041780_Schwanniomyces_polymorphus_var_polymorphus_SPADES.final.gff3,y1000p_pep_files/yHMPu5000041780_Schwanniomyces_polymorphus_var_polymorphus_SPADES.final.pep,y1000p_cds_files/yHMPu5000041780_Schwanniomyces_polymorphus_var_polymorphus_SPADES.final.cds.tar.gz,y1000p_genome_files/yHMPu5000041780_Schwanniomyces_polymorphus_var_polymorphus_SPADES.fas.gz,False
yHMPu5000041781_schwanniomyces_occidentalis_var_persoonii_190924,final,Schwanniomyces occidentalis var persoonii,y1000p_gff3_files/yHMPu5000041781_schwanniomyces_occidentalis_var_persoonii_190924.final.gff3,y1000p_pep_files/yHMPu5000041781_schwanniomyces_occidentalis_var_persoonii_190924.final.pep,y1000p_cds_files/yHMPu5000041781_schwanniomyces_occidentalis_var_persoonii_190924.final.cds.tar.gz,y1000p_genome_files/yHMPu5000041781_schwanniomyces_occidentalis_var_persoonii_190924.fas.gz,False
yHMPu5000041783_saccharomycopsis_schoenii_170912,final,Saccharomycopsis schoenii,y1000p_gff3_files/yHMPu5000041783_saccharomycopsis_schoenii_170912.final.gff3,y1000p_pep_files/yHMPu5000041783_saccharomycopsis_schoenii_170912.final.pep,y1000p_cds_files/yHMPu5000041783_saccharomycopsis_schoenii_170912.final.cds.tar.gz,y1000p_genome_files/yHMPu5000041783_saccharomycopsis_schoenii_170912.fas.gz,False
yHMPu5000041784_saccharomycopsis_selenospora_170912,final,Saccharomycopsis selenospora,y1000p_gff3_files/yHMPu5000041784_saccharomycopsis_selenospora_170912.final.gff3,y1000p_pep_files/yHMPu5000041784_saccharomycopsis_selenospora_170912.final.pep,y1000p_cds_files/yHMPu5000041784_saccharomycopsis_selenospora_170912.final.cds.tar.gz,y1000p_genome_files/yHMPu5000041784_saccharomycopsis_selenospora_170912.fas.gz,False
yHMPu5000041785_saccharomycopsis_sp_180604,final,Saccharomycopsis sp,y1000p_gff3_files/yHMPu5000041785_saccharomycopsis_sp_180604.final.gff3,y1000p_pep_files/yHMPu5000041785_saccharomycopsis_sp_180604.final.pep,y1000p_cds_files/yHMPu5000041785_saccharomycopsis_sp_180604.final.cds.tar.gz,y1000p_genome_files/yHMPu5000041785_saccharomycopsis_sp_180604.fas.gz,False
yHMPu5000041788_scheffersomyces_coipomoensis_180604,final,Scheffersomyces coipomoensis,y1000p_gff3_files/yHMPu5000041788_scheffersomyces_coipomoensis_180604.final.gff3,y1000p_pep_files/yHMPu5000041788_scheffersomyces_coipomoensis_180604.final.pep,y1000p_cds_files/yHMPu5000041788_scheffersomyces_coipomoensis_180604.final.cds.tar.gz,y1000p_genome_files/yHMPu5000041788_scheffersomyces_coipomoensis_180604.fas.gz,False
yHMPu5000041789_scheffersomyces_ergatensis_180604,final,Scheffersomyces ergatensis,y1000p_gff3_files/yHMPu5000041789_scheffersomyces_ergatensis_180604.final.gff3,y1000p_pep_files/yHMPu5000041789_scheffersomyces_ergatensis_180604.final.pep,y1000p_cds_files/yHMPu5000041789_scheffersomyces_ergatensis_180604.final.cds.tar.gz,y1000p_genome_files/yHMPu5000041789_scheffersomyces_ergatensis_180604.fas.gz,False
yHMPu5000041790_scheffersomyces_segobiensis_180604,final,Scheffersomyces segobiensis,y1000p_gff3_files/yHMPu5000041790_scheffersomyces_segobiensis_180604.final.gff3,y1000p_pep_files/yHMPu5000041790_scheffersomyces_segobiensis_180604.final.pep,y1000p_cds_files/yHMPu5000041790_scheffersomyces_segobiensis_180604.final.cds.tar.gz,y1000p_genome_files/yHMPu5000041790_scheffersomyces_segobiensis_180604.fas.gz,False
yHMPu5000041791_scheffersomyces_shehatae_180604,final,Scheffersomyces shehatae,y1000p_gff3_files/yHMPu5000041791_scheffersomyces_shehatae_180604.final.gff3,y1000p_pep_files/yHMPu5000041791_scheffersomyces_shehatae_180604.final.pep,y1000p_cds_files/yHMPu5000041791_scheffersomyces_shehatae_180604.final.cds.tar.gz,y1000p_genome_files/yHMPu5000041791_scheffersomyces_shehatae_180604.fas.gz,False
yHMPu5000041792_schwanniomyces_capriottii_170912,final,Schwanniomyces capriottii,y1000p_gff3_files/yHMPu5000041792_schwanniomyces_capriottii_170912.final.gff3,y1000p_pep_files/yHMPu5000041792_schwanniomyces_capriottii_170912.final.pep,y1000p_cds_files/yHMPu5000041792_schwanniomyces_capriottii_170912.final.cds.tar.gz,y1000p_genome_files/yHMPu5000041792_schwanniomyces_capriottii_170912.fas.gz,False
yHMPu5000041793_schwanniomyces_etchellsii_180604,final,Schwanniomyces etchellsii,y1000p_gff3_files/yHMPu5000041793_schwanniomyces_etchellsii_180604.final.gff3,y1000p_pep_files/yHMPu5000041793_schwanniomyces_etchellsii_180604.final.pep,y1000p_cds_files/yHMPu5000041793_schwanniomyces_etchellsii_180604.final.cds.tar.gz,y1000p_genome_files/yHMPu5000041793_schwanniomyces_etchellsii_180604.fas.gz,False
yHMPu5000041794_saccharomycopsis_lassenensis_201018,final,Saccharomycopsis lassenensis,y1000p_gff3_files/yHMPu5000041794_saccharomycopsis_lassenensis_201018.final.gff3,y1000p_pep_files/yHMPu5000041794_saccharomycopsis_lassenensis_201018.final.pep,y1000p_cds_files/yHMPu5000041794_saccharomycopsis_lassenensis_201018.final.cds.tar.gz,y1000p_genome_files/yHMPu5000041794_saccharomycopsis_lassenensis_201018.fas.gz,False
yHMPu5000041796_saccharomycopsis_fibulgera_180604,final,Saccharomycopsis fibulgera,y1000p_gff3_files/yHMPu5000041796_saccharomycopsis_fibulgera_180604.haplomerger2.final.gff3,y1000p_pep_files/yHMPu5000041796_saccharomycopsis_fibulgera_180604.haplomerger2.final.pep,y1000p_cds_files/yHMPu5000041796_saccharomycopsis_fibulgera_180604.haplomerger2.final.cds.tar.gz,y1000p_genome_files/yHMPu5000041796_saccharomycopsis_fibulgera_180604.haplomerger2.fas.gz,False
yHMPu5000041797_saccharomycopsis_fermentans_201018,final,Saccharomycopsis fermentans,y1000p_gff3_files/yHMPu5000041797_saccharomycopsis_fermentans_201018.final.gff3,y1000p_pep_files/yHMPu5000041797_saccharomycopsis_fermentans_201018.final.pep,y1000p_cds_files/yHMPu5000041797_saccharomycopsis_fermentans_201018.final.cds.tar.gz,y1000p_genome_files/yHMPu5000041797_saccharomycopsis_fermentans_201018.fas.gz,False
yHMPu5000041799_saccharomycopsis_amapae_201018,final,Saccharomycopsis amapae,y1000p_gff3_files/yHMPu5000041799_saccharomycopsis_amapae_201018.final.gff3,y1000p_pep_files/yHMPu5000041799_saccharomycopsis_amapae_201018.final.pep,y1000p_cds_files/yHMPu5000041799_saccharomycopsis_amapae_201018.final.cds.tar.gz,y1000p_genome_files/yHMPu5000041799_saccharomycopsis_amapae_201018.fas.gz,False
yHMPu5000041800_ogataea_thermomethanolica_180604,final,Ogataea thermomethanolica,y1000p_gff3_files/yHMPu5000041800_ogataea_thermomethanolica_180604.final.gff3,y1000p_pep_files/yHMPu5000041800_ogataea_thermomethanolica_180604.final.pep,y1000p_cds_files/yHMPu5000041800_ogataea_thermomethanolica_180604.final.cds.tar.gz,y1000p_genome_files/yHMPu5000041800_ogataea_thermomethanolica_180604.fas.gz,False
yHMPu5000041801_ogataea_saltuana_170713,final,Ogataea saltuana,y1000p_gff3_files/yHMPu5000041801_ogataea_saltuana_170713.final.gff3,y1000p_pep_files/yHMPu5000041801_ogataea_saltuana_170713.final.pep,y1000p_cds_files/yHMPu5000041801_ogataea_saltuana_170713.final.cds.tar.gz,y1000p_genome_files/yHMPu5000041801_ogataea_saltuana_170713.fas.gz,False
yHMPu5000041802_ogataea_polymorpha_180604,final,Ogataea polymorpha,y1000p_gff3_files/yHMPu5000041802_ogataea_polymorpha_180604.final.gff3,y1000p_pep_files/yHMPu5000041802_ogataea_polymorpha_180604.final.pep,y1000p_cds_files/yHMPu5000041802_ogataea_polymorpha_180604.final.cds.tar.gz,y1000p_genome_files/yHMPu5000041802_ogataea_polymorpha_180604.fas.gz,False
yHMPu5000041803_Metschnikowia_zizyphicola_SPADES,final,Metschnikowia zizyphicola SPADES,y1000p_gff3_files/yHMPu5000041803_Metschnikowia_zizyphicola_SPADES.haplomerger2.final.gff3,y1000p_pep_files/yHMPu5000041803_Metschnikowia_zizyphicola_SPADES.haplomerger2.final.pep,y1000p_cds_files/yHMPu5000041803_Metschnikowia_zizyphicola_SPADES.haplomerger2.final.cds.tar.gz,y1000p_genome_files/yHMPu5000041803_Metschnikowia_zizyphicola_SPADES.haplomerger2.fas.gz,False
yHMPu5000041804_metschnikowia_vanudenii_190924,final,Metschnikowia vanudenii,y1000p_gff3_files/yHMPu5000041804_metschnikowia_vanudenii_190924.final.gff3,y1000p_pep_files/yHMPu5000041804_metschnikowia_vanudenii_190924.final.pep,y1000p_cds_files/yHMPu5000041804_metschnikowia_vanudenii_190924.final.cds.tar.gz,y1000p_genome_files/yHMPu5000041804_metschnikowia_vanudenii_190924.fas.gz,False
yHMPu5000041805_metschnikowia_sinensis_190924,final,Metschnikowia sinensis,y1000p_gff3_files/yHMPu5000041805_metschnikowia_sinensis_190924.haplomerger2.final.gff3,y1000p_pep_files/yHMPu5000041805_metschnikowia_sinensis_190924.haplomerger2.final.pep,y1000p_cds_files/yHMPu5000041805_metschnikowia_sinensis_190924.haplomerger2.final.cds.tar.gz,y1000p_genome_files/yHMPu5000041805_metschnikowia_sinensis_190924.haplomerger2.fas.gz,False
yHMPu5000041806_metschnikowia_agaves_170307,final,Metschnikowia agaves,y1000p_gff3_files/yHMPu5000041806_metschnikowia_agaves_170307.final.gff3,y1000p_pep_files/yHMPu5000041806_metschnikowia_agaves_170307.final.pep,y1000p_cds_files/yHMPu5000041806_metschnikowia_agaves_170307.final.cds.tar.gz,y1000p_genome_files/yHMPu5000041806_metschnikowia_agaves_170307.fas.gz,False
yHMPu5000041807_metschnikowia_bicuspidata_var_chathamia_190924,final,Metschnikowia bicuspidata var chathamia,y1000p_gff3_files/yHMPu5000041807_metschnikowia_bicuspidata_var_chathamia_190924.haplomerger2.final.gff3,y1000p_pep_files/yHMPu5000041807_metschnikowia_bicuspidata_var_chathamia_190924.haplomerger2.final.pep,y1000p_cds_files/yHMPu5000041807_metschnikowia_bicuspidata_var_chathamia_190924.haplomerger2.final.cds.tar.gz,y1000p_genome_files/yHMPu5000041807_metschnikowia_bicuspidata_var_chathamia_190924.haplomerger2.fas.gz,False
yHMPu5000041808_metschnikowia_caudata_170307,final,Metschnikowia caudata,y1000p_gff3_files/yHMPu5000041808_metschnikowia_caudata_170307.final.gff3,y1000p_pep_files/yHMPu5000041808_metschnikowia_caudata_170307.final.pep,y1000p_cds_files/yHMPu5000041808_metschnikowia_caudata_170307.final.cds.tar.gz,y1000p_genome_files/yHMPu5000041808_metschnikowia_caudata_170307.fas.gz,False
yHMPu5000041809_metschnikowia_chrysoperlae_170307,final,Metschnikowia chrysoperlae,y1000p_gff3_files/yHMPu5000041809_metschnikowia_chrysoperlae_170307.haplomerger2.final.gff3,y1000p_pep_files/yHMPu5000041809_metschnikowia_chrysoperlae_170307.haplomerger2.final.pep,y1000p_cds_files/yHMPu5000041809_metschnikowia_chrysoperlae_170307.haplomerger2.final.cds.tar.gz,y1000p_genome_files/yHMPu5000041809_metschnikowia_chrysoperlae_170307.haplomerger2.fas.gz,False
yHMPu5000041810_metschnikowia_drosophilae_201018,final,Metschnikowia drosophilae,y1000p_gff3_files/yHMPu5000041810_metschnikowia_drosophilae_201018.final.gff3,y1000p_pep_files/yHMPu5000041810_metschnikowia_drosophilae_201018.final.pep,y1000p_cds_files/yHMPu5000041810_metschnikowia_drosophilae_201018.final.cds.tar.gz,y1000p_genome_files/yHMPu5000041810_metschnikowia_drosophilae_201018.fas.gz,False
yHMPu5000041811_metschnikowia_krissii_170307,final,Metschnikowia krissii,y1000p_gff3_files/yHMPu5000041811_metschnikowia_krissii_170307.haplomerger2.final.gff3,y1000p_pep_files/yHMPu5000041811_metschnikowia_krissii_170307.haplomerger2.final.pep,y1000p_cds_files/yHMPu5000041811_metschnikowia_krissii_170307.haplomerger2.final.cds.tar.gz,y1000p_genome_files/yHMPu5000041811_metschnikowia_krissii_170307.haplomerger2.fas.gz,False
yHMPu5000041812_metschnikowia_kunwiensis_190924,final,Metschnikowia kunwiensis,y1000p_gff3_files/yHMPu5000041812_metschnikowia_kunwiensis_190924.final.gff3,y1000p_pep_files/yHMPu5000041812_metschnikowia_kunwiensis_190924.final.pep,y1000p_cds_files/yHMPu5000041812_metschnikowia_kunwiensis_190924.final.cds.tar.gz,y1000p_genome_files/yHMPu5000041812_metschnikowia_kunwiensis_190924.fas.gz,False
yHMPu5000041813_metschnikowia_lunata_180604,final,Metschnikowia lunata,y1000p_gff3_files/yHMPu5000041813_metschnikowia_lunata_180604.final.gff3,y1000p_pep_files/yHMPu5000041813_metschnikowia_lunata_180604.final.pep,y1000p_cds_files/yHMPu5000041813_metschnikowia_lunata_180604.final.cds.tar.gz,y1000p_genome_files/yHMPu5000041813_metschnikowia_lunata_180604.fas.gz,False
yHMPu5000041814_metschnikowia_noctiluminum_180604,final,Metschnikowia noctiluminum,y1000p_gff3_files/yHMPu5000041814_metschnikowia_noctiluminum_180604.haplomerger2.final.gff3,y1000p_pep_files/yHMPu5000041814_metschnikowia_noctiluminum_180604.haplomerger2.final.pep,y1000p_cds_files/yHMPu5000041814_metschnikowia_noctiluminum_180604.haplomerger2.final.cds.tar.gz,y1000p_genome_files/yHMPu5000041814_metschnikowia_noctiluminum_180604.haplomerger2.fas.gz,False
yHMPu5000041815_metschnikowia_orientalis_190924,final,Metschnikowia orientalis,y1000p_gff3_files/yHMPu5000041815_metschnikowia_orientalis_190924.final.gff3,y1000p_pep_files/yHMPu5000041815_metschnikowia_orientalis_190924.final.pep,y1000p_cds_files/yHMPu5000041815_metschnikowia_orientalis_190924.final.cds.tar.gz,y1000p_genome_files/yHMPu5000041815_metschnikowia_orientalis_190924.fas.gz,False
yHMPu5000041817_metschnikowia_shanxiensis_190924,final,Metschnikowia shanxiensis,y1000p_gff3_files/yHMPu5000041817_metschnikowia_shanxiensis_190924.haplomerger2.final.gff3,y1000p_pep_files/yHMPu5000041817_metschnikowia_shanxiensis_190924.haplomerger2.final.pep,y1000p_cds_files/yHMPu5000041817_metschnikowia_shanxiensis_190924.haplomerger2.final.cds.tar.gz,y1000p_genome_files/yHMPu5000041817_metschnikowia_shanxiensis_190924.haplomerger2.fas.gz,False
yHMPu5000041818_magnusiomyces_tetrasperma_170307,final,Magnusiomyces tetrasperma,y1000p_gff3_files/yHMPu5000041818_magnusiomyces_tetrasperma_170307.final.gff3,y1000p_pep_files/yHMPu5000041818_magnusiomyces_tetrasperma_170307.final.pep,y1000p_cds_files/yHMPu5000041818_magnusiomyces_tetrasperma_170307.final.cds.tar.gz,y1000p_genome_files/yHMPu5000041818_magnusiomyces_tetrasperma_170307.fas.gz,False
yHMPu5000041819_magnusiomyces_starmeri_201018,final,Magnusiomyces starmeri,y1000p_gff3_files/yHMPu5000041819_magnusiomyces_starmeri_201018.final.gff3,y1000p_pep_files/yHMPu5000041819_magnusiomyces_starmeri_201018.final.pep,y1000p_cds_files/yHMPu5000041819_magnusiomyces_starmeri_201018.final.cds.tar.gz,y1000p_genome_files/yHMPu5000041819_magnusiomyces_starmeri_201018.fas.gz,False
yHMPu5000041820_geotrichum_histeridarum_201018,final,Geotrichum histeridarum,y1000p_gff3_files/yHMPu5000041820_geotrichum_histeridarum_201018.final.gff3,y1000p_pep_files/yHMPu5000041820_geotrichum_histeridarum_201018.final.pep,y1000p_cds_files/yHMPu5000041820_geotrichum_histeridarum_201018.final.cds.tar.gz,y1000p_genome_files/yHMPu5000041820_geotrichum_histeridarum_201018.fas.gz,False
yHMPu5000041821_geotrichum_cucujoidarum_170912,final,Geotrichum cucujoidarum,y1000p_gff3_files/yHMPu5000041821_geotrichum_cucujoidarum_170912.final.gff3,y1000p_pep_files/yHMPu5000041821_geotrichum_cucujoidarum_170912.final.pep,y1000p_cds_files/yHMPu5000041821_geotrichum_cucujoidarum_170912.final.cds.tar.gz,y1000p_genome_files/yHMPu5000041821_geotrichum_cucujoidarum_170912.fas.gz,False
yHMPu5000041822_dipodascus_geniculatus_170307,final,Dipodascus geniculatus,y1000p_gff3_files/yHMPu5000041822_dipodascus_geniculatus_170307.final.gff3,y1000p_pep_files/yHMPu5000041822_dipodascus_geniculatus_170307.final.pep,y1000p_cds_files/yHMPu5000041822_dipodascus_geniculatus_170307.final.cds.tar.gz,y1000p_genome_files/yHMPu5000041822_dipodascus_geniculatus_170307.fas.gz,False
yHMPu5000041823_dipodascus_armillariae_190924,final,Dipodascus armillariae,y1000p_gff3_files/yHMPu5000041823_dipodascus_armillariae_190924.haplomerger2.final.gff3,y1000p_pep_files/yHMPu5000041823_dipodascus_armillariae_190924.haplomerger2.final.pep,y1000p_cds_files/yHMPu5000041823_dipodascus_armillariae_190924.haplomerger2.final.cds.tar.gz,y1000p_genome_files/yHMPu5000041823_dipodascus_armillariae_190924.haplomerger2.fas.gz,False
yHMPu5000041824_debaryomyces_subglobosus_160928,final,Debaryomyces subglobosus,y1000p_gff3_files/yHMPu5000041824_debaryomyces_subglobosus_160928.final.gff3,y1000p_pep_files/yHMPu5000041824_debaryomyces_subglobosus_160928.final.pep,y1000p_cds_files/yHMPu5000041824_debaryomyces_subglobosus_160928.final.cds.tar.gz,y1000p_genome_files/yHMPu5000041824_debaryomyces_subglobosus_160928.fas.gz,False
yHMPu5000041825_debaryomyces_robertsiae_170307,final,Debaryomyces robertsiae,y1000p_gff3_files/yHMPu5000041825_debaryomyces_robertsiae_170307.final.gff3,y1000p_pep_files/yHMPu5000041825_debaryomyces_robertsiae_170307.final.pep,y1000p_cds_files/yHMPu5000041825_debaryomyces_robertsiae_170307.final.cds.tar.gz,y1000p_genome_files/yHMPu5000041825_debaryomyces_robertsiae_170307.fas.gz,False
yHMPu5000041829_debaryomyces_fabryi_180604,final,Debaryomyces fabryi,y1000p_gff3_files/yHMPu5000041829_debaryomyces_fabryi_180604.final.gff3,y1000p_pep_files/yHMPu5000041829_debaryomyces_fabryi_180604.final.pep,y1000p_cds_files/yHMPu5000041829_debaryomyces_fabryi_180604.final.cds.tar.gz,y1000p_genome_files/yHMPu5000041829_debaryomyces_fabryi_180604.fas.gz,False
yHMPu5000041830_candida_silvatica_170307,final,Candida silvatica,y1000p_gff3_files/yHMPu5000041830_candida_silvatica_170307.final.gff3,y1000p_pep_files/yHMPu5000041830_candida_silvatica_170307.final.pep,y1000p_cds_files/yHMPu5000041830_candida_silvatica_170307.final.cds.tar.gz,y1000p_genome_files/yHMPu5000041830_candida_silvatica_170307.fas.gz,False
yHMPu5000041832_candida_sophiae-reginae_170307,final,Candida sophiae-reginae,y1000p_gff3_files/yHMPu5000041832_candida_sophiae-reginae_170307.final.gff3,y1000p_pep_files/yHMPu5000041832_candida_sophiae-reginae_170307.final.pep,y1000p_cds_files/yHMPu5000041832_candida_sophiae-reginae_170307.final.cds.tar.gz,y1000p_genome_files/yHMPu5000041832_candida_sophiae-reginae_170307.fas.gz,False
yHMPu5000041833_candida_tammaniensis_170307,final,Candida tammaniensis,y1000p_gff3_files/yHMPu5000041833_candida_tammaniensis_170307.final.gff3,y1000p_pep_files/yHMPu5000041833_candida_tammaniensis_170307.final.pep,y1000p_cds_files/yHMPu5000041833_candida_tammaniensis_170307.final.cds.tar.gz,y1000p_genome_files/yHMPu5000041833_candida_tammaniensis_170307.fas.gz,False
yHMPu5000041834_candida_taylori_170912,final,Candida taylori,y1000p_gff3_files/yHMPu5000041834_candida_taylori_170912.final.gff3,y1000p_pep_files/yHMPu5000041834_candida_taylori_170912.final.pep,y1000p_cds_files/yHMPu5000041834_candida_taylori_170912.final.cds.tar.gz,y1000p_genome_files/yHMPu5000041834_candida_taylori_170912.fas.gz,False
yHMPu5000041836_candida_tenuis_160928,final,Candida tenuis,y1000p_gff3_files/yHMPu5000041836_candida_tenuis_160928.final.gff3,y1000p_pep_files/yHMPu5000041836_candida_tenuis_160928.final.pep,y1000p_cds_files/yHMPu5000041836_candida_tenuis_160928.final.cds.tar.gz,y1000p_genome_files/yHMPu5000041836_candida_tenuis_160928.fas.gz,False
yHMPu5000041838_candida_tolerans_180604,final,Candida tolerans,y1000p_gff3_files/yHMPu5000041838_candida_tolerans_180604.final.gff3,y1000p_pep_files/yHMPu5000041838_candida_tolerans_180604.final.pep,y1000p_cds_files/yHMPu5000041838_candida_tolerans_180604.final.cds.tar.gz,y1000p_genome_files/yHMPu5000041838_candida_tolerans_180604.fas.gz,False
yHMPu5000041839_candida_torresii_210210,final,Candida torresii,y1000p_gff3_files/yHMPu5000041839_candida_torresii_210210.final.gff3,y1000p_pep_files/yHMPu5000041839_candida_torresii_210210.final.pep,y1000p_cds_files/yHMPu5000041839_candida_torresii_210210.final.cds.tar.gz,y1000p_genome_files/yHMPu5000041839_candida_torresii_210210.fas.gz,False
yHMPu5000041840_candida_wancherniae_160928,final,Candida wancherniae,y1000p_gff3_files/yHMPu5000041840_candida_wancherniae_160928.final.gff3,y1000p_pep_files/yHMPu5000041840_candida_wancherniae_160928.final.pep,y1000p_cds_files/yHMPu5000041840_candida_wancherniae_160928.final.cds.tar.gz,y1000p_genome_files/yHMPu5000041840_candida_wancherniae_160928.fas.gz,False
yHMPu5000041841_debaryomyces_coudertii_170713,final,Debaryomyces coudertii,y1000p_gff3_files/yHMPu5000041841_debaryomyces_coudertii_170713.final.gff3,y1000p_pep_files/yHMPu5000041841_debaryomyces_coudertii_170713.final.pep,y1000p_cds_files/yHMPu5000041841_debaryomyces_coudertii_170713.final.cds.tar.gz,y1000p_genome_files/yHMPu5000041841_debaryomyces_coudertii_170713.fas.gz,False
yHMPu5000041842_candida_saopaulonensis_190924,final,Candida saopaulonensis,y1000p_gff3_files/yHMPu5000041842_candida_saopaulonensis_190924.final.gff3,y1000p_pep_files/yHMPu5000041842_candida_saopaulonensis_190924.final.pep,y1000p_cds_files/yHMPu5000041842_candida_saopaulonensis_190924.final.cds.tar.gz,y1000p_genome_files/yHMPu5000041842_candida_saopaulonensis_190924.fas.gz,False
yHMPu5000041843_candida_ruelliae_170713,final,Candida ruelliae,y1000p_gff3_files/yHMPu5000041843_candida_ruelliae_170713.final.gff3,y1000p_pep_files/yHMPu5000041843_candida_ruelliae_170713.final.pep,y1000p_cds_files/yHMPu5000041843_candida_ruelliae_170713.final.cds.tar.gz,y1000p_genome_files/yHMPu5000041843_candida_ruelliae_170713.fas.gz,False
yHMPu5000041846_candida_picinguabensis_170307,final,Candida picinguabensis,y1000p_gff3_files/yHMPu5000041846_candida_picinguabensis_170307.final.gff3,y1000p_pep_files/yHMPu5000041846_candida_picinguabensis_170307.final.pep,y1000p_cds_files/yHMPu5000041846_candida_picinguabensis_170307.final.cds.tar.gz,y1000p_genome_files/yHMPu5000041846_candida_picinguabensis_170307.fas.gz,False
yHMPu5000041847_candida_ortonii_170713,final,Candida ortonii,y1000p_gff3_files/yHMPu5000041847_candida_ortonii_170713.final.gff3,y1000p_pep_files/yHMPu5000041847_candida_ortonii_170713.final.pep,y1000p_cds_files/yHMPu5000041847_candida_ortonii_170713.final.cds.tar.gz,y1000p_genome_files/yHMPu5000041847_candida_ortonii_170713.fas.gz,False
yHMPu5000041848_candida_musae_170713,final,Candida musae,y1000p_gff3_files/yHMPu5000041848_candida_musae_170713.final.gff3,y1000p_pep_files/yHMPu5000041848_candida_musae_170713.final.pep,y1000p_cds_files/yHMPu5000041848_candida_musae_170713.final.cds.tar.gz,y1000p_genome_files/yHMPu5000041848_candida_musae_170713.fas.gz,False
yHMPu5000041849_candida_morakotiae_180604,final,Candida morakotiae,y1000p_gff3_files/yHMPu5000041849_candida_morakotiae_180604.final.gff3,y1000p_pep_files/yHMPu5000041849_candida_morakotiae_180604.final.pep,y1000p_cds_files/yHMPu5000041849_candida_morakotiae_180604.final.cds.tar.gz,y1000p_genome_files/yHMPu5000041849_candida_morakotiae_180604.fas.gz,False
yHMPu5000041850_candida_lyxosophila_170307,final,Candida lyxosophila,y1000p_gff3_files/yHMPu5000041850_candida_lyxosophila_170307.haplomerger2.final.gff3,y1000p_pep_files/yHMPu5000041850_candida_lyxosophila_170307.haplomerger2.final.pep,y1000p_cds_files/yHMPu5000041850_candida_lyxosophila_170307.haplomerger2.final.cds.tar.gz,y1000p_genome_files/yHMPu5000041850_candida_lyxosophila_170307.haplomerger2.fas.gz,False
yHMPu5000041851_candida_krabiensis_160928,final,Candida krabiensis,y1000p_gff3_files/yHMPu5000041851_candida_krabiensis_160928.final.gff3,y1000p_pep_files/yHMPu5000041851_candida_krabiensis_160928.final.pep,y1000p_cds_files/yHMPu5000041851_candida_krabiensis_160928.final.cds.tar.gz,y1000p_genome_files/yHMPu5000041851_candida_krabiensis_160928.fas.gz,False
yHMPu5000041854_candida_aechmeae_170307,final,Candida aechmeae,y1000p_gff3_files/yHMPu5000041854_candida_aechmeae_170307.final.gff3,y1000p_pep_files/yHMPu5000041854_candida_aechmeae_170307.final.pep,y1000p_cds_files/yHMPu5000041854_candida_aechmeae_170307.final.cds.tar.gz,y1000p_genome_files/yHMPu5000041854_candida_aechmeae_170307.fas.gz,False
yHMPu5000041855_candida_ascalaphidarum_170307,final,Candida ascalaphidarum,y1000p_gff3_files/yHMPu5000041855_candida_ascalaphidarum_170307.final.gff3,y1000p_pep_files/yHMPu5000041855_candida_ascalaphidarum_170307.final.pep,y1000p_cds_files/yHMPu5000041855_candida_ascalaphidarum_170307.final.cds.tar.gz,y1000p_genome_files/yHMPu5000041855_candida_ascalaphidarum_170307.fas.gz,False
yHMPu5000041856_candida_bentonensis_180604,final,Candida bentonensis,y1000p_gff3_files/yHMPu5000041856_candida_bentonensis_180604.final.gff3,y1000p_pep_files/yHMPu5000041856_candida_bentonensis_180604.final.pep,y1000p_cds_files/yHMPu5000041856_candida_bentonensis_180604.final.cds.tar.gz,y1000p_genome_files/yHMPu5000041856_candida_bentonensis_180604.fas.gz,False
yHMPu5000041857_candida_chrysomelidarum_160928,final,Candida chrysomelidarum,y1000p_gff3_files/yHMPu5000041857_candida_chrysomelidarum_160928.haplomerger2.final.gff3,y1000p_pep_files/yHMPu5000041857_candida_chrysomelidarum_160928.haplomerger2.final.pep,y1000p_cds_files/yHMPu5000041857_candida_chrysomelidarum_160928.haplomerger2.final.cds.tar.gz,y1000p_genome_files/yHMPu5000041857_candida_chrysomelidarum_160928.haplomerger2.fas.gz,False
yHMPu5000041858_candida_endomychidarum_170713,final,Candida endomychidarum,y1000p_gff3_files/yHMPu5000041858_candida_endomychidarum_170713.final.gff3,y1000p_pep_files/yHMPu5000041858_candida_endomychidarum_170713.final.pep,y1000p_cds_files/yHMPu5000041858_candida_endomychidarum_170713.final.cds.tar.gz,y1000p_genome_files/yHMPu5000041858_candida_endomychidarum_170713.fas.gz,False
yHMPu5000041859_candida_friederichii_160928,final,Candida friederichii,y1000p_gff3_files/yHMPu5000041859_candida_friederichii_160928.final.gff3,y1000p_pep_files/yHMPu5000041859_candida_friederichii_160928.final.pep,y1000p_cds_files/yHMPu5000041859_candida_friederichii_160928.final.cds.tar.gz,y1000p_genome_files/yHMPu5000041859_candida_friederichii_160928.fas.gz,False
yHMPu5000041860_candida_galacta_170912,final,Candida galacta,y1000p_gff3_files/yHMPu5000041860_candida_galacta_170912.final.gff3,y1000p_pep_files/yHMPu5000041860_candida_galacta_170912.final.pep,y1000p_cds_files/yHMPu5000041860_candida_galacta_170912.final.cds.tar.gz,y1000p_genome_files/yHMPu5000041860_candida_galacta_170912.fas.gz,False
yHMPu5000041861_candida_gelsemii_170307,final,Candida gelsemii,y1000p_gff3_files/yHMPu5000041861_candida_gelsemii_170307.haplomerger2.final.gff3,y1000p_pep_files/yHMPu5000041861_candida_gelsemii_170307.haplomerger2.final.pep,y1000p_cds_files/yHMPu5000041861_candida_gelsemii_170307.haplomerger2.final.cds.tar.gz,y1000p_genome_files/yHMPu5000041861_candida_gelsemii_170307.haplomerger2.fas.gz,False
yHMPu5000041862_candida_golubevii_170307,final,Candida golubevii,y1000p_gff3_files/yHMPu5000041862_candida_golubevii_170307.final.gff3,y1000p_pep_files/yHMPu5000041862_candida_golubevii_170307.final.pep,y1000p_cds_files/yHMPu5000041862_candida_golubevii_170307.final.cds.tar.gz,y1000p_genome_files/yHMPu5000041862_candida_golubevii_170307.fas.gz,False
yHMPu5000041863_candida_gorgasii_160928,final,Candida gorgasii,y1000p_gff3_files/yHMPu5000041863_candida_gorgasii_160928.final.gff3,y1000p_pep_files/yHMPu5000041863_candida_gorgasii_160928.final.pep,y1000p_cds_files/yHMPu5000041863_candida_gorgasii_160928.final.cds.tar.gz,y1000p_genome_files/yHMPu5000041863_candida_gorgasii_160928.fas.gz,False
yHMPu5000041864_candida_hainanensis_170713,final,Candida hainanensis,y1000p_gff3_files/yHMPu5000041864_candida_hainanensis_170713.final.gff3,y1000p_pep_files/yHMPu5000041864_candida_hainanensis_170713.final.pep,y1000p_cds_files/yHMPu5000041864_candida_hainanensis_170713.final.cds.tar.gz,y1000p_genome_files/yHMPu5000041864_candida_hainanensis_170713.fas.gz,False
yHQL142_Suhomyces_sp_nov_plate33_DISCOVAR,final,Suhomyces sp nov plate33 DISCOVAR,y1000p_gff3_files/yHQL142_Suhomyces_sp_nov_plate33_DISCOVAR.final.gff3,y1000p_pep_files/yHQL142_Suhomyces_sp_nov_plate33_DISCOVAR.final.pep,y1000p_cds_files/yHQL142_Suhomyces_sp_nov_plate33_DISCOVAR.final.cds.tar.gz,y1000p_genome_files/yHQL142_Suhomyces_sp_nov_plate33_DISCOVAR.fas.gz,False
yHQL14_Wickerhamomyces_sp_nov_plate33_MASURCA,final,Wickerhamomyces sp nov plate33 MASURCA,y1000p_gff3_files/yHQL14_Wickerhamomyces_sp_nov_plate33_MASURCA.final.gff3,y1000p_pep_files/yHQL14_Wickerhamomyces_sp_nov_plate33_MASURCA.final.pep,y1000p_cds_files/yHQL14_Wickerhamomyces_sp_nov_plate33_MASURCA.final.cds.tar.gz,y1000p_genome_files/yHQL14_Wickerhamomyces_sp_nov_plate33_MASURCA.fas.gz,False
yHQL182_Saccharomycopsis_sp_nov_plate33_SPADES,final,Saccharomycopsis sp nov plate33 SPADES,y1000p_gff3_files/yHQL182_Saccharomycopsis_sp_nov_plate33_SPADES.final.gff3,y1000p_pep_files/yHQL182_Saccharomycopsis_sp_nov_plate33_SPADES.final.pep,y1000p_cds_files/yHQL182_Saccharomycopsis_sp_nov_plate33_SPADES.final.cds.tar.gz,y1000p_genome_files/yHQL182_Saccharomycopsis_sp_nov_plate33_SPADES.fas.gz,False
yHQL449_Kodamaea_sp_nov_plate33_PLATANUS,final,Kodamaea sp nov plate33 PLATANUS,y1000p_gff3_files/yHQL449_Kodamaea_sp_nov_plate33_PLATANUS.final.gff3,y1000p_pep_files/yHQL449_Kodamaea_sp_nov_plate33_PLATANUS.final.pep,y1000p_cds_files/yHQL449_Kodamaea_sp_nov_plate33_PLATANUS.final.cds.tar.gz,y1000p_genome_files/yHQL449_Kodamaea_sp_nov_plate33_PLATANUS.fas.gz,False
yHQL451_Kodamaea_sp_nov_plate33_SPADES,final,Kodamaea sp nov plate33 SPADES,y1000p_gff3_files/yHQL451_Kodamaea_sp_nov_plate33_SPADES.final.gff3,y1000p_pep_files/yHQL451_Kodamaea_sp_nov_plate33_SPADES.final.pep,y1000p_cds_files/yHQL451_Kodamaea_sp_nov_plate33_SPADES.final.cds.tar.gz,y1000p_genome_files/yHQL451_Kodamaea_sp_nov_plate33_SPADES.fas.gz,False
yHQL494_Lachancea_sp_nov_plate34_PLATANUS,final,Lachancea sp nov plate34 PLATANUS,y1000p_gff3_files/yHQL494_Lachancea_sp_nov_plate34_PLATANUS.final.gff3,y1000p_pep_files/yHQL494_Lachancea_sp_nov_plate34_PLATANUS.final.pep,y1000p_cds_files/yHQL494_Lachancea_sp_nov_plate34_PLATANUS.final.cds.tar.gz,y1000p_genome_files/yHQL494_Lachancea_sp_nov_plate34_PLATANUS.fas.gz,False
yHQL527_Metschnikowia_sp_nov_plate33_SPADES,final,Metschnikowia sp nov plate33 SPADES,y1000p_gff3_files/yHQL527_Metschnikowia_sp_nov_plate33_SPADES.final.gff3,y1000p_pep_files/yHQL527_Metschnikowia_sp_nov_plate33_SPADES.final.pep,y1000p_cds_files/yHQL527_Metschnikowia_sp_nov_plate33_SPADES.final.cds.tar.gz,y1000p_genome_files/yHQL527_Metschnikowia_sp_nov_plate33_SPADES.fas.gz,False
yHRVM31_Schwanniomyces_sp_nov_plate33_SPADES,final,Schwanniomyces sp nov plate33 SPADES,y1000p_gff3_files/yHRVM31_Schwanniomyces_sp_nov_plate33_SPADES.final.gff3,y1000p_pep_files/yHRVM31_Schwanniomyces_sp_nov_plate33_SPADES.final.pep,y1000p_cds_files/yHRVM31_Schwanniomyces_sp_nov_plate33_SPADES.final.cds.tar.gz,y1000p_genome_files/yHRVM31_Schwanniomyces_sp_nov_plate33_SPADES.fas.gz,False
yarrowia_lipolytica,final,Yarrowia lipolytica,y1000p_gff3_files/yarrowia_lipolytica.final.gff3,y1000p_pep_files/yarrowia_lipolytica.final.pep,y1000p_cds_files/yarrowia_lipolytica.final.cds.tar.gz,y1000p_genome_files/yarrowia_lipolytica.fas.gz,False
zygosaccharomyces_bailii,final,Zygosaccharomyces bailii,y1000p_gff3_files/zygosaccharomyces_bailii.final.gff3,y1000p_pep_files/zygosaccharomyces_bailii.final.pep,y1000p_cds_files/zygosaccharomyces_bailii.final.cds.tar.gz,y1000p_genome_files/zygosaccharomyces_bailii.fas.gz,False
